variant,system,tick,actual_request_rate,scaled_demand,predicted_demand,p10,p50,p90,monitored,burst,next_interval_seconds,after_stretched_interval,replicas,cpu_millicores,utilization,response_ms,slo_violation,resource_cost,rolling_overlap_cost,execution_backend
novelty_1_tuned_adaptive_burst,hybrid,0,839.0,526.3855001742768,566.0967905459192,566.0967905459192,566.0967905459192,566.0967905459192,True,False,60,False,1,600,1.5,687.5,True,0.036,0.0,rolling
novelty_1_tuned_adaptive_burst,hybrid,1,721.0,452.3527361449983,581.8691564751766,581.8691564751766,581.8691564751766,581.8691564751766,True,False,60,False,2,800,0.6731439525967237,134.9030347565214,False,0.10319999999999999,0.026399999999999996,rolling
novelty_1_tuned_adaptive_burst,hybrid,2,992.0,622.3771348902056,549.5635750534275,549.5635750534275,549.5635750534275,549.5635750534275,True,False,60,False,2,800,0.9261564507294727,222.99655440276464,False,0.09599999999999999,0.0,rolling
novelty_1_tuned_adaptive_burst,hybrid,3,948.0,594.7716974555594,620.0786492199059,620.0786492199059,620.0786492199059,620.0786492199059,True,False,60,False,2,800,0.8850769307374396,204.8002825299447,False,0.09599999999999999,0.0,rolling
novelty_1_tuned_adaptive_burst,hybrid,4,1047.0,656.8839316835134,618.175766701962,618.175766701962,618.175766701962,618.175766701962,True,False,60,False,2,800,0.977505850719514,248.12434352106266,False,0.09599999999999999,0.0,rolling
novelty_1_tuned_adaptive_burst,hybrid,5,1145.0,718.3687696061346,652.9114765343493,652.9114765343493,652.9114765343493,652.9114765343493,True,False,60,False,2,800,1.0690011452472241,299.8907783424432,False,0.09599999999999999,0.0,rolling
novelty_1_tuned_adaptive_burst,hybrid,6,904.0,567.1662600209132,692.846963244433,692.846963244433,692.846963244433,692.846963244433,True,False,60,False,2,800,0.8439974107454066,188.2170891366551,False,0.09599999999999999,0.0,rolling
novelty_1_tuned_adaptive_burst,hybrid,7,1008.0,632.4154757755316,635.8331697553622,635.8331697553622,635.8331697553622,635.8331697553622,True,False,60,False,3,600,0.8365284071104916,185.36941902754154,False,0.1272,0.040799999999999996,rolling
novelty_1_tuned_adaptive_burst,hybrid,8,965.0,605.4374346462182,662.1028417388497,662.1028417388497,662.1028417388497,662.1028417388497,True,False,60,False,2,800,0.9009485634616342,211.63533910125068,False,0.11759999999999998,0.040799999999999996,rolling
novelty_1_tuned_adaptive_burst,hybrid,9,1099.0,689.5085395608226,652.690155118652,652.690155118652,652.690155118652,652.690155118652,True,False,60,False,2,800,1.026054374346462,274.4391141456363,False,0.09599999999999999,0.0,rolling
novelty_1_tuned_adaptive_burst,hybrid,10,931.0,584.1059602649007,692.1408540052335,692.1408540052335,692.1408540052335,692.1408540052335,True,False,60,False,2,800,0.869205298013245,198.20602124819663,False,0.09599999999999999,0.0,rolling
novelty_1_tuned_adaptive_burst,hybrid,11,1011.0,634.2976646915301,650.4107131169385,650.4107131169385,650.4107131169385,650.4107131169385,True,False,60,False,3,600,0.8390180749887964,186.31302018467994,False,0.1272,0.040799999999999996,rolling
novelty_1_tuned_adaptive_burst,hybrid,12,1169.0,733.4262809341234,669.9858818912098,669.9858818912098,669.9858818912098,669.9858818912098,True,False,60,False,2,800,1.0914081561519693,314.0098240147927,False,0.11759999999999998,0.040799999999999996,rolling
novelty_1_tuned_adaptive_burst,hybrid,13,1013.0,635.5524573021959,717.6409825156861,717.6409825156861,717.6409825156861,717.6409825156861,True,False,60,False,2,800,0.9457625852711248,232.27159350213944,False,0.09599999999999999,0.0,rolling
novelty_1_tuned_adaptive_burst,hybrid,14,842.0,528.2676890902753,681.4631914676347,681.4631914676347,681.4631914676347,681.4631914676347,True,False,60,False,3,600,0.6987667845109462,141.41426571413373,False,0.1272,0.040799999999999996,rolling
novelty_1_tuned_adaptive_burst,hybrid,15,1180.0,740.327640292785,630.3795114452087,630.3795114452087,630.3795114452087,630.3795114452087,True,False,60,False,3,600,0.9792693654666468,249.0359236717985,False,0.108,0.0,rolling
novelty_1_tuned_adaptive_burst,hybrid,16,1164.0,730.2892994074591,717.5118020941627,717.5118020941627,717.5118020941627,717.5118020941627,True,False,60,False,2,800,1.0867400288801474,311.0199563471697,False,0.11759999999999998,0.040799999999999996,rolling
novelty_1_tuned_adaptive_burst,hybrid,17,1061.0,665.6674799581735,724.3028775424373,724.3028775424373,724.3028775424373,724.3028775424373,True,False,60,False,3,600,0.8805125396272137,202.87941662893772,False,0.1272,0.040799999999999996,rolling
novelty_1_tuned_adaptive_burst,hybrid,18,1163.0,729.6619031021262,701.7428318471266,701.7428318471266,701.7428318471266,701.7428318471266,True,False,60,False,3,600,0.9651612474895849,241.83488120423087,False,0.108,0.0,rolling
novelty_1_tuned_adaptive_burst,hybrid,19,1290.0,809.3412338794005,732.6167117626965,732.6167117626965,732.6167117626965,732.6167117626965,True,False,60,False,3,600,1.0705571876711648,300.85239846277466,False,0.108,0.0,rolling
novelty_1_tuned_adaptive_burst,hybrid,20,974.0,611.084001394214,777.1678698427158,777.1678698427158,777.1678698427158,777.1678698427158,True,False,60,False,2,900,0.8083121711563678,175.06263755253104,False,0.1296,0.0432,rolling
novelty_1_tuned_adaptive_burst,hybrid,21,1143.0,717.1139769954689,695.0557461565213,695.0557461565213,695.0557461565213,695.0557461565213,True,False,60,False,3,700,0.8130543956864726,176.74561984478692,False,0.1476,0.046799999999999994,rolling
novelty_1_tuned_adaptive_burst,hybrid,22,925.0,580.3415824329035,735.7583198886714,735.7583198886714,735.7583198886714,735.7583198886714,True,False,60,False,3,600,0.7676475958107188,161.42507877345446,False,0.13319999999999999,0.046799999999999994,rolling
novelty_1_tuned_adaptive_burst,hybrid,23,805.0,505.05402579295924,672.9651234247331,672.9651234247331,672.9651234247331,672.9651234247331,True,False,60,False,2,900,0.6680608806785175,133.66864496377482,False,0.1296,0.0432,rolling
novelty_1_tuned_adaptive_burst,hybrid,24,778.0,488.1143255489718,627.3076472604589,627.3076472604589,627.3076472604589,627.3076472604589,True,False,60,False,2,800,0.7263606034954938,148.9809780092302,False,0.11759999999999998,0.040799999999999996,rolling
novelty_1_tuned_adaptive_burst,hybrid,25,767.0,481.2129661903102,603.8256618006517,603.8256618006517,603.8256618006517,603.8256618006517,True,False,60,False,2,800,0.7160907234974855,146.09622383294928,False,0.09599999999999999,0.0,rolling
novelty_1_tuned_adaptive_burst,hybrid,26,673.0,422.23771348902056,585.3992450969745,585.3992450969745,585.3992450969745,585.3992450969745,True,False,60,False,2,800,0.628329930787233,124.6514687698828,False,0.09599999999999999,0.0,rolling
novelty_1_tuned_adaptive_burst,hybrid,27,746.0,468.03764377832,547.1876330612135,547.1876330612135,547.1876330612135,547.1876330612135,True,False,60,False,2,800,0.6964845889558333,140.81448578521787,False,0.09599999999999999,0.0,rolling
novelty_1_tuned_adaptive_burst,hybrid,28,670.0,420.35552457302197,553.1132671172686,553.1132671172686,553.1132671172686,553.1132671172686,True,False,60,False,2,800,0.6255290544241399,124.05700441001869,False,0.09599999999999999,0.0,rolling
novelty_1_tuned_adaptive_burst,hybrid,29,702.0,440.4322063436738,525.4366989658138,525.4366989658138,525.4366989658138,525.4366989658138,True,False,60,False,2,800,0.6554050689638002,130.67594929195062,False,0.09599999999999999,0.0,rolling
novelty_1_tuned_adaptive_burst,hybrid,30,635.0,398.39665388637155,524.8074140265135,524.8074140265135,524.8074140265135,524.8074140265135,True,False,60,False,2,800,0.5928521635213863,117.50694852109771,False,0.09599999999999999,0.0,rolling
novelty_1_tuned_adaptive_burst,hybrid,31,779.0,488.74172185430467,502.50129792936514,502.50129792936514,502.50129792936514,502.50129792936514,True,False,60,False,2,600,0.9697256385998109,244.14178023852048,False,0.0912,0.0336,rolling
novelty_1_tuned_adaptive_burst,hybrid,32,671.0,420.98292087835483,534.9000077422461,534.9000077422461,534.9000077422461,534.9000077422461,True,False,60,False,2,600,0.8352835731713389,184.89971948703038,False,0.072,0.0,rolling
novelty_1_tuned_adaptive_burst,hybrid,33,650.0,407.8075984663646,508.87039363380427,508.87039363380427,508.87039363380427,508.87039363380427,True,False,60,False,2,800,0.6068565453368521,120.22820239225364,False,0.1104,0.0336,rolling
novelty_1_tuned_adaptive_burst,hybrid,34,821.0,515.0923666782851,500.50225258085766,500.50225258085766,500.50225258085766,500.50225258085766,True,False,60,False,2,600,1.0220086640442165,272.14816338742946,False,0.0912,0.0336,rolling
novelty_1_tuned_adaptive_burst,hybrid,35,626.0,392.75008713837576,544.4207541222081,544.4207541222081,544.4207541222081,544.4207541222081,True,False,60,False,2,600,0.7792660459094757,165.17845648338968,False,0.072,0.0,rolling
novelty_1_tuned_adaptive_burst,hybrid,36,608.0,381.4569536423841,498.13982106897083,498.13982106897083,498.13982106897083,498.13982106897083,True,False,60,False,2,800,0.5676442762535479,112.92314345435074,False,0.1104,0.0336,rolling
novelty_1_tuned_adaptive_burst,hybrid,37,366.0,229.6270477518299,488.2766406074202,488.2766406074202,488.2766406074202,488.2766406074202,True,False,60,False,2,600,0.45560922172982127,97.02354576198239,False,0.0912,0.0336,rolling
novelty_1_tuned_adaptive_burst,hybrid,38,379.0,237.7831997211572,419.62442325780967,419.62442325780967,419.62442325780967,419.62442325780967,True,False,60,False,2,600,0.47179206293880394,98.90272413170717,False,0.072,0.0,rolling
novelty_1_tuned_adaptive_burst,hybrid,39,421.0,264.13384454513766,405.369036215905,405.369036215905,405.369036215905,405.369036215905,True,False,60,False,2,600,0.5240750883832096,105.90914334815017,False,0.072,0.0,rolling
novelty_1_tuned_adaptive_burst,hybrid,40,601.0,377.06517950505406,403.14036086754186,403.14036086754186,403.14036086754186,403.14036086754186,True,False,60,False,2,600,0.7481451974306628,155.37549588946374,False,0.072,0.0,rolling
novelty_1_tuned_adaptive_burst,hybrid,41,665.0,417.21854304635764,443.0609643746984,443.0609643746984,443.0609643746984,443.0609643746984,True,False,60,False,2,600,0.8278145695364238,182.11080552700287,False,0.072,0.0,rolling
novelty_1_tuned_adaptive_burst,hybrid,42,709.0,444.82398048100384,464.93724971805295,464.93724971805295,464.93724971805295,464.93724971805295,True,False,60,False,2,600,0.8825872628591346,203.7500753059026,False,0.072,0.0,rolling
novelty_1_tuned_adaptive_burst,hybrid,43,622.0,390.2405019170443,484.98711560057336,484.98711560057336,484.98711560057336,484.98711560057336,True,False,60,False,2,600,0.7742867101528657,163.5560537143183,False,0.072,0.0,rolling
novelty_1_tuned_adaptive_burst,hybrid,44,595.0,373.3008016730568,470.3756876653424,470.3756876653424,470.3756876653424,470.3756876653424,True,False,60,False,2,600,0.7406761937957477,153.140455978155,False,0.072,0.0,rolling
novelty_1_tuned_adaptive_burst,hybrid,45,776.0,486.859532938306,464.6423311047092,464.6423311047092,464.6423311047092,464.6423311047092,True,False,60,False,2,600,0.9659911367823532,242.25269910802587,False,0.072,0.0,rolling
novelty_1_tuned_adaptive_burst,hybrid,46,782.0,490.62391077030327,513.8288121624128,513.8288121624128,513.8288121624128,513.8288121624128,True,False,60,False,2,600,0.9734601404172684,246.04546759392872,False,0.072,0.0,rolling
novelty_1_tuned_adaptive_burst,hybrid,47,777.0,487.4869292436389,525.7278606541468,525.7278606541468,525.7278606541468,525.7278606541468,True,False,60,False,2,600,0.9672359707215057,242.88077337652769,False,0.072,0.0,rolling
novelty_1_tuned_adaptive_burst,hybrid,48,654.0,410.31718368769606,533.3958890981994,533.3958890981994,533.3958890981994,533.3958890981994,True,False,60,False,2,800,0.6105910471543096,120.97545657759115,False,0.1104,0.0336,rolling
novelty_1_tuned_adaptive_burst,hybrid,49,775.0,486.23213663297315,506.01098837498284,506.01098837498284,506.01098837498284,506.01098837498284,True,False,60,False,2,800,0.7235597271324006,148.18607063425287,False,0.09599999999999999,0.0,rolling
novelty_1_tuned_adaptive_burst,hybrid,50,1009.0,633.0428720808644,536.6832466483093,536.6832466483093,536.6832466483093,536.6832466483093,True,False,60,False,2,600,1.2560374446048896,436.68123774556705,True,0.0912,0.0336,rolling
novelty_1_tuned_adaptive_burst,hybrid,51,884.0,554.6183339142558,607.4942027422367,607.4942027422367,607.4942027422367,607.4942027422367,True,False,60,False,2,800,0.8253249016581188,181.19227307680876,False,0.1104,0.0336,rolling
novelty_1_tuned_adaptive_burst,hybrid,52,613.0,384.59393516904845,588.3712617747078,588.3712617747078,588.3712617747078,588.3712617747078,True,False,60,False,2,800,0.5723124035253697,113.74209004585309,False,0.09599999999999999,0.0,rolling
novelty_1_tuned_adaptive_burst,hybrid,53,1001.0,628.0237016382015,518.9312702326192,518.9312702326192,518.9312702326192,518.9312702326192,True,False,60,False,2,800,0.9345590798187522,226.9240153819418,False,0.09599999999999999,0.0,rolling
novelty_1_tuned_adaptive_burst,hybrid,54,728.0,456.74451028232835,616.3858809285721,616.3858809285721,616.3858809285721,616.3858809285721,True,False,60,False,2,600,0.9062391077030324,213.96794768721566,False,0.0912,0.0336,rolling
novelty_1_tuned_adaptive_burst,hybrid,55,694.0,435.4130359010108,552.1217038258101,552.1217038258101,552.1217038258101,552.1217038258101,True,False,60,False,2,800,0.6479360653288851,128.9631069212652,False,0.1104,0.0336,rolling
novelty_1_tuned_adaptive_burst,hybrid,56,814.0,510.70059254095503,536.8797868086472,536.8797868086472,536.8797868086472,536.8797868086472,True,False,60,False,2,800,0.7599711198526117,159.00667250880406,False,0.09599999999999999,0.0,rolling
novelty_1_tuned_adaptive_burst,hybrid,57,973.0,610.4566050888811,563.2845395125532,563.2845395125532,563.2845395125532,563.2845395125532,True,False,60,False,2,800,0.9084175670965493,214.93638694731092,False,0.09599999999999999,0.0,rolling
novelty_1_tuned_adaptive_burst,hybrid,58,816.0,511.95538515162076,610.308332238108,610.308332238108,610.308332238108,610.308332238108,True,False,60,False,2,800,0.7618383707613404,159.59046330301572,False,0.09599999999999999,0.0,rolling
novelty_1_tuned_adaptive_burst,hybrid,59,805.0,505.05402579295924,576.6632384700588,576.6632384700588,576.6632384700588,576.6632384700588,True,False,60,False,2,800,0.7515684907633322,156.4149261300622,False,0.09599999999999999,0.0,rolling
novelty_1_tuned_adaptive_burst,hybrid,60,571.0,358.243290345068,572.827610696906,572.827610696906,572.827610696906,572.827610696906,True,False,60,False,2,800,0.5331001344420654,107.27086297662139,False,0.09599999999999999,0.0,rolling
novelty_1_tuned_adaptive_burst,hybrid,61,580.0,363.88985709306377,506.37661424365706,506.37661424365706,506.37661424365706,506.37661424365706,True,False,60,False,2,800,0.5415027635313449,108.58081028732776,False,0.09599999999999999,0.0,rolling
novelty_1_tuned_adaptive_burst,hybrid,62,796.0,499.4074590449634,493.7971529164829,493.7971529164829,493.7971529164829,493.7971529164829,True,False,60,False,2,600,0.9908878155654035,255.12412144574364,False,0.0912,0.0336,rolling
novelty_1_tuned_adaptive_burst,hybrid,63,710.0,445.4513767863367,542.3064723238517,542.3064723238517,542.3064723238517,542.3064723238517,True,False,60,False,2,600,0.8838320967982871,204.27443933586056,False,0.072,0.0,rolling
novelty_1_tuned_adaptive_burst,hybrid,64,836.0,524.5033112582781,521.8470775323071,521.8470775323071,521.8470775323071,521.8470775323071,True,False,60,False,2,800,0.7805108798486282,165.58731237840004,False,0.1104,0.0336,rolling
novelty_1_tuned_adaptive_burst,hybrid,65,604.0,378.94736842105266,555.985532619396,555.985532619396,555.985532619396,555.985532619396,True,False,60,False,2,600,0.7518796992481204,156.50989081613528,False,0.0912,0.0336,rolling
novelty_1_tuned_adaptive_burst,hybrid,66,681.0,427.25688393168355,498.7418683019432,498.7418683019432,498.7418683019432,498.7418683019432,True,False,60,False,2,800,0.6357989344221482,126.26279764304311,False,0.1104,0.0336,rolling
novelty_1_tuned_adaptive_burst,hybrid,67,836.0,524.5033112582781,511.0939634174092,511.0939634174092,511.0939634174092,511.0939634174092,True,False,60,False,2,600,1.0406811731315042,282.87362934139264,False,0.0912,0.0336,rolling
novelty_1_tuned_adaptive_burst,hybrid,68,625.0,392.1226908330429,551.2443414215372,551.2443414215372,551.2443414215372,551.2443414215372,True,False,60,False,2,600,0.7780212119703233,164.77090475280613,False,0.072,0.0,rolling
novelty_1_tuned_adaptive_burst,hybrid,69,601.0,377.06517950505406,500.53011644135404,500.53011644135404,500.53011644135404,500.53011644135404,True,False,60,False,2,800,0.5611088980729971,111.79903732836752,False,0.1104,0.0336,rolling
novelty_1_tuned_adaptive_burst,hybrid,70,519.0,325.6186824677588,488.00635875232,488.00635875232,488.00635875232,488.00635875232,True,False,60,False,2,600,0.6460688144201563,128.54101350558756,False,0.0912,0.0336,rolling
novelty_1_tuned_adaptive_burst,hybrid,71,493.0,309.3063785291042,460.5117365525075,460.5117365525075,460.5117365525075,460.5117365525075,True,False,60,False,2,600,0.613703132002191,121.60519139011598,False,0.072,0.0,rolling
novelty_1_tuned_adaptive_burst,hybrid,72,733.0,459.8814918089927,444.4965673030042,444.4965673030042,444.4965673030042,444.4965673030042,True,False,60,False,2,600,0.912463277398795,216.74727798314763,False,0.072,0.0,rolling
novelty_1_tuned_adaptive_burst,hybrid,73,593.0,372.0460090623911,499.6758735756089,499.6758735756089,499.6758735756089,499.6758735756089,True,False,60,False,2,600,0.7381865259174426,152.40538154620424,False,0.072,0.0,rolling
novelty_1_tuned_adaptive_burst,hybrid,74,569.0,356.98849773440224,468.8141795834713,468.8141795834713,468.8141795834713,468.8141795834713,True,False,60,False,2,600,0.7083105113777822,143.96517104230435,False,0.072,0.0,rolling
novelty_1_tuned_adaptive_burst,hybrid,75,764.0,479.33077727431163,460.1175243377579,460.1175243377579,460.1175243377579,460.1175243377579,True,False,60,False,2,600,0.9510531295125231,234.84131183711742,False,0.072,0.0,rolling
novelty_1_tuned_adaptive_burst,hybrid,76,531.0,333.14743813175323,510.40858951432665,510.40858951432665,510.40858951432665,510.40858951432665,True,False,60,False,2,600,0.6610068216899866,131.98647008800015,False,0.072,0.0,rolling
novelty_1_tuned_adaptive_burst,hybrid,77,808.0,506.93621470895783,456.30436586611177,456.30436586611177,456.30436586611177,456.30436586611177,True,False,60,False,2,600,1.0058258228352337,263.1643076366871,False,0.072,0.0,rolling
novelty_1_tuned_adaptive_burst,hybrid,78,684.0,429.13907284768214,524.9514776509641,524.9514776509641,524.9514776509641,524.9514776509641,True,False,60,False,2,600,0.8514664143803217,191.1156091584337,False,0.072,0.0,rolling
novelty_1_tuned_adaptive_burst,hybrid,79,625.0,392.1226908330429,501.84992901420037,501.84992901420037,501.84992901420037,501.84992901420037,True,False,60,False,2,600,0.7780212119703233,164.77090475280613,False,0.072,0.0,rolling
novelty_1_tuned_adaptive_burst,hybrid,80,762.0,478.0759846636459,487.67726657109006,487.67726657109006,487.67726657109006,487.67726657109006,True,False,60,False,2,600,0.948563461634218,233.62846114241623,False,0.072,0.0,rolling
novelty_1_tuned_adaptive_burst,hybrid,81,567.0,355.7337051237365,523.079252604422,523.079252604422,523.079252604422,523.079252604422,True,False,60,False,2,600,0.7058208434994772,143.29303816891783,False,0.072,0.0,rolling
novelty_1_tuned_adaptive_burst,hybrid,82,883.0,553.990937608923,476.1978617864861,476.1978617864861,476.1978617864861,476.1978617864861,True,False,60,False,2,600,1.0991883682716725,319.0500710276333,False,0.072,0.0,rolling
novelty_1_tuned_adaptive_burst,hybrid,83,853.0,535.1690484489369,556.0765176366435,556.0765176366435,556.0765176366435,556.0765176366435,True,False,60,False,2,600,1.061843350097097,295.50326771937546,False,0.072,0.0,rolling
novelty_1_tuned_adaptive_burst,hybrid,84,830.0,520.7389334262809,560.5922692510048,560.5922692510048,560.5922692510048,560.5922692510048,True,False,60,False,2,800,0.7749091271224419,163.75771747386264,False,0.1104,0.0336,rolling
novelty_1_tuned_adaptive_burst,hybrid,85,794.0,498.15266643429766,562.8880153439509,562.8880153439509,562.8880153439509,562.8880153439509,True,False,60,False,2,800,0.7412986107653239,153.32499867335483,False,0.09599999999999999,0.0,rolling
novelty_1_tuned_adaptive_burst,hybrid,86,651.0,408.43499477169746,557.5341804579612,557.5341804579612,557.5341804579612,557.5341804579612,True,False,60,False,2,800,0.6077901707912164,120.4141568092042,False,0.09599999999999999,0.0,rolling
novelty_1_tuned_adaptive_burst,hybrid,87,977.0,612.9661903102126,520.0405023420426,520.0405023420426,520.0405023420426,520.0405023420426,True,False,60,False,2,800,0.9121520689140068,216.60740692888893,False,0.09599999999999999,0.0,rolling
novelty_1_tuned_adaptive_burst,hybrid,88,868.0,544.57999302893,603.7475851924155,603.7475851924155,603.7475851924155,603.7475851924155,True,False,60,False,2,600,1.0805158591843849,307.07323222290864,False,0.0912,0.0336,rolling
novelty_1_tuned_adaptive_burst,hybrid,89,694.0,435.4130359010108,585.6317409562935,585.6317409562935,585.6317409562935,585.6317409562935,True,False,60,False,2,800,0.6479360653288851,128.9631069212652,False,0.1104,0.0336,rolling
novelty_1_tuned_adaptive_burst,hybrid,90,767.0,481.2129661903102,541.3260593931623,541.3260593931623,541.3260593931623,541.3260593931623,True,False,60,False,2,800,0.7160907234974855,146.09622383294928,False,0.09599999999999999,0.0,rolling
novelty_1_tuned_adaptive_burst,hybrid,91,844.0,529.5224817009411,553.9980470401524,553.9980470401524,553.9980470401524,553.9980470401524,True,False,60,False,2,800,0.7879798834835432,168.06795186789034,False,0.09599999999999999,0.0,rolling
novelty_1_tuned_adaptive_burst,hybrid,92,771.0,483.7225514116417,574.2205869760514,574.2205869760514,574.2205869760514,574.2205869760514,True,False,60,False,2,800,0.719825225314943,147.13572614916177,False,0.09599999999999999,0.0,rolling
novelty_1_tuned_adaptive_burst,hybrid,93,570.0,357.6158940397351,556.22164090661,556.22164090661,556.22164090661,556.22164090661,True,False,60,False,2,800,0.532166508987701,107.12783426719572,False,0.09599999999999999,0.0,rolling
novelty_1_tuned_adaptive_burst,hybrid,94,593.0,372.0460090623911,499.28127603521716,499.28127603521716,499.28127603521716,499.28127603521716,True,False,60,False,2,800,0.5536398944380819,110.5460203398049,False,0.09599999999999999,0.0,rolling
novelty_1_tuned_adaptive_burst,hybrid,95,430.0,269.7804112931335,492.2190035834424,492.2190035834424,492.2190035834424,492.2190035834424,True,False,60,False,2,600,0.5352785938355824,107.60654980784683,False,0.0912,0.0336,rolling
novelty_1_tuned_adaptive_burst,hybrid,96,437.0,274.17218543046357,440.361806417297,440.361806417297,440.361806417297,440.361806417297,True,False,60,False,2,600,0.5439924314096499,108.97684363491646,False,0.072,0.0,rolling
novelty_1_tuned_adaptive_burst,hybrid,97,516.0,323.7364935517602,426.62735556069674,426.62735556069674,426.62735556069674,426.62735556069674,True,False,60,False,2,600,0.6423343126026988,127.70411806795931,False,0.072,0.0,rolling
novelty_1_tuned_adaptive_burst,hybrid,98,523.0,328.1282676890903,434.8131412535063,434.8131412535063,434.8131412535063,434.8131412535063,True,False,60,False,2,600,0.6510481501767665,129.6720212852988,False,0.072,0.0,rolling
novelty_1_tuned_adaptive_burst,hybrid,99,450.0,282.3283373997909,432.4296613284182,432.4296613284182,432.4296613284182,432.4296613284182,True,False,60,False,2,600,0.5601752726186328,111.64057065717537,False,0.072,0.0,rolling
novelty_1_tuned_adaptive_burst,hybrid,100,726.0,455.4897176716626,411.59825871225166,411.59825871225166,411.59825871225166,411.59825871225166,True,False,60,False,2,600,0.9037494398247274,212.86684680058372,False,0.072,0.0,rolling
novelty_1_tuned_adaptive_burst,hybrid,101,653.0,409.6897873823632,479.49492472620705,479.49492472620705,479.49492472620705,479.49492472620705,True,False,60,False,2,600,0.8128765622665937,176.6821523507395,False,0.072,0.0,rolling
novelty_1_tuned_adaptive_burst,hybrid,102,618.0,387.7309166957128,470.96003400162954,470.96003400162954,470.96003400162954,470.96003400162954,True,False,60,False,2,600,0.7693073743962555,161.95438424297072,False,0.072,0.0,rolling
novelty_1_tuned_adaptive_burst,hybrid,103,755.0,473.6842105263158,466.8454786292814,466.8454786292814,466.8454786292814,466.8454786292814,True,False,60,False,2,600,0.9398496240601504,229.43338050026418,False,0.072,0.0,rolling
novelty_1_tuned_adaptive_burst,hybrid,104,729.0,457.3719065876612,506.63976757437786,506.63976757437786,506.63976757437786,506.63976757437786,True,False,60,False,2,600,0.9074839416421849,214.52077208495945,False,0.072,0.0,rolling
novelty_1_tuned_adaptive_burst,hybrid,105,672.0,421.6103171836877,508.9844259410215,508.9844259410215,508.9844259410215,508.9844259410215,True,False,60,False,2,600,0.8365284071104915,185.3694190275415,False,0.072,0.0,rolling
novelty_1_tuned_adaptive_burst,hybrid,106,540.0,338.794004879749,499.6907808613887,499.6907808613887,499.6907808613887,499.6907808613887,True,False,60,False,2,600,0.6722103271423592,134.67490609559903,False,0.072,0.0,rolling
novelty_1_tuned_adaptive_burst,hybrid,107,662.0,415.33635413035904,465.55851506742647,465.55851506742647,465.55851506742647,465.55851506742647,True,False,60,False,2,600,0.8240800677189664,180.73507976481815,False,0.072,0.0,rolling
novelty_1_tuned_adaptive_burst,hybrid,108,707.0,443.5691878703381,491.14847261820023,491.14847261820023,491.14847261820023,491.14847261820023,True,False,60,False,2,600,0.8800975949808296,202.70577640504632,False,0.072,0.0,rolling
novelty_1_tuned_adaptive_burst,hybrid,109,708.0,444.196584175671,504.6120636312371,504.6120636312371,504.6120636312371,504.6120636312371,True,False,60,False,2,600,0.881342428919982,203.2271883567411,False,0.072,0.0,rolling
novelty_1_tuned_adaptive_burst,hybrid,110,638.0,400.27884280237015,508.7310261656171,508.7310261656171,508.7310261656171,508.7310261656171,True,False,60,False,2,600,0.7942040531793059,170.17139790798998,False,0.072,0.0,rolling
novelty_1_tuned_adaptive_burst,hybrid,111,561.0,351.96932729173926,491.9976099191872,491.9976099191872,491.9976099191872,491.9976099191872,True,False,60,False,2,600,0.6983518398645621,141.304922833515,False,0.072,0.0,rolling
novelty_1_tuned_adaptive_burst,hybrid,112,756.0,474.31160683164865,469.3400768364181,469.3400768364181,469.3400768364181,469.3400768364181,True,False,60,False,2,600,0.9410944579993029,230.02794232632377,False,0.072,0.0,rolling
novelty_1_tuned_adaptive_burst,hybrid,113,852.0,534.5416521436041,516.1713512380247,516.1713512380247,516.1713512380247,516.1713512380247,True,False,60,False,2,600,1.0605985161579445,294.74623117236706,False,0.072,0.0,rolling
novelty_1_tuned_adaptive_burst,hybrid,114,733.0,459.8814918089927,549.0970179493684,549.0970179493684,549.0970179493684,549.0970179493684,True,False,60,False,2,600,0.912463277398795,216.74727798314763,False,0.072,0.0,rolling
novelty_1_tuned_adaptive_burst,hybrid,115,925.0,580.3415824329035,526.6190466158309,526.6190466158309,526.6190466158309,526.6190466158309,True,False,60,False,2,800,0.8636035452870587,195.93531723798495,False,0.1104,0.0336,rolling
novelty_1_tuned_adaptive_burst,hybrid,116,877.0,550.2265597769258,582.3731864979327,582.3731864979327,582.3731864979327,582.3731864979327,True,False,60,False,2,800,0.8187895234775682,178.80736931156378,False,0.09599999999999999,0.0,rolling
novelty_1_tuned_adaptive_burst,hybrid,117,580.0,363.88985709306377,581.2914570062162,581.2914570062162,581.2914570062162,581.2914570062162,True,False,60,False,2,800,0.5415027635313449,108.58081028732776,False,0.09599999999999999,0.0,rolling
novelty_1_tuned_adaptive_burst,hybrid,118,755.0,473.6842105263158,505.7836944118326,505.7836944118326,505.7836944118326,505.7836944118326,True,False,60,False,2,800,0.7048872180451128,143.04220739854895,False,0.09599999999999999,0.0,rolling
novelty_1_tuned_adaptive_burst,hybrid,119,685.0,429.766469153015,540.9061507746533,540.9061507746533,540.9061507746533,540.9061507746533,True,False,60,False,2,600,0.8527112483194742,191.6036711674072,False,0.0912,0.0336,rolling
novelty_1_tuned_adaptive_burst,hybrid,120,842.0,528.2676890902753,521.4462666159361,521.4462666159361,521.4462666159361,521.4462666159361,True,False,60,False,2,800,0.7861126325748145,167.44335880000682,False,0.1104,0.0336,rolling
novelty_1_tuned_adaptive_burst,hybrid,121,730.0,457.9993028929941,561.3162479668581,561.3162479668581,561.3162479668581,561.3162479668581,True,False,60,False,2,600,0.9087287755813375,215.0751152300948,False,0.0912,0.0336,rolling
novelty_1_tuned_adaptive_burst,hybrid,122,699.0,438.55001742767513,536.4315808382944,536.4315808382944,536.4315808382944,536.4315808382944,True,False,60,False,2,800,0.652604192600707,130.02903013936532,False,0.1104,0.0336,rolling
novelty_1_tuned_adaptive_burst,hybrid,123,389.0,244.0571627744859,525.9245693944531,525.9245693944531,525.9245693944531,525.9245693944531,True,False,60,False,2,800,0.3631803017477469,88.62262225115377,False,0.09599999999999999,0.0,rolling
novelty_1_tuned_adaptive_burst,hybrid,124,559.0,350.71453468107353,439.9128538785126,439.9128538785126,439.9128538785126,439.9128538785126,True,False,60,False,2,800,0.5218966289896928,105.58738950080729,False,0.09599999999999999,0.0,rolling
novelty_1_tuned_adaptive_burst,hybrid,125,667.0,418.47333565702337,463.95409134216334,463.95409134216334,463.95409134216334,463.95409134216334,True,False,60,False,2,600,0.8303042374147289,183.03487963434583,False,0.0912,0.0336,rolling
novelty_1_tuned_adaptive_burst,hybrid,126,394.0,247.19414430115023,486.17189561870646,486.17189561870646,486.17189561870646,486.17189561870646,True,False,60,False,2,600,0.4904645720260917,101.2371107473875,False,0.072,0.0,rolling
novelty_1_tuned_adaptive_burst,hybrid,127,485.0,304.2872080864413,415.9796280089208,415.9796280089208,415.9796280089208,415.9796280089208,True,False,60,False,2,600,0.6037444604889708,119.6124753681704,False,0.072,0.0,rolling
novelty_1_tuned_adaptive_burst,hybrid,128,470.0,294.87626350644825,426.64414130898194,426.64414130898194,426.64414130898194,426.64414130898194,True,False,60,False,2,600,0.585071951401683,116.0495908624408,False,0.072,0.0,rolling
novelty_1_tuned_adaptive_burst,hybrid,129,463.0,290.4844893691182,417.3488585953701,417.3488585953701,417.3488585953701,417.3488585953701,True,False,60,False,2,600,0.5763581138276155,114.46273490731761,False,0.072,0.0,rolling
novelty_1_tuned_adaptive_burst,hybrid,130,582.0,365.14464970372956,411.0902791016638,411.0902791016638,411.0902791016638,411.0902791016638,True,False,60,False,2,600,0.724493352586765,148.45035743619843,False,0.072,0.0,rolling
novelty_1_tuned_adaptive_burst,hybrid,131,733.0,459.8814918089927,438.29602748414345,438.29602748414345,438.29602748414345,438.29602748414345,True,False,60,False,2,600,0.912463277398795,216.74727798314763,False,0.072,0.0,rolling
novelty_1_tuned_adaptive_burst,hybrid,132,638.0,400.27884280237015,483.2021427291206,483.2021427291206,483.2021427291206,483.2021427291206,True,False,60,False,2,600,0.7942040531793059,170.17139790798998,False,0.072,0.0,rolling
novelty_1_tuned_adaptive_burst,hybrid,133,526.0,330.0104566050889,469.5640955316103,469.5640955316103,469.5640955316103,469.5640955316103,True,False,60,False,2,600,0.654782651994224,130.53171043377876,False,0.072,0.0,rolling
novelty_1_tuned_adaptive_burst,hybrid,134,700.0,439.17741373300805,444.6966717255318,444.6966717255318,444.6966717255318,444.6966717255318,True,False,60,False,2,600,0.871383757406762,199.09701767255038,False,0.072,0.0,rolling
novelty_1_tuned_adaptive_burst,hybrid,135,642.0,402.78842802370167,487.96180547494896,487.96180547494896,487.96180547494896,487.96180547494896,True,False,60,False,2,600,0.799183388935916,171.87806719899993,False,0.072,0.0,rolling
novelty_1_tuned_adaptive_burst,hybrid,136,583.0,365.7720460090624,478.9748555235974,478.9748555235974,478.9748555235974,478.9748555235974,True,False,60,False,2,600,0.7257381865259175,148.80380092637984,False,0.072,0.0,rolling
novelty_1_tuned_adaptive_burst,hybrid,137,606.0,380.2021610317184,465.9248875045323,465.9248875045323,465.9248875045323,465.9248875045323,True,False,60,False,2,600,0.7543693671264253,157.2724422842274,False,0.072,0.0,rolling
novelty_1_tuned_adaptive_burst,hybrid,138,657.0,412.19937260369466,470.3911488567328,470.3911488567328,470.3911488567328,470.3911488567328,True,False,60,False,2,600,0.8178558980232037,178.46975900273912,False,0.072,0.0,rolling
novelty_1_tuned_adaptive_burst,hybrid,139,561.0,351.96932729173926,483.9674235372395,483.9674235372395,483.9674235372395,483.9674235372395,True,False,60,False,2,600,0.6983518398645621,141.304922833515,False,0.072,0.0,rolling
novelty_1_tuned_adaptive_burst,hybrid,140,407.0,255.35029627047751,460.98173750449314,460.98173750449314,460.98173750449314,460.98173750449314,True,False,60,False,2,600,0.5066474132350745,103.40938444705306,False,0.072,0.0,rolling
novelty_1_tuned_adaptive_burst,hybrid,141,696.0,436.66782851167653,417.20267567988776,417.20267567988776,417.20267567988776,417.20267567988776,True,False,60,False,2,600,0.8664044216501519,197.06699893689458,False,0.072,0.0,rolling
novelty_1_tuned_adaptive_burst,hybrid,142,807.0,506.30881840362497,481.5610167364448,481.5610167364448,481.5610167364448,481.5610167364448,True,False,60,False,2,600,1.0045809888960813,262.4850834560356,False,0.072,0.0,rolling
novelty_1_tuned_adaptive_burst,hybrid,143,588.0,368.90902753572675,519.4823099837149,519.4823099837149,519.4823099837149,519.4823099837149,True,False,60,False,2,600,0.73196235622168,150.58927876259128,False,0.072,0.0,rolling
novelty_1_tuned_adaptive_burst,hybrid,144,561.0,351.96932729173926,472.4745805208663,472.4745805208663,472.4745805208663,472.4745805208663,True,False,60,False,2,600,0.6983518398645621,141.304922833515,False,0.072,0.0,rolling
novelty_1_tuned_adaptive_burst,hybrid,145,473.0,296.75845242244685,462.31363966936124,462.31363966936124,462.31363966936124,462.31363966936124,True,False,60,False,2,600,0.5888064532191406,116.74431779424413,False,0.072,0.0,rolling
novelty_1_tuned_adaptive_burst,hybrid,146,841.0,527.6402927849425,435.13182964239877,435.13182964239877,435.13182964239877,435.13182964239877,True,False,60,False,2,600,1.046905342827267,286.5355206215222,False,0.072,0.0,rolling
novelty_1_tuned_adaptive_burst,hybrid,147,686.0,430.3938654583479,526.542198233079,526.542198233079,526.542198233079,526.542198233079,True,False,60,False,2,600,0.8539560822586267,192.093160257263,False,0.072,0.0,rolling
novelty_1_tuned_adaptive_burst,hybrid,148,716.0,449.2157546183339,498.2951795513063,498.2951795513063,498.2951795513063,498.2951795513063,True,False,60,False,2,800,0.6684758253249017,133.76871077699363,False,0.1104,0.0336,rolling
novelty_1_tuned_adaptive_burst,hybrid,149,760.0,476.82119205298017,509.36772862352836,509.36772862352836,509.36772862352836,509.36772862352836,True,False,60,False,2,600,0.946073793755913,232.42196043680897,False,0.0912,0.0336,rolling
novelty_1_tuned_adaptive_burst,hybrid,150,725.0,454.86232136632975,525.4565914020886,525.4565914020886,525.4565914020886,525.4565914020886,True,False,60,False,2,600,0.9025046058855749,212.31856614503602,False,0.072,0.0,rolling
novelty_1_tuned_adaptive_burst,hybrid,151,476.0,298.64064133844545,521.6097169367563,521.6097169367563,521.6097169367563,521.6097169367563,True,False,60,False,2,800,0.44440571627744857,95.79833849128147,False,0.1104,0.0336,rolling
novelty_1_tuned_adaptive_burst,hybrid,152,452.0,283.5831300104566,456.31130172767007,456.31130172767007,456.31130172767007,456.31130172767007,True,False,60,False,2,600,0.5626649404969377,112.06432270715706,False,0.0912,0.0336,rolling
novelty_1_tuned_adaptive_burst,hybrid,153,583.0,365.7720460090624,436.6108057882966,436.6108057882966,436.6108057882966,436.6108057882966,True,False,60,False,2,600,0.7257381865259175,148.80380092637984,False,0.072,0.0,rolling
novelty_1_tuned_adaptive_burst,hybrid,154,460.0,288.60230045311954,459.58599169729496,459.58599169729496,459.58599169729496,459.58599169729496,True,False,60,False,2,600,0.5726236120101578,113.79716417543835,False,0.072,0.0,rolling
novelty_1_tuned_adaptive_burst,hybrid,155,476.0,298.64064133844545,426.04435786415706,426.04435786415706,426.04435786415706,426.04435786415706,True,False,60,False,2,600,0.5925409550365981,117.44791346081536,False,0.072,0.0,rolling
novelty_1_tuned_adaptive_burst,hybrid,156,605.0,379.5747647263855,422.9150560758776,422.9150560758776,422.9150560758776,422.9150560758776,True,False,60,False,2,600,0.7531245331872729,156.8905363429304,False,0.072,0.0,rolling
novelty_1_tuned_adaptive_burst,hybrid,157,651.0,408.43499477169746,451.21691141309566,451.21691141309566,451.21691141309566,451.21691141309566,True,False,60,False,2,600,0.8103868943882886,175.79651984403958,False,0.072,0.0,rolling
novelty_1_tuned_adaptive_burst,hybrid,158,484.0,303.65981178110843,467.16633447491085,467.16633447491085,467.16633447491085,467.16633447491085,True,False,60,False,2,600,0.6024996265498184,119.36795460758037,False,0.072,0.0,rolling
novelty_1_tuned_adaptive_burst,hybrid,159,472.0,296.131056117114,428.5563198080422,428.5563198080422,428.5563198080422,428.5563198080422,True,False,60,False,2,600,0.5875616192799881,116.51175951310847,False,0.072,0.0,rolling
novelty_1_tuned_adaptive_burst,hybrid,160,437.0,274.17218543046357,420.4340646804785,420.4340646804785,420.4340646804785,420.4340646804785,True,False,60,False,2,600,0.5439924314096499,108.97684363491646,False,0.072,0.0,rolling
novelty_1_tuned_adaptive_burst,hybrid,161,654.0,410.31718368769606,406.81379062821134,406.81379062821134,406.81379062821134,406.81379062821134,True,False,60,False,2,600,0.8141213962057462,177.12700818391977,False,0.072,0.0,rolling
novelty_1_tuned_adaptive_burst,hybrid,162,485.0,304.2872080864413,459.08607984233913,459.08607984233913,459.08607984233913,459.08607984233913,True,False,60,False,2,600,0.6037444604889708,119.6124753681704,False,0.072,0.0,rolling
novelty_1_tuned_adaptive_burst,hybrid,163,573.0,359.4980829557337,422.8431205950628,422.8431205950628,422.8431205950628,422.8431205950628,True,False,60,False,2,600,0.7132898471343923,145.3236784312839,False,0.072,0.0,rolling
novelty_1_tuned_adaptive_burst,hybrid,164,654.0,410.31718368769606,442.99822854358945,442.99822854358945,442.99822854358945,442.99822854358945,True,False,60,False,2,600,0.8141213962057462,177.12700818391977,False,0.072,0.0,rolling
novelty_1_tuned_adaptive_burst,hybrid,165,784.0,491.878703380969,467.4260198748525,467.4260198748525,467.4260198748525,467.4260198748525,True,False,60,False,2,600,0.9759498082955734,247.32273484466083,False,0.072,0.0,rolling
novelty_1_tuned_adaptive_burst,hybrid,166,836.0,524.5033112582781,509.7283934245602,509.7283934245602,509.7283934245602,509.7283934245602,True,False,60,False,2,600,1.0406811731315042,282.87362934139264,False,0.072,0.0,rolling
novelty_1_tuned_adaptive_burst,hybrid,167,451.0,282.95573370512375,536.6459663924334,536.6459663924334,536.6459663924334,536.6459663924334,True,False,60,False,2,600,0.5614201065577852,111.8519768913064,False,0.072,0.0,rolling
novelty_1_tuned_adaptive_burst,hybrid,168,640.0,401.5336354130359,445.05232729321597,445.05232729321597,445.05232729321597,445.05232729321597,True,False,60,False,2,800,0.5975202907932081,118.39993404793785,False,0.1104,0.0336,rolling
novelty_1_tuned_adaptive_burst,hybrid,169,597.0,374.55559428372254,482.96572136482246,482.96572136482246,482.96572136482246,482.96572136482246,True,False,60,False,2,600,0.7431658616740526,153.88048873492312,False,0.0912,0.0336,rolling
novelty_1_tuned_adaptive_burst,hybrid,170,700.0,439.17741373300805,472.0867020963592,472.0867020963592,472.0867020963592,472.0867020963592,True,False,60,False,2,600,0.871383757406762,199.09701767255038,False,0.072,0.0,rolling
novelty_1_tuned_adaptive_burst,hybrid,171,611.0,383.3391425583827,498.22076353667035,498.22076353667035,498.22076353667035,498.22076353667035,True,False,60,False,2,600,0.7605935368221879,159.20095112478242,False,0.072,0.0,rolling
novelty_1_tuned_adaptive_burst,hybrid,172,684.0,429.13907284768214,478.07996080260773,478.07996080260773,478.07996080260773,478.07996080260773,True,False,60,False,2,600,0.8514664143803217,191.1156091584337,False,0.072,0.0,rolling
novelty_1_tuned_adaptive_burst,hybrid,173,543.0,340.6761937957477,496.4070357391738,496.4070357391738,496.4070357391738,496.4070357391738,True,False,60,False,2,600,0.6759448289598168,135.59122639681473,False,0.072,0.0,rolling
novelty_1_tuned_adaptive_burst,hybrid,174,482.0,302.40501917044264,461.19125832240024,461.19125832240024,461.19125832240024,461.19125832240024,True,False,60,False,2,600,0.6000099586715132,118.88193599787509,False,0.072,0.0,rolling
novelty_1_tuned_adaptive_burst,hybrid,175,545.0,341.9309864064134,439.01136045590147,439.01136045590147,439.01136045590147,439.01136045590147,True,False,60,False,2,600,0.6784344968381218,136.20775936569433,False,0.072,0.0,rolling
novelty_1_tuned_adaptive_burst,hybrid,176,546.0,342.5583827117463,446.8581077493436,446.8581077493436,446.8581077493436,446.8581077493436,True,False,60,False,2,600,0.6796793307772744,136.51772793054414,False,0.072,0.0,rolling
novelty_1_tuned_adaptive_burst,hybrid,177,752.0,471.8020216103172,443.98049585393164,443.98049585393164,443.98049585393164,443.98049585393164,True,False,60,False,2,600,0.9361151222426928,227.65912417255748,False,0.072,0.0,rolling
novelty_1_tuned_adaptive_burst,hybrid,178,773.0,484.9773440223074,498.4765956801907,498.4765956801907,498.4765956801907,498.4765956801907,True,False,60,False,2,600,0.9622566349648957,240.37816795254173,False,0.072,0.0,rolling
novelty_1_tuned_adaptive_burst,hybrid,179,804.0,504.42662948762637,514.7851181576166,514.7851181576166,514.7851181576166,514.7851181576166,True,False,60,False,2,600,1.0008464870786238,260.4574900634366,False,0.072,0.0,rolling
novelty_1_tuned_adaptive_burst,hybrid,180,617.0,387.1035203903799,533.2077538534304,533.2077538534304,533.2077538534304,533.2077538534304,True,False,60,False,2,600,0.768062540457103,161.55719082792996,False,0.072,0.0,rolling
novelty_1_tuned_adaptive_burst,hybrid,181,509.0,319.34471941443013,490.9036945040384,490.9036945040384,490.9036945040384,490.9036945040384,True,False,60,False,2,800,0.47521535627147343,99.31718786756348,False,0.1104,0.0336,rolling
novelty_1_tuned_adaptive_burst,hybrid,182,680.0,426.6294876263507,458.44157454017477,458.44157454017477,458.44157454017477,458.44157454017477,True,False,60,False,2,600,0.8464870786237116,189.1775902647678,False,0.0912,0.0336,rolling
novelty_1_tuned_adaptive_burst,hybrid,183,443.0,277.93656326246077,494.4758558693861,494.4758558693861,494.4758558693861,494.4758558693861,True,False,60,False,2,600,0.551461435044565,110.1868603067073,False,0.072,0.0,rolling
novelty_1_tuned_adaptive_burst,hybrid,184,608.0,381.4569536423841,434.0363006761236,434.0363006761236,434.0363006761236,434.0363006761236,True,False,60,False,2,600,0.7568590350047304,158.04004374364618,False,0.072,0.0,rolling
novelty_1_tuned_adaptive_burst,hybrid,185,584.0,366.3994423143953,466.30884042406024,466.30884042406024,466.30884042406024,466.30884042406024,True,False,60,False,2,600,0.72698302046507,149.15845899780857,False,0.072,0.0,rolling
novelty_1_tuned_adaptive_burst,hybrid,186,729.0,457.3719065876612,460.23933540637563,460.23933540637563,460.23933540637563,460.23933540637563,True,False,60,False,2,600,0.9074839416421849,214.52077208495945,False,0.072,0.0,rolling
novelty_1_tuned_adaptive_burst,hybrid,187,673.0,422.23771348902056,498.64411600310586,498.64411600310586,498.64411600310586,498.64411600310586,True,False,60,False,2,600,0.837773241049644,185.84051856564815,False,0.072,0.0,rolling
novelty_1_tuned_adaptive_burst,hybrid,188,736.0,461.7636807249913,490.5228964382054,490.5228964382054,490.5228964382054,490.5228964382054,True,False,60,False,2,600,0.9161977792162526,218.43318446259556,False,0.072,0.0,rolling
novelty_1_tuned_adaptive_burst,hybrid,189,438.0,274.79958173579644,510.34122977551215,510.34122977551215,510.34122977551215,510.34122977551215,True,False,60,False,2,600,0.5452372653488025,109.17622488970048,False,0.072,0.0,rolling
novelty_1_tuned_adaptive_burst,hybrid,190,501.0,314.32554897176715,436.2271659458529,436.2271659458529,436.2271659458529,436.2271659458529,True,False,60,False,2,600,0.623661803515411,123.66364063249776,False,0.072,0.0,rolling
novelty_1_tuned_adaptive_burst,hybrid,191,529.0,331.8926455210875,440.3926806343725,440.3926806343725,440.3926806343725,440.3926806343725,True,False,60,False,2,600,0.6585171538116815,131.40126206531983,False,0.072,0.0,rolling
novelty_1_tuned_adaptive_burst,hybrid,192,785.0,492.50609968630187,441.7049793571973,441.7049793571973,441.7049793571973,441.7049793571973,True,False,60,False,2,600,0.977194642234726,247.96381742415414,False,0.072,0.0,rolling
novelty_1_tuned_adaptive_burst,hybrid,193,709.0,444.82398048100384,507.4982971878917,507.4982971878917,507.4982971878917,507.4982971878917,True,False,60,False,2,600,0.8825872628591346,203.7500753059026,False,0.072,0.0,rolling
novelty_1_tuned_adaptive_burst,hybrid,194,681.0,427.25688393168355,499.39357437704484,499.39357437704484,499.39357437704484,499.39357437704484,True,False,60,False,2,600,0.8477319125628642,189.6599647835096,False,0.072,0.0,rolling
novelty_1_tuned_adaptive_burst,hybrid,195,688.0,431.6486580690136,497.2396281204019,497.2396281204019,497.2396281204019,497.2396281204019,True,False,60,False,2,600,0.8564457501369318,193.07642801294062,False,0.072,0.0,rolling
novelty_1_tuned_adaptive_burst,hybrid,196,424.0,266.0160334611363,501.6540872565888,501.6540872565888,501.6540872565888,501.6540872565888,True,False,60,False,2,600,0.5278095902006673,106.46697676506874,False,0.072,0.0,rolling
novelty_1_tuned_adaptive_burst,hybrid,197,726.0,455.4897176716626,433.3359472387033,433.3359472387033,433.3359472387033,433.3359472387033,True,False,60,False,2,600,0.9037494398247274,212.86684680058372,False,0.072,0.0,rolling
novelty_1_tuned_adaptive_burst,hybrid,198,532.0,333.7748344370861,500.07425212386397,500.07425212386397,500.07425212386397,500.07425212386397,True,False,60,False,2,600,0.6622516556291391,132.28073242982546,False,0.072,0.0,rolling
novelty_1_tuned_adaptive_burst,hybrid,199,430.0,269.7804112931335,454.0752329435486,454.0752329435486,454.0752329435486,454.0752329435486,True,False,60,False,2,600,0.5352785938355824,107.60654980784683,False,0.072,0.0,rolling
novelty_1_tuned_adaptive_burst,hybrid,200,394.0,247.19414430115023,422.55130866970876,422.55130866970876,422.55130866970876,422.55130866970876,True,False,60,False,2,600,0.4904645720260917,101.2371107473875,False,0.072,0.0,rolling
novelty_1_tuned_adaptive_burst,hybrid,201,572.0,358.87068665040084,403.3861986272195,403.3861986272195,403.3861986272195,403.3861986272195,True,False,60,False,2,600,0.7120450131952397,144.98226617043878,False,0.072,0.0,rolling
novelty_1_tuned_adaptive_burst,hybrid,202,652.0,409.0623910770303,439.77512404430445,439.77512404430445,439.77512404430445,439.77512404430445,True,False,60,False,2,600,0.8116317283274411,176.23865693188932,False,0.072,0.0,rolling
novelty_1_tuned_adaptive_burst,hybrid,203,621.0,389.61310561171143,463.03080293791936,463.03080293791936,463.03080293791936,463.03080293791936,True,False,60,False,2,600,0.7730418762137131,163.1536978081442,False,0.072,0.0,rolling
novelty_1_tuned_adaptive_burst,hybrid,204,568.0,356.3611014290694,461.41602358602404,461.41602358602404,461.41602358602404,461.41602358602404,True,False,60,False,2,600,0.7070656774386297,143.62851293996061,False,0.072,0.0,rolling
novelty_1_tuned_adaptive_burst,hybrid,205,512.0,321.2269083304287,451.03489321289544,451.03489321289544,451.03489321289544,451.03489321289544,True,False,60,False,2,600,0.6373549768460888,126.60329773640105,False,0.072,0.0,rolling
novelty_1_tuned_adaptive_burst,hybrid,206,710.0,445.4513767863367,436.0928077110134,436.0928077110134,436.0928077110134,436.0928077110134,True,False,60,False,2,600,0.8838320967982871,204.27443933586056,False,0.072,0.0,rolling
novelty_1_tuned_adaptive_burst,hybrid,207,648.0,406.55280585569886,486.2570766684694,486.2570766684694,486.2570766684694,486.2570766684694,True,False,60,False,2,600,0.8066523925708311,174.47823773319516,False,0.072,0.0,rolling
novelty_1_tuned_adaptive_burst,hybrid,208,704.0,441.6869989543395,477.56723687005115,477.56723687005115,477.56723687005115,477.56723687005115,True,False,60,False,2,600,0.876363093163372,201.1503697014644,False,0.072,0.0,rolling
novelty_1_tuned_adaptive_burst,hybrid,209,844.0,529.5224817009411,496.35932760810783,496.35932760810783,496.35932760810783,496.35932760810783,True,False,60,False,2,600,1.0506398446447243,288.75366368685116,False,0.072,0.0,rolling
novelty_1_tuned_adaptive_burst,hybrid,210,596.0,373.9281979783897,541.2886346401706,541.2886346401706,541.2886346401706,541.2886346401706,True,False,60,False,2,600,0.7419210277349001,153.509851524272,False,0.072,0.0,rolling
novelty_1_tuned_adaptive_burst,hybrid,211,506.0,317.46253049843153,485.83502467607605,485.83502467607605,485.83502467607605,485.83502467607605,True,False,60,False,2,800,0.47241447990838026,98.9776357651989,False,0.1104,0.0336,rolling
novelty_1_tuned_adaptive_burst,hybrid,212,495.0,310.56117113976995,456.96960650439314,456.96960650439314,456.96960650439314,456.96960650439314,True,False,60,False,2,600,0.6161927998804959,122.1135995447004,False,0.0912,0.0336,rolling
novelty_1_tuned_adaptive_burst,hybrid,213,429.0,269.15301498780065,444.4022106863881,444.4022106863881,444.4022106863881,444.4022106863881,True,False,60,False,2,600,0.5340337598964299,107.41439354065388,False,0.072,0.0,rolling
novelty_1_tuned_adaptive_burst,hybrid,214,424.0,266.0160334611363,419.16576532941417,419.16576532941417,419.16576532941417,419.16576532941417,True,False,60,False,2,600,0.5278095902006673,106.46697676506874,False,0.072,0.0,rolling
novelty_1_tuned_adaptive_burst,hybrid,215,640.0,401.5336354130359,408.2247808811262,408.2247808811262,408.2247808811262,408.2247808811262,True,False,60,False,2,600,0.7966937210576108,171.02206589140826,False,0.072,0.0,rolling
novelty_1_tuned_adaptive_burst,hybrid,216,702.0,440.4322063436738,457.4805723887075,457.4805723887075,457.4805723887075,457.4805723887075,True,False,60,False,2,600,0.8738734252850671,200.1207686920311,False,0.072,0.0,rolling
novelty_1_tuned_adaptive_burst,hybrid,217,644.0,404.0432206343674,480.3723112133325,480.3723112133325,480.3723112133325,480.3723112133325,True,False,60,False,2,600,0.8016730568142211,172.7394184974029,False,0.072,0.0,rolling
novelty_1_tuned_adaptive_burst,hybrid,218,506.0,317.46253049843153,473.5674603733519,473.5674603733519,473.5674603733519,473.5674603733519,True,False,60,False,2,600,0.6298859732111737,124.98402551750848,False,0.072,0.0,rolling
novelty_1_tuned_adaptive_burst,hybrid,219,596.0,373.9281979783897,440.45731901083946,440.45731901083946,440.45731901083946,440.45731901083946,True,False,60,False,2,600,0.7419210277349001,153.509851524272,False,0.072,0.0,rolling
novelty_1_tuned_adaptive_burst,hybrid,220,694.0,435.4130359010108,458.69574496686346,458.69574496686346,458.69574496686346,458.69574496686346,True,False,60,False,2,600,0.8639147537718468,196.06069788744344,False,0.072,0.0,rolling
novelty_1_tuned_adaptive_burst,hybrid,221,588.0,368.90902753572675,486.3723131183183,486.3723131183183,486.3723131183183,486.3723131183183,True,False,60,False,2,600,0.73196235622168,150.58927876259128,False,0.072,0.0,rolling
novelty_1_tuned_adaptive_burst,hybrid,222,535.0,335.6570233530847,464.6483518178675,464.6483518178675,464.6483518178675,464.6483518178675,True,False,60,False,2,600,0.6659861574465966,133.170177777199,False,0.072,0.0,rolling
novelty_1_tuned_adaptive_burst,hybrid,223,640.0,401.5336354130359,449.968648995422,449.968648995422,449.968648995422,449.968648995422,True,False,60,False,2,600,0.7966937210576108,171.02206589140826,False,0.072,0.0,rolling
novelty_1_tuned_adaptive_burst,hybrid,224,583.0,365.7720460090624,474.37507883639955,474.37507883639955,474.37507883639955,474.37507883639955,True,False,60,False,2,600,0.7257381865259175,148.80380092637984,False,0.072,0.0,rolling
novelty_1_tuned_adaptive_burst,hybrid,225,634.0,397.7692575810387,462.11295725837044,462.11295725837044,462.11295725837044,462.11295725837044,True,False,60,False,2,600,0.7892247174226958,168.4859952471212,False,0.072,0.0,rolling
novelty_1_tuned_adaptive_burst,hybrid,226,648.0,406.55280585569886,474.3849528059791,474.3849528059791,474.3849528059791,474.3849528059791,True,False,60,False,2,600,0.8066523925708311,174.47823773319516,False,0.072,0.0,rolling
novelty_1_tuned_adaptive_burst,hybrid,227,676.0,424.11990240501916,479.82141595935263,479.82141595935263,479.82141595935263,479.82141595935263,True,False,60,False,2,600,0.8415077428671015,187.2622379988385,False,0.072,0.0,rolling
novelty_1_tuned_adaptive_burst,hybrid,228,653.0,409.6897873823632,489.7555445047601,489.7555445047601,489.7555445047601,489.7555445047601,True,False,60,False,2,600,0.8128765622665937,176.6821523507395,False,0.072,0.0,rolling
novelty_1_tuned_adaptive_burst,hybrid,229,569.0,356.98849773440224,487.2839695047405,487.2839695047405,487.2839695047405,487.2839695047405,True,False,60,False,2,600,0.7083105113777822,143.96517104230435,False,0.072,0.0,rolling
novelty_1_tuned_adaptive_burst,hybrid,230,403.0,252.84071104914605,466.0303222333596,466.0303222333596,466.0303222333596,466.0303222333596,True,False,60,False,2,600,0.5016680774784644,102.72594256531207,False,0.072,0.0,rolling
novelty_1_tuned_adaptive_burst,hybrid,231,447.0,280.4461484837923,418.58695804923263,418.58695804923263,418.58695804923263,418.58695804923263,True,False,60,False,2,600,0.5564407708011752,111.01196861180225,False,0.072,0.0,rolling
novelty_1_tuned_adaptive_burst,hybrid,232,527.0,330.63785291042177,417.5488907693398,417.5488907693398,417.5488907693398,417.5488907693398,True,False,60,False,2,600,0.6560274859333766,130.82046236840154,False,0.072,0.0,rolling
novelty_1_tuned_adaptive_burst,hybrid,233,589.0,369.5364238410596,431.31351744028916,431.31351744028916,431.31351744028916,431.31351744028916,True,False,60,False,2,600,0.7332071901608326,150.95004099020275,False,0.072,0.0,rolling
novelty_1_tuned_adaptive_burst,hybrid,234,628.0,394.0048797490415,446.71467027906147,446.71467027906147,446.71467027906147,446.71467027906147,True,False,60,False,2,600,0.7817557137877807,165.9974745211669,False,0.072,0.0,rolling
novelty_1_tuned_adaptive_burst,hybrid,235,565.0,354.4789125130708,460.36215795480393,460.36215795480393,460.36215795480393,460.36215795480393,True,False,60,False,2,600,0.7033311756211722,142.62563028741616,False,0.072,0.0,rolling
novelty_1_tuned_adaptive_burst,hybrid,236,710.0,445.4513767863367,448.31979240705095,448.31979240705095,448.31979240705095,448.31979240705095,True,False,60,False,2,600,0.8838320967982871,204.27443933586056,False,0.072,0.0,rolling
novelty_1_tuned_adaptive_burst,hybrid,237,504.0,316.2077378877658,487.4735256378149,487.4735256378149,487.4735256378149,487.4735256378149,True,False,60,False,2,600,0.6273963053328686,124.45272365224407,False,0.072,0.0,rolling
novelty_1_tuned_adaptive_burst,hybrid,238,457.0,286.72011153712094,440.4992472572735,440.4992472572735,440.4992472572735,440.4992472572735,True,False,60,False,2,600,0.5688891101927003,113.14021842874568,False,0.072,0.0,rolling
novelty_1_tuned_adaptive_burst,hybrid,239,605.0,379.5747647263855,423.10285416070974,423.10285416070974,423.10285416070974,423.10285416070974,True,False,60,False,2,600,0.7531245331872729,156.8905363429304,False,0.072,0.0,rolling
novelty_1_tuned_adaptive_burst,hybrid,240,466.0,292.3666782851168,455.28120587199874,455.28120587199874,455.28120587199874,455.28120587199874,True,False,60,False,2,600,0.580092615645073,115.13698687428678,False,0.072,0.0,rolling
novelty_1_tuned_adaptive_burst,hybrid,241,459.0,287.9749041477867,422.1969535760668,422.1969535760668,422.1969535760668,422.1969535760668,True,False,60,False,2,600,0.5713787780710053,113.57722670595976,False,0.072,0.0,rolling
novelty_1_tuned_adaptive_burst,hybrid,242,609.0,382.084349947717,415.3555690486419,415.3555690486419,415.3555690486419,415.3555690486419,True,False,60,False,2,600,0.7581038689438829,158.42574342842744,False,0.072,0.0,rolling
novelty_1_tuned_adaptive_burst,hybrid,243,648.0,406.55280585569886,450.1344112700949,450.1344112700949,450.1344112700949,450.1344112700949,True,False,60,False,2,600,0.8066523925708311,174.47823773319516,False,0.072,0.0,rolling
novelty_1_tuned_adaptive_burst,hybrid,244,667.0,418.47333565702337,465.35862739057256,465.35862739057256,465.35862739057256,465.35862739057256,True,False,60,False,2,600,0.8303042374147289,183.03487963434583,False,0.072,0.0,rolling
novelty_1_tuned_adaptive_burst,hybrid,245,910.0,570.9306378529104,476.5779132838875,476.5779132838875,476.5779132838875,476.5779132838875,True,False,60,False,2,600,1.1327988846287904,341.65614782659304,False,0.072,0.0,rolling
novelty_1_tuned_adaptive_burst,hybrid,246,616.0,386.47612408504705,550.1505705035042,550.1505705035042,550.1505705035042,550.1505705035042,True,False,60,False,2,600,0.7668177065179504,161.1612828273482,False,0.072,0.0,rolling
novelty_1_tuned_adaptive_burst,hybrid,247,877.0,550.2265597769258,486.92195606396126,486.92195606396126,486.92195606396126,486.92195606396126,True,False,60,False,2,800,0.8187895234775682,178.80736931156378,False,0.1104,0.0336,rolling
novelty_1_tuned_adaptive_burst,hybrid,248,728.0,456.74451028232835,556.9052567614503,556.9052567614503,556.9052567614503,556.9052567614503,True,False,60,False,2,600,0.9062391077030324,213.96794768721566,False,0.0912,0.0336,rolling
novelty_1_tuned_adaptive_burst,hybrid,249,989.0,620.4949459742071,528.1110515850032,528.1110515850032,528.1110515850032,528.1110515850032,True,False,60,False,2,800,0.9233555743663796,221.70312610665553,False,0.1104,0.0336,rolling
novelty_1_tuned_adaptive_burst,hybrid,250,1344.0,843.2206343673754,603.0420539416791,603.0420539416791,603.0420539416791,603.0420539416791,True,False,60,False,2,800,1.2547926106657372,435.6217892179526,True,0.09599999999999999,0.0,rolling
novelty_1_tuned_adaptive_burst,hybrid,251,724.0,454.2349250609969,725.8192302756215,725.8192302756215,725.8192302756215,725.8192302756215,True,False,60,False,2,800,0.6759448289598168,135.59122639681473,False,0.09599999999999999,0.0,rolling
novelty_1_tuned_adaptive_burst,hybrid,252,703.0,441.05960264900665,577.7945063896414,577.7945063896414,577.7945063896414,577.7945063896414,True,False,60,False,2,900,0.5834121728161463,115.74365537965593,False,0.1272,0.040799999999999996,rolling
novelty_1_tuned_adaptive_burst,hybrid,253,610.0,382.71174625304985,561.1328570440578,561.1328570440578,561.1328570440578,561.1328570440578,True,False,60,False,2,800,0.5695115271622766,113.24911281637188,False,0.11759999999999998,0.040799999999999996,rolling
novelty_1_tuned_adaptive_burst,hybrid,254,627.0,393.3774834437086,524.5478972065403,524.5478972065403,524.5478972065403,524.5478972065403,True,False,60,False,2,800,0.5853831598864712,116.10714740963752,False,0.09599999999999999,0.0,rolling
novelty_1_tuned_adaptive_burst,hybrid,255,560.0,351.3419309864064,514.5935149820684,514.5935149820684,514.5935149820684,514.5935149820684,True,False,60,False,2,600,0.6971070059254095,140.97767304834576,False,0.0912,0.0336,rolling
novelty_1_tuned_adaptive_burst,hybrid,256,472.0,296.131056117114,485.5970138435041,485.5970138435041,485.5970138435041,485.5970138435041,True,False,60,False,2,600,0.5875616192799881,116.51175951310847,False,0.072,0.0,rolling
novelty_1_tuned_adaptive_burst,hybrid,257,330.0,207.04078075984665,451.2882929882999,451.2882929882999,451.2882929882999,451.2882929882999,True,False,60,False,2,600,0.41079519992033064,92.47810356880012,False,0.072,0.0,rolling
novelty_1_tuned_adaptive_burst,hybrid,258,568.0,356.3611014290694,400.82195281026816,400.82195281026816,400.82195281026816,400.82195281026816,True,False,60,False,2,600,0.7070656774386297,143.62851293996061,False,0.072,0.0,rolling
novelty_1_tuned_adaptive_burst,hybrid,259,750.0,470.54722899965145,444.1714487924587,444.1714487924587,444.1714487924587,444.1714487924587,True,False,60,False,2,600,0.9336254543643878,226.48412341284893,False,0.072,0.0,rolling
novelty_1_tuned_adaptive_burst,hybrid,260,497.0,311.8159637504357,492.29101131281504,492.29101131281504,492.29101131281504,492.29101131281504,True,False,60,False,2,600,0.618682467758801,122.62613269220017,False,0.072,0.0,rolling
novelty_1_tuned_adaptive_burst,hybrid,261,516.0,323.7364935517602,433.9853654428048,433.9853654428048,433.9853654428048,433.9853654428048,True,False,60,False,2,600,0.6423343126026988,127.70411806795931,False,0.072,0.0,rolling
novelty_1_tuned_adaptive_burst,hybrid,262,627.0,393.3774834437086,434.3914986696077,434.3914986696077,434.3914986696077,434.3914986696077,True,False,60,False,2,600,0.7805108798486282,165.58731237840004,False,0.072,0.0,rolling
novelty_1_tuned_adaptive_burst,hybrid,263,632.0,396.51446497037296,461.0928557865418,461.0928557865418,461.0928557865418,461.0928557865418,True,False,60,False,2,600,0.7867350495443908,167.65122723639462,False,0.072,0.0,rolling
novelty_1_tuned_adaptive_burst,hybrid,264,511.0,320.59951202509586,466.8406861416074,466.8406861416074,466.8406861416074,466.8406861416074,True,False,60,False,2,600,0.6361101429069362,126.33076452392251,False,0.072,0.0,rolling
novelty_1_tuned_adaptive_burst,hybrid,265,714.0,447.9609620076682,438.54415311482126,438.54415311482126,438.54415311482126,438.54415311482126,True,False,60,False,2,600,0.8888114325548971,206.3867079302518,False,0.072,0.0,rolling
novelty_1_tuned_adaptive_burst,hybrid,266,865.0,542.6978041129313,489.1628173357567,489.1628173357567,489.1628173357567,489.1628173357567,True,False,60,False,2,600,1.0767813573669271,304.72691437772016,False,0.072,0.0,rolling
novelty_1_tuned_adaptive_burst,hybrid,267,672.0,421.6103171836877,539.8382207574955,539.8382207574955,539.8382207574955,539.8382207574955,True,False,60,False,2,600,0.8365284071104915,185.3694190275415,False,0.072,0.0,rolling
novelty_1_tuned_adaptive_burst,hybrid,268,526.0,330.0104566050889,502.2536057900347,502.2536057900347,502.2536057900347,502.2536057900347,True,False,60,False,2,800,0.491086988995668,101.31806533925041,False,0.1104,0.0336,rolling
novelty_1_tuned_adaptive_burst,hybrid,269,594.0,372.67340536772394,463.67058800096765,463.67058800096765,463.67058800096765,463.67058800096765,True,False,60,False,2,600,0.7394313598565951,152.77230001324233,False,0.0912,0.0336,rolling
novelty_1_tuned_adaptive_burst,hybrid,270,515.0,323.1090972464273,472.8507065132885,472.8507065132885,472.8507065132885,472.8507065132885,True,False,60,False,2,600,0.6410894786635463,127.42730569616359,False,0.072,0.0,rolling
novelty_1_tuned_adaptive_burst,hybrid,271,396.0,248.44893691181596,449.3220725679312,449.3220725679312,449.3220725679312,449.3220725679312,True,False,60,False,2,600,0.49295423990439674,101.5621629668866,False,0.072,0.0,rolling
novelty_1_tuned_adaptive_burst,hybrid,272,361.0,226.49006622516558,412.0619981225527,412.0619981225527,412.0619981225527,412.0619981225527,True,False,60,False,2,600,0.4493850520340587,96.33534729118864,False,0.072,0.0,rolling
novelty_1_tuned_adaptive_burst,hybrid,273,543.0,340.6761937957477,391.2986777307797,391.2986777307797,391.2986777307797,391.2986777307797,True,False,60,False,2,600,0.6759448289598168,135.59122639681473,False,0.072,0.0,rolling
novelty_1_tuned_adaptive_burst,hybrid,274,633.0,397.1418612757058,427.17651684928705,427.17651684928705,427.17651684928705,427.17651684928705,True,False,60,False,2,600,0.7879798834835433,168.06795186789037,False,0.072,0.0,rolling
novelty_1_tuned_adaptive_burst,hybrid,275,784.0,491.878703380969,453.2557657170055,453.2557657170055,453.2557657170055,453.2557657170055,True,False,60,False,2,600,0.9759498082955734,247.32273484466083,False,0.072,0.0,rolling
novelty_1_tuned_adaptive_burst,hybrid,276,597.0,374.55559428372254,501.15210427630655,501.15210427630655,501.15210427630655,501.15210427630655,True,False,60,False,2,600,0.7431658616740526,153.88048873492312,False,0.072,0.0,rolling
novelty_1_tuned_adaptive_burst,hybrid,277,622.0,390.2405019170443,463.96044921525845,463.96044921525845,463.96044921525845,463.96044921525845,True,False,60,False,2,600,0.7742867101528657,163.5560537143183,False,0.072,0.0,rolling
novelty_1_tuned_adaptive_burst,hybrid,278,848.0,532.0320669222726,471.3020345918708,471.3020345918708,471.3020345918708,471.3020345918708,True,False,60,False,2,600,1.0556191804013346,291.7358141205499,False,0.072,0.0,rolling
novelty_1_tuned_adaptive_burst,hybrid,279,647.0,405.925409550366,535.3271652993976,535.3271652993976,535.3271652993976,535.3271652993976,True,False,60,False,2,600,0.8054075586316786,174.0415131360494,False,0.072,0.0,rolling
novelty_1_tuned_adaptive_burst,hybrid,280,579.0,363.2624607877309,493.9095475897211,493.9095475897211,493.9095475897211,493.9095475897211,True,False,60,False,2,800,0.5405691380769805,108.43323324587014,False,0.1104,0.0336,rolling
novelty_1_tuned_adaptive_burst,hybrid,281,776.0,486.859532938306,475.34195720390926,475.34195720390926,475.34195720390926,475.34195720390926,True,False,60,False,2,600,0.9659911367823532,242.25269910802587,False,0.0912,0.0336,rolling
novelty_1_tuned_adaptive_burst,hybrid,282,667.0,418.47333565702337,524.6860605320958,524.6860605320958,524.6860605320958,524.6860605320958,True,False,60,False,2,600,0.8303042374147289,183.03487963434583,False,0.072,0.0,rolling
novelty_1_tuned_adaptive_burst,hybrid,283,786.0,493.13349599163473,502.48971407724866,502.48971407724866,502.48971407724866,502.48971407724866,True,False,60,False,2,600,0.9784394761738784,248.60653541750523,False,0.072,0.0,rolling
novelty_1_tuned_adaptive_burst,hybrid,284,888.0,557.1279191355874,534.6186477749347,534.6186477749347,534.6186477749347,534.6186477749347,True,False,60,False,2,600,1.1054125379674353,323.1339824162747,False,0.072,0.0,rolling
novelty_1_tuned_adaptive_burst,hybrid,285,767.0,481.2129661903102,569.3295281862574,569.3295281862574,569.3295281862574,569.3295281862574,True,False,60,False,2,800,0.7160907234974855,146.09622383294928,False,0.1104,0.0336,rolling
novelty_1_tuned_adaptive_burst,hybrid,286,830.0,520.7389334262809,545.5504566563695,545.5504566563695,545.5504566563695,545.5504566563695,True,False,60,False,2,800,0.7749091271224419,163.75771747386264,False,0.09599999999999999,0.0,rolling
novelty_1_tuned_adaptive_burst,hybrid,287,550.0,345.06796793307774,564.7033807754265,564.7033807754265,564.7033807754265,564.7033807754265,True,False,60,False,2,800,0.5134939999004133,104.37129603281275,False,0.09599999999999999,0.0,rolling
novelty_1_tuned_adaptive_burst,hybrid,288,389.0,244.0571627744859,492.30211350787886,492.30211350787886,492.30211350787886,492.30211350787886,True,False,60,False,2,800,0.3631803017477469,88.62262225115377,False,0.09599999999999999,0.0,rolling
novelty_1_tuned_adaptive_burst,hybrid,289,754.0,473.0568142209829,436.70381376516525,436.70381376516525,436.70381376516525,436.70381376516525,True,False,60,False,2,600,0.9386047901209978,228.84039158816978,False,0.0912,0.0336,rolling
novelty_1_tuned_adaptive_burst,hybrid,290,571.0,358.243290345068,514.4103648877945,514.4103648877945,514.4103648877945,514.4103648877945,True,False,60,False,2,600,0.7108001792560873,144.64204557421368,False,0.072,0.0,rolling
novelty_1_tuned_adaptive_burst,hybrid,291,463.0,290.4844893691182,470.67361663526526,470.67361663526526,470.67361663526526,470.67361663526526,True,False,60,False,2,600,0.5763581138276155,114.46273490731761,False,0.072,0.0,rolling
novelty_1_tuned_adaptive_burst,hybrid,292,494.0,309.9337748344371,436.58681926707413,436.58681926707413,436.58681926707413,436.58681926707413,True,False,60,False,2,600,0.6149479659413434,121.85888088495864,False,0.072,0.0,rolling
novelty_1_tuned_adaptive_burst,hybrid,293,619.0,388.35831300104564,434.4724411373072,434.4724411373072,434.4724411373072,434.4724411373072,True,False,60,False,2,600,0.770552208335408,162.35286515580015,False,0.072,0.0,rolling
novelty_1_tuned_adaptive_burst,hybrid,294,517.0,324.36388985709306,461.09550490033143,461.09550490033143,461.09550490033143,461.09550490033143,True,False,60,False,2,600,0.6435791465418513,127.9820054379087,False,0.072,0.0,rolling
novelty_1_tuned_adaptive_burst,hybrid,295,362.0,227.11746253049844,436.22755127149503,436.22755127149503,436.22755127149503,436.22755127149503,True,False,60,False,2,600,0.4506298859732112,96.4714744879451,False,0.072,0.0,rolling
novelty_1_tuned_adaptive_burst,hybrid,296,518.0,324.9912861624259,393.0578819499151,393.0578819499151,393.0578819499151,393.0578819499151,True,False,60,False,2,600,0.6448239804810039,128.26096988934154,False,0.072,0.0,rolling
novelty_1_tuned_adaptive_burst,hybrid,297,411.0,257.859881491809,421.9268162180824,421.9268162180824,421.9268162180824,421.9268162180824,True,False,60,False,2,600,0.5116267489916846,104.10639297215997,False,0.072,0.0,rolling
novelty_1_tuned_adaptive_burst,hybrid,298,412.0,258.48727779714187,395.00712395917753,395.00712395917753,395.00712395917753,395.00712395917753,True,False,60,False,2,600,0.512871582930837,104.28278051643576,False,0.072,0.0,rolling
novelty_1_tuned_adaptive_burst,hybrid,299,498.0,312.44336005576855,390.58435623883224,390.58435623883224,390.58435623883224,390.58435623883224,True,False,60,False,2,600,0.6199273016979535,122.88395134661768,False,0.072,0.0,rolling
novelty_1_tuned_adaptive_burst,hybrid,300,472.0,296.131056117114,408.2716942780553,408.2716942780553,408.2716942780553,408.2716942780553,True,False,60,False,2,600,0.5875616192799881,116.51175951310847,False,0.072,0.0,rolling
novelty_1_tuned_adaptive_burst,hybrid,301,415.0,260.36946671314047,403.52770946929104,403.52770946929104,403.52770946929104,403.52770946929104,True,False,60,False,2,600,0.5166060847482946,104.81710147373708,False,0.072,0.0,rolling
novelty_1_tuned_adaptive_burst,hybrid,302,716.0,449.2157546183339,389.45773630980784,389.45773630980784,389.45773630980784,389.45773630980784,True,False,60,False,2,600,0.8913011004332022,207.4517588787997,False,0.072,0.0,rolling
novelty_1_tuned_adaptive_burst,hybrid,303,603.0,378.3199721157198,466.0353073838546,466.0353073838546,466.0353073838546,466.0353073838546,True,False,60,False,2,600,0.7506348653089678,156.1305036205123,False,0.072,0.0,rolling
novelty_1_tuned_adaptive_burst,hybrid,304,639.0,400.906239107703,449.86653770025805,449.86653770025805,449.86653770025805,449.86653770025805,True,False,60,False,2,600,0.7954488871184584,170.59606627584236,False,0.072,0.0,rolling
novelty_1_tuned_adaptive_burst,hybrid,305,622.0,390.2405019170443,464.8238917307094,464.8238917307094,464.8238917307094,464.8238917307094,True,False,60,False,2,600,0.7742867101528657,163.5560537143183,False,0.072,0.0,rolling
novelty_1_tuned_adaptive_burst,hybrid,306,573.0,359.4980829557337,466.46371724934306,466.46371724934306,466.46371724934306,466.46371724934306,True,False,60,False,2,600,0.7132898471343923,145.3236784312839,False,0.072,0.0,rolling
novelty_1_tuned_adaptive_burst,hybrid,307,644.0,404.0432206343674,456.59124080667607,456.59124080667607,456.59124080667607,456.59124080667607,True,False,60,False,2,600,0.8016730568142211,172.7394184974029,False,0.072,0.0,rolling
novelty_1_tuned_adaptive_burst,hybrid,308,582.0,365.14464970372956,475.362186800121,475.362186800121,475.362186800121,475.362186800121,True,False,60,False,2,600,0.724493352586765,148.45035743619843,False,0.072,0.0,rolling
novelty_1_tuned_adaptive_burst,hybrid,309,656.0,411.5719762983618,462.35568833005846,462.35568833005846,462.35568833005846,462.35568833005846,True,False,60,False,2,600,0.8166110640840512,178.02080942658984,False,0.072,0.0,rolling
novelty_1_tuned_adaptive_burst,hybrid,310,766.0,480.58556988497736,481.2370060371204,481.2370060371204,481.2370060371204,481.2370060371204,True,False,60,False,2,600,0.9535427973908281,236.06052918755051,False,0.072,0.0,rolling
novelty_1_tuned_adaptive_burst,hybrid,311,552.0,346.32276054374347,514.7390476605296,514.7390476605296,514.7390476605296,514.7390476605296,True,False,60,False,2,600,0.6871483344121895,138.4014996951575,False,0.072,0.0,rolling
novelty_1_tuned_adaptive_burst,hybrid,312,615.0,385.8487277797142,465.77969198600795,465.77969198600795,465.77969198600795,465.77969198600795,True,False,60,False,2,600,0.765572872578798,160.76665815789568,False,0.072,0.0,rolling
novelty_1_tuned_adaptive_burst,hybrid,313,637.0,399.6514464970373,476.5633190751919,476.5633190751919,476.5633190751919,476.5633190751919,True,False,60,False,2,600,0.7929592192401533,169.74805870452144,False,0.072,0.0,rolling
novelty_1_tuned_adaptive_burst,hybrid,314,502.0,314.9529452771,481.4011065949617,481.4011065949617,481.4011065949617,481.4011065949617,True,False,60,False,2,600,0.6249066374545635,123.92562177976616,False,0.072,0.0,rolling
novelty_1_tuned_adaptive_burst,hybrid,315,529.0,331.8926455210875,445.8884357709285,445.8884357709285,445.8884357709285,445.8884357709285,True,False,60,False,2,600,0.6585171538116815,131.40126206531983,False,0.072,0.0,rolling
novelty_1_tuned_adaptive_burst,hybrid,316,480.0,301.1502265597769,445.7284774637401,445.7284774637401,445.7284774637401,445.7284774637401,True,False,60,False,2,600,0.5975202907932081,118.39993404793785,False,0.072,0.0,rolling
novelty_1_tuned_adaptive_burst,hybrid,317,502.0,314.9529452771,428.8640745818393,428.8640745818393,428.8640745818393,428.8640745818393,True,False,60,False,2,600,0.6249066374545635,123.92562177976616,False,0.072,0.0,rolling
novelty_1_tuned_adaptive_burst,hybrid,318,576.0,361.3802718717323,428.66859406701724,428.66859406701724,428.66859406701724,428.66859406701724,True,False,60,False,2,600,0.7170243489518499,146.35508603483663,False,0.072,0.0,rolling
novelty_1_tuned_adaptive_burst,hybrid,319,346.0,217.07912164517253,445.0674031589642,445.0674031589642,445.0674031589642,445.0674031589642,True,False,60,False,2,600,0.4307125429467709,94.38252252017409,False,0.072,0.0,rolling
novelty_1_tuned_adaptive_burst,hybrid,320,453.0,284.2105263157895,387.38680364619086,387.38680364619086,387.38680364619086,387.38680364619086,True,False,60,False,2,600,0.5639097744360902,112.27761018805707,False,0.072,0.0,rolling
novelty_1_tuned_adaptive_burst,hybrid,321,441.0,276.68177065179503,403.21020114017756,403.21020114017756,403.21020114017756,403.21020114017756,True,False,60,False,2,600,0.54897176716626,109.77985197796818,False,0.072,0.0,rolling
novelty_1_tuned_adaptive_burst,hybrid,322,458.0,287.3475078424538,397.6990088950838,397.6990088950838,397.6990088950838,397.6990088950838,True,False,60,False,2,600,0.5701339441318528,113.35824548483879,False,0.072,0.0,rolling
novelty_1_tuned_adaptive_burst,hybrid,323,671.0,420.98292087835483,399.6619299646418,399.6619299646418,399.6619299646418,399.6619299646418,True,False,60,False,2,600,0.8352835731713389,184.89971948703038,False,0.072,0.0,rolling
novelty_1_tuned_adaptive_burst,hybrid,324,598.0,375.1829905890554,455.0631356414069,455.0631356414069,455.0631356414069,455.0631356414069,True,False,60,False,2,600,0.7444106956132052,154.25236969343808,False,0.072,0.0,rolling
novelty_1_tuned_adaptive_burst,hybrid,325,644.0,404.0432206343674,447.2599060626726,447.2599060626726,447.2599060626726,447.2599060626726,True,False,60,False,2,600,0.8016730568142211,172.7394184974029,False,0.072,0.0,rolling
novelty_1_tuned_adaptive_burst,hybrid,326,477.0,299.2680376437783,464.74641719378906,464.74641719378906,464.74641719378906,464.74641719378906,True,False,60,False,2,600,0.5937857889757506,117.68442590182637,False,0.072,0.0,rolling
novelty_1_tuned_adaptive_burst,hybrid,327,647.0,405.925409550366,427.0282628084783,427.0282628084783,427.0282628084783,427.0282628084783,True,False,60,False,2,600,0.8054075586316786,174.0415131360494,False,0.072,0.0,rolling
novelty_1_tuned_adaptive_burst,hybrid,328,562.0,352.5967235970722,467.37787825243913,467.37787825243913,467.37787825243913,467.37787825243913,True,False,60,False,2,600,0.6995966738037146,141.6333413666769,False,0.072,0.0,rolling
novelty_1_tuned_adaptive_burst,hybrid,329,490.0,307.4241896131056,450.1635274389282,450.1635274389282,450.1635274389282,450.1635274389282,True,False,60,False,2,600,0.6099686301847334,120.85027706168476,False,0.072,0.0,rolling
novelty_1_tuned_adaptive_burst,hybrid,330,548.0,343.813175322412,431.41167914762127,431.41167914762127,431.41167914762127,431.41167914762127,True,False,60,False,2,600,0.6821689986555793,137.1410796377125,False,0.072,0.0,rolling
novelty_1_tuned_adaptive_burst,hybrid,331,467.0,292.99407459044966,442.1998819788055,442.1998819788055,442.1998819788055,442.1998819788055,True,False,60,False,2,600,0.5813374495842255,115.363676415502,False,0.072,0.0,rolling
novelty_1_tuned_adaptive_burst,hybrid,332,474.0,297.3858487277797,420.7542702890869,420.7542702890869,420.7542702890869,420.7542702890869,True,False,60,False,2,600,0.5900512871582931,116.97786149035399,False,0.072,0.0,rolling
novelty_1_tuned_adaptive_burst,hybrid,333,531.0,333.14743813175323,417.84390571409403,417.84390571409403,417.84390571409403,417.84390571409403,True,False,60,False,2,600,0.6610068216899866,131.98647008800015,False,0.072,0.0,rolling
novelty_1_tuned_adaptive_burst,hybrid,334,661.0,414.7089578250262,428.88709778895645,428.88709778895645,428.88709778895645,428.88709778895645,True,False,60,False,2,600,0.8228352337798138,180.27926561712547,False,0.072,0.0,rolling
novelty_1_tuned_adaptive_burst,hybrid,335,544.0,341.30359010108054,464.0800205785813,464.0800205785813,464.0800205785813,464.0800205785813,True,False,60,False,2,600,0.6771896628989693,135.89892621556112,False,0.072,0.0,rolling
novelty_1_tuned_adaptive_burst,hybrid,336,597.0,374.55559428372254,440.71425896558094,440.71425896558094,440.71425896558094,440.71425896558094,True,False,60,False,2,600,0.7431658616740526,153.88048873492312,False,0.072,0.0,rolling
novelty_1_tuned_adaptive_burst,hybrid,337,566.0,355.10630881840365,454.83475794988817,454.83475794988817,454.83475794988817,454.83475794988817,True,False,60,False,2,600,0.7045760095603247,142.95874464584628,False,0.072,0.0,rolling
novelty_1_tuned_adaptive_burst,hybrid,338,573.0,359.4980829557337,448.96535735473117,448.96535735473117,448.96535735473117,448.96535735473117,True,False,60,False,2,600,0.7132898471343923,145.3236784312839,False,0.072,0.0,rolling
novelty_1_tuned_adaptive_burst,hybrid,339,454.0,284.83792262112235,451.1313932033959,451.1313932033959,451.1313932033959,451.1313932033959,True,False,60,False,2,600,0.5651546083752428,112.49184141733618,False,0.072,0.0,rolling
novelty_1_tuned_adaptive_burst,hybrid,340,529.0,331.8926455210875,420.68541741340914,420.68541741340914,420.68541741340914,420.68541741340914,True,False,60,False,2,600,0.6585171538116815,131.40126206531983,False,0.072,0.0,rolling
novelty_1_tuned_adaptive_burst,hybrid,341,495.0,310.56117113976995,433.9027853411262,433.9027853411262,433.9027853411262,433.9027853411262,True,False,60,False,2,600,0.6161927998804959,122.1135995447004,False,0.072,0.0,rolling
novelty_1_tuned_adaptive_burst,hybrid,342,429.0,269.15301498780065,424.410793887208,424.410793887208,424.410793887208,424.410793887208,True,False,60,False,2,600,0.5340337598964299,107.41439354065388,False,0.072,0.0,rolling
novelty_1_tuned_adaptive_burst,hybrid,343,512.0,321.2269083304287,405.0923001562992,405.0923001562992,405.0923001562992,405.0923001562992,True,False,60,False,2,600,0.6373549768460888,126.60329773640105,False,0.072,0.0,rolling
novelty_1_tuned_adaptive_burst,hybrid,344,571.0,358.243290345068,421.0313675914822,421.0313675914822,421.0313675914822,421.0313675914822,True,False,60,False,2,600,0.7108001792560873,144.64204557421368,False,0.072,0.0,rolling
novelty_1_tuned_adaptive_burst,hybrid,345,535.0,335.6570233530847,436.5913950090744,436.5913950090744,436.5913950090744,436.5913950090744,True,False,60,False,2,600,0.6659861574465966,133.170177777199,False,0.072,0.0,rolling
novelty_1_tuned_adaptive_burst,hybrid,346,471.0,295.5036598117811,430.9759480949324,430.9759480949324,430.9759480949324,430.9759480949324,True,False,60,False,2,600,0.5863167853408355,116.2801845636173,False,0.072,0.0,rolling
novelty_1_tuned_adaptive_burst,hybrid,347,601.0,377.06517950505406,415.2509531368041,415.2509531368041,415.2509531368041,415.2509531368041,True,False,60,False,2,600,0.7481451974306628,155.37549588946374,False,0.072,0.0,rolling
novelty_1_tuned_adaptive_burst,hybrid,348,568.0,356.3611014290694,446.5949303357702,446.5949303357702,446.5949303357702,446.5949303357702,True,False,60,False,2,600,0.7070656774386297,143.62851293996061,False,0.072,0.0,rolling
novelty_1_tuned_adaptive_burst,hybrid,349,428.0,268.5256186824678,442.84197899570654,442.84197899570654,442.84197899570654,442.84197899570654,True,False,60,False,2,600,0.5327889259572773,107.2231310219259,False,0.072,0.0,rolling
novelty_1_tuned_adaptive_burst,hybrid,350,425.0,266.6434297664692,408.79732661962316,408.79732661962316,408.79732661962316,408.79732661962316,True,False,60,False,2,600,0.5290544241398198,106.65468512323434,False,0.072,0.0,rolling
novelty_1_tuned_adaptive_burst,hybrid,351,620.0,388.9857093063785,401.81984989196917,401.81984989196917,401.81984989196917,401.81984989196917,True,False,60,False,2,600,0.7717970422745606,162.75263564974804,False,0.072,0.0,rolling
novelty_1_tuned_adaptive_burst,hybrid,352,463.0,290.4844893691182,447.781107159356,447.781107159356,447.781107159356,447.781107159356,True,False,60,False,2,600,0.5763581138276155,114.46273490731761,False,0.072,0.0,rolling
novelty_1_tuned_adaptive_burst,hybrid,353,470.0,294.87626350644825,413.67167190968985,413.67167190968985,413.67167190968985,413.67167190968985,True,False,60,False,2,600,0.585071951401683,116.0495908624408,False,0.072,0.0,rolling
novelty_1_tuned_adaptive_burst,hybrid,354,429.0,269.15301498780065,412.3214186111154,412.3214186111154,412.3214186111154,412.3214186111154,True,False,60,False,2,600,0.5340337598964299,107.41439354065388,False,0.072,0.0,rolling
novelty_1_tuned_adaptive_burst,hybrid,355,379.0,237.7831997211572,399.4118295400481,399.4118295400481,399.4118295400481,399.4118295400481,True,False,60,False,2,600,0.47179206293880394,98.90272413170717,False,0.072,0.0,rolling
novelty_1_tuned_adaptive_burst,hybrid,356,366.0,229.6270477518299,382.7367540041216,382.7367540041216,382.7367540041216,382.7367540041216,True,False,60,False,2,600,0.45560922172982127,97.02354576198239,False,0.072,0.0,rolling
novelty_1_tuned_adaptive_burst,hybrid,357,494.0,309.9337748344371,373.86394473282417,373.86394473282417,373.86394473282417,373.86394473282417,True,False,60,False,2,600,0.6149479659413434,121.85888088495864,False,0.072,0.0,rolling
novelty_1_tuned_adaptive_burst,hybrid,358,523.0,328.1282676890903,401.31738525463425,401.31738525463425,401.31738525463425,401.31738525463425,True,False,60,False,1,900,0.8680642002356886,197.7410874910786,False,0.0684,0.0252,rolling
novelty_1_tuned_adaptive_burst,hybrid,359,372.0,233.39142558382713,412.1218199284931,412.1218199284931,412.1218199284931,412.1218199284931,True,False,60,False,2,600,0.46307822536473636,97.87456930034558,False,0.0828,0.0252,rolling
novelty_1_tuned_adaptive_burst,hybrid,360,412.0,258.48727779714187,378.06238068089306,378.06238068089306,378.06238068089306,378.06238068089306,True,False,60,False,2,600,0.512871582930837,104.28278051643576,False,0.072,0.0,rolling
novelty_1_tuned_adaptive_burst,hybrid,361,472.0,296.131056117114,383.5469974981063,383.5469974981063,383.5469974981063,383.5469974981063,True,False,60,False,2,600,0.5875616192799881,116.51175951310847,False,0.072,0.0,rolling
novelty_1_tuned_adaptive_burst,hybrid,362,561.0,351.96932729173926,396.86986036178223,396.86986036178223,396.86986036178223,396.86986036178223,True,False,60,False,2,600,0.6983518398645621,141.304922833515,False,0.072,0.0,rolling
novelty_1_tuned_adaptive_burst,hybrid,363,390.0,244.68455907981877,422.28492823673514,422.28492823673514,422.28492823673514,422.28492823673514,True,False,60,False,2,600,0.4854852362694817,100.59683962483386,False,0.072,0.0,rolling
novelty_1_tuned_adaptive_burst,hybrid,364,396.0,248.44893691181596,384.7908888780271,384.7908888780271,384.7908888780271,384.7908888780271,True,False,60,False,2,600,0.49295423990439674,101.5621629668866,False,0.072,0.0,rolling
novelty_1_tuned_adaptive_burst,hybrid,365,402.0,252.21331474381319,382.2277869965758,382.2277869965758,382.2277869965758,382.2277869965758,True,False,60,False,2,600,0.5004232435393119,102.55718625792957,False,0.072,0.0,rolling
novelty_1_tuned_adaptive_burst,hybrid,366,511.0,320.59951202509586,380.77683124971645,380.77683124971645,380.77683124971645,380.77683124971645,True,False,60,False,2,600,0.6361101429069362,126.33076452392251,False,0.072,0.0,rolling
novelty_1_tuned_adaptive_burst,hybrid,367,541.0,339.4214011850819,406.8379938951075,406.8379938951075,406.8379938951075,406.8379938951075,True,False,60,False,2,600,0.6734551610815117,134.97921842016345,False,0.072,0.0,rolling
novelty_1_tuned_adaptive_burst,hybrid,368,595.0,373.3008016730568,418.9243828974736,418.9243828974736,418.9243828974736,418.9243828974736,True,False,60,False,2,600,0.7406761937957477,153.140455978155,False,0.072,0.0,rolling
novelty_1_tuned_adaptive_burst,hybrid,369,682.0,427.8842802370164,438.2595660452571,438.2595660452571,438.2595660452571,438.2595660452571,True,False,60,False,2,600,0.8489767465020167,190.1437580498147,False,0.072,0.0,rolling
novelty_1_tuned_adaptive_burst,hybrid,370,584.0,366.3994423143953,468.92806739357275,468.92806739357275,468.92806739357275,468.92806739357275,True,False,60,False,2,600,0.72698302046507,149.15845899780857,False,0.072,0.0,rolling
novelty_1_tuned_adaptive_burst,hybrid,371,567.0,355.7337051237365,452.94923916869266,452.94923916869266,452.94923916869266,452.94923916869266,True,False,60,False,2,600,0.7058208434994772,143.29303816891783,False,0.072,0.0,rolling
novelty_1_tuned_adaptive_burst,hybrid,372,609.0,382.084349947717,450.62572554666076,450.62572554666076,450.62572554666076,450.62572554666076,True,False,60,False,2,600,0.7581038689438829,158.42574342842744,False,0.072,0.0,rolling
novelty_1_tuned_adaptive_burst,hybrid,373,733.0,459.8814918089927,461.9947104519424,461.9947104519424,461.9947104519424,461.9947104519424,True,False,60,False,2,600,0.912463277398795,216.74727798314763,False,0.072,0.0,rolling
novelty_1_tuned_adaptive_burst,hybrid,374,827.0,518.8567445102823,498.41224629795533,498.41224629795533,498.41224629795533,498.41224629795533,True,False,60,False,2,600,1.0294776676791315,276.39177484900733,False,0.072,0.0,rolling
novelty_1_tuned_adaptive_burst,hybrid,375,777.0,487.4869292436389,533.6954316192487,533.6954316192487,533.6954316192487,533.6954316192487,True,False,60,False,2,600,0.9672359707215057,242.88077337652769,False,0.072,0.0,rolling
novelty_1_tuned_adaptive_burst,hybrid,376,684.0,429.13907284768214,532.2897155110604,532.2897155110604,532.2897155110604,532.2897155110604,True,False,60,False,2,800,0.6385998107852413,126.87689761371423,False,0.1104,0.0336,rolling
novelty_1_tuned_adaptive_burst,hybrid,377,601.0,377.06517950505406,513.0793778713264,513.0793778713264,513.0793778713264,513.0793778713264,True,False,60,False,2,800,0.5611088980729971,111.79903732836752,False,0.09599999999999999,0.0,rolling
novelty_1_tuned_adaptive_burst,hybrid,378,819.0,513.8375740676194,489.75549633905484,489.75549633905484,489.75549633905484,489.75549633905484,True,False,60,False,2,600,1.0195189961659115,270.7473317655864,False,0.0912,0.0336,rolling
novelty_1_tuned_adaptive_burst,hybrid,379,820.0,514.4649703729523,543.631077384372,543.631077384372,543.631077384372,543.631077384372,True,False,60,False,2,600,1.020763830105064,271.44689341130834,False,0.072,0.0,rolling
novelty_1_tuned_adaptive_burst,hybrid,380,756.0,474.31160683164865,551.5147196080479,551.5147196080479,551.5147196080479,551.5147196080479,True,False,60,False,2,800,0.7058208434994772,143.29303816891783,False,0.1104,0.0336,rolling
novelty_1_tuned_adaptive_burst,hybrid,381,852.0,534.5416521436041,540.184074604158,540.184074604158,540.184074604158,540.184074604158,True,False,60,False,2,800,0.7954488871184585,170.59606627584236,False,0.09599999999999999,0.0,rolling
novelty_1_tuned_adaptive_burst,hybrid,382,837.0,525.130707563611,568.399183506192,568.399183506192,568.399183506192,568.399183506192,True,False,60,False,2,800,0.7814445053029926,165.89481141081592,False,0.09599999999999999,0.0,rolling
novelty_1_tuned_adaptive_burst,hybrid,383,748.0,469.2924363889857,570.3963263093415,570.3963263093415,570.3963263093415,570.3963263093415,True,False,60,False,2,800,0.6983518398645621,141.304922833515,False,0.09599999999999999,0.0,rolling
novelty_1_tuned_adaptive_burst,hybrid,384,769.0,482.46775880097596,549.0391709373439,549.0391709373439,549.0391709373439,549.0391709373439,True,False,60,False,2,800,0.7179579744062142,146.6146232355647,False,0.09599999999999999,0.0,rolling
novelty_1_tuned_adaptive_burst,hybrid,385,553.0,346.95015684907634,552.0507316591006,552.0507316591006,552.0507316591006,552.0507316591006,True,False,60,False,2,800,0.5162948762635065,104.77227830310824,False,0.09599999999999999,0.0,rolling
novelty_1_tuned_adaptive_burst,hybrid,386,790.0,495.6430812129662,492.17483563171345,492.17483563171345,492.17483563171345,492.17483563171345,True,False,60,False,2,800,0.7375641089478664,152.22238572334763,False,0.09599999999999999,0.0,rolling
novelty_1_tuned_adaptive_burst,hybrid,387,766.0,480.58556988497736,543.7453986858209,543.7453986858209,543.7453986858209,543.7453986858209,True,False,60,False,2,600,0.9535427973908281,236.06052918755051,False,0.0912,0.0336,rolling
novelty_1_tuned_adaptive_burst,hybrid,388,676.0,424.11990240501916,540.6431901067535,540.6431901067535,540.6431901067535,540.6431901067535,True,False,60,False,2,800,0.6311308071503261,125.25125665575999,False,0.1104,0.0336,rolling
novelty_1_tuned_adaptive_burst,hybrid,389,635.0,398.39665388637155,516.9753331903248,516.9753331903248,516.9753331903248,516.9753331903248,True,False,60,False,2,800,0.5928521635213863,117.50694852109771,False,0.09599999999999999,0.0,rolling
novelty_1_tuned_adaptive_burst,hybrid,390,644.0,404.0432206343674,501.59953959537506,501.59953959537506,501.59953959537506,501.59953959537506,True,False,60,False,2,600,0.8016730568142211,172.7394184974029,False,0.0912,0.0336,rolling
novelty_1_tuned_adaptive_burst,hybrid,391,576.0,361.3802718717323,498.49200870587583,498.49200870587583,498.49200870587583,498.49200870587583,True,False,60,False,2,600,0.7170243489518499,146.35508603483663,False,0.072,0.0,rolling
novelty_1_tuned_adaptive_burst,hybrid,392,716.0,449.2157546183339,476.20031823745467,476.20031823745467,476.20031823745467,476.20031823745467,True,False,60,False,2,600,0.8913011004332022,207.4517588787997,False,0.072,0.0,rolling
novelty_1_tuned_adaptive_burst,hybrid,393,674.0,422.86510979435343,507.30866880625945,507.30866880625945,507.30866880625945,507.30866880625945,True,False,60,False,2,600,0.8390180749887964,186.31302018467994,False,0.072,0.0,rolling
novelty_1_tuned_adaptive_burst,hybrid,394,535.0,335.6570233530847,498.9912221581053,498.9912221581053,498.9912221581053,498.9912221581053,True,False,60,False,2,600,0.6659861574465966,133.170177777199,False,0.072,0.0,rolling
novelty_1_tuned_adaptive_burst,hybrid,395,676.0,424.11990240501916,462.01108679173285,462.01108679173285,462.01108679173285,462.01108679173285,True,False,60,False,2,600,0.8415077428671015,187.2622379988385,False,0.072,0.0,rolling
novelty_1_tuned_adaptive_burst,hybrid,396,693.0,434.78563959567794,492.6639102029844,492.6639102029844,492.6639102029844,492.6639102029844,True,False,60,False,2,600,0.8626699198326944,195.55971715065795,False,0.072,0.0,rolling
novelty_1_tuned_adaptive_burst,hybrid,397,549.0,344.4405716277449,498.99577381725294,498.99577381725294,498.99577381725294,498.99577381725294,True,False,60,False,2,600,0.6834138325947319,137.4544669466906,False,0.072,0.0,rolling
novelty_1_tuned_adaptive_burst,hybrid,398,552.0,346.32276054374347,462.9374096354086,462.9374096354086,462.9374096354086,462.9374096354086,True,False,60,False,2,600,0.6871483344121895,138.4014996951575,False,0.072,0.0,rolling
novelty_1_tuned_adaptive_burst,hybrid,399,621.0,389.61310561171143,457.933522681029,457.933522681029,457.933522681029,457.933522681029,True,False,60,False,2,600,0.7730418762137131,163.1536978081442,False,0.072,0.0,rolling
novelty_1_tuned_adaptive_burst,hybrid,400,754.0,473.0568142209829,471.9494298363511,471.9494298363511,471.9494298363511,471.9494298363511,True,False,60,False,2,600,0.9386047901209978,228.84039158816978,False,0.072,0.0,rolling
novelty_1_tuned_adaptive_burst,hybrid,401,699.0,438.55001742767513,508.7460779485127,508.7460779485127,508.7460779485127,508.7460779485127,True,False,60,False,2,600,0.8701389234676093,198.5873307007178,False,0.072,0.0,rolling
novelty_1_tuned_adaptive_burst,hybrid,402,717.0,449.84315092366677,502.0572101268126,502.0572101268126,502.0572101268126,502.0572101268126,True,False,60,False,2,600,0.8925459343723547,207.98652080756588,False,0.072,0.0,rolling
novelty_1_tuned_adaptive_burst,hybrid,403,648.0,406.55280585569886,510.1679536508177,510.1679536508177,510.1679536508177,510.1679536508177,True,False,60,False,2,600,0.8066523925708311,174.47823773319516,False,0.072,0.0,rolling
novelty_1_tuned_adaptive_burst,hybrid,404,682.0,427.8842802370164,494.83972368981813,494.83972368981813,494.83972368981813,494.83972368981813,True,False,60,False,2,600,0.8489767465020167,190.1437580498147,False,0.072,0.0,rolling
novelty_1_tuned_adaptive_burst,hybrid,405,545.0,341.9309864064134,503.0625488099772,503.0625488099772,503.0625488099772,503.0625488099772,True,False,60,False,2,600,0.6784344968381218,136.20775936569433,False,0.072,0.0,rolling
novelty_1_tuned_adaptive_burst,hybrid,406,473.0,296.75845242244685,466.7993840493418,466.7993840493418,466.7993840493418,466.7993840493418,True,False,60,False,2,600,0.5888064532191406,116.74431779424413,False,0.072,0.0,rolling
novelty_1_tuned_adaptive_burst,hybrid,407,812.0,509.4457999302893,440.49520133803117,440.49520133803117,440.49520133803117,440.49520133803117,True,False,60,False,2,600,1.0108051585918438,265.89805849701315,False,0.072,0.0,rolling
novelty_1_tuned_adaptive_burst,hybrid,408,732.0,459.2540955036598,522.3816686950545,522.3816686950545,522.3816686950545,522.3816686950545,True,False,60,False,2,600,0.9112184434596425,216.18836609585915,False,0.072,0.0,rolling
novelty_1_tuned_adaptive_burst,hybrid,409,901.0,565.2840711049146,512.1529586962401,512.1529586962401,512.1529586962401,512.1529586962401,True,False,60,False,2,600,1.1215953791764177,333.96925165387233,False,0.072,0.0,rolling
novelty_1_tuned_adaptive_burst,hybrid,410,726.0,455.4897176716626,564.5441208709644,564.5441208709644,564.5441208709644,564.5441208709644,True,False,60,False,2,600,0.9037494398247274,212.86684680058372,False,0.072,0.0,rolling
novelty_1_tuned_adaptive_burst,hybrid,411,880.0,552.1087486929243,528.7168075772811,528.7168075772811,528.7168075772811,528.7168075772811,True,False,60,False,2,800,0.8215903998406612,179.82482855040092,False,0.1104,0.0336,rolling
novelty_1_tuned_adaptive_burst,hybrid,412,695.0,436.04043220634367,572.1982775919005,572.1982775919005,572.1982775919005,572.1982775919005,True,False,60,False,2,800,0.6488696907832495,129.17506812948648,False,0.09599999999999999,0.0,rolling
novelty_1_tuned_adaptive_burst,hybrid,413,570.0,357.6158940397351,529.2711948448928,529.2711948448928,529.2711948448928,529.2711948448928,True,False,60,False,2,800,0.532166508987701,107.12783426719572,False,0.09599999999999999,0.0,rolling
novelty_1_tuned_adaptive_burst,hybrid,414,689.0,432.2760543743465,491.63458499859735,491.63458499859735,491.63458499859735,491.63458499859735,True,False,60,False,2,800,0.6432679380570632,127.91243270041235,False,0.09599999999999999,0.0,rolling
novelty_1_tuned_adaptive_burst,hybrid,415,865.0,542.6978041129313,513.1290607963083,513.1290607963083,513.1290607963083,513.1290607963083,True,False,60,False,2,600,1.0767813573669271,304.72691437772016,False,0.0912,0.0336,rolling
novelty_1_tuned_adaptive_burst,hybrid,416,617.0,387.1035203903799,560.9182788270978,560.9182788270978,560.9182788270978,560.9182788270978,True,False,60,False,2,600,0.768062540457103,161.55719082792996,False,0.072,0.0,rolling
novelty_1_tuned_adaptive_burst,hybrid,417,673.0,422.23771348902056,501.9842872490399,501.9842872490399,501.9842872490399,501.9842872490399,True,False,60,False,2,800,0.628329930787233,124.6514687698828,False,0.1104,0.0336,rolling
novelty_1_tuned_adaptive_burst,hybrid,418,801.0,502.5444405716278,509.5200526664321,509.5200526664321,509.5200526664321,509.5200526664321,True,False,60,False,2,600,0.9971119852611662,258.4449716449461,False,0.0912,0.0336,rolling
novelty_1_tuned_adaptive_burst,hybrid,419,594.0,372.67340536772394,542.1207694471987,542.1207694471987,542.1207694471987,542.1207694471987,True,False,60,False,2,600,0.7394313598565951,152.77230001324233,False,0.072,0.0,rolling
novelty_1_tuned_adaptive_burst,hybrid,420,733.0,459.8814918089927,490.32888497739395,490.32888497739395,490.32888497739395,490.32888497739395,True,False,60,False,2,800,0.6843474580490962,137.69025789914042,False,0.1104,0.0336,rolling
novelty_1_tuned_adaptive_burst,hybrid,421,816.0,511.95538515162076,520.7692012970119,520.7692012970119,520.7692012970119,520.7692012970119,True,False,60,False,2,600,1.015784494348454,268.65887597751873,False,0.0912,0.0336,rolling
novelty_1_tuned_adaptive_burst,hybrid,422,745.0,467.4102474729871,545.5498305022011,545.5498305022011,545.5498305022011,545.5498305022011,True,False,60,False,2,600,0.9274012846686253,223.57392875834378,False,0.072,0.0,rolling
novelty_1_tuned_adaptive_burst,hybrid,423,527.0,330.63785291042177,532.702567853748,532.702567853748,532.702567853748,532.702567853748,True,False,60,False,2,800,0.4920206144500324,101.43988256166939,False,0.1104,0.0336,rolling
novelty_1_tuned_adaptive_burst,hybrid,424,618.0,387.7309166957128,475.37047130142673,475.37047130142673,475.37047130142673,475.37047130142673,True,False,60,False,2,800,0.5769805307971916,114.57450585250325,False,0.09599999999999999,0.0,rolling
novelty_1_tuned_adaptive_burst,hybrid,425,846.0,530.7772743116068,487.7866749706018,487.7866749706018,487.7866749706018,487.7866749706018,True,False,60,False,2,600,1.0531295125230293,290.2412139097547,False,0.0912,0.0336,rolling
novelty_1_tuned_adaptive_burst,hybrid,426,682.0,427.8842802370164,545.8729983016833,545.8729983016833,545.8729983016833,545.8729983016833,True,False,60,False,2,600,0.8489767465020167,190.1437580498147,False,0.072,0.0,rolling
novelty_1_tuned_adaptive_burst,hybrid,427,583.0,365.7720460090624,510.8664767914379,510.8664767914379,510.8664767914379,510.8664767914379,True,False,60,False,2,800,0.5443036398944381,109.02660351581649,False,0.1104,0.0336,rolling
novelty_1_tuned_adaptive_burst,hybrid,428,639.0,400.906239107703,482.97191065794914,482.97191065794914,482.97191065794914,482.97191065794914,True,False,60,False,2,600,0.7954488871184584,170.59606627584236,False,0.0912,0.0336,rolling
novelty_1_tuned_adaptive_burst,hybrid,429,649.0,407.18020216103173,490.8555287987724,490.8555287987724,490.8555287987724,490.8555287987724,True,False,60,False,2,600,0.8078972265099836,174.91631232802226,False,0.072,0.0,rolling
novelty_1_tuned_adaptive_burst,hybrid,430,625.0,392.1226908330429,491.6555611632407,491.6555611632407,491.6555611632407,491.6555611632407,True,False,60,False,2,600,0.7780212119703233,164.77090475280613,False,0.072,0.0,rolling
novelty_1_tuned_adaptive_burst,hybrid,431,470.0,294.87626350644825,483.99324035526206,483.99324035526206,483.99324035526206,483.99324035526206,True,False,60,False,2,600,0.585071951401683,116.0495908624408,False,0.072,0.0,rolling
novelty_1_tuned_adaptive_burst,hybrid,432,434.0,272.289996514465,440.6196374375859,440.6196374375859,440.6196374375859,440.6196374375859,True,False,60,False,2,600,0.5402579295921924,108.38415402786359,False,0.072,0.0,rolling
novelty_1_tuned_adaptive_burst,hybrid,433,678.0,425.3746950156849,421.0397725070511,421.0397725070511,421.0397725070511,421.0397725070511,True,False,60,False,2,600,0.8439974107454066,188.2170891366551,False,0.072,0.0,rolling
novelty_1_tuned_adaptive_burst,hybrid,434,619.0,388.35831300104564,476.0841666392057,476.0841666392057,476.0841666392057,476.0841666392057,True,False,60,False,2,600,0.770552208335408,162.35286515580015,False,0.072,0.0,rolling
novelty_1_tuned_adaptive_burst,hybrid,435,816.0,511.95538515162076,466.490232470092,466.490232470092,466.490232470092,466.490232470092,True,False,60,False,2,600,1.015784494348454,268.65887597751873,False,0.072,0.0,rolling
novelty_1_tuned_adaptive_burst,hybrid,436,671.0,420.98292087835483,521.934690950186,521.934690950186,521.934690950186,521.934690950186,True,False,60,False,2,600,0.8352835731713389,184.89971948703038,False,0.072,0.0,rolling
novelty_1_tuned_adaptive_burst,hybrid,437,544.0,341.30359010108054,494.9236283483915,494.9236283483915,494.9236283483915,494.9236283483915,True,False,60,False,2,600,0.6771896628989693,135.89892621556112,False,0.072,0.0,rolling
novelty_1_tuned_adaptive_burst,hybrid,438,500.0,313.6981526664343,462.97671285090564,462.97671285090564,462.97671285090564,462.97671285090564,True,False,60,False,2,600,0.6224169695762585,123.40270323343671,False,0.072,0.0,rolling
novelty_1_tuned_adaptive_burst,hybrid,439,304.0,190.72847682119206,445.2655809532812,445.2655809532812,445.2655809532812,445.2655809532812,True,False,60,False,2,600,0.3784295175023652,89.75500546795577,False,0.072,0.0,rolling
novelty_1_tuned_adaptive_burst,hybrid,440,770.0,483.0951551063088,387.66279313736504,387.66279313736504,387.66279313736504,387.66279313736504,True,False,60,False,2,600,0.9585221331474382,238.51813052216454,False,0.072,0.0,rolling
novelty_1_tuned_adaptive_burst,hybrid,441,751.0,471.1746253049843,493.5363356224675,493.5363356224675,493.5363356224675,493.5363356224675,True,False,60,False,2,600,0.9348702883035404,227.07084150238015,False,0.072,0.0,rolling
novelty_1_tuned_adaptive_burst,hybrid,442,620.0,388.9857093063785,502.10051109584674,502.10051109584674,502.10051109584674,502.10051109584674,True,False,60,False,2,600,0.7717970422745606,162.75263564974804,False,0.072,0.0,rolling
novelty_1_tuned_adaptive_burst,hybrid,443,710.0,445.4513767863367,476.85886384270407,476.85886384270407,476.85886384270407,476.85886384270407,True,False,60,False,2,600,0.8838320967982871,204.27443933586056,False,0.072,0.0,rolling
novelty_1_tuned_adaptive_burst,hybrid,444,788.0,494.38828860230046,501.13765456472674,501.13765456472674,501.13765456472674,501.13765456472674,True,False,60,False,2,600,0.9809291440521835,249.89688597910003,False,0.072,0.0,rolling
novelty_1_tuned_adaptive_burst,hybrid,445,448.0,281.07354478912515,527.5789168732244,527.5789168732244,527.5789168732244,527.5789168732244,True,False,60,False,2,600,0.5576856047403277,111.22056860075304,False,0.072,0.0,rolling
novelty_1_tuned_adaptive_burst,hybrid,446,671.0,420.98292087835483,443.85752880838754,443.85752880838754,443.85752880838754,443.85752880838754,True,False,60,False,2,800,0.6264626798785042,124.25456915859095,False,0.1104,0.0336,rolling
novelty_1_tuned_adaptive_burst,hybrid,447,560.0,351.3419309864064,490.03639873216616,490.03639873216616,490.03639873216616,490.03639873216616,True,False,60,False,2,600,0.6971070059254095,140.97767304834576,False,0.0912,0.0336,rolling
novelty_1_tuned_adaptive_burst,hybrid,448,642.0,402.78842802370167,462.7211697016169,462.7211697016169,462.7211697016169,462.7211697016169,True,False,60,False,2,600,0.799183388935916,171.87806719899993,False,0.072,0.0,rolling
novelty_1_tuned_adaptive_burst,hybrid,449,699.0,438.55001742767513,480.6308647192004,480.6308647192004,480.6308647192004,480.6308647192004,True,False,60,False,2,600,0.8701389234676093,198.5873307007178,False,0.072,0.0,rolling
novelty_1_tuned_adaptive_burst,hybrid,450,518.0,324.9912861624259,498.046235103639,498.046235103639,498.046235103639,498.046235103639,True,False,60,False,2,600,0.6448239804810039,128.26096988934154,False,0.072,0.0,rolling
novelty_1_tuned_adaptive_burst,hybrid,451,716.0,449.2157546183339,453.05014632122493,453.05014632122493,453.05014632122493,453.05014632122493,True,False,60,False,2,600,0.8913011004332022,207.4517588787997,False,0.072,0.0,rolling
novelty_1_tuned_adaptive_burst,hybrid,452,841.0,527.6402927849425,498.85349232389717,498.85349232389717,498.85349232389717,498.85349232389717,True,False,60,False,2,600,1.046905342827267,286.5355206215222,False,0.072,0.0,rolling
novelty_1_tuned_adaptive_burst,hybrid,453,751.0,471.1746253049843,539.3765524725209,539.3765524725209,539.3765524725209,539.3765524725209,True,False,60,False,2,600,0.9348702883035404,227.07084150238015,False,0.072,0.0,rolling
novelty_1_tuned_adaptive_burst,hybrid,454,680.0,426.6294876263507,526.0225866046694,526.0225866046694,526.0225866046694,526.0225866046694,True,False,60,False,2,800,0.6348653089677837,126.05929589294891,False,0.1104,0.0336,rolling
novelty_1_tuned_adaptive_burst,hybrid,455,659.0,413.4541652143604,510.3768964802616,510.3768964802616,510.3768964802616,510.3768964802616,True,False,60,False,2,800,0.6152591744261315,121.92246398430473,False,0.09599999999999999,0.0,rolling
novelty_1_tuned_adaptive_burst,hybrid,456,451.0,282.95573370512375,504.18904832473845,504.18904832473845,504.18904832473845,504.18904832473845,True,False,60,False,2,600,0.5614201065577852,111.8519768913064,False,0.0912,0.0336,rolling
novelty_1_tuned_adaptive_burst,hybrid,457,464.0,291.11188567445106,446.3980289326428,446.3980289326428,446.3980289326428,446.3980289326428,True,False,60,False,2,600,0.577602947766768,114.68651820352434,False,0.072,0.0,rolling
novelty_1_tuned_adaptive_burst,hybrid,458,429.0,269.15301498780065,436.173220355955,436.173220355955,436.173220355955,436.173220355955,True,False,60,False,2,600,0.5340337598964299,107.41439354065388,False,0.072,0.0,rolling
novelty_1_tuned_adaptive_burst,hybrid,459,482.0,302.40501917044264,416.97335875711633,416.97335875711633,416.97335875711633,416.97335875711633,True,False,60,False,2,600,0.6000099586715132,118.88193599787509,False,0.072,0.0,rolling
novelty_1_tuned_adaptive_burst,hybrid,460,697.0,437.2952248170094,421.0075014845229,421.0075014845229,421.0075014845229,421.0075014845229,True,False,60,False,2,600,0.8676492555893044,197.57232341621972,False,0.072,0.0,rolling
novelty_1_tuned_adaptive_burst,hybrid,461,809.0,507.5636110142907,474.4428239008562,474.4428239008562,474.4428239008562,474.4428239008562,True,False,60,False,2,600,1.0070706567743863,263.845215147781,False,0.072,0.0,rolling
novelty_1_tuned_adaptive_burst,hybrid,462,885.0,555.2457302195887,514.3695444525815,514.3695444525815,514.3695444525815,514.3695444525815,True,False,60,False,2,600,1.1016780361499776,320.67810225925996,False,0.072,0.0,rolling
novelty_1_tuned_adaptive_burst,hybrid,463,648.0,406.55280585569886,549.4247374079982,549.4247374079982,549.4247374079982,549.4247374079982,True,False,60,False,2,600,0.8066523925708311,174.47823773319516,False,0.072,0.0,rolling
novelty_1_tuned_adaptive_burst,hybrid,464,552.0,346.32276054374347,499.0833149865739,499.0833149865739,499.0833149865739,499.0833149865739,True,False,60,False,2,800,0.5153612508091421,104.63813268389458,False,0.1104,0.0336,rolling
novelty_1_tuned_adaptive_burst,hybrid,465,458.0,287.3475078424538,471.63827938033273,471.63827938033273,471.63827938033273,471.63827938033273,True,False,60,False,2,600,0.5701339441318528,113.35824548483879,False,0.0912,0.0336,rolling
novelty_1_tuned_adaptive_burst,hybrid,466,678.0,425.3746950156849,439.63178290543283,439.63178290543283,439.63178290543283,439.63178290543283,True,False,60,False,2,600,0.8439974107454066,188.2170891366551,False,0.072,0.0,rolling
novelty_1_tuned_adaptive_burst,hybrid,467,555.0,348.20494945974207,487.3165776872056,487.3165776872056,487.3165776872056,487.3165776872056,True,False,60,False,2,600,0.690882836229647,139.3588824258483,False,0.072,0.0,rolling
novelty_1_tuned_adaptive_burst,hybrid,468,719.0,451.09794353433256,458.3619084636648,458.3619084636648,458.3619084636648,458.3619084636648,True,False,60,False,2,600,0.8950356022506598,209.06052799073143,False,0.072,0.0,rolling
novelty_1_tuned_adaptive_burst,hybrid,469,500.0,313.6981526664343,499.1525531878938,499.1525531878938,499.1525531878938,499.1525531878938,True,False,60,False,2,600,0.6224169695762585,123.40270323343671,False,0.072,0.0,rolling
novelty_1_tuned_adaptive_burst,hybrid,470,618.0,387.7309166957128,446.86557343365985,446.86557343365985,446.86557343365985,446.86557343365985,True,False,60,False,2,600,0.7693073743962555,161.95438424297072,False,0.072,0.0,rolling
novelty_1_tuned_adaptive_burst,hybrid,471,742.0,465.5280585569885,470.23041989826015,470.23041989826015,470.23041989826015,470.23041989826015,True,False,60,False,2,600,0.9236667828511677,221.8464536002902,False,0.072,0.0,rolling
novelty_1_tuned_adaptive_burst,hybrid,472,693.0,434.78563959567794,504.0378561759085,504.0378561759085,504.0378561759085,504.0378561759085,True,False,60,False,2,600,0.8626699198326944,195.55971715065795,False,0.072,0.0,rolling
novelty_1_tuned_adaptive_burst,hybrid,473,625.0,392.1226908330429,497.8855543108716,497.8855543108716,497.8855543108716,497.8855543108716,True,False,60,False,2,600,0.7780212119703233,164.77090475280613,False,0.072,0.0,rolling
novelty_1_tuned_adaptive_burst,hybrid,474,486.0,304.91460439177416,483.195688524615,483.195688524615,483.195688524615,483.195688524615,True,False,60,False,2,600,0.6049892944281233,119.8580065436917,False,0.072,0.0,rolling
novelty_1_tuned_adaptive_burst,hybrid,475,622.0,390.2405019170443,445.4300668367646,445.4300668367646,445.4300668367646,445.4300668367646,True,False,60,False,2,600,0.7742867101528657,163.5560537143183,False,0.072,0.0,rolling
novelty_1_tuned_adaptive_burst,hybrid,476,551.0,345.6953642384106,472.82286673564477,472.82286673564477,472.82286673564477,472.82286673564477,True,False,60,False,2,600,0.6859035004730369,138.08467489208334,False,0.072,0.0,rolling
novelty_1_tuned_adaptive_burst,hybrid,477,593.0,372.0460090623911,454.13772794613124,454.13772794613124,454.13772794613124,454.13772794613124,True,False,60,False,2,600,0.7381865259174426,152.40538154620424,False,0.072,0.0,rolling
novelty_1_tuned_adaptive_burst,hybrid,478,648.0,406.55280585569886,462.0633706647991,462.0633706647991,462.0633706647991,462.0633706647991,True,False,60,False,2,600,0.8066523925708311,174.47823773319516,False,0.072,0.0,rolling
novelty_1_tuned_adaptive_burst,hybrid,479,454.0,284.83792262112235,476.290195443481,476.290195443481,476.290195443481,476.290195443481,True,False,60,False,2,600,0.5651546083752428,112.49184141733618,False,0.072,0.0,rolling
novelty_1_tuned_adaptive_burst,hybrid,480,484.0,303.65981178110843,428.4132917462548,428.4132917462548,428.4132917462548,428.4132917462548,True,False,60,False,2,600,0.6024996265498184,119.36795460758037,False,0.072,0.0,rolling
novelty_1_tuned_adaptive_burst,hybrid,481,603.0,378.3199721157198,427.6311770241455,427.6311770241455,427.6311770241455,427.6311770241455,True,False,60,False,2,600,0.7506348653089678,156.1305036205123,False,0.072,0.0,rolling
novelty_1_tuned_adaptive_burst,hybrid,482,759.0,476.1937957476473,453.5595709029708,453.5595709029708,453.5595709029708,453.5595709029708,True,False,60,False,2,600,0.9448289598167605,231.82108612159112,False,0.072,0.0,rolling
novelty_1_tuned_adaptive_burst,hybrid,483,789.0,495.01568490763333,498.7661438173973,498.7661438173973,498.7661438173973,498.7661438173973,True,False,60,False,2,600,0.982173977991336,250.54452271400322,False,0.072,0.0,rolling
novelty_1_tuned_adaptive_burst,hybrid,484,883.0,553.990937608923,518.7100933140377,518.7100933140377,518.7100933140377,518.7100933140377,True,False,60,False,2,600,1.0991883682716725,319.0500710276333,False,0.072,0.0,rolling
novelty_1_tuned_adaptive_burst,hybrid,485,899.0,564.0292784942488,556.478219618562,556.478219618562,556.478219618562,556.478219618562,True,False,60,False,2,600,1.1191057112981129,332.28175385771317,False,0.072,0.0,rolling
novelty_1_tuned_adaptive_burst,hybrid,486,855.0,536.4238410596026,574.8231640317817,574.8231640317817,574.8231640317817,574.8231640317817,True,True,60,False,2,800,0.7982497634815515,171.55644065178558,False,0.1104,0.0336,rolling
novelty_1_tuned_adaptive_burst,hybrid,487,799.0,501.28964796096204,574.024865632703,574.024865632703,574.024865632703,574.024865632703,True,False,60,False,2,950,0.6281825162418071,124.62004866009516,False,0.13319999999999999,0.041999999999999996,rolling
novelty_1_tuned_adaptive_burst,hybrid,488,957.0,600.4182642035553,564.307386429582,564.307386429582,564.307386429582,564.307386429582,True,False,60,False,2,800,0.8934795598267191,208.3885724119623,False,0.11879999999999999,0.041999999999999996,rolling
novelty_1_tuned_adaptive_burst,hybrid,489,887.0,556.5005228302545,610.2308817840403,610.2308817840403,610.2308817840403,610.2308817840403,True,False,60,False,2,800,0.828125778021212,182.22601138924912,False,0.09599999999999999,0.0,rolling
novelty_1_tuned_adaptive_burst,hybrid,490,646.0,405.29801324503313,600.3905318667858,600.3905318667858,600.3905318667858,600.3905318667858,True,False,60,False,2,800,0.6031220435193946,119.49008881621708,False,0.09599999999999999,0.0,rolling
novelty_1_tuned_adaptive_burst,hybrid,491,773.0,484.9773440223074,536.751641949787,536.751641949787,536.751641949787,536.751641949787,True,False,60,False,2,800,0.7216924762236717,147.65953960497853,False,0.09599999999999999,0.0,rolling
novelty_1_tuned_adaptive_burst,hybrid,492,630.0,395.2596723597072,559.6659223244765,559.6659223244765,559.6659223244765,559.6659223244765,True,False,60,False,2,800,0.5881840362495643,116.62791560701262,False,0.09599999999999999,0.0,rolling
novelty_1_tuned_adaptive_burst,hybrid,493,692.0,434.15824329034507,517.3872463017597,517.3872463017597,517.3872463017597,517.3872463017597,True,False,60,False,2,800,0.6460688144201564,128.54101350558759,False,0.09599999999999999,0.0,rolling
novelty_1_tuned_adaptive_burst,hybrid,494,772.0,484.34994771697455,523.7796301246949,523.7796301246949,523.7796301246949,523.7796301246949,True,False,60,False,2,600,0.9610118010257431,239.75654783962153,False,0.0912,0.0336,rolling
novelty_1_tuned_adaptive_burst,hybrid,495,686.0,430.3938654583479,541.0617500855151,541.0617500855151,541.0617500855151,541.0617500855151,True,False,60,False,2,600,0.8539560822586267,192.093160257263,False,0.072,0.0,rolling
novelty_1_tuned_adaptive_burst,hybrid,496,552.0,346.32276054374347,518.5387679004066,518.5387679004066,518.5387679004066,518.5387679004066,True,False,60,False,2,800,0.5153612508091421,104.63813268389458,False,0.1104,0.0336,rolling
novelty_1_tuned_adaptive_burst,hybrid,497,581.0,364.5172533983967,478.8194729584093,478.8194729584093,478.8194729584093,478.8194729584093,True,False,60,False,2,600,0.7232485186476125,148.09812644393458,False,0.0912,0.0336,rolling
novelty_1_tuned_adaptive_burst,hybrid,498,754.0,473.0568142209829,476.2233173617192,476.2233173617192,476.2233173617192,476.2233173617192,True,False,60,False,2,600,0.9386047901209978,228.84039158816978,False,0.072,0.0,rolling
novelty_1_tuned_adaptive_burst,hybrid,499,790.0,495.6430812129662,516.4387672336616,516.4387672336616,516.4387672336616,516.4387672336616,True,False,60,False,2,600,0.9834188119304885,251.19380319608325,False,0.072,0.0,rolling
novelty_1_tuned_adaptive_burst,hybrid,500,816.0,511.95538515162076,531.6899320662355,531.6899320662355,531.6899320662355,531.6899320662355,True,False,60,False,2,600,1.015784494348454,268.65887597751873,False,0.072,0.0,rolling
novelty_1_tuned_adaptive_burst,hybrid,501,696.0,436.66782851167653,546.2558193271375,546.2558193271375,546.2558193271375,546.2558193271375,True,False,60,False,2,800,0.6498033162376139,129.3876401765024,False,0.1104,0.0336,rolling
novelty_1_tuned_adaptive_burst,hybrid,502,862.0,540.8156151969328,519.828717735988,519.828717735988,519.828717735988,519.828717735988,True,False,60,False,2,800,0.8047851416621024,173.82365643556653,False,0.09599999999999999,0.0,rolling
novelty_1_tuned_adaptive_burst,hybrid,503,579.0,363.2624607877309,564.7609147103667,564.7609147103667,564.7609147103667,564.7609147103667,True,False,60,False,2,600,0.7207588507693073,147.39729361984035,False,0.0912,0.0336,rolling
novelty_1_tuned_adaptive_burst,hybrid,504,563.0,353.22411990240505,494.8725967836622,494.8725967836622,494.8725967836622,494.8725967836622,True,False,60,False,2,800,0.5256311308071504,106.14061140220865,False,0.1104,0.0336,rolling
novelty_1_tuned_adaptive_burst,hybrid,505,756.0,474.31160683164865,480.36335239215305,480.36335239215305,480.36335239215305,480.36335239215305,True,False,60,False,2,600,0.9410944579993029,230.02794232632377,False,0.0912,0.0336,rolling
novelty_1_tuned_adaptive_burst,hybrid,506,648.0,406.55280585569886,523.7766197681158,523.7766197681158,523.7766197681158,523.7766197681158,True,False,60,False,2,600,0.8066523925708311,174.47823773319516,False,0.072,0.0,rolling
novelty_1_tuned_adaptive_burst,hybrid,507,725.0,454.86232136632975,498.7199769888998,498.7199769888998,498.7199769888998,498.7199769888998,True,False,60,False,2,600,0.9025046058855749,212.31856614503602,False,0.072,0.0,rolling
novelty_1_tuned_adaptive_burst,hybrid,508,641.0,402.1610317183688,517.2602333369732,517.2602333369732,517.2602333369732,517.2602333369732,True,False,60,False,2,600,0.7979385549967635,171.44939883801754,False,0.072,0.0,rolling
novelty_1_tuned_adaptive_burst,hybrid,509,502.0,314.9529452771,496.26184022064945,496.26184022064945,496.26184022064945,496.26184022064945,True,False,60,False,2,600,0.6249066374545635,123.92562177976616,False,0.072,0.0,rolling
novelty_1_tuned_adaptive_burst,hybrid,510,677.0,424.747298710352,455.93830650609016,455.93830650609016,455.93830650609016,455.93830650609016,True,False,60,False,2,600,0.842752576806254,187.73895836062465,False,0.072,0.0,rolling
novelty_1_tuned_adaptive_burst,hybrid,511,657.0,412.19937260369466,492.10039553422484,492.10039553422484,492.10039553422484,492.10039553422484,True,False,60,False,2,600,0.8178558980232037,178.46975900273912,False,0.072,0.0,rolling
novelty_1_tuned_adaptive_burst,hybrid,512,718.0,450.47054722899964,488.75572079484846,488.75572079484846,488.75572079484846,488.75572079484846,True,False,60,False,2,600,0.8937907683115072,208.5227764837665,False,0.072,0.0,rolling
novelty_1_tuned_adaptive_burst,hybrid,513,584.0,366.3994423143953,505.8111488638342,505.8111488638342,505.8111488638342,505.8111488638342,True,False,60,False,2,600,0.72698302046507,149.15845899780857,False,0.072,0.0,rolling
novelty_1_tuned_adaptive_burst,hybrid,514,468.0,293.6214708957825,474.2477527945289,474.2477527945289,474.2477527945289,474.2477527945289,True,False,60,False,2,600,0.582582283523378,115.59133887171292,False,0.072,0.0,rolling
novelty_1_tuned_adaptive_burst,hybrid,515,590.0,370.1638201463925,439.70819779683734,439.70819779683734,439.70819779683734,439.70819779683734,True,False,60,False,2,600,0.7344520240999851,151.31203029904,False,0.072,0.0,rolling
novelty_1_tuned_adaptive_burst,hybrid,516,761.0,477.44858835831303,461.4353139509831,461.4353139509831,461.4353139509831,461.4353139509831,True,False,60,False,2,600,0.9473186276950656,233.02441808264078,False,0.072,0.0,rolling
novelty_1_tuned_adaptive_burst,hybrid,517,632.0,396.51446497037296,506.99698852748315,506.99698852748315,506.99698852748315,506.99698852748315,True,False,60,False,2,600,0.7867350495443908,167.65122723639462,False,0.072,0.0,rolling
novelty_1_tuned_adaptive_burst,hybrid,518,489.0,306.79679330777276,480.99950094445376,480.99950094445376,480.99950094445376,480.99950094445376,True,False,60,False,2,600,0.6087237962455808,120.6006833931408,False,0.072,0.0,rolling
novelty_1_tuned_adaptive_burst,hybrid,519,472.0,296.131056117114,443.37428228745375,443.37428228745375,443.37428228745375,443.37428228745375,True,False,60,False,2,600,0.5875616192799881,116.51175951310847,False,0.072,0.0,rolling
novelty_1_tuned_adaptive_burst,hybrid,520,471.0,295.5036598117811,431.2097685111462,431.2097685111462,431.2097685111462,431.2097685111462,True,False,60,False,2,600,0.5863167853408355,116.2801845636173,False,0.072,0.0,rolling
novelty_1_tuned_adaptive_burst,hybrid,521,483.0,303.03241547577557,423.313940364038,423.313940364038,423.313940364038,423.313940364038,True,False,60,False,2,600,0.6012547926106658,119.12444217859186,False,0.072,0.0,rolling
novelty_1_tuned_adaptive_burst,hybrid,522,629.0,394.63227605437436,420.67409847267163,420.67409847267163,420.67409847267163,420.67409847267163,True,False,60,False,2,600,0.7830005477269333,166.40894499502005,False,0.072,0.0,rolling
novelty_1_tuned_adaptive_burst,hybrid,523,614.0,385.2213314743813,455.52911475700284,455.52911475700284,455.52911475700284,455.52911475700284,True,False,60,False,2,600,0.7643280386396455,160.3733147362426,False,0.072,0.0,rolling
novelty_1_tuned_adaptive_burst,hybrid,524,792.0,496.8978738236319,457.4739255213808,457.4739255213808,457.4739255213808,457.4739255213808,True,False,60,False,2,600,0.9859084798087935,252.49730373509286,False,0.072,0.0,rolling
novelty_1_tuned_adaptive_burst,hybrid,525,716.0,449.2157546183339,510.3536806103234,510.3536806103234,510.3536806103234,510.3536806103234,True,False,60,False,2,600,0.8913011004332022,207.4517588787997,False,0.072,0.0,rolling
novelty_1_tuned_adaptive_burst,hybrid,526,672.0,421.6103171836877,502.4891360887855,502.4891360887855,502.4891360887855,502.4891360887855,True,False,60,False,2,600,0.8365284071104915,185.3694190275415,False,0.072,0.0,rolling
novelty_1_tuned_adaptive_burst,hybrid,527,626.0,392.75008713837576,495.95073793033635,495.95073793033635,495.95073793033635,495.95073793033635,True,False,60,False,2,600,0.7792660459094757,165.17845648338968,False,0.072,0.0,rolling
novelty_1_tuned_adaptive_burst,hybrid,528,546.0,342.5583827117463,485.31213777970834,485.31213777970834,485.31213777970834,485.31213777970834,True,False,60,False,2,600,0.6796793307772744,136.51772793054414,False,0.072,0.0,rolling
novelty_1_tuned_adaptive_burst,hybrid,529,645.0,404.67061693970027,462.80887945090626,462.80887945090626,462.80887945090626,462.80887945090626,True,False,60,False,2,600,0.8029178907533735,173.17210560148305,False,0.072,0.0,rolling
novelty_1_tuned_adaptive_burst,hybrid,530,609.0,382.084349947717,483.6372957933463,483.6372957933463,483.6372957933463,483.6372957933463,True,False,60,False,2,600,0.7581038689438829,158.42574342842744,False,0.072,0.0,rolling
novelty_1_tuned_adaptive_burst,hybrid,531,652.0,409.0623910770303,475.0580203713662,475.0580203713662,475.0580203713662,475.0580203713662,True,False,60,False,2,600,0.8116317283274411,176.23865693188932,False,0.072,0.0,rolling
novelty_1_tuned_adaptive_burst,hybrid,532,820.0,514.4649703729523,485.52204392325757,485.52204392325757,485.52204392325757,485.52204392325757,True,False,60,False,2,600,1.020763830105064,271.44689341130834,False,0.072,0.0,rolling
novelty_1_tuned_adaptive_burst,hybrid,533,803.0,503.7992331822935,532.9573403517525,532.9573403517525,532.9573403517525,532.9573403517525,True,False,60,False,2,600,0.9996016531394712,259.7849783712562,False,0.072,0.0,rolling
novelty_1_tuned_adaptive_burst,hybrid,534,739.0,463.64586964098993,538.937016329116,538.937016329116,538.937016329116,538.937016329116,True,False,60,False,2,800,0.6899492107752826,139.1185633561755,False,0.1104,0.0336,rolling
novelty_1_tuned_adaptive_burst,hybrid,535,663.0,415.9637504356919,528.2031925791771,528.2031925791771,528.2031925791771,528.2031925791771,True,False,60,False,2,800,0.6189936762435891,122.69049020427869,False,0.09599999999999999,0.0,rolling
novelty_1_tuned_adaptive_burst,hybrid,536,729.0,457.3719065876612,509.22337600484616,509.22337600484616,509.22337600484616,509.22337600484616,True,False,60,False,2,800,0.6806129562316388,136.7509507233423,False,0.09599999999999999,0.0,rolling
novelty_1_tuned_adaptive_burst,hybrid,537,474.0,297.3858487277797,524.2026695140462,524.2026695140462,524.2026695140462,524.2026695140462,True,False,60,False,2,600,0.5900512871582931,116.97786149035399,False,0.0912,0.0336,rolling
novelty_1_tuned_adaptive_burst,hybrid,538,897.0,562.7744858835831,457.0522588546296,457.0522588546296,457.0522588546296,457.0522588546296,True,False,60,False,2,600,1.1166160434198078,330.60174771535355,False,0.072,0.0,rolling
novelty_1_tuned_adaptive_burst,hybrid,539,834.0,523.2485186476124,559.0551089331457,559.0551089331457,559.0551089331457,559.0551089331457,True,False,60,False,2,600,1.0381915052531991,281.4210790583766,False,0.072,0.0,rolling
novelty_1_tuned_adaptive_burst,hybrid,540,733.0,459.8814918089927,554.7014349170045,554.7014349170045,554.7014349170045,554.7014349170045,True,False,60,False,2,800,0.6843474580490962,137.69025789914042,False,0.1104,0.0336,rolling
novelty_1_tuned_adaptive_burst,hybrid,541,767.0,481.2129661903102,534.0335789530686,534.0335789530686,534.0335789530686,534.0335789530686,True,False,60,False,2,800,0.7160907234974855,146.09622383294928,False,0.09599999999999999,0.0,rolling
novelty_1_tuned_adaptive_burst,hybrid,542,771.0,483.7225514116417,543.1223752882051,543.1223752882051,543.1223752882051,543.1223752882051,True,False,60,False,2,800,0.719825225314943,147.13572614916177,False,0.09599999999999999,0.0,rolling
novelty_1_tuned_adaptive_burst,hybrid,543,760.0,476.82119205298017,545.1694177620102,545.1694177620102,545.1694177620102,545.1694177620102,True,False,60,False,2,800,0.7095553453169348,144.30301455927878,False,0.09599999999999999,0.0,rolling
novelty_1_tuned_adaptive_burst,hybrid,544,897.0,562.7744858835831,543.1198465886787,543.1198465886787,543.1198465886787,543.1198465886787,True,False,60,False,2,800,0.8374620325648559,185.7226123174148,False,0.09599999999999999,0.0,rolling
novelty_1_tuned_adaptive_burst,hybrid,545,833.0,522.6211223422796,582.062710361788,582.062710361788,582.062710361788,582.062710361788,True,False,60,False,2,800,0.7777100034855351,164.6692203517117,False,0.09599999999999999,0.0,rolling
novelty_1_tuned_adaptive_burst,hybrid,546,833.0,522.6211223422796,572.376009044332,572.376009044332,572.376009044332,572.376009044332,True,False,60,False,2,800,0.7777100034855351,164.6692203517117,False,0.09599999999999999,0.0,rolling
novelty_1_tuned_adaptive_burst,hybrid,547,932.0,584.7333565702336,575.1199851904835,575.1199851904835,575.1199851904835,575.1199851904835,True,False,60,False,2,800,0.8701389234676095,198.58733070071784,False,0.09599999999999999,0.0,rolling
novelty_1_tuned_adaptive_burst,hybrid,548,974.0,611.084001394214,606.0111325113912,606.0111325113912,606.0111325113912,606.0111325113912,True,False,60,False,2,800,0.9093511925509138,215.3528569839749,False,0.09599999999999999,0.0,rolling
novelty_1_tuned_adaptive_burst,hybrid,549,782.0,490.62391077030327,624.6325721556905,624.6325721556905,624.6325721556905,624.6325721556905,True,False,60,False,2,800,0.7300951053129513,150.0504316411887,False,0.09599999999999999,0.0,rolling
novelty_1_tuned_adaptive_burst,hybrid,550,783.0,491.25130707563613,577.6582937751491,577.6582937751491,577.6582937751491,577.6582937751491,True,False,60,False,2,800,0.7310287307673157,150.3195111106841,False,0.09599999999999999,0.0,rolling
novelty_1_tuned_adaptive_burst,hybrid,551,882.0,553.3635413035901,572.872958708414,572.872958708414,572.872958708414,572.872958708414,True,False,60,False,2,800,0.82345765074939,180.50700042564267,False,0.09599999999999999,0.0,rolling
novelty_1_tuned_adaptive_burst,hybrid,552,904.0,567.1662600209132,596.4280356259624,596.4280356259624,596.4280356259624,596.4280356259624,True,False,60,False,2,800,0.8439974107454066,188.2170891366551,False,0.09599999999999999,0.0,rolling
novelty_1_tuned_adaptive_burst,hybrid,553,674.0,422.86510979435343,605.045072960871,605.045072960871,605.045072960871,605.045072960871,True,False,60,False,2,800,0.6292635562415974,124.85080539041186,False,0.09599999999999999,0.0,rolling
novelty_1_tuned_adaptive_burst,hybrid,554,700.0,439.17741373300805,543.8037996034559,543.8037996034559,543.8037996034559,543.8037996034559,True,False,60,False,2,800,0.6535378180550715,130.24405433060718,False,0.09599999999999999,0.0,rolling
novelty_1_tuned_adaptive_burst,hybrid,555,927.0,581.5963750435692,539.5205920141188,539.5205920141188,539.5205920141188,539.5205920141188,True,False,60,False,2,800,0.8654707961957875,196.68895725219852,False,0.09599999999999999,0.0,rolling
novelty_1_tuned_adaptive_burst,hybrid,556,600.0,376.43778319972114,595.9273531197223,595.9273531197223,595.9273531197223,595.9273531197223,True,False,60,False,2,800,0.5601752726186326,111.64057065717536,False,0.09599999999999999,0.0,rolling
novelty_1_tuned_adaptive_burst,hybrid,557,594.0,372.67340536772394,512.5288197772834,512.5288197772834,512.5288197772834,512.5288197772834,True,False,60,False,2,800,0.5545735198924463,110.7008140680866,False,0.09599999999999999,0.0,rolling
novelty_1_tuned_adaptive_burst,hybrid,558,530.0,332.52004182642037,497.9400778892327,497.9400778892327,497.9400778892327,497.9400778892327,True,False,60,False,2,600,0.6597619877508341,131.69331399427486,False,0.0912,0.0336,rolling
novelty_1_tuned_adaptive_burst,hybrid,559,613.0,384.59393516904845,470.1465152396868,470.1465152396868,470.1465152396868,470.1465152396868,True,False,60,False,2,600,0.763083204700493,159.98125047905916,False,0.072,0.0,rolling
novelty_1_tuned_adaptive_burst,hybrid,560,730.0,457.9993028929941,481.0344933293295,481.0344933293295,481.0344933293295,481.0344933293295,True,False,60,False,2,600,0.9087287755813375,215.0751152300948,False,0.072,0.0,rolling
novelty_1_tuned_adaptive_burst,hybrid,561,849.0,532.6594632276054,509.0964834543229,509.0964834543229,509.0964834543229,509.0964834543229,True,False,60,False,2,600,1.056864014340487,292.4857631797312,False,0.072,0.0,rolling
novelty_1_tuned_adaptive_burst,hybrid,562,967.0,606.6922272568839,546.2499912768003,546.2499912768003,546.2499912768003,546.2499912768003,True,False,60,False,2,600,1.203754419160484,393.9685798547522,True,0.072,0.0,rolling
novelty_1_tuned_adaptive_burst,hybrid,563,860.0,539.560822586267,590.3928727561324,590.3928727561324,590.3928727561324,590.3928727561324,True,False,60,False,2,800,0.8029178907533735,173.17210560148305,False,0.1104,0.0336,rolling
novelty_1_tuned_adaptive_burst,hybrid,564,834.0,523.2485186476124,575.7046686867075,575.7046686867075,575.7046686867075,575.7046686867075,True,False,60,False,2,800,0.7786436289398994,164.97451772775264,False,0.09599999999999999,0.0,rolling
novelty_1_tuned_adaptive_burst,hybrid,565,782.0,490.62391077030327,574.3271776818051,574.3271776818051,574.3271776818051,574.3271776818051,True,False,60,False,2,800,0.7300951053129513,150.0504316411887,False,0.09599999999999999,0.0,rolling
novelty_1_tuned_adaptive_burst,hybrid,566,673.0,422.23771348902056,561.781047022675,561.781047022675,561.781047022675,561.781047022675,True,False,60,False,2,800,0.628329930787233,124.6514687698828,False,0.09599999999999999,0.0,rolling
novelty_1_tuned_adaptive_burst,hybrid,567,361.0,226.49006622516558,530.8736678590926,530.8736678590926,530.8736678590926,530.8736678590926,True,False,60,False,2,800,0.337038789025544,86.8914746384702,False,0.09599999999999999,0.0,rolling
novelty_1_tuned_adaptive_burst,hybrid,568,682.0,427.8842802370164,441.19206276181967,441.19206276181967,441.19206276181967,441.19206276181967,True,False,60,False,2,800,0.6367325598765126,126.46689792726556,False,0.09599999999999999,0.0,rolling
novelty_1_tuned_adaptive_burst,hybrid,569,699.0,438.55001742767513,502.24756099402384,502.24756099402384,502.24756099402384,502.24756099402384,True,False,60,False,2,600,0.8701389234676093,198.5873307007178,False,0.0912,0.0336,rolling
novelty_1_tuned_adaptive_burst,hybrid,570,726.0,455.4897176716626,506.4371344523238,506.4371344523238,506.4371344523238,506.4371344523238,True,False,60,False,2,600,0.9037494398247274,212.86684680058372,False,0.072,0.0,rolling
novelty_1_tuned_adaptive_burst,hybrid,571,731.0,458.62669919832695,514.8404364701146,514.8404364701146,514.8404364701146,514.8404364701146,True,False,60,False,2,600,0.90997360952049,215.63097920595146,False,0.072,0.0,rolling
novelty_1_tuned_adaptive_burst,hybrid,572,657.0,412.19937260369466,518.5402369544172,518.5402369544172,518.5402369544172,518.5402369544172,True,False,60,False,2,600,0.8178558980232037,178.46975900273912,False,0.072,0.0,rolling
novelty_1_tuned_adaptive_burst,hybrid,573,728.0,456.74451028232835,500.2656867194437,500.2656867194437,500.2656867194437,500.2656867194437,True,False,60,False,2,600,0.9062391077030324,213.96794768721566,False,0.072,0.0,rolling
novelty_1_tuned_adaptive_burst,hybrid,574,857.0,537.6786336702684,517.3497011345048,517.3497011345048,517.3497011345048,517.3497011345048,True,False,60,False,2,600,1.066822685853707,298.54920554351895,False,0.072,0.0,rolling
novelty_1_tuned_adaptive_burst,hybrid,575,437.0,274.17218543046357,555.683485481673,555.683485481673,555.683485481673,555.683485481673,True,False,60,False,2,600,0.5439924314096499,108.97684363491646,False,0.072,0.0,rolling
novelty_1_tuned_adaptive_burst,hybrid,576,648.0,406.55280585569886,451.37489492636814,451.37489492636814,451.37489492636814,451.37489492636814,True,False,60,False,2,800,0.6049892944281233,119.8580065436917,False,0.1104,0.0336,rolling
novelty_1_tuned_adaptive_burst,hybrid,577,926.0,580.9689787382364,490.9203839209131,490.9203839209131,490.9203839209131,490.9203839209131,True,False,60,False,2,600,1.152716227655231,355.70187925854094,True,0.0912,0.0336,rolling
novelty_1_tuned_adaptive_burst,hybrid,578,647.0,405.925409550366,567.9943266705786,567.9943266705786,567.9943266705786,567.9943266705786,True,False,60,False,2,600,0.8054075586316786,174.0415131360494,False,0.072,0.0,rolling
novelty_1_tuned_adaptive_burst,hybrid,579,807.0,506.30881840362497,505.3619554965235,505.3619554965235,505.3619554965235,505.3619554965235,True,False,60,False,2,800,0.753435741672061,156.985894583015,False,0.1104,0.0336,rolling
novelty_1_tuned_adaptive_burst,hybrid,580,854.0,535.7964447542698,545.4593753077115,545.4593753077115,545.4593753077115,545.4593753077115,True,False,60,False,2,600,1.0630881840362496,296.26208134666524,False,0.0912,0.0336,rolling
novelty_1_tuned_adaptive_burst,hybrid,581,661.0,414.7089578250262,564.390400022608,564.390400022608,564.390400022608,564.390400022608,True,False,60,False,2,800,0.6171264253348604,122.30531518222482,False,0.1104,0.0336,rolling
novelty_1_tuned_adaptive_burst,hybrid,582,814.0,510.70059254095503,518.0328834979978,518.0328834979978,518.0328834979978,518.0328834979978,True,False,60,False,2,800,0.7599711198526117,159.00667250880406,False,0.09599999999999999,0.0,rolling
novelty_1_tuned_adaptive_burst,hybrid,583,993.0,623.0045311955386,554.9020932451426,554.9020932451426,554.9020932451426,554.9020932451426,True,False,60,False,2,600,1.2361201015784495,419.98089420626127,True,0.0912,0.0336,rolling
novelty_1_tuned_adaptive_burst,hybrid,584,874.0,548.3443708609271,610.218695860608,610.218695860608,610.218695860608,610.218695860608,True,False,60,False,2,800,0.8159886471144749,177.7968472678431,False,0.1104,0.0336,rolling
novelty_1_tuned_adaptive_burst,hybrid,585,853.0,535.1690484489369,589.6035331782332,589.6035331782332,589.6035331782332,589.6035331782332,True,False,60,False,2,800,0.7963825125728228,170.91544106911152,False,0.09599999999999999,0.0,rolling
novelty_1_tuned_adaptive_burst,hybrid,586,657.0,412.19937260369466,588.6237945674175,588.6237945674175,588.6237945674175,588.6237945674175,True,False,60,False,2,800,0.6133919235174028,121.54192957928058,False,0.09599999999999999,0.0,rolling
novelty_1_tuned_adaptive_burst,hybrid,587,822.0,515.719762983618,535.523609128325,535.523609128325,535.523609128325,535.523609128325,True,False,60,False,2,800,0.7674401234875268,161.35907628103985,False,0.09599999999999999,0.0,rolling
novelty_1_tuned_adaptive_burst,hybrid,588,951.0,596.6538863715581,569.8198069001601,569.8198069001601,569.8198069001601,569.8198069001601,True,False,60,False,2,800,0.8878778071005329,205.98884870146753,False,0.09599999999999999,0.0,rolling
novelty_1_tuned_adaptive_burst,hybrid,589,834.0,523.2485186476124,607.9861672558236,607.9861672558236,607.9861672558236,607.9861672558236,True,False,60,False,2,800,0.7786436289398994,164.97451772775264,False,0.09599999999999999,0.0,rolling
novelty_1_tuned_adaptive_burst,hybrid,590,917.0,575.3224119902405,582.9706339060522,582.9706339060522,582.9706339060522,582.9706339060522,True,False,60,False,2,800,0.8561345416521436,192.95320634414904,False,0.09599999999999999,0.0,rolling
novelty_1_tuned_adaptive_burst,hybrid,591,933.0,585.3607528755664,606.4007449012879,606.4007449012879,606.4007449012879,606.4007449012879,True,False,60,False,2,800,0.8710725489219738,198.9694592924571,False,0.09599999999999999,0.0,rolling
novelty_1_tuned_adaptive_burst,hybrid,592,582.0,365.14464970372956,616.1201988983248,616.1201988983248,616.1201988983248,616.1201988983248,True,False,60,False,2,800,0.5433700144400737,108.87749454339621,False,0.09599999999999999,0.0,rolling
novelty_1_tuned_adaptive_burst,hybrid,593,540.0,338.794004879749,522.5988237772463,522.5988237772463,522.5988237772463,522.5988237772463,True,False,60,False,2,800,0.5041577453567694,103.06597600908084,False,0.09599999999999999,0.0,rolling
novelty_1_tuned_adaptive_burst,hybrid,594,633.0,397.1418612757058,493.54185059572046,493.54185059572046,493.54185059572046,493.54185059572046,True,False,60,False,2,600,0.7879798834835433,168.06795186789037,False,0.0912,0.0336,rolling
novelty_1_tuned_adaptive_burst,hybrid,595,688.0,431.6486580690136,502.1851141571465,502.1851141571465,502.1851141571465,502.1851141571465,True,False,60,False,2,600,0.8564457501369318,193.07642801294062,False,0.072,0.0,rolling
novelty_1_tuned_adaptive_burst,hybrid,596,840.0,527.0128964796096,510.1197879455517,510.1197879455517,510.1197879455517,510.1197879455517,True,False,60,False,2,600,1.0456605088881143,285.799646538167,False,0.072,0.0,rolling
novelty_1_tuned_adaptive_burst,hybrid,597,719.0,451.09794353433256,551.0998924714445,551.0998924714445,551.0998924714445,551.0998924714445,True,False,60,False,2,600,0.8950356022506598,209.06052799073143,False,0.072,0.0,rolling
novelty_1_tuned_adaptive_burst,hybrid,598,1045.0,655.6291390728477,525.1126160179315,525.1126160179315,525.1126160179315,525.1126160179315,True,False,60,False,2,800,0.9756385998107853,247.16271948906257,False,0.1104,0.0336,rolling
novelty_1_tuned_adaptive_burst,hybrid,599,952.0,597.2812826768909,616.8151336939027,616.8151336939027,616.8151336939027,616.8151336939027,True,False,60,False,2,800,0.8888114325548971,206.3867079302518,False,0.09599999999999999,0.0,rolling
novelty_1_tuned_adaptive_burst,hybrid,600,803.0,503.7992331822935,608.4621889209675,608.4621889209675,608.4621889209675,608.4621889209675,True,False,60,False,2,800,0.7497012398546035,155.84678775037372,False,0.09599999999999999,0.0,rolling
novelty_1_tuned_adaptive_burst,hybrid,601,751.0,471.1746253049843,575.1891029775402,575.1891029775402,575.1891029775402,575.1891029775402,True,False,60,False,2,800,0.7011527162276552,142.04551125881662,False,0.09599999999999999,0.0,rolling
novelty_1_tuned_adaptive_burst,hybrid,602,748.0,469.2924363889857,558.697719400072,558.697719400072,558.697719400072,558.697719400072,True,False,60,False,2,800,0.6983518398645621,141.304922833515,False,0.09599999999999999,0.0,rolling
novelty_1_tuned_adaptive_burst,hybrid,603,934.0,585.9881491808993,553.8455303344276,553.8455303344276,553.8455303344276,553.8455303344276,True,False,60,False,2,800,0.8720061743763383,199.35240790231927,False,0.09599999999999999,0.0,rolling
novelty_1_tuned_adaptive_burst,hybrid,604,968.0,607.3196235622169,602.9680714183905,602.9680714183905,602.9680714183905,602.9680714183905,True,False,60,False,2,800,0.9037494398247274,212.86684680058372,False,0.09599999999999999,0.0,rolling
novelty_1_tuned_adaptive_burst,hybrid,605,896.0,562.1470895782503,620.718048957312,620.718048957312,620.718048957312,620.718048957312,True,False,60,False,2,800,0.8365284071104915,185.3694190275415,False,0.09599999999999999,0.0,rolling
novelty_1_tuned_adaptive_burst,hybrid,606,902.0,565.9114674102475,608.2258398052272,608.2258398052272,608.2258398052272,608.2258398052272,True,False,60,False,2,800,0.8421301598366778,187.50042200815915,False,0.09599999999999999,0.0,rolling
novelty_1_tuned_adaptive_burst,hybrid,607,802.0,503.17183687696064,611.5962831969209,611.5962831969209,611.5962831969209,611.5962831969209,True,False,60,False,2,800,0.7487676144002391,155.56377764074176,False,0.09599999999999999,0.0,rolling
novelty_1_tuned_adaptive_burst,hybrid,608,843.0,528.8950853956082,584.9147703505564,584.9147703505564,584.9147703505564,584.9147703505564,True,False,60,False,2,800,0.7870462580291789,167.7552848756005,False,0.09599999999999999,0.0,rolling
novelty_1_tuned_adaptive_burst,hybrid,609,637.0,399.6514464970373,590.7619183898805,590.7619183898805,590.7619183898805,590.7619183898805,True,False,60,False,2,800,0.594719414430115,117.86246226596998,False,0.09599999999999999,0.0,rolling
novelty_1_tuned_adaptive_burst,hybrid,610,737.0,462.39107703032414,531.7251652796376,531.7251652796376,531.7251652796376,531.7251652796376,True,False,60,False,2,800,0.6880819598665537,138.63987286973486,False,0.09599999999999999,0.0,rolling
novelty_1_tuned_adaptive_burst,hybrid,611,1073.0,673.196235622168,546.1986707178394,546.1986707178394,546.1986707178394,546.1986707178394,True,False,60,False,2,800,1.0017801125329882,260.96297293550174,False,0.09599999999999999,0.0,rolling
novelty_1_tuned_adaptive_burst,hybrid,612,839.0,526.3855001742768,638.0906963611797,638.0906963611797,638.0906963611797,638.0906963611797,True,False,60,False,2,800,0.7833117562117214,166.5120172843558,False,0.09599999999999999,0.0,rolling
novelty_1_tuned_adaptive_burst,hybrid,613,767.0,481.2129661903102,587.2368390014303,587.2368390014303,587.2368390014303,587.2368390014303,True,False,60,False,2,800,0.7160907234974855,146.09622383294928,False,0.09599999999999999,0.0,rolling
novelty_1_tuned_adaptive_burst,hybrid,614,574.0,360.1254792610666,566.2055005427046,566.2055005427046,566.2055005427046,566.2055005427046,True,False,60,False,2,800,0.5359010108051586,107.70296374815823,False,0.09599999999999999,0.0,rolling
novelty_1_tuned_adaptive_burst,hybrid,615,661.0,414.7089578250262,508.1211760883916,508.1211760883916,508.1211760883916,508.1211760883916,True,False,60,False,2,800,0.6171264253348604,122.30531518222482,False,0.09599999999999999,0.0,rolling
novelty_1_tuned_adaptive_burst,hybrid,616,607.0,380.82955733705126,516.3276489516129,516.3276489516129,516.3276489516129,516.3276489516129,True,False,60,False,2,600,0.7556142010655779,157.6556107233561,False,0.0912,0.0336,rolling
novelty_1_tuned_adaptive_burst,hybrid,617,850.0,533.2868595329384,494.7616229987293,494.7616229987293,494.7616229987293,494.7616229987293,True,False,60,False,2,600,1.0581088482796397,293.2374809858747,False,0.072,0.0,rolling
novelty_1_tuned_adaptive_burst,hybrid,618,969.0,607.9470198675497,553.9061709573575,553.9061709573575,553.9061709573575,553.9061709573575,True,False,60,False,2,600,1.206244087038789,395.92071052973654,True,0.072,0.0,rolling
novelty_1_tuned_adaptive_burst,hybrid,619,886.0,555.8731265249215,596.1151512045544,596.1151512045544,596.1151512045544,596.1151512045544,True,False,60,False,2,800,0.8271921525668475,181.88065353513716,False,0.1104,0.0336,rolling
novelty_1_tuned_adaptive_burst,hybrid,620,747.0,468.66504008365285,586.7776994159822,586.7776994159822,586.7776994159822,586.7776994159822,True,False,60,False,2,800,0.6974182144101977,141.05937603844586,False,0.09599999999999999,0.0,rolling
novelty_1_tuned_adaptive_burst,hybrid,621,938.0,588.4977344022308,553.7877796538137,553.7877796538137,553.7877796538137,553.7877796538137,True,False,60,False,2,800,0.8757406761937958,200.89242010109126,False,0.09599999999999999,0.0,rolling
novelty_1_tuned_adaptive_burst,hybrid,622,854.0,535.7964447542698,603.1866955545929,603.1866955545929,603.1866955545929,603.1866955545929,True,False,60,False,2,800,0.7973161380271873,171.2355655681244,False,0.09599999999999999,0.0,rolling
novelty_1_tuned_adaptive_burst,hybrid,623,881.0,552.7361449982573,587.2821147643804,587.2821147643804,587.2821147643804,587.2821147643804,True,False,60,False,2,800,0.8225240252950257,180.16552733048366,False,0.09599999999999999,0.0,rolling
novelty_1_tuned_adaptive_burst,hybrid,624,900.0,564.6566747995818,596.7246400389904,596.7246400389904,596.7246400389904,596.7246400389904,True,False,60,False,2,800,0.8402629089279491,186.78692596796688,False,0.09599999999999999,0.0,rolling
novelty_1_tuned_adaptive_burst,hybrid,625,729.0,457.3719065876612,605.4726880922226,605.4726880922226,605.4726880922226,605.4726880922226,True,False,60,False,2,800,0.6806129562316388,136.7509507233423,False,0.09599999999999999,0.0,rolling
novelty_1_tuned_adaptive_burst,hybrid,626,859.0,538.9334262809341,560.4844503197669,560.4844503197669,560.4844503197669,560.4844503197669,True,False,60,False,2,800,0.8019842652990091,172.8474644110089,False,0.09599999999999999,0.0,rolling
novelty_1_tuned_adaptive_burst,hybrid,627,748.0,469.2924363889857,589.359236721124,589.359236721124,589.359236721124,589.359236721124,True,False,60,False,2,800,0.6983518398645621,141.304922833515,False,0.09599999999999999,0.0,rolling
novelty_1_tuned_adaptive_burst,hybrid,628,834.0,523.2485186476124,558.7778912164872,558.7778912164872,558.7778912164872,558.7778912164872,True,False,60,False,2,800,0.7786436289398994,164.97451772775264,False,0.09599999999999999,0.0,rolling
novelty_1_tuned_adaptive_burst,hybrid,629,701.0,439.8048100383409,576.7141977862302,576.7141977862302,576.7141977862302,576.7141977862302,True,False,60,False,2,800,0.6544714435094359,130.45969375516736,False,0.09599999999999999,0.0,rolling
novelty_1_tuned_adaptive_burst,hybrid,630,638.0,400.27884280237015,540.1474686681559,540.1474686681559,540.1474686681559,540.1474686681559,True,False,60,False,2,800,0.5956530398844794,118.04105849243327,False,0.09599999999999999,0.0,rolling
novelty_1_tuned_adaptive_burst,hybrid,631,668.0,419.10073196235624,516.1381409842438,516.1381409842438,516.1381409842438,516.1381409842438,True,False,60,False,2,800,0.6236618035154111,123.66364063249779,False,0.09599999999999999,0.0,rolling
novelty_1_tuned_adaptive_burst,hybrid,632,664.0,416.5911467410248,514.6643908173673,514.6643908173673,514.6643908173673,514.6643908173673,True,False,60,False,2,600,0.8265697355972714,181.6508476364271,False,0.0912,0.0336,rolling
novelty_1_tuned_adaptive_burst,hybrid,633,750.0,470.54722899965145,508.2077298607546,508.2077298607546,508.2077298607546,508.2077298607546,True,False,60,False,2,600,0.9336254543643878,226.48412341284893,False,0.072,0.0,rolling
novelty_1_tuned_adaptive_burst,hybrid,634,663.0,415.9637504356919,527.620026302669,527.620026302669,527.620026302669,527.620026302669,True,False,60,False,2,600,0.8253249016581189,181.1922730768088,False,0.072,0.0,rolling
novelty_1_tuned_adaptive_burst,hybrid,635,699.0,438.55001742767513,505.6807883825318,505.6807883825318,505.6807883825318,505.6807883825318,True,False,60,False,2,800,0.652604192600707,130.02903013936532,False,0.1104,0.0336,rolling
novelty_1_tuned_adaptive_burst,hybrid,636,893.0,560.2649006622516,512.745131959633,512.745131959633,512.745131959633,512.745131959633,True,False,60,False,2,600,1.1116367076631977,327.2641437254814,False,0.0912,0.0336,rolling
novelty_1_tuned_adaptive_burst,hybrid,637,888.0,557.1279191355874,566.4768902090259,566.4768902090259,566.4768902090259,566.4768902090259,True,False,60,False,2,600,1.1054125379674353,323.1339824162747,False,0.072,0.0,rolling
novelty_1_tuned_adaptive_burst,hybrid,638,868.0,544.57999302893,576.4870001544905,576.4870001544905,576.4870001544905,576.4870001544905,True,False,60,False,2,800,0.8103868943882886,175.79651984403958,False,0.1104,0.0336,rolling
novelty_1_tuned_adaptive_burst,hybrid,639,1000.0,627.3963053328686,579.4530924504761,579.4530924504761,579.4530924504761,579.4530924504761,True,False,60,False,2,800,0.9336254543643877,226.48412341284887,False,0.09599999999999999,0.0,rolling
novelty_1_tuned_adaptive_burst,hybrid,640,893.0,560.2649006622516,623.3445248654671,623.3445248654671,623.3445248654671,623.3445248654671,True,False,60,False,2,800,0.8337275307473982,184.31456063418744,False,0.09599999999999999,0.0,rolling
novelty_1_tuned_adaptive_burst,hybrid,641,786.0,493.13349599163473,604.7693724639284,604.7693724639284,604.7693724639284,604.7693724639284,True,False,60,False,2,800,0.7338296071304088,151.13088212926002,False,0.09599999999999999,0.0,rolling
novelty_1_tuned_adaptive_burst,hybrid,642,716.0,449.2157546183339,577.4972999052975,577.4972999052975,577.4972999052975,577.4972999052975,True,False,60,False,2,800,0.6684758253249017,133.76871077699363,False,0.09599999999999999,0.0,rolling
novelty_1_tuned_adaptive_burst,hybrid,643,729.0,457.3719065876612,553.6094220472137,553.6094220472137,553.6094220472137,553.6094220472137,True,False,60,False,2,800,0.6806129562316388,136.7509507233423,False,0.09599999999999999,0.0,rolling
novelty_1_tuned_adaptive_burst,hybrid,644,886.0,555.8731265249215,549.0212051292797,549.0212051292797,549.0212051292797,549.0212051292797,True,False,60,False,2,800,0.8271921525668475,181.88065353513716,False,0.09599999999999999,0.0,rolling
novelty_1_tuned_adaptive_burst,hybrid,645,685.0,429.766469153015,587.6612751962343,587.6612751962343,587.6612751962343,587.6612751962343,True,False,60,False,2,800,0.6395334362396057,127.08279877374991,False,0.09599999999999999,0.0,rolling
novelty_1_tuned_adaptive_burst,hybrid,646,933.0,585.3607528755664,536.3179097738666,536.3179097738666,536.3179097738666,536.3179097738666,True,False,60,False,2,800,0.8710725489219738,198.9694592924571,False,0.09599999999999999,0.0,rolling
novelty_1_tuned_adaptive_burst,hybrid,647,695.0,436.04043220634367,597.7284133367339,597.7284133367339,597.7284133367339,597.7284133367339,True,False,60,False,2,800,0.6488696907832495,129.17506812948648,False,0.09599999999999999,0.0,rolling
novelty_1_tuned_adaptive_burst,hybrid,648,671.0,420.98292087835483,538.7783344131171,538.7783344131171,538.7783344131171,538.7783344131171,True,False,60,False,2,800,0.6264626798785042,124.25456915859095,False,0.09599999999999999,0.0,rolling
novelty_1_tuned_adaptive_burst,hybrid,649,853.0,535.1690484489369,524.9079358534036,524.9079358534036,524.9079358534036,524.9079358534036,True,False,60,False,2,800,0.7963825125728228,170.91544106911152,False,0.09599999999999999,0.0,rolling
novelty_1_tuned_adaptive_burst,hybrid,650,730.0,457.9993028929941,567.8337422092218,567.8337422092218,567.8337422092218,567.8337422092218,True,False,60,False,2,600,0.9087287755813375,215.0751152300948,False,0.0912,0.0336,rolling
novelty_1_tuned_adaptive_burst,hybrid,651,675.0,423.4925060996863,538.5319909135342,538.5319909135342,538.5319909135342,538.5319909135342,True,False,60,False,2,800,0.6301971816959617,125.05073439273602,False,0.1104,0.0336,rolling
novelty_1_tuned_adaptive_burst,hybrid,652,629.0,394.63227605437436,520.8892302345348,520.8892302345348,520.8892302345348,520.8892302345348,True,False,60,False,2,800,0.5872504107951999,116.45377366977408,False,0.09599999999999999,0.0,rolling
novelty_1_tuned_adaptive_burst,hybrid,653,629.0,394.63227605437436,503.2895537788959,503.2895537788959,503.2895537788959,503.2895537788959,True,False,60,False,2,600,0.7830005477269333,166.40894499502005,False,0.0912,0.0336,rolling
novelty_1_tuned_adaptive_burst,hybrid,654,536.0,336.28441965841756,496.54242953667654,496.54242953667654,496.54242953667654,496.54242953667654,True,False,60,False,2,600,0.6672309913857492,133.46888594472193,False,0.072,0.0,rolling
novelty_1_tuned_adaptive_burst,hybrid,655,585.0,367.02683861972815,466.08460498319437,466.08460498319437,466.08460498319437,466.08460498319437,True,False,60,False,2,600,0.7282278544042226,149.51433373381428,False,0.072,0.0,rolling
novelty_1_tuned_adaptive_burst,hybrid,656,598.0,375.1829905890554,470.221701905607,470.221701905607,470.221701905607,470.221701905607,True,False,60,False,2,600,0.7444106956132052,154.25236969343808,False,0.072,0.0,rolling
novelty_1_tuned_adaptive_burst,hybrid,657,697.0,437.2952248170094,469.038029698695,469.038029698695,469.038029698695,469.038029698695,True,False,60,False,2,600,0.8676492555893044,197.57232341621972,False,0.072,0.0,rolling
novelty_1_tuned_adaptive_burst,hybrid,658,606.0,380.2021610317184,493.94037364109136,493.94037364109136,493.94037364109136,493.94037364109136,True,False,60,False,2,600,0.7543693671264253,157.2724422842274,False,0.072,0.0,rolling
novelty_1_tuned_adaptive_burst,hybrid,659,789.0,495.01568490763333,473.79345386245996,473.79345386245996,473.79345386245996,473.79345386245996,True,False,60,False,2,600,0.982173977991336,250.54452271400322,False,0.072,0.0,rolling
novelty_1_tuned_adaptive_burst,hybrid,660,661.0,414.7089578250262,521.7801994505453,521.7801994505453,521.7801994505453,521.7801994505453,True,False,60,False,2,600,0.8228352337798138,180.27926561712547,False,0.072,0.0,rolling
novelty_1_tuned_adaptive_burst,hybrid,661,769.0,482.46775880097596,495.8664238632682,495.8664238632682,495.8664238632682,495.8664238632682,True,False,60,False,2,600,0.9572772992082856,237.90132915096814,False,0.072,0.0,rolling
novelty_1_tuned_adaptive_burst,hybrid,662,911.0,571.5580341582433,525.6939519976395,525.6939519976395,525.6939519976395,525.6939519976395,True,False,60,False,2,600,1.134043718567943,342.51969877399597,False,0.072,0.0,rolling
novelty_1_tuned_adaptive_burst,hybrid,663,761.0,477.44858835831303,571.9835548778246,571.9835548778246,571.9835548778246,571.9835548778246,True,False,60,False,2,800,0.7104889707712991,144.55717637861406,False,0.1104,0.0336,rolling
novelty_1_tuned_adaptive_burst,hybrid,664,849.0,532.6594632276054,542.8855926811175,542.8855926811175,542.8855926811175,542.8855926811175,True,False,60,False,2,800,0.7926480107553653,169.64243134144908,False,0.09599999999999999,0.0,rolling
novelty_1_tuned_adaptive_burst,hybrid,665,657.0,412.19937260369466,569.327457060931,569.327457060931,569.327457060931,569.327457060931,True,False,60,False,2,800,0.6133919235174028,121.54192957928058,False,0.09599999999999999,0.0,rolling
novelty_1_tuned_adaptive_burst,hybrid,666,744.0,466.78285116765426,521.8935333550362,521.8935333550362,521.8935333550362,521.8935333550362,True,False,60,False,2,800,0.6946173380471046,140.32667138866634,False,0.09599999999999999,0.0,rolling
novelty_1_tuned_adaptive_burst,hybrid,667,772.0,484.34994771697455,538.9680109604546,538.9680109604546,538.9680109604546,538.9680109604546,True,False,60,False,2,600,0.9610118010257431,239.75654783962153,False,0.0912,0.0336,rolling
novelty_1_tuned_adaptive_burst,hybrid,668,777.0,487.4869292436389,545.8448936126606,545.8448936126606,545.8448936126606,545.8448936126606,True,False,60,False,2,800,0.7254269780411293,148.7153262682226,False,0.1104,0.0336,rolling
novelty_1_tuned_adaptive_burst,hybrid,669,727.0,456.1171139769955,548.5234848139135,548.5234848139135,548.5234848139135,548.5234848139135,True,False,60,False,2,800,0.6787457053229099,136.285144980397,False,0.09599999999999999,0.0,rolling
novelty_1_tuned_adaptive_burst,hybrid,670,610.0,382.71174625304985,535.4463513370783,535.4463513370783,535.4463513370783,535.4463513370783,True,False,60,False,2,800,0.5695115271622766,113.24911281637188,False,0.09599999999999999,0.0,rolling
novelty_1_tuned_adaptive_burst,hybrid,671,579.0,363.2624607877309,501.6212382455974,501.6212382455974,501.6212382455974,501.6212382455974,True,False,60,False,2,800,0.5405691380769805,108.43323324587014,False,0.09599999999999999,0.0,rolling
novelty_1_tuned_adaptive_burst,hybrid,672,580.0,363.88985709306377,484.61768464118313,484.61768464118313,484.61768464118313,484.61768464118313,True,False,60,False,2,600,0.7220036847084599,147.74710586625844,False,0.0912,0.0336,rolling
novelty_1_tuned_adaptive_burst,hybrid,673,798.0,500.6622516556292,475.92336543217516,475.92336543217516,475.92336543217516,475.92336543217516,True,False,60,False,2,600,0.9933774834437087,256.447471950661,False,0.072,0.0,rolling
novelty_1_tuned_adaptive_burst,hybrid,674,1238.0,776.7166260020913,529.1624607652548,529.1624607652548,529.1624607652548,529.1624607652548,True,False,60,False,2,600,1.5,687.5,True,0.072,0.0,rolling
novelty_1_tuned_adaptive_burst,hybrid,675,901.0,565.2840711049146,665.0978816237002,665.0978816237002,665.0978816237002,665.0978816237002,True,False,60,False,2,800,0.8411965343823133,187.1432780414774,False,0.1104,0.0336,rolling
novelty_1_tuned_adaptive_burst,hybrid,676,796.0,499.4074590449634,598.9725335037547,598.9725335037547,598.9725335037547,598.9725335037547,True,False,60,False,2,800,0.7431658616740526,153.88048873492312,False,0.09599999999999999,0.0,rolling
novelty_1_tuned_adaptive_burst,hybrid,677,696.0,436.66782851167653,575.2660958574079,575.2660958574079,575.2660958574079,575.2660958574079,True,False,60,False,2,800,0.6498033162376139,129.3876401765024,False,0.09599999999999999,0.0,rolling
novelty_1_tuned_adaptive_burst,hybrid,678,669.0,419.7281282676891,545.0423325486659,545.0423325486659,545.0423325486659,545.0423325486659,True,False,60,False,2,800,0.6245954289697755,123.86002852762255,False,0.09599999999999999,0.0,rolling
novelty_1_tuned_adaptive_burst,hybrid,679,535.0,335.6570233530847,529.3225154038537,529.3225154038537,529.3225154038537,529.3225154038537,True,False,60,False,2,800,0.49948961808494746,102.43116874975584,False,0.09599999999999999,0.0,rolling
novelty_1_tuned_adaptive_burst,hybrid,680,819.0,513.8375740676194,485.12672389728687,485.12672389728687,485.12672389728687,485.12672389728687,True,False,60,False,2,800,0.7646392471244335,160.47153058860675,False,0.09599999999999999,0.0,rolling
novelty_1_tuned_adaptive_burst,hybrid,681,1021.0,640.5716277448588,548.929449460748,548.929449460748,548.929449460748,548.929449460748,True,False,60,False,2,600,1.2709754518747198,449.5591781276456,True,0.0912,0.0336,rolling
novelty_1_tuned_adaptive_burst,hybrid,682,783.0,491.25130707563613,612.7377140803146,612.7377140803146,612.7377140803146,612.7377140803146,True,False,60,False,2,800,0.7310287307673157,150.3195111106841,False,0.1104,0.0336,rolling
novelty_1_tuned_adaptive_burst,hybrid,683,823.0,516.3471592889508,561.6820183326481,561.6820183326481,561.6820183326481,561.6820183326481,True,False,60,False,2,800,0.7683737489418911,161.65636859270455,False,0.09599999999999999,0.0,rolling
novelty_1_tuned_adaptive_burst,hybrid,684,725.0,454.86232136632975,571.7078062151768,571.7078062151768,571.7078062151768,571.7078062151768,True,False,60,False,2,800,0.6768784544141812,135.82189509243707,False,0.09599999999999999,0.0,rolling
novelty_1_tuned_adaptive_burst,hybrid,685,661.0,414.7089578250262,544.0881217616411,544.0881217616411,544.0881217616411,544.0881217616411,True,False,60,False,2,800,0.6171264253348604,122.30531518222482,False,0.09599999999999999,0.0,rolling
novelty_1_tuned_adaptive_burst,hybrid,686,549.0,344.4405716277449,521.6920802927611,521.6920802927611,521.6920802927611,521.6920802927611,True,False,60,False,2,800,0.512560374446049,104.23860324313509,False,0.09599999999999999,0.0,rolling
novelty_1_tuned_adaptive_burst,hybrid,687,760.0,476.82119205298017,484.26258297910954,484.26258297910954,484.26258297910954,484.26258297910954,True,False,60,False,2,600,0.946073793755913,232.42196043680897,False,0.0912,0.0336,rolling
novelty_1_tuned_adaptive_burst,hybrid,688,916.0,574.6950156849076,529.6817352337275,529.6817352337275,529.6817352337275,529.6817352337275,True,False,60,False,2,600,1.1402678882637056,346.86596387871026,False,0.072,0.0,rolling
novelty_1_tuned_adaptive_burst,hybrid,689,666.0,417.8459393516905,576.7196164280726,576.7196164280726,576.7196164280726,576.7196164280726,True,False,60,False,2,800,0.6217945526066823,123.27262528844341,False,0.1104,0.0336,rolling
novelty_1_tuned_adaptive_burst,hybrid,690,655.0,410.9445799930289,519.1166600321881,519.1166600321881,519.1166600321881,519.1166600321881,True,False,60,False,2,800,0.611524672608674,121.16370493591438,False,0.09599999999999999,0.0,rolling
novelty_1_tuned_adaptive_burst,hybrid,691,690.0,432.90345067967934,510.4357549720967,510.4357549720967,510.4357549720967,510.4357549720967,True,False,60,False,2,600,0.8589354180152368,194.0654290921045,False,0.0912,0.0336,rolling
novelty_1_tuned_adaptive_burst,hybrid,692,585.0,367.02683861972815,514.0428364737622,514.0428364737622,514.0428364737622,514.0428364737622,True,False,60,False,2,600,0.7282278544042226,149.51433373381428,False,0.072,0.0,rolling
novelty_1_tuned_adaptive_burst,hybrid,693,558.0,350.08713837574066,483.82401014980996,483.82401014980996,483.82401014980996,483.82401014980996,True,False,60,False,2,600,0.6946173380471045,140.3266713886663,False,0.072,0.0,rolling
novelty_1_tuned_adaptive_burst,hybrid,694,444.0,278.5639595677937,469.2420355433492,469.2420355433492,469.2420355433492,469.2420355433492,True,False,60,False,2,600,0.5527062689837177,110.39174780203433,False,0.072,0.0,rolling
novelty_1_tuned_adaptive_burst,hybrid,695,506.0,317.46253049843153,432.44100435200835,432.44100435200835,432.44100435200835,432.44100435200835,True,False,60,False,2,600,0.6298859732111737,124.98402551750848,False,0.072,0.0,rolling
novelty_1_tuned_adaptive_burst,hybrid,696,462.0,289.85709306378527,437.0701380365658,437.0701380365658,437.0701380365658,437.0701380365658,True,False,60,False,2,600,0.5751132798884628,114.23991619278752,False,0.072,0.0,rolling
novelty_1_tuned_adaptive_burst,hybrid,697,671.0,420.98292087835483,420.6034153001938,420.6034153001938,420.6034153001938,420.6034153001938,True,False,60,False,2,600,0.8352835731713389,184.89971948703038,False,0.072,0.0,rolling
novelty_1_tuned_adaptive_burst,hybrid,698,648.0,406.55280585569886,469.32360416521715,469.32360416521715,469.32360416521715,469.32360416521715,True,False,60,False,2,600,0.8066523925708311,174.47823773319516,False,0.072,0.0,rolling
novelty_1_tuned_adaptive_burst,hybrid,699,780.0,489.36911815963754,469.6926979646705,469.6926979646705,469.6926979646705,469.6926979646705,True,False,60,False,2,600,0.9709704725389634,244.77471699867093,False,0.072,0.0,rolling
novelty_1_tuned_adaptive_burst,hybrid,700,817.0,512.5827814569536,510.78529349521204,510.78529349521204,510.78529349521204,510.78529349521204,True,False,60,False,2,600,1.0170293282876064,269.3533251320214,False,0.072,0.0,rolling
novelty_1_tuned_adaptive_burst,hybrid,701,684.0,429.13907284768214,532.5550603813708,532.5550603813708,532.5550603813708,532.5550603813708,True,False,60,False,2,600,0.8514664143803217,191.1156091584337,False,0.072,0.0,rolling
novelty_1_tuned_adaptive_burst,hybrid,702,497.0,311.8159637504357,506.7508617735739,506.7508617735739,506.7508617735739,506.7508617735739,True,False,60,False,2,800,0.46401185081910074,97.98289972952195,False,0.1104,0.0336,rolling
novelty_1_tuned_adaptive_burst,hybrid,703,491.0,308.0515859184385,457.6422164955802,457.6422164955802,457.6422164955802,457.6422164955802,True,False,60,False,2,600,0.6112134641238859,121.10089156180878,False,0.0912,0.0336,rolling
novelty_1_tuned_adaptive_burst,hybrid,704,515.0,323.1090972464273,445.74165078413034,445.74165078413034,445.74165078413034,445.74165078413034,True,False,60,False,2,600,0.6410894786635463,127.42730569616359,False,0.072,0.0,rolling
novelty_1_tuned_adaptive_burst,hybrid,705,666.0,417.8459393516905,443.63042750805835,443.63042750805835,443.63042750805835,443.63042750805835,True,False,60,False,2,600,0.8290594034755764,182.57214883186586,False,0.072,0.0,rolling
novelty_1_tuned_adaptive_burst,hybrid,706,691.0,433.5308469850122,478.6096631462706,478.6096631462706,478.6096631462706,478.6096631462706,True,False,60,False,2,600,0.8601802519543893,194.5620848363182,False,0.072,0.0,rolling
novelty_1_tuned_adaptive_burst,hybrid,707,722.0,452.98013245033115,490.2058938489972,490.2058938489972,490.2058938489972,490.2058938489972,True,False,60,False,2,600,0.8987701040681174,210.6827783295091,False,0.072,0.0,rolling
novelty_1_tuned_adaptive_burst,hybrid,708,799.0,501.28964796096204,503.5779941048813,503.5779941048813,503.5779941048813,503.5779941048813,True,False,60,False,2,600,0.9946223173828612,257.1116399071717,False,0.072,0.0,rolling
novelty_1_tuned_adaptive_burst,hybrid,709,738.0,463.018473335657,530.6225559546883,530.6225559546883,530.6225559546883,530.6225559546883,True,False,60,False,2,600,0.9186874470945575,219.5647852968437,False,0.072,0.0,rolling
novelty_1_tuned_adaptive_burst,hybrid,710,935.0,586.6155454862321,522.198687180749,522.198687180749,522.198687180749,522.198687180749,True,False,60,False,2,800,0.8729397998307026,199.736177409209,False,0.1104,0.0336,rolling
novelty_1_tuned_adaptive_burst,hybrid,711,769.0,482.46775880097596,580.7239927496248,580.7239927496248,580.7239927496248,580.7239927496248,True,False,60,False,2,600,0.9572772992082856,237.90132915096814,False,0.0912,0.0336,rolling
novelty_1_tuned_adaptive_burst,hybrid,712,904.0,567.1662600209132,547.8298745752304,547.8298745752304,547.8298745752304,547.8298745752304,True,False,60,False,2,800,0.8439974107454066,188.2170891366551,False,0.1104,0.0336,rolling
novelty_1_tuned_adaptive_burst,hybrid,713,638.0,400.27884280237015,587.7343907368281,587.7343907368281,587.7343907368281,587.7343907368281,True,False,60,False,2,800,0.5956530398844794,118.04105849243327,False,0.09599999999999999,0.0,rolling
novelty_1_tuned_adaptive_burst,hybrid,714,824.0,516.9745555942837,522.3286864192619,522.3286864192619,522.3286864192619,522.3286864192619,True,False,60,False,2,800,0.7693073743962555,161.95438424297072,False,0.09599999999999999,0.0,rolling
novelty_1_tuned_adaptive_burst,hybrid,715,763.0,478.70338096897876,564.7913795189475,564.7913795189475,564.7913795189475,564.7913795189475,True,False,60,False,2,600,0.9498082955733705,234.2340916994652,False,0.0912,0.0336,rolling
novelty_1_tuned_adaptive_burst,hybrid,716,749.0,469.9198326943186,550.6244728776164,550.6244728776164,550.6244728776164,550.6244728776164,True,False,60,False,2,800,0.6992854653189264,141.55112704933,False,0.1104,0.0336,rolling
novelty_1_tuned_adaptive_burst,hybrid,717,595.0,373.3008016730568,545.53966753839,545.53966753839,545.53966753839,545.53966753839,True,False,60,False,2,800,0.5555071453468108,110.85612986578414,False,0.09599999999999999,0.0,rolling
novelty_1_tuned_adaptive_burst,hybrid,718,684.0,429.13907284768214,501.5597306399727,501.5597306399727,501.5597306399727,501.5597306399727,True,False,60,False,2,800,0.6385998107852413,126.87689761371423,False,0.09599999999999999,0.0,rolling
novelty_1_tuned_adaptive_burst,hybrid,719,759.0,476.1937957476473,514.9937719928289,514.9937719928289,514.9937719928289,514.9937719928289,True,False,60,False,2,600,0.9448289598167605,231.82108612159112,False,0.0912,0.0336,rolling
novelty_1_tuned_adaptive_burst,hybrid,720,631.0,395.8870686650401,532.5771202743827,532.5771202743827,532.5771202743827,532.5771202743827,True,False,60,False,2,600,0.7854902156052382,167.23581926930416,False,0.072,0.0,rolling
novelty_1_tuned_adaptive_burst,hybrid,721,637.0,399.6514464970373,499.20763067186545,499.20763067186545,499.20763067186545,499.20763067186545,True,False,60,False,2,800,0.594719414430115,117.86246226596998,False,0.1104,0.0336,rolling
novelty_1_tuned_adaptive_burst,hybrid,722,693.0,434.78563959567794,495.5373557648909,495.5373557648909,495.5373557648909,495.5373557648909,True,False,60,False,2,600,0.8626699198326944,195.55971715065795,False,0.0912,0.0336,rolling
novelty_1_tuned_adaptive_burst,hybrid,723,704.0,441.6869989543395,506.5705534559106,506.5705534559106,506.5705534559106,506.5705534559106,True,False,60,False,2,600,0.876363093163372,201.1503697014644,False,0.072,0.0,rolling
novelty_1_tuned_adaptive_burst,hybrid,724,753.0,472.42941791565005,510.4375852688968,510.4375852688968,510.4375852688968,510.4375852688968,True,False,60,False,2,600,0.9373599561818453,228.2489735067108,False,0.072,0.0,rolling
novelty_1_tuned_adaptive_burst,hybrid,725,866.0,543.3252004182642,524.8603240537482,524.8603240537482,524.8603240537482,524.8603240537482,True,False,60,False,2,600,1.0780261913060798,305.50721546810513,False,0.072,0.0,rolling
novelty_1_tuned_adaptive_burst,hybrid,726,685.0,429.766469153015,560.3851326355084,560.3851326355084,560.3851326355084,560.3851326355084,True,False,60,False,2,600,0.8527112483194742,191.6036711674072,False,0.072,0.0,rolling
novelty_1_tuned_adaptive_burst,hybrid,727,763.0,478.70338096897876,519.6760565331474,519.6760565331474,519.6760565331474,519.6760565331474,True,False,60,False,2,800,0.7123562216800279,145.0675074357119,False,0.1104,0.0336,rolling
novelty_1_tuned_adaptive_burst,hybrid,728,645.0,404.67061693970027,538.657799735689,538.657799735689,538.657799735689,538.657799735689,True,False,60,False,2,600,0.8029178907533735,173.17210560148305,False,0.0912,0.0336,rolling
novelty_1_tuned_adaptive_burst,hybrid,729,729.0,457.3719065876612,508.1494734402354,508.1494734402354,508.1494734402354,508.1494734402354,True,False,60,False,2,800,0.6806129562316388,136.7509507233423,False,0.1104,0.0336,rolling
novelty_1_tuned_adaptive_burst,hybrid,730,740.0,464.2732659463228,525.5459628682097,525.5459628682097,525.5459628682097,525.5459628682097,True,False,60,False,2,600,0.9211771149728627,220.70253612052932,False,0.0912,0.0336,rolling
novelty_1_tuned_adaptive_burst,hybrid,731,757.0,474.9390031369815,529.3449124568024,529.3449124568024,529.3449124568024,529.3449124568024,True,False,60,False,2,800,0.7067544689538415,143.5445333912705,False,0.1104,0.0336,rolling
novelty_1_tuned_adaptive_burst,hybrid,732,874.0,548.3443708609271,535.3633859097577,535.3633859097577,535.3633859097577,535.3633859097577,True,False,60,False,2,800,0.8159886471144749,177.7968472678431,False,0.09599999999999999,0.0,rolling
novelty_1_tuned_adaptive_burst,hybrid,733,834.0,523.2485186476124,570.0947367458184,570.0947367458184,570.0947367458184,570.0947367458184,True,False,60,False,2,800,0.7786436289398994,164.97451772775264,False,0.09599999999999999,0.0,rolling
novelty_1_tuned_adaptive_burst,hybrid,734,861.0,540.1882188915998,567.059141337134,567.059141337134,567.059141337134,567.059141337134,True,False,60,False,2,800,0.8038515162077379,173.497502650034,False,0.09599999999999999,0.0,rolling
novelty_1_tuned_adaptive_burst,hybrid,735,914.0,573.4402230742419,578.7625648169301,578.7625648169301,578.7625648169301,578.7625648169301,True,False,60,False,2,800,0.8533336652890504,191.8482371970167,False,0.09599999999999999,0.0,rolling
novelty_1_tuned_adaptive_burst,hybrid,736,756.0,474.31160683164865,598.1963913290983,598.1963913290983,598.1963913290983,598.1963913290983,True,False,60,False,2,800,0.7058208434994772,143.29303816891783,False,0.09599999999999999,0.0,rolling
novelty_1_tuned_adaptive_burst,hybrid,737,925.0,580.3415824329035,560.4555749794599,560.4555749794599,560.4555749794599,560.4555749794599,True,False,60,False,2,800,0.8636035452870587,195.93531723798495,False,0.09599999999999999,0.0,rolling
novelty_1_tuned_adaptive_burst,hybrid,738,845.0,530.149878006274,604.0321963448323,604.0321963448323,604.0321963448323,604.0321963448323,True,False,60,False,2,800,0.7889135089379077,168.38136065578124,False,0.09599999999999999,0.0,rolling
novelty_1_tuned_adaptive_burst,hybrid,739,803.0,503.7992331822935,587.8616204472883,587.8616204472883,587.8616204472883,587.8616204472883,True,False,60,False,2,800,0.7497012398546035,155.84678775037372,False,0.09599999999999999,0.0,rolling
novelty_1_tuned_adaptive_burst,hybrid,740,1068.0,670.0592540955037,576.2845837781101,576.2845837781101,576.2845837781101,576.2845837781101,True,False,60,False,2,800,0.9971119852611662,258.4449716449461,False,0.09599999999999999,0.0,rolling
novelty_1_tuned_adaptive_burst,hybrid,741,790.0,495.6430812129662,650.2249379917275,650.2249379917275,650.2249379917275,650.2249379917275,True,False,60,False,2,800,0.7375641089478664,152.22238572334763,False,0.09599999999999999,0.0,rolling
novelty_1_tuned_adaptive_burst,hybrid,742,610.0,382.71174625304985,583.7229822223071,583.7229822223071,583.7229822223071,583.7229822223071,True,False,60,False,2,800,0.5695115271622766,113.24911281637188,False,0.09599999999999999,0.0,rolling
novelty_1_tuned_adaptive_burst,hybrid,743,577.0,362.00766817706517,528.1051031204029,528.1051031204029,528.1051031204029,528.1051031204029,True,False,60,False,2,800,0.5387018871682517,108.13960494158435,False,0.09599999999999999,0.0,rolling
novelty_1_tuned_adaptive_burst,hybrid,744,618.0,387.7309166957128,503.67427734970806,503.67427734970806,503.67427734970806,503.67427734970806,True,False,60,False,2,800,0.5769805307971916,114.57450585250325,False,0.09599999999999999,0.0,rolling
novelty_1_tuned_adaptive_burst,hybrid,745,688.0,431.6486580690136,500.39467447814604,500.39467447814604,500.39467447814604,500.39467447814604,True,False,60,False,2,600,0.8564457501369318,193.07642801294062,False,0.0912,0.0336,rolling
novelty_1_tuned_adaptive_burst,hybrid,746,555.0,348.20494945974207,510.76501573329506,510.76501573329506,510.76501573329506,510.76501573329506,True,False,60,False,2,600,0.690882836229647,139.3588824258483,False,0.072,0.0,rolling
novelty_1_tuned_adaptive_burst,hybrid,747,413.0,259.11467410247474,473.1939112461614,473.1939112461614,473.1939112461614,473.1939112461614,True,False,60,False,2,600,0.5141164168699895,104.46002639257071,False,0.072,0.0,rolling
novelty_1_tuned_adaptive_burst,hybrid,748,737.0,462.39107703032414,427.0855559148922,427.0855559148922,427.0855559148922,427.0855559148922,True,False,60,False,2,600,0.9174426131554051,218.99821717270487,False,0.072,0.0,rolling
novelty_1_tuned_adaptive_burst,hybrid,749,756.0,474.31160683164865,498.5611024100799,498.5611024100799,498.5611024100799,498.5611024100799,True,False,60,False,2,600,0.9410944579993029,230.02794232632377,False,0.072,0.0,rolling
novelty_1_tuned_adaptive_burst,hybrid,750,554.0,347.5775531544092,511.1331221357905,511.1331221357905,511.1331221357905,511.1331221357905,True,False,60,False,2,600,0.6896380022904944,139.0386013787102,False,0.072,0.0,rolling
novelty_1_tuned_adaptive_burst,hybrid,751,586.0,367.654234925061,463.2401310930054,463.2401310930054,463.2401310930054,463.2401310930054,True,False,60,False,2,600,0.7294726883433751,149.87142721772685,False,0.072,0.0,rolling
novelty_1_tuned_adaptive_burst,hybrid,752,592.0,371.4186127570582,466.4986373856609,466.4986373856609,466.4986373856609,466.4986373856609,True,False,60,False,2,600,0.7369416919782901,152.039698493711,False,0.072,0.0,rolling
novelty_1_tuned_adaptive_burst,hybrid,753,777.0,487.4869292436389,466.02634856267514,466.02634856267514,466.02634856267514,466.02634856267514,True,False,60,False,2,600,0.9672359707215057,242.88077337652769,False,0.072,0.0,rolling
novelty_1_tuned_adaptive_burst,hybrid,754,841.0,527.6402927849425,515.1929371841038,515.1929371841038,515.1929371841038,515.1929371841038,True,False,60,False,2,600,1.046905342827267,286.5355206215222,False,0.072,0.0,rolling
novelty_1_tuned_adaptive_burst,hybrid,755,601.0,377.06517950505406,542.7354601778034,542.7354601778034,542.7354601778034,542.7354601778034,True,False,60,False,2,600,0.7481451974306628,155.37549588946374,False,0.072,0.0,rolling
novelty_1_tuned_adaptive_burst,hybrid,756,710.0,445.4513767863367,487.98114400561326,487.98114400561326,487.98114400561326,487.98114400561326,True,False,60,False,2,800,0.6628740725987153,132.42827909481616,False,0.1104,0.0336,rolling
novelty_1_tuned_adaptive_burst,hybrid,757,606.0,380.2021610317184,512.7477088248647,512.7477088248647,512.7477088248647,512.7477088248647,True,False,60,False,2,600,0.7543693671264253,157.2724422842274,False,0.0912,0.0336,rolling
novelty_1_tuned_adaptive_burst,hybrid,758,712.0,446.70616939700244,486.8646147918421,486.8646147918421,486.8646147918421,486.8646147918421,True,False,60,False,2,600,0.8863217646765922,205.32760697148478,False,0.072,0.0,rolling
novelty_1_tuned_adaptive_burst,hybrid,759,437.0,274.17218543046357,510.5404912981976,510.5404912981976,510.5404912981976,510.5404912981976,True,False,60,False,2,600,0.5439924314096499,108.97684363491646,False,0.072,0.0,rolling
novelty_1_tuned_adaptive_burst,hybrid,760,585.0,367.02683861972815,439.2874462784862,439.2874462784862,439.2874462784862,439.2874462784862,True,False,60,False,2,600,0.7282278544042226,149.51433373381428,False,0.072,0.0,rolling
novelty_1_tuned_adaptive_burst,hybrid,761,547.0,343.18577901707914,464.7785678020541,464.7785678020541,464.7785678020541,464.7785678020541,True,False,60,False,2,600,0.6809241647164269,136.82883399344027,False,0.072,0.0,rolling
novelty_1_tuned_adaptive_burst,hybrid,762,578.0,362.63506448239804,452.36674721205827,452.36674721205827,452.36674721205827,452.36674721205827,True,False,60,False,2,600,0.7195140168301548,147.0486876213505,False,0.072,0.0,rolling
novelty_1_tuned_adaptive_burst,hybrid,763,779.0,488.74172185430467,456.9122893151266,456.9122893151266,456.9122893151266,456.9122893151266,True,False,60,False,2,600,0.9697256385998109,244.14178023852048,False,0.072,0.0,rolling
novelty_1_tuned_adaptive_burst,hybrid,764,741.0,464.90066225165566,510.0762943136965,510.0762943136965,510.0762943136965,510.0762943136965,True,False,60,False,2,600,0.9224219489120152,221.2737229867355,False,0.072,0.0,rolling
novelty_1_tuned_adaptive_burst,hybrid,765,532.0,333.7748344370861,510.05269311811617,510.05269311811617,510.05269311811617,510.05269311811617,True,False,60,False,2,600,0.6622516556291391,132.28073242982546,False,0.072,0.0,rolling
novelty_1_tuned_adaptive_burst,hybrid,766,699.0,438.55001742767513,460.56455024833167,460.56455024833167,460.56455024833167,460.56455024833167,True,False,60,False,2,600,0.8701389234676093,198.5873307007178,False,0.072,0.0,rolling
novelty_1_tuned_adaptive_burst,hybrid,767,677.0,424.747298710352,498.3414908769196,498.3414908769196,498.3414908769196,498.3414908769196,True,False,60,False,2,600,0.842752576806254,187.73895836062465,False,0.072,0.0,rolling
novelty_1_tuned_adaptive_burst,hybrid,768,601.0,377.06517950505406,496.31335344243143,496.31335344243143,496.31335344243143,496.31335344243143,True,False,60,False,2,600,0.7481451974306628,155.37549588946374,False,0.072,0.0,rolling
novelty_1_tuned_adaptive_burst,hybrid,769,662.0,415.33635413035904,477.49814316584707,477.49814316584707,477.49814316584707,477.49814316584707,True,False,60,False,2,600,0.8240800677189664,180.73507976481815,False,0.072,0.0,rolling
novelty_1_tuned_adaptive_burst,hybrid,770,441.0,276.68177065179503,491.6128140998171,491.6128140998171,491.6128140998171,491.6128140998171,True,False,60,False,2,600,0.54897176716626,109.77985197796818,False,0.072,0.0,rolling
novelty_1_tuned_adaptive_burst,hybrid,771,521.0,326.8734750784245,434.13597960317156,434.13597960317156,434.13597960317156,434.13597960317156,True,False,60,False,2,600,0.6485584822984614,129.10434656583823,False,0.072,0.0,rolling
novelty_1_tuned_adaptive_burst,hybrid,772,544.0,341.30359010108054,443.4161142024773,443.4161142024773,443.4161142024773,443.4161142024773,True,False,60,False,2,600,0.6771896628989693,135.89892621556112,False,0.072,0.0,rolling
novelty_1_tuned_adaptive_burst,hybrid,773,1193.0,748.4837922621123,444.733735235734,444.733735235734,444.733735235734,444.733735235734,True,False,60,False,2,600,1.4850868894089528,669.5601183305814,True,0.072,0.0,rolling
novelty_1_tuned_adaptive_burst,hybrid,774,723.0,453.607528755664,625.1103277862239,625.1103277862239,625.1103277862239,625.1103277862239,True,False,60,False,2,600,0.9000149380072698,211.22653399282842,False,0.072,0.0,rolling
novelty_1_tuned_adaptive_burst,hybrid,775,864.0,542.0704078075985,525.8627968774495,525.8627968774495,525.8627968774495,525.8627968774495,True,False,60,False,2,800,0.8066523925708311,174.47823773319516,False,0.1104,0.0336,rolling
novelty_1_tuned_adaptive_burst,hybrid,776,915.0,574.0676193795748,567.2683972436621,567.2683972436621,567.2683972436621,567.2683972436621,True,False,60,False,2,800,0.8542672907434149,192.21575575525503,False,0.09599999999999999,0.0,rolling
novelty_1_tuned_adaptive_burst,hybrid,777,543.0,340.6761937957477,590.1860973834255,590.1860973834255,590.1860973834255,590.1860973834255,True,False,60,False,2,800,0.5069586217198626,103.45254863615622,False,0.09599999999999999,0.0,rolling
novelty_1_tuned_adaptive_burst,hybrid,778,808.0,506.93621470895783,496.65651000959906,496.65651000959906,496.65651000959906,496.65651000959906,True,False,60,False,2,800,0.7543693671264253,157.2724422842274,False,0.09599999999999999,0.0,rolling
novelty_1_tuned_adaptive_burst,hybrid,779,666.0,417.8459393516905,554.6125451079361,554.6125451079361,554.6125451079361,554.6125451079361,True,False,60,False,2,600,0.8290594034755764,182.57214883186586,False,0.0912,0.0336,rolling
novelty_1_tuned_adaptive_burst,hybrid,780,788.0,494.38828860230046,518.6882501666996,518.6882501666996,518.6882501666996,518.6882501666996,True,False,60,False,2,800,0.7356968580391376,151.67524877243284,False,0.1104,0.0336,rolling
novelty_1_tuned_adaptive_burst,hybrid,781,806.0,505.6814220982921,547.6159225124388,547.6159225124388,547.6159225124388,547.6159225124388,True,False,60,False,2,600,1.0033361549569288,261.8075405224965,False,0.0912,0.0336,rolling
novelty_1_tuned_adaptive_burst,hybrid,782,940.0,589.7525270128965,555.6057460333736,555.6057460333736,555.6057460333736,555.6057460333736,True,False,60,False,2,800,0.8776079271025246,201.66736916073774,False,0.1104,0.0336,rolling
novelty_1_tuned_adaptive_burst,hybrid,783,940.0,589.7525270128965,597.0772611672428,597.0772611672428,597.0772611672428,597.0772611672428,True,False,60,False,2,800,0.8776079271025246,201.66736916073774,False,0.09599999999999999,0.0,rolling
novelty_1_tuned_adaptive_burst,hybrid,784,1053.0,660.6483095155106,605.7660172372925,605.7660172372925,605.7660172372925,605.7660172372925,True,False,60,False,2,800,0.9831076034457004,251.03132886033333,False,0.09599999999999999,0.0,rolling
novelty_1_tuned_adaptive_burst,hybrid,785,712.0,446.70616939700244,647.2540772909206,647.2540772909206,647.2540772909206,647.2540772909206,True,False,60,False,2,800,0.6647413235074441,132.87258419109514,False,0.09599999999999999,0.0,rolling
novelty_1_tuned_adaptive_burst,hybrid,786,653.0,409.6897873823632,562.5772983792799,562.5772983792799,562.5772983792799,562.5772983792799,True,False,60,False,2,800,0.6096574216999452,120.78778302296821,False,0.09599999999999999,0.0,rolling
novelty_1_tuned_adaptive_burst,hybrid,787,773.0,484.9773440223074,535.9029863058527,535.9029863058527,535.9029863058527,535.9029863058527,True,False,60,False,2,800,0.7216924762236717,147.65953960497853,False,0.09599999999999999,0.0,rolling
novelty_1_tuned_adaptive_burst,hybrid,788,766.0,480.58556988497736,557.8300383025576,557.8300383025576,557.8300383025576,557.8300383025576,True,False,60,False,2,800,0.7151570980431211,145.83803575099788,False,0.09599999999999999,0.0,rolling
novelty_1_tuned_adaptive_burst,hybrid,789,635.0,398.39665388637155,553.1932703537154,553.1932703537154,553.1932703537154,553.1932703537154,True,False,60,False,2,800,0.5928521635213863,117.50694852109771,False,0.09599999999999999,0.0,rolling
novelty_1_tuned_adaptive_burst,hybrid,790,718.0,450.47054722899964,515.4213148756226,515.4213148756226,515.4213148756226,515.4213148756226,True,False,60,False,2,800,0.6703430762336304,134.22054632908902,False,0.09599999999999999,0.0,rolling
novelty_1_tuned_adaptive_burst,hybrid,791,806.0,505.6814220982921,528.8134279820447,528.8134279820447,528.8134279820447,528.8134279820447,True,False,60,False,2,600,1.0033361549569288,261.8075405224965,False,0.0912,0.0336,rolling
novelty_1_tuned_adaptive_burst,hybrid,792,843.0,528.8950853956082,550.7799517742151,550.7799517742151,550.7799517742151,550.7799517742151,True,False,60,False,2,800,0.7870462580291789,167.7552848756005,False,0.1104,0.0336,rolling
novelty_1_tuned_adaptive_burst,hybrid,793,832.0,521.9937260369467,564.3033405103397,564.3033405103397,564.3033405103397,564.3033405103397,True,False,60,False,2,800,0.7767763780311706,164.36465510331948,False,0.09599999999999999,0.0,rolling
novelty_1_tuned_adaptive_burst,hybrid,794,531.0,333.14743813175323,566.1435353628799,566.1435353628799,566.1435353628799,566.1435353628799,True,False,60,False,2,800,0.4957551162674899,101.93179206837506,False,0.09599999999999999,0.0,rolling
novelty_1_tuned_adaptive_burst,hybrid,795,614.0,385.2213314743813,486.80585263141757,486.80585263141757,486.80585263141757,486.80585263141757,True,False,60,False,2,800,0.5732460289797341,113.90749215435233,False,0.09599999999999999,0.0,rolling
novelty_1_tuned_adaptive_burst,hybrid,796,606.0,380.2021610317184,494.84104824671294,494.84104824671294,494.84104824671294,494.84104824671294,True,False,60,False,2,600,0.7543693671264253,157.2724422842274,False,0.0912,0.0336,rolling
novelty_1_tuned_adaptive_burst,hybrid,797,570.0,357.6158940397351,486.2116804912562,486.2116804912562,486.2116804912562,486.2116804912562,True,False,60,False,2,600,0.7095553453169348,144.30301455927878,False,0.072,0.0,rolling
novelty_1_tuned_adaptive_burst,hybrid,798,577.0,362.00766817706517,470.97703649558844,470.97703649558844,470.97703649558844,470.97703649558844,True,False,60,False,2,600,0.7182691828910023,146.7012857874592,False,0.072,0.0,rolling
novelty_1_tuned_adaptive_burst,hybrid,799,782.0,490.62391077030327,466.72576276884274,466.72576276884274,466.72576276884274,466.72576276884274,True,False,60,False,2,600,0.9734601404172684,246.04546759392872,False,0.072,0.0,rolling
novelty_1_tuned_adaptive_burst,hybrid,800,410.0,257.23248518647614,518.6946080397947,518.6946080397947,518.6946080397947,518.6946080397947,True,False,60,False,2,600,0.510381915052532,103.93086167641354,False,0.072,0.0,rolling
novelty_1_tuned_adaptive_burst,hybrid,801,626.0,392.75008713837576,427.9083706579513,427.9083706579513,427.9083706579513,427.9083706579513,True,False,60,False,2,600,0.7792660459094757,165.17845648338968,False,0.072,0.0,rolling
novelty_1_tuned_adaptive_burst,hybrid,802,885.0,555.2457302195887,470.35972073404673,470.35972073404673,470.35972073404673,470.35972073404673,True,False,60,False,2,600,1.1016780361499776,320.67810225925996,False,0.072,0.0,rolling
novelty_1_tuned_adaptive_burst,hybrid,803,695.0,436.04043220634367,542.6616462344832,542.6616462344832,542.6616462344832,542.6616462344832,True,False,60,False,2,600,0.8651595877109993,196.56312445507905,False,0.072,0.0,rolling
novelty_1_tuned_adaptive_burst,hybrid,804,571.0,358.243290345068,505.76796830906324,505.76796830906324,505.76796830906324,505.76796830906324,True,False,60,False,2,800,0.5331001344420654,107.27086297662139,False,0.1104,0.0336,rolling
novelty_1_tuned_adaptive_burst,hybrid,805,431.0,270.4078075984664,474.96727618264504,474.96727618264504,474.96727618264504,474.96727618264504,True,False,60,False,2,600,0.5365234277747348,107.79960190683451,False,0.0912,0.0336,rolling
novelty_1_tuned_adaptive_burst,hybrid,806,700.0,439.17741373300805,432.55549423342563,432.55549423342563,432.55549423342563,432.55549423342563,True,False,60,False,2,600,0.871383757406762,199.09701767255038,False,0.072,0.0,rolling
novelty_1_tuned_adaptive_burst,hybrid,807,550.0,345.06796793307774,491.27584682577617,491.27584682577617,491.27584682577617,491.27584682577617,True,False,60,False,2,600,0.6846586665338844,137.76899800370427,False,0.072,0.0,rolling
novelty_1_tuned_adaptive_burst,hybrid,808,860.0,539.560822586267,456.39804816285414,456.39804816285414,456.39804816285414,456.39804816285414,True,False,60,False,2,600,1.0705571876711648,300.85239846277466,False,0.072,0.0,rolling
novelty_1_tuned_adaptive_burst,hybrid,809,866.0,543.3252004182642,537.259477063259,537.259477063259,537.259477063259,537.259477063259,True,False,60,False,2,600,1.0780261913060798,305.50721546810513,False,0.072,0.0,rolling
novelty_1_tuned_adaptive_burst,hybrid,810,720.0,451.7253398396654,553.1995800611053,553.1995800611053,553.1995800611053,553.1995800611053,True,False,60,False,2,800,0.6722103271423593,134.67490609559906,False,0.1104,0.0336,rolling
novelty_1_tuned_adaptive_burst,hybrid,811,773.0,484.9773440223074,525.2462276843394,525.2462276843394,525.2462276843394,525.2462276843394,True,False,60,False,2,800,0.7216924762236717,147.65953960497853,False,0.09599999999999999,0.0,rolling
novelty_1_tuned_adaptive_burst,hybrid,812,623.0,390.86789822237716,540.5176461959777,540.5176461959777,540.5176461959777,540.5176461959777,True,False,60,False,2,800,0.5816486580690137,115.42050073739382,False,0.09599999999999999,0.0,rolling
novelty_1_tuned_adaptive_burst,hybrid,813,864.0,542.0704078075985,501.77987199589097,501.77987199589097,501.77987199589097,501.77987199589097,True,False,60,False,2,800,0.8066523925708311,174.47823773319516,False,0.09599999999999999,0.0,rolling
novelty_1_tuned_adaptive_burst,hybrid,814,740.0,464.2732659463228,562.1260338866427,562.1260338866427,562.1260338866427,562.1260338866427,True,False,60,False,2,600,0.9211771149728627,220.70253612052932,False,0.0912,0.0336,rolling
novelty_1_tuned_adaptive_burst,hybrid,815,784.0,491.878703380969,536.6022800977571,536.6022800977571,536.6022800977571,536.6022800977571,True,False,60,False,2,800,0.73196235622168,150.58927876259128,False,0.1104,0.0336,rolling
novelty_1_tuned_adaptive_burst,hybrid,816,588.0,368.90902753572675,549.3504658904781,549.3504658904781,549.3504658904781,549.3504658904781,True,False,60,False,2,800,0.5489717671662601,109.7798519779682,False,0.09599999999999999,0.0,rolling
novelty_1_tuned_adaptive_burst,hybrid,817,591.0,370.79121645172535,497.552175381873,497.552175381873,497.552175381873,497.552175381873,True,False,60,False,2,800,0.5517726435293532,110.2379955758701,False,0.09599999999999999,0.0,rolling
novelty_1_tuned_adaptive_burst,hybrid,818,631.0,395.8870686650401,488.7945664361455,488.7945664361455,488.7945664361455,488.7945664361455,True,False,60,False,2,600,0.7854902156052382,167.23581926930416,False,0.0912,0.0336,rolling
novelty_1_tuned_adaptive_burst,hybrid,819,791.0,496.27047751829906,491.1279299449043,491.1279299449043,491.1279299449043,491.1279299449043,True,False,60,False,2,600,0.984663645869641,251.84472950866987,False,0.072,0.0,rolling
novelty_1_tuned_adaptive_burst,hybrid,820,839.0,526.3855001742768,531.0078093482584,531.0078093482584,531.0078093482584,531.0078093482584,True,False,60,False,2,600,1.044415674948962,285.0655224518063,False,0.072,0.0,rolling
novelty_1_tuned_adaptive_burst,hybrid,821,756.0,474.31160683164865,551.353219998291,551.353219998291,551.353219998291,551.353219998291,True,False,60,False,2,800,0.7058208434994772,143.29303816891783,False,0.1104,0.0336,rolling
novelty_1_tuned_adaptive_burst,hybrid,822,555.0,348.20494945974207,536.4837924628027,536.4837924628027,536.4837924628027,536.4837924628027,True,False,60,False,2,800,0.5181621271722352,105.04202852340475,False,0.09599999999999999,0.0,rolling
novelty_1_tuned_adaptive_burst,hybrid,823,571.0,358.243290345068,483.9233519169211,483.9233519169211,483.9233519169211,483.9233519169211,True,False,60,False,2,800,0.5331001344420654,107.27086297662139,False,0.09599999999999999,0.0,rolling
novelty_1_tuned_adaptive_burst,hybrid,824,702.0,440.4322063436738,477.2418775309793,477.2418775309793,477.2418775309793,477.2418775309793,True,False,60,False,2,600,0.8738734252850671,200.1207686920311,False,0.0912,0.0336,rolling
novelty_1_tuned_adaptive_burst,hybrid,825,540.0,338.794004879749,505.16014119145893,505.16014119145893,505.16014119145893,505.16014119145893,True,False,60,False,2,600,0.6722103271423592,134.67490609559903,False,0.072,0.0,rolling
novelty_1_tuned_adaptive_burst,hybrid,826,338.0,212.05995120250958,463.3436632764747,463.3436632764747,463.3436632764747,463.3436632764747,True,False,60,False,2,600,0.42075387143355075,93.40777974985481,False,0.072,0.0,rolling
novelty_1_tuned_adaptive_burst,hybrid,827,563.0,353.22411990240505,404.21339644945783,404.21339644945783,404.21339644945783,404.21339644945783,True,False,60,False,2,600,0.7008415077428671,141.9629307311612,False,0.072,0.0,rolling
novelty_1_tuned_adaptive_burst,hybrid,828,547.0,343.18577901707914,445.47580017391465,445.47580017391465,445.47580017391465,445.47580017391465,True,False,60,False,2,600,0.6809241647164269,136.82883399344027,False,0.072,0.0,rolling
novelty_1_tuned_adaptive_burst,hybrid,829,632.0,396.51446497037296,440.65792917327235,440.65792917327235,440.65792917327235,440.65792917327235,True,False,60,False,2,600,0.7867350495443908,167.65122723639462,False,0.072,0.0,rolling
novelty_1_tuned_adaptive_burst,hybrid,830,682.0,427.8842802370164,462.0778203763789,462.0778203763789,462.0778203763789,462.0778203763789,True,False,60,False,2,600,0.8489767465020167,190.1437580498147,False,0.072,0.0,rolling
novelty_1_tuned_adaptive_burst,hybrid,831,612.0,383.9665388637156,479.64999421431094,479.64999421431094,479.64999421431094,479.64999421431094,True,False,60,False,2,600,0.7618383707613404,159.59046330301572,False,0.072,0.0,rolling
novelty_1_tuned_adaptive_burst,hybrid,832,614.0,385.2213314743813,467.23807729290456,467.23807729290456,467.23807729290456,467.23807729290456,True,False,60,False,2,600,0.7643280386396455,160.3733147362426,False,0.072,0.0,rolling
novelty_1_tuned_adaptive_burst,hybrid,833,699.0,438.55001742767513,469.35987294128245,469.35987294128245,469.35987294128245,469.35987294128245,True,False,60,False,2,600,0.8701389234676093,198.5873307007178,False,0.072,0.0,rolling
novelty_1_tuned_adaptive_burst,hybrid,834,734.0,460.50888811432554,493.4190521301448,493.4190521301448,493.4190521301448,493.4190521301448,True,False,60,False,2,600,0.9137081113379475,217.3077169511467,False,0.072,0.0,rolling
novelty_1_tuned_adaptive_burst,hybrid,835,804.0,504.42662948762637,508.28241078676956,508.28241078676956,508.28241078676956,508.28241078676956,True,False,60,False,2,600,1.0008464870786238,260.4574900634366,False,0.072,0.0,rolling
novelty_1_tuned_adaptive_burst,hybrid,836,743.0,466.1554548623214,534.3239459072647,534.3239459072647,534.3239459072647,534.3239459072647,True,False,60,False,2,600,0.9249116167903202,222.42073004452337,False,0.072,0.0,rolling
novelty_1_tuned_adaptive_burst,hybrid,837,721.0,452.3527361449983,526.9779052029153,526.9779052029153,526.9779052029153,526.9779052029153,True,False,60,False,2,800,0.6731439525967237,134.9030347565214,False,0.1104,0.0336,rolling
novelty_1_tuned_adaptive_burst,hybrid,838,491.0,308.0515859184385,524.0267442755621,524.0267442755621,524.0267442755621,524.0267442755621,True,False,60,False,2,800,0.45841009809291444,97.33943862763809,False,0.09599999999999999,0.0,rolling
novelty_1_tuned_adaptive_burst,hybrid,839,431.0,270.4078075984664,463.06904650790057,463.06904650790057,463.06904650790057,463.06904650790057,True,False,60,False,2,600,0.5365234277747348,107.79960190683451,False,0.0912,0.0336,rolling
novelty_1_tuned_adaptive_burst,hybrid,840,572.0,358.87068665040084,434.51427305233074,434.51427305233074,434.51427305233074,434.51427305233074,True,False,60,False,2,600,0.7120450131952397,144.98226617043878,False,0.072,0.0,rolling
novelty_1_tuned_adaptive_burst,hybrid,841,624.0,391.49529452771003,457.5988432779882,457.5988432779882,457.5988432779882,457.5988432779882,True,False,60,False,2,600,0.7767763780311707,164.36465510331954,False,0.072,0.0,rolling
novelty_1_tuned_adaptive_burst,hybrid,842,588.0,368.90902753572675,469.1008618612145,469.1008618612145,469.1008618612145,469.1008618612145,True,False,60,False,2,600,0.73196235622168,150.58927876259128,False,0.072,0.0,rolling
novelty_1_tuned_adaptive_burst,hybrid,843,885.0,555.2457302195887,461.0175487063584,461.0175487063584,461.0175487063584,461.0175487063584,True,False,60,False,2,600,1.1016780361499776,320.67810225925996,False,0.072,0.0,rolling
novelty_1_tuned_adaptive_burst,hybrid,844,780.0,489.36911815963754,541.8872380252164,541.8872380252164,541.8872380252164,541.8872380252164,True,False,60,False,2,600,0.9709704725389634,244.77471699867093,False,0.072,0.0,rolling
novelty_1_tuned_adaptive_burst,hybrid,845,702.0,440.4322063436738,528.8415326710674,528.8415326710674,528.8415326710674,528.8415326710674,True,False,60,False,2,800,0.6554050689638002,130.67594929195062,False,0.1104,0.0336,rolling
novelty_1_tuned_adaptive_burst,hybrid,846,624.0,391.49529452771003,514.1809034679072,514.1809034679072,514.1809034679072,514.1809034679072,True,False,60,False,2,800,0.582582283523378,115.59133887171292,False,0.09599999999999999,0.0,rolling
novelty_1_tuned_adaptive_burst,hybrid,847,567.0,355.7337051237365,493.70231464281414,493.70231464281414,493.70231464281414,493.70231464281414,True,False,60,False,2,600,0.7058208434994772,143.29303816891783,False,0.0912,0.0336,rolling
novelty_1_tuned_adaptive_burst,hybrid,848,597.0,374.55559428372254,474.2666578338458,474.2666578338458,474.2666578338458,474.2666578338458,True,False,60,False,2,600,0.7431658616740526,153.88048873492312,False,0.072,0.0,rolling
novelty_1_tuned_adaptive_burst,hybrid,849,630.0,395.2596723597072,476.1900348593804,476.1900348593804,476.1900348593804,476.1900348593804,True,False,60,False,2,600,0.7842453816660858,166.82172588328922,False,0.072,0.0,rolling
novelty_1_tuned_adaptive_burst,hybrid,850,618.0,387.7309166957128,482.07569138006465,482.07569138006465,482.07569138006465,482.07569138006465,True,False,60,False,2,600,0.7693073743962555,161.95438424297072,False,0.072,0.0,rolling
novelty_1_tuned_adaptive_burst,hybrid,851,720.0,451.7253398396654,478.1011777957774,478.1011777957774,478.1011777957774,478.1011777957774,True,False,60,False,2,600,0.8962804361898123,209.59977741179034,False,0.072,0.0,rolling
novelty_1_tuned_adaptive_burst,hybrid,852,810.0,508.19100731962357,504.5262323444531,504.5262323444531,504.5262323444531,504.5262323444531,True,False,60,False,2,600,1.0083154907135388,264.52780807264674,False,0.072,0.0,rolling
novelty_1_tuned_adaptive_burst,hybrid,853,725.0,454.86232136632975,534.4851083570848,534.4851083570848,534.4851083570848,534.4851083570848,True,False,60,False,2,600,0.9025046058855749,212.31856614503602,False,0.072,0.0,rolling
novelty_1_tuned_adaptive_burst,hybrid,854,848.0,532.0320669222726,519.3363919796116,519.3363919796116,519.3363919796116,519.3363919796116,True,False,60,False,2,800,0.7917143853010009,169.32604658210698,False,0.1104,0.0336,rolling
novelty_1_tuned_adaptive_burst,hybrid,855,880.0,552.1087486929243,555.7453302472345,555.7453302472345,555.7453302472345,555.7453302472345,True,False,60,False,2,600,1.095453866454215,316.6218158231727,False,0.0912,0.0336,rolling
novelty_1_tuned_adaptive_burst,hybrid,856,744.0,466.78285116765426,573.6589507697972,573.6589507697972,573.6589507697972,573.6589507697972,True,False,60,False,2,800,0.6946173380471046,140.32667138866634,False,0.1104,0.0336,rolling
novelty_1_tuned_adaptive_burst,hybrid,857,873.0,547.7169745555943,544.4182976712395,544.4182976712395,544.4182976712395,544.4182976712395,True,False,60,False,2,800,0.8150550216601106,177.46154408396222,False,0.09599999999999999,0.0,rolling
novelty_1_tuned_adaptive_burst,hybrid,858,718.0,450.47054722899964,579.6313537256656,579.6313537256656,579.6313537256656,579.6313537256656,True,False,60,False,2,800,0.6703430762336304,134.22054632908902,False,0.09599999999999999,0.0,rolling
novelty_1_tuned_adaptive_burst,hybrid,859,859.0,538.9334262809341,542.4405897301649,542.4405897301649,542.4405897301649,542.4405897301649,True,False,60,False,2,800,0.8019842652990091,172.8474644110089,False,0.09599999999999999,0.0,rolling
novelty_1_tuned_adaptive_burst,hybrid,860,832.0,521.9937260369467,577.5419013483738,577.5419013483738,577.5419013483738,577.5419013483738,True,False,60,False,2,800,0.7767763780311706,164.36465510331948,False,0.09599999999999999,0.0,rolling
novelty_1_tuned_adaptive_burst,hybrid,861,1119.0,702.05646566748,574.5009354635522,574.5009354635522,574.5009354635522,574.5009354635522,True,False,60,False,2,800,1.04472688343375,285.24888952511037,False,0.09599999999999999,0.0,rolling
novelty_1_tuned_adaptive_burst,hybrid,862,965.0,605.4374346462182,659.6189363182821,659.6189363182821,659.6189363182821,659.6189363182821,True,False,60,False,2,800,0.9009485634616342,211.63533910125068,False,0.09599999999999999,0.0,rolling
novelty_1_tuned_adaptive_burst,hybrid,863,1061.0,665.6674799581735,632.5568903174635,632.5568903174635,632.5568903174635,632.5568903174635,True,False,60,False,2,800,0.9905766070806153,254.95916937987423,False,0.09599999999999999,0.0,rolling
novelty_1_tuned_adaptive_burst,hybrid,864,837.0,525.130707563611,666.3000494614344,666.3000494614344,666.3000494614344,666.3000494614344,True,False,60,False,2,800,0.7814445053029926,165.89481141081592,False,0.09599999999999999,0.0,rolling
novelty_1_tuned_adaptive_burst,hybrid,865,1016.0,637.4346462181945,610.6403384445066,610.6403384445066,610.6403384445066,610.6403384445066,True,False,60,False,2,800,0.948563461634218,233.62846114241623,False,0.09599999999999999,0.0,rolling
novelty_1_tuned_adaptive_burst,hybrid,866,1014.0,636.1798536075288,655.9129224580001,655.9129224580001,655.9129224580001,655.9129224580001,True,False,60,False,2,800,0.9466962107254893,232.72299121318997,False,0.09599999999999999,0.0,rolling
novelty_1_tuned_adaptive_burst,hybrid,867,871.0,546.4621819449286,661.0117921831643,661.0117921831643,661.0117921831643,661.0117921831643,True,False,60,False,2,800,0.8131877707513818,176.79323868881107,False,0.09599999999999999,0.0,rolling
novelty_1_tuned_adaptive_burst,hybrid,868,750.0,470.54722899965145,623.5628600074378,623.5628600074378,623.5628600074378,623.5628600074378,True,False,60,False,2,800,0.7002190907732908,141.7979895647956,False,0.09599999999999999,0.0,rolling
novelty_1_tuned_adaptive_burst,hybrid,869,821.0,515.0923666782851,584.2798259408873,584.2798259408873,584.2798259408873,584.2798259408873,True,False,60,False,2,800,0.7665064980331623,161.06250642907176,False,0.09599999999999999,0.0,rolling
novelty_1_tuned_adaptive_burst,hybrid,870,540.0,338.794004879749,592.1681643208267,592.1681643208267,592.1681643208267,592.1681643208267,True,False,60,False,2,800,0.5041577453567694,103.06597600908084,False,0.09599999999999999,0.0,rolling
novelty_1_tuned_adaptive_burst,hybrid,871,510.0,319.972115719763,509.7198680947281,509.7198680947281,509.7198680947281,509.7198680947281,True,False,60,False,2,800,0.4761489817258378,99.43126545483783,False,0.09599999999999999,0.0,rolling
novelty_1_tuned_adaptive_burst,hybrid,872,759.0,476.1937957476473,480.5996774250407,480.5996774250407,480.5996774250407,480.5996774250407,True,False,60,False,2,600,0.9448289598167605,231.82108612159112,False,0.0912,0.0336,rolling
novelty_1_tuned_adaptive_burst,hybrid,873,859.0,538.9334262809341,530.3513348683355,530.3513348683355,530.3513348683355,530.3513348683355,True,False,60,False,2,600,1.0693123537320122,300.0828786038729,False,0.072,0.0,rolling
novelty_1_tuned_adaptive_burst,hybrid,874,618.0,387.7309166957128,559.2936014227703,559.2936014227703,559.2936014227703,559.2936014227703,True,False,60,False,2,800,0.5769805307971916,114.57450585250325,False,0.1104,0.0336,rolling
novelty_1_tuned_adaptive_burst,hybrid,875,561.0,351.96932729173926,500.7236944108181,500.7236944108181,500.7236944108181,500.7236944108181,True,False,60,False,2,800,0.5237638798984215,105.86301432038914,False,0.09599999999999999,0.0,rolling
novelty_1_tuned_adaptive_burst,hybrid,876,626.0,392.75008713837576,477.5910548113052,477.5910548113052,477.5910548113052,477.5910548113052,True,False,60,False,2,600,0.7792660459094757,165.17845648338968,False,0.0912,0.0336,rolling
novelty_1_tuned_adaptive_burst,hybrid,877,722.0,452.98013245033115,485.4999358645405,485.4999358645405,485.4999358645405,485.4999358645405,True,False,60,False,2,600,0.8987701040681174,210.6827783295091,False,0.072,0.0,rolling
novelty_1_tuned_adaptive_burst,hybrid,878,705.0,442.3143952596724,508.5123056980042,508.5123056980042,508.5123056980042,508.5123056980042,True,False,60,False,2,600,0.8776079271025246,201.66736916073774,False,0.072,0.0,rolling
novelty_1_tuned_adaptive_burst,hybrid,879,694.0,435.4130359010108,507.60546588210855,507.60546588210855,507.60546588210855,507.60546588210855,True,False,60,False,2,600,0.8639147537718468,196.06069788744344,False,0.072,0.0,rolling
novelty_1_tuned_adaptive_burst,hybrid,880,912.0,572.1854304635762,506.62445088010327,506.62445088010327,506.62445088010327,506.62445088010327,True,False,60,False,2,600,1.1352885525070955,343.3851476348058,False,0.072,0.0,rolling
novelty_1_tuned_adaptive_burst,hybrid,881,777.0,487.4869292436389,569.3192688910358,569.3192688910358,569.3192688910358,569.3192688910358,True,False,60,False,2,600,0.9672359707215057,242.88077337652769,False,0.072,0.0,rolling
novelty_1_tuned_adaptive_burst,hybrid,882,574.0,360.1254792610666,545.186492504527,545.186492504527,545.186492504527,545.186492504527,True,False,60,False,2,800,0.5359010108051586,107.70296374815823,False,0.1104,0.0336,rolling
novelty_1_tuned_adaptive_burst,hybrid,883,808.0,506.93621470895783,492.13083625995296,492.13083625995296,492.13083625995296,492.13083625995296,True,False,60,False,2,800,0.7543693671264253,157.2724422842274,False,0.09599999999999999,0.0,rolling
novelty_1_tuned_adaptive_burst,hybrid,884,895.0,561.5196932729174,545.696495074736,545.696495074736,545.696495074736,545.696495074736,True,False,60,False,2,600,1.1141263755415027,328.9292165601556,False,0.0912,0.0336,rolling
novelty_1_tuned_adaptive_burst,hybrid,885,983.0,616.7305681422098,576.1197607346899,576.1197607346899,576.1197607346899,576.1197607346899,True,False,60,False,2,800,0.9177538216401931,219.1397151772942,False,0.1104,0.0336,rolling
novelty_1_tuned_adaptive_burst,hybrid,886,917.0,575.3224119902405,611.5650718199086,611.5650718199086,611.5650718199086,611.5650718199086,True,False,60,False,2,800,0.8561345416521436,192.95320634414904,False,0.09599999999999999,0.0,rolling
novelty_1_tuned_adaptive_burst,hybrid,887,827.0,518.8567445102823,605.4634402768115,605.4634402768115,605.4634402768115,605.4634402768115,True,False,60,False,2,800,0.7721082507593486,162.85278001442498,False,0.09599999999999999,0.0,rolling
novelty_1_tuned_adaptive_burst,hybrid,888,810.0,508.19100731962357,585.6202293527349,585.6202293527349,585.6202293527349,585.6202293527349,True,False,60,False,2,800,0.7562366180351541,157.84766903064784,False,0.09599999999999999,0.0,rolling
novelty_1_tuned_adaptive_burst,hybrid,889,925.0,580.3415824329035,579.6848417413635,579.6848417413635,579.6848417413635,579.6848417413635,True,False,60,False,2,800,0.8636035452870587,195.93531723798495,False,0.09599999999999999,0.0,rolling
novelty_1_tuned_adaptive_burst,hybrid,890,1094.0,686.3715580341583,610.1862321752587,610.1862321752587,610.1862321752587,610.1862321752587,True,False,60,False,2,800,1.0213862470746402,271.79731472786085,False,0.09599999999999999,0.0,rolling
novelty_1_tuned_adaptive_burst,hybrid,891,817.0,512.5827814569536,663.9576067172329,663.9576067172329,663.9576067172329,663.9576067172329,True,False,60,False,2,800,0.7627719962157048,159.8834340400715,False,0.09599999999999999,0.0,rolling
novelty_1_tuned_adaptive_burst,hybrid,892,668.0,419.10073196235624,597.759046725283,597.759046725283,597.759046725283,597.759046725283,True,False,60,False,2,800,0.6236618035154111,123.66364063249779,False,0.09599999999999999,0.0,rolling
novelty_1_tuned_adaptive_burst,hybrid,893,507.0,318.0899268037644,551.4262632903269,551.4262632903269,551.4262632903269,551.4262632903269,True,False,60,False,2,800,0.47334810536274463,99.09037390164875,False,0.09599999999999999,0.0,rolling
novelty_1_tuned_adaptive_burst,hybrid,894,642.0,402.78842802370167,494.10866461529076,494.10866461529076,494.10866461529076,494.10866461529076,True,False,60,False,2,800,0.599387541701937,118.76105959957809,False,0.09599999999999999,0.0,rolling
novelty_1_tuned_adaptive_burst,hybrid,895,713.0,447.3335657023353,509.4878779753144,509.4878779753144,509.4878779753144,509.4878779753144,True,False,60,False,2,600,0.8875665986157446,205.85641474381052,False,0.0912,0.0336,rolling
novelty_1_tuned_adaptive_burst,hybrid,896,528.0,331.26524921575464,520.4289587550129,520.4289587550129,520.4289587550129,520.4289587550129,True,False,60,False,2,600,0.657272319872529,131.1103122178053,False,0.072,0.0,rolling
novelty_1_tuned_adaptive_burst,hybrid,897,867.0,543.9525967235971,469.0154640657779,469.0154640657779,469.0154640657779,469.0154640657779,True,False,60,False,2,600,1.0792710252452324,306.28932072205805,False,0.072,0.0,rolling
novelty_1_tuned_adaptive_burst,hybrid,898,668.0,419.10073196235624,550.6592244339658,550.6592244339658,550.6592244339658,550.6592244339658,True,False,60,False,2,600,0.8315490713538815,183.4990000177725,False,0.072,0.0,rolling
novelty_1_tuned_adaptive_burst,hybrid,899,687.0,431.02126176368074,506.43171581048136,506.43171581048136,506.43171581048136,506.43171581048136,True,False,60,False,2,800,0.6414006871483344,127.49640812196772,False,0.1104,0.0336,rolling
novelty_1_tuned_adaptive_burst,hybrid,900,650.0,407.8075984663646,508.93308129920797,508.93308129920797,508.93308129920797,508.93308129920797,True,False,60,False,2,600,0.8091420604491361,175.35573900386044,False,0.0912,0.0336,rolling
novelty_1_tuned_adaptive_burst,hybrid,901,671.0,420.98292087835483,497.3447979378502,497.3447979378502,497.3447979378502,497.3447979378502,True,False,60,False,2,600,0.8352835731713389,184.89971948703038,False,0.072,0.0,rolling
novelty_1_tuned_adaptive_burst,hybrid,902,801.0,502.5444405716278,500.6616569824355,500.6616569824355,500.6616569824355,500.6616569824355,True,False,60,False,2,600,0.9971119852611662,258.4449716449461,False,0.072,0.0,rolling
novelty_1_tuned_adaptive_burst,hybrid,903,687.0,431.02126176368074,536.286650231149,536.286650231149,536.286650231149,536.286650231149,True,False,60,False,2,600,0.8552009161977793,192.58407851133092,False,0.072,0.0,rolling
novelty_1_tuned_adaptive_burst,hybrid,904,886.0,555.8731265249215,512.567689501433,512.567689501433,512.567689501433,512.567689501433,True,False,60,False,2,800,0.8271921525668475,181.88065353513716,False,0.1104,0.0336,rolling
novelty_1_tuned_adaptive_burst,hybrid,905,747.0,468.66504008365285,567.2386067549551,567.2386067549551,567.2386067549551,567.2386067549551,True,False,60,False,2,600,0.9298909525469302,224.73333579483463,False,0.0912,0.0336,rolling
novelty_1_tuned_adaptive_burst,hybrid,906,877.0,550.2265597769258,538.7325047445565,538.7325047445565,538.7325047445565,538.7325047445565,True,False,60,False,2,800,0.8187895234775682,178.80736931156378,False,0.1104,0.0336,rolling
novelty_1_tuned_adaptive_burst,hybrid,907,721.0,452.3527361449983,575.9736982334707,575.9736982334707,575.9736982334707,575.9736982334707,True,False,60,False,2,800,0.6731439525967237,134.9030347565214,False,0.09599999999999999,0.0,rolling
novelty_1_tuned_adaptive_burst,hybrid,908,811.0,508.81840362495643,539.1163131669687,539.1163131669687,539.1163131669687,539.1163131669687,True,False,60,False,2,800,0.7571702434895184,158.13634983366535,False,0.09599999999999999,0.0,rolling
novelty_1_tuned_adaptive_burst,hybrid,909,972.0,609.8292087835483,561.0384281788838,561.0384281788838,561.0384281788838,561.0384281788838,True,False,60,False,2,800,0.907483941642185,214.52077208495953,False,0.09599999999999999,0.0,rolling
novelty_1_tuned_adaptive_burst,hybrid,910,775.0,486.23213663297315,609.4617718023528,609.4617718023528,609.4617718023528,609.4617718023528,True,False,60,False,2,800,0.7235597271324006,148.18607063425287,False,0.09599999999999999,0.0,rolling
novelty_1_tuned_adaptive_burst,hybrid,911,636.0,399.0240501917044,564.9229441428815,564.9229441428815,564.9229441428815,564.9229441428815,True,False,60,False,2,800,0.5937857889757506,117.68442590182637,False,0.09599999999999999,0.0,rolling
novelty_1_tuned_adaptive_burst,hybrid,912,570.0,357.6158940397351,524.0079114848031,524.0079114848031,524.0079114848031,524.0079114848031,True,False,60,False,2,800,0.532166508987701,107.12783426719572,False,0.09599999999999999,0.0,rolling
novelty_1_tuned_adaptive_burst,hybrid,913,864.0,542.0704078075985,495.2621850907062,495.2621850907062,495.2621850907062,495.2621850907062,True,False,60,False,2,600,1.0755365234277747,303.9484153675736,False,0.0912,0.0336,rolling
novelty_1_tuned_adaptive_burst,hybrid,914,598.0,375.1829905890554,563.9469624570766,563.9469624570766,563.9469624570766,563.9469624570766,True,False,60,False,2,600,0.7444106956132052,154.25236969343808,False,0.072,0.0,rolling
novelty_1_tuned_adaptive_burst,hybrid,915,565.0,354.4789125130708,497.55347585591517,497.55347585591517,497.55347585591517,497.55347585591517,True,False,60,False,2,800,0.5274983817158791,106.42018777750368,False,0.1104,0.0336,rolling
novelty_1_tuned_adaptive_burst,hybrid,916,623.0,390.86789822237716,479.82404099028963,479.82404099028963,479.82404099028963,479.82404099028963,True,False,60,False,2,600,0.7755315440920182,163.95970545160017,False,0.0912,0.0336,rolling
novelty_1_tuned_adaptive_burst,hybrid,917,660.0,414.0815615196933,485.9931526864643,485.9931526864643,485.9931526864643,485.9931526864643,True,False,60,False,2,600,0.8215903998406613,179.82482855040098,False,0.072,0.0,rolling
novelty_1_tuned_adaptive_burst,hybrid,918,575.0,360.75287556639944,492.6293031437508,492.6293031437508,492.6293031437508,492.6293031437508,True,False,60,False,2,600,0.7157795150126973,146.01008628015308,False,0.072,0.0,rolling
novelty_1_tuned_adaptive_burst,hybrid,919,614.0,385.2213314743813,469.3210754656907,469.3210754656907,469.3210754656907,469.3210754656907,True,False,60,False,2,600,0.7643280386396455,160.3733147362426,False,0.072,0.0,rolling
novelty_1_tuned_adaptive_burst,hybrid,920,662.0,415.33635413035904,474.4046044137276,474.4046044137276,474.4046044137276,474.4046044137276,True,False,60,False,2,600,0.8240800677189664,180.73507976481815,False,0.072,0.0,rolling
novelty_1_tuned_adaptive_burst,hybrid,921,849.0,532.6594632276054,486.1079315621132,486.1079315621132,486.1079315621132,486.1079315621132,True,False,60,False,2,600,1.056864014340487,292.4857631797312,False,0.072,0.0,rolling
novelty_1_tuned_adaptive_burst,hybrid,922,814.0,510.70059254095503,540.1226151642386,540.1226151642386,540.1226151642386,540.1226151642386,True,False,60,False,2,600,1.013294826470149,267.27507557642446,False,0.072,0.0,rolling
novelty_1_tuned_adaptive_burst,hybrid,923,760.0,476.82119205298017,543.1734550186397,543.1734550186397,543.1734550186397,543.1734550186397,True,False,60,False,2,800,0.7095553453169348,144.30301455927878,False,0.1104,0.0336,rolling
novelty_1_tuned_adaptive_burst,hybrid,924,900.0,564.6566747995818,535.4882795835124,535.4882795835124,535.4882795835124,535.4882795835124,True,False,60,False,2,800,0.8402629089279491,186.78692596796688,False,0.09599999999999999,0.0,rolling
novelty_1_tuned_adaptive_burst,hybrid,925,574.0,360.1254792610666,578.1082337108915,578.1082337108915,578.1082337108915,578.1082337108915,True,False,60,False,2,800,0.5359010108051586,107.70296374815823,False,0.09599999999999999,0.0,rolling
novelty_1_tuned_adaptive_burst,hybrid,926,845.0,530.149878006274,498.2978768308012,498.2978768308012,498.2978768308012,498.2978768308012,True,False,60,False,2,800,0.7889135089379077,168.38136065578124,False,0.09599999999999999,0.0,rolling
novelty_1_tuned_adaptive_burst,hybrid,927,955.0,599.1634715928896,561.6584171370678,561.6584171370678,561.6584171370678,561.6584171370678,True,False,60,False,2,600,1.188816411890654,382.42443718187,True,0.0912,0.0336,rolling
novelty_1_tuned_adaptive_burst,hybrid,928,827.0,518.8567445102823,599.571763042969,599.571763042969,599.571763042969,599.571763042969,True,False,60,False,2,800,0.7721082507593486,162.85278001442498,False,0.1104,0.0336,rolling
novelty_1_tuned_adaptive_burst,hybrid,929,983.0,616.7305681422098,575.1160356026517,575.1160356026517,575.1160356026517,575.1160356026517,True,False,60,False,2,800,0.9177538216401931,219.1397151772942,False,0.09599999999999999,0.0,rolling
novelty_1_tuned_adaptive_burst,hybrid,930,1172.0,735.308469850122,621.6205297768811,621.6205297768811,621.6205297768811,621.6205297768811,True,False,60,False,2,800,1.0942090325150626,315.8160668598281,False,0.09599999999999999,0.0,rolling
novelty_1_tuned_adaptive_burst,hybrid,931,739.0,463.64586964098993,687.7725135318387,687.7725135318387,687.7725135318387,687.7725135318387,True,False,60,False,2,800,0.6899492107752826,139.1185633561755,False,0.09599999999999999,0.0,rolling
novelty_1_tuned_adaptive_burst,hybrid,932,789.0,495.01568490763333,580.9281430913948,580.9281430913948,580.9281430913948,580.9281430913948,True,False,60,False,3,600,0.654782651994224,130.53171043377876,False,0.1272,0.040799999999999996,rolling
novelty_1_tuned_adaptive_burst,hybrid,933,578.0,362.63506448239804,583.810595640186,583.810595640186,583.810595640186,583.810595640186,True,False,60,False,2,800,0.5396355126226161,108.28616509025724,False,0.11759999999999998,0.040799999999999996,rolling
novelty_1_tuned_adaptive_burst,hybrid,934,682.0,427.8842802370164,519.4396110859966,519.4396110859966,519.4396110859966,519.4396110859966,True,False,60,False,2,800,0.6367325598765126,126.46689792726556,False,0.09599999999999999,0.0,rolling
novelty_1_tuned_adaptive_burst,hybrid,935,564.0,353.8515162077379,529.795165469629,529.795165469629,529.795165469629,529.795165469629,True,False,60,False,2,600,0.7020863416820197,142.29369301029772,False,0.0912,0.0336,rolling
novelty_1_tuned_adaptive_burst,hybrid,936,616.0,386.47612408504705,490.9742572622531,490.9742572622531,490.9742572622531,490.9742572622531,True,False,60,False,2,800,0.5751132798884628,114.23991619278752,False,0.1104,0.0336,rolling
novelty_1_tuned_adaptive_burst,hybrid,937,552.0,346.32276054374347,492.19716043610424,492.19716043610424,492.19716043610424,492.19716043610424,True,False,60,False,2,600,0.6871483344121895,138.4014996951575,False,0.0912,0.0336,rolling
novelty_1_tuned_adaptive_burst,hybrid,938,766.0,480.58556988497736,468.18120996771813,468.18120996771813,468.18120996771813,468.18120996771813,True,False,60,False,2,600,0.9535427973908281,236.06052918755051,False,0.072,0.0,rolling
novelty_1_tuned_adaptive_burst,hybrid,939,831.0,521.3663297316139,518.0218535514919,518.0218535514919,518.0218535514919,518.0218535514919,True,False,60,False,2,600,1.0344570034357419,279.2552796531471,False,0.072,0.0,rolling
novelty_1_tuned_adaptive_burst,hybrid,940,971.0,609.2018124782154,541.9651701363368,541.9651701363368,541.9651701363368,541.9651701363368,True,False,60,False,2,600,1.208733754917094,397.88091619085213,True,0.072,0.0,rolling
novelty_1_tuned_adaptive_burst,hybrid,941,663.0,415.9637504356919,590.3512575867826,590.3512575867826,590.3512575867826,590.3512575867826,True,False,60,False,2,800,0.6189936762435891,122.69049020427869,False,0.1104,0.0336,rolling
novelty_1_tuned_adaptive_burst,hybrid,942,686.0,430.3938654583479,520.0733272701814,520.0733272701814,520.0733272701814,520.0733272701814,True,False,60,False,2,800,0.64046706169397,127.28930198353284,False,0.09599999999999999,0.0,rolling
novelty_1_tuned_adaptive_burst,hybrid,943,432.0,271.03520390379924,520.848337550764,520.848337550764,520.848337550764,520.848337550764,True,False,60,False,2,600,0.5377682617138874,107.9935519209467,False,0.0912,0.0336,rolling
novelty_1_tuned_adaptive_burst,hybrid,944,561.0,351.96932729173926,450.2141014294575,450.2141014294575,450.2141014294575,450.2141014294575,True,False,60,False,2,600,0.6983518398645621,141.304922833515,False,0.072,0.0,rolling
novelty_1_tuned_adaptive_burst,hybrid,945,958.0,601.0456605088881,466.70767654651536,466.70767654651536,466.70767654651536,466.70767654651536,True,False,60,False,2,600,1.1925509137081114,385.2834728964631,True,0.072,0.0,rolling
novelty_1_tuned_adaptive_burst,hybrid,946,721.0,452.3527361449983,570.6075088440803,570.6075088440803,570.6075088440803,570.6075088440803,True,False,60,False,2,600,0.8975252701289649,210.14052683027296,False,0.072,0.0,rolling
novelty_1_tuned_adaptive_burst,hybrid,947,782.0,490.62391077030327,522.4436579577318,522.4436579577318,522.4436579577318,522.4436579577318,True,False,60,False,2,800,0.7300951053129513,150.0504316411887,False,0.1104,0.0336,rolling
novelty_1_tuned_adaptive_burst,hybrid,948,481.0,301.7776228651098,540.8200786593429,540.8200786593429,540.8200786593429,540.8200786593429,True,False,60,False,2,600,0.5987651247323607,118.64043398210035,False,0.0912,0.0336,rolling
novelty_1_tuned_adaptive_burst,hybrid,949,756.0,474.31160683164865,463.0656989913846,463.0656989913846,463.0656989913846,463.0656989913846,True,False,60,False,2,800,0.7058208434994772,143.29303816891783,False,0.1104,0.0336,rolling
novelty_1_tuned_adaptive_burst,hybrid,950,777.0,487.4869292436389,522.3232677774195,522.3232677774195,522.3232677774195,522.3232677774195,True,False,60,False,2,600,0.9672359707215057,242.88077337652769,False,0.0912,0.0336,rolling
novelty_1_tuned_adaptive_burst,hybrid,951,525.0,329.38306029975604,531.855333098119,531.855333098119,531.855333098119,531.855333098119,True,False,60,False,2,600,0.6535378180550715,130.24405433060718,False,0.072,0.0,rolling
novelty_1_tuned_adaptive_burst,hybrid,952,533.0,334.40223074241896,468.9949695581872,468.9949695581872,468.9949695581872,468.9949695581872,True,False,60,False,2,800,0.4976223671762187,102.1805434966121,False,0.1104,0.0336,rolling
novelty_1_tuned_adaptive_burst,hybrid,953,504.0,316.2077378877658,460.8825161516452,460.8825161516452,460.8825161516452,460.8825161516452,True,False,60,False,2,600,0.6273963053328686,124.45272365224407,False,0.0912,0.0336,rolling
novelty_1_tuned_adaptive_burst,hybrid,954,533.0,334.40223074241896,446.1307333512691,446.1307333512691,446.1307333512691,446.1307333512691,True,False,60,False,2,600,0.6634964895682915,132.57610310308053,False,0.072,0.0,rolling
novelty_1_tuned_adaptive_burst,hybrid,955,717.0,449.84315092366677,446.219261917548,446.219261917548,446.219261917548,446.219261917548,True,False,60,False,2,600,0.8925459343723547,207.98652080756588,False,0.072,0.0,rolling
novelty_1_tuned_adaptive_burst,hybrid,956,666.0,417.8459393516905,490.57428924572423,490.57428924572423,490.57428924572423,490.57428924572423,True,False,60,False,2,600,0.8290594034755764,182.57214883186586,False,0.072,0.0,rolling
novelty_1_tuned_adaptive_burst,hybrid,957,691.0,433.5308469850122,484.29309595339555,484.29309595339555,484.29309595339555,484.29309595339555,True,False,60,False,2,600,0.8601802519543893,194.5620848363182,False,0.072,0.0,rolling
novelty_1_tuned_adaptive_burst,hybrid,958,670.0,420.35552457302197,494.326180940272,494.326180940272,494.326180940272,494.326180940272,True,False,60,False,2,600,0.8340387392321864,184.43141786078502,False,0.072,0.0,rolling
novelty_1_tuned_adaptive_burst,hybrid,959,872.0,547.0895782502614,493.27130382924133,493.27130382924133,493.27130382924133,493.27130382924133,True,False,60,False,2,600,1.0854951949409948,310.22698236188387,False,0.072,0.0,rolling
novelty_1_tuned_adaptive_burst,hybrid,960,854.0,535.7964447542698,550.8858922429476,550.8858922429476,550.8858922429476,550.8858922429476,True,False,60,False,2,600,1.0630881840362496,296.26208134666524,False,0.072,0.0,rolling
novelty_1_tuned_adaptive_burst,hybrid,961,954.0,598.5360752875566,558.6410524478265,558.6410524478265,558.6410524478265,558.6410524478265,True,False,60,False,2,800,0.8906786834636259,207.184937418664,False,0.1104,0.0336,rolling
novelty_1_tuned_adaptive_burst,hybrid,962,876.0,549.5991634715929,597.0710477912635,597.0710477912635,597.0710477912635,597.0710477912635,True,True,60,False,2,800,0.8178558980232037,178.46975900273912,False,0.09599999999999999,0.0,rolling
novelty_1_tuned_adaptive_burst,hybrid,963,719.0,451.09794353433256,587.9830943559691,587.9830943559691,587.9830943559691,587.9830943559691,True,False,60,False,2,950,0.5652856435267325,112.51444705758622,False,0.13319999999999999,0.041999999999999996,rolling
novelty_1_tuned_adaptive_burst,hybrid,964,987.0,619.2401533635414,549.486630339265,549.486630339265,549.486630339265,549.486630339265,True,False,60,False,2,800,0.9214883234576509,220.84518822469903,False,0.11879999999999999,0.041999999999999996,rolling
novelty_1_tuned_adaptive_burst,hybrid,965,919.0,576.5772046009063,620.0141553405547,620.0141553405547,620.0141553405547,620.0141553405547,True,False,60,False,2,800,0.8580017925608724,193.69388075563108,False,0.09599999999999999,0.0,rolling
novelty_1_tuned_adaptive_burst,hybrid,966,796.0,499.4074590449634,610.932848772587,610.932848772587,610.932848772587,610.932848772587,True,False,60,False,2,800,0.7431658616740526,153.88048873492312,False,0.09599999999999999,0.0,rolling
novelty_1_tuned_adaptive_burst,hybrid,967,708.0,444.196584175671,580.5706572269105,580.5706572269105,580.5706572269105,580.5706572269105,True,False,60,False,2,800,0.6610068216899866,131.98647008800015,False,0.09599999999999999,0.0,rolling
novelty_1_tuned_adaptive_burst,hybrid,968,841.0,527.6402927849425,552.0208689218357,552.0208689218357,552.0208689218357,552.0208689218357,True,False,60,False,2,800,0.7851790071204502,167.13217276220468,False,0.09599999999999999,0.0,rolling
novelty_1_tuned_adaptive_burst,hybrid,969,756.0,474.31160683164865,580.530920520066,580.530920520066,580.530920520066,580.530920520066,True,False,60,False,2,800,0.7058208434994772,143.29303816891783,False,0.09599999999999999,0.0,rolling
novelty_1_tuned_adaptive_burst,hybrid,970,789.0,495.01568490763333,556.9602379140115,556.9602379140115,556.9602379140115,556.9602379140115,True,False,60,False,2,800,0.736630483493502,151.9484705199701,False,0.09599999999999999,0.0,rolling
novelty_1_tuned_adaptive_burst,hybrid,971,755.0,473.6842105263158,561.7622864804739,561.7622864804739,561.7622864804739,561.7622864804739,True,False,60,False,2,800,0.7048872180451128,143.04220739854895,False,0.09599999999999999,0.0,rolling
novelty_1_tuned_adaptive_burst,hybrid,972,666.0,417.8459393516905,550.519110397347,550.519110397347,550.519110397347,550.519110397347,True,False,60,False,2,800,0.6217945526066823,123.27262528844341,False,0.09599999999999999,0.0,rolling
novelty_1_tuned_adaptive_burst,hybrid,973,663.0,415.9637504356919,523.0631893417158,523.0631893417158,523.0631893417158,523.0631893417158,True,False,60,False,2,800,0.6189936762435891,122.69049020427869,False,0.09599999999999999,0.0,rolling
novelty_1_tuned_adaptive_burst,hybrid,974,907.0,569.0484489369119,515.2574551463076,515.2574551463076,515.2574551463076,515.2574551463076,True,False,60,False,2,600,1.1290643828113331,339.0768616315291,False,0.0912,0.0336,rolling
novelty_1_tuned_adaptive_burst,hybrid,975,896.0,562.1470895782503,576.9336407394221,576.9336407394221,576.9336407394221,576.9336407394221,True,False,60,False,2,600,1.1153712094806554,329.7645488060244,False,0.072,0.0,rolling
novelty_1_tuned_adaptive_burst,hybrid,976,909.0,570.3032415475776,583.5639631463714,583.5639631463714,583.5639631463714,583.5639631463714,True,False,60,False,2,800,0.8486655380172285,190.02267661172226,False,0.1104,0.0336,rolling
novelty_1_tuned_adaptive_burst,hybrid,977,1086.0,681.3523875914954,595.1333414684123,595.1333414684123,595.1333414684123,595.1333414684123,True,False,60,False,2,800,1.0139172434397252,267.6203890892497,False,0.09599999999999999,0.0,rolling
novelty_1_tuned_adaptive_burst,hybrid,978,1209.0,758.5221331474381,653.8659763156056,653.8659763156056,653.8659763156056,653.8659763156056,True,False,60,False,2,800,1.1287531743265449,338.86268953300765,False,0.09599999999999999,0.0,rolling
novelty_1_tuned_adaptive_burst,hybrid,979,1289.0,808.7138375740676,706.4251645531504,706.4251645531504,706.4251645531504,706.4251645531504,True,False,60,False,2,800,1.2034432106756958,393.7251304627647,True,0.09599999999999999,0.0,rolling
novelty_1_tuned_adaptive_burst,hybrid,980,956.0,599.7908678982224,751.0435619577211,751.0435619577211,751.0435619577211,751.0435619577211,True,True,60,False,3,600,0.7933741638865375,169.88902421601333,False,0.1272,0.040799999999999996,rolling
novelty_1_tuned_adaptive_burst,hybrid,981,997.0,625.51411641687,671.7241821942598,671.7241821942598,671.7241821942598,671.7241821942598,True,False,60,False,2,950,0.7838522762116166,166.69123232916493,False,0.1356,0.044399999999999995,rolling
novelty_1_tuned_adaptive_burst,hybrid,982,1003.0,629.2784942488672,679.2381767128718,679.2381767128718,679.2381767128718,679.2381767128718,True,False,60,False,2,800,0.9364263307274809,227.80643954996802,False,0.11879999999999999,0.041999999999999996,rolling
novelty_1_tuned_adaptive_burst,hybrid,983,951.0,596.6538863715581,679.2653421706418,679.2653421706418,679.2653421706418,679.2653421706418,True,False,60,False,3,600,0.7892247174226958,168.4859952471212,False,0.1272,0.040799999999999996,rolling
novelty_1_tuned_adaptive_burst,hybrid,984,913.0,572.8128267689091,662.698266187348,662.698266187348,662.698266187348,662.698266187348,True,False,60,False,3,600,0.7576889242974988,158.29703599773407,False,0.108,0.0,rolling
novelty_1_tuned_adaptive_burst,hybrid,985,844.0,529.5224817009411,646.441136517441,646.441136517441,646.441136517441,646.441136517441,True,False,60,False,2,800,0.7879798834835432,168.06795186789034,False,0.11759999999999998,0.040799999999999996,rolling
novelty_1_tuned_adaptive_burst,hybrid,986,779.0,488.74172185430467,620.1831688003331,620.1831688003331,620.1831688003331,620.1831688003331,True,False,60,False,2,800,0.7272942289498582,149.24731353812584,False,0.09599999999999999,0.0,rolling
novelty_1_tuned_adaptive_burst,hybrid,987,832.0,521.9937260369467,592.4802780909504,592.4802780909504,592.4802780909504,592.4802780909504,True,False,60,False,2,800,0.7767763780311706,164.36465510331948,False,0.09599999999999999,0.0,rolling
novelty_1_tuned_adaptive_burst,hybrid,988,871.0,546.4621819449286,595.6675954712227,595.6675954712227,595.6675954712227,595.6675954712227,True,False,60,False,2,800,0.8131877707513818,176.79323868881107,False,0.09599999999999999,0.0,rolling
novelty_1_tuned_adaptive_burst,hybrid,989,810.0,508.19100731962357,600.5689858047963,600.5689858047963,600.5689858047963,600.5689858047963,True,False,60,False,2,800,0.7562366180351541,157.84766903064784,False,0.09599999999999999,0.0,rolling
novelty_1_tuned_adaptive_burst,hybrid,990,654.0,410.31718368769606,581.0718936387611,581.0718936387611,581.0718936387611,581.0718936387611,True,False,60,False,2,800,0.6105910471543096,120.97545657759115,False,0.09599999999999999,0.0,rolling
novelty_1_tuned_adaptive_burst,hybrid,991,969.0,607.9470198675497,533.9774418235811,533.9774418235811,533.9774418235811,533.9774418235811,True,False,60,False,2,800,0.9046830652790918,213.27904975473263,False,0.09599999999999999,0.0,rolling
novelty_1_tuned_adaptive_burst,hybrid,992,902.0,565.9114674102475,610.3408440891626,610.3408440891626,610.3408440891626,610.3408440891626,True,False,60,False,2,800,0.8421301598366778,187.50042200815915,False,0.09599999999999999,0.0,rolling
novelty_1_tuned_adaptive_burst,hybrid,993,905.0,567.793656326246,600.0912301742628,600.0912301742628,600.0912301742628,600.0912301742628,True,False,60,False,2,800,0.8449310361997708,188.57661405627871,False,0.09599999999999999,0.0,rolling
novelty_1_tuned_adaptive_burst,hybrid,994,798.0,500.6622516556292,604.8538069452597,604.8538069452597,604.8538069452597,604.8538069452597,True,False,60,False,2,800,0.7450331125827815,154.4387772291851,False,0.09599999999999999,0.0,rolling
novelty_1_tuned_adaptive_burst,hybrid,995,940.0,589.7525270128965,577.7946027210519,577.7946027210519,577.7946027210519,577.7946027210519,True,False,60,False,2,800,0.8776079271025246,201.66736916073774,False,0.09599999999999999,0.0,rolling
novelty_1_tuned_adaptive_burst,hybrid,996,890.0,558.3827117462531,614.6261468866787,614.6261468866787,614.6261468866787,614.6261468866787,True,False,60,False,2,800,0.8309266543843052,183.26676599823273,False,0.09599999999999999,0.0,rolling
novelty_1_tuned_adaptive_burst,hybrid,997,747.0,468.66504008365285,605.8257908775277,605.8257908775277,605.8257908775277,605.8257908775277,True,False,60,False,2,800,0.6974182144101977,141.05937603844586,False,0.09599999999999999,0.0,rolling
novelty_1_tuned_adaptive_burst,hybrid,998,780.0,489.36911815963754,566.770147105538,566.770147105538,566.770147105538,566.770147105538,True,False,60,False,2,800,0.7282278544042226,149.51433373381428,False,0.09599999999999999,0.0,rolling
novelty_1_tuned_adaptive_burst,hybrid,999,821.0,515.0923666782851,568.3010458817125,568.3010458817125,568.3010458817125,568.3010458817125,True,False,60,False,2,800,0.7665064980331623,161.06250642907176,False,0.09599999999999999,0.0,rolling
novelty_1_tuned_adaptive_burst,hybrid,1000,757.0,474.9390031369815,575.7478010757732,575.7478010757732,575.7478010757732,575.7478010757732,True,False,60,False,2,800,0.7067544689538415,143.5445333912705,False,0.09599999999999999,0.0,rolling
novelty_1_tuned_adaptive_burst,hybrid,1001,757.0,474.9390031369815,557.5735800048687,557.5735800048687,557.5735800048687,557.5735800048687,True,False,60,False,2,800,0.7067544689538415,143.5445333912705,False,0.09599999999999999,0.0,rolling
novelty_1_tuned_adaptive_burst,hybrid,1002,927.0,581.5963750435692,552.7463648574048,552.7463648574048,552.7463648574048,552.7463648574048,True,False,60,False,2,800,0.8654707961957875,196.68895725219852,False,0.09599999999999999,0.0,rolling
novelty_1_tuned_adaptive_burst,hybrid,1003,669.0,419.7281282676891,597.3781523280395,597.3781523280395,597.3781523280395,597.3781523280395,True,False,60,False,2,800,0.6245954289697755,123.86002852762255,False,0.09599999999999999,0.0,rolling
novelty_1_tuned_adaptive_burst,hybrid,1004,806.0,505.6814220982921,532.4417505597326,532.4417505597326,532.4417505597326,532.4417505597326,True,False,60,False,2,800,0.7525021162176966,156.7000561579282,False,0.09599999999999999,0.0,rolling
novelty_1_tuned_adaptive_burst,hybrid,1005,639.0,400.906239107703,561.6491934045093,561.6491934045093,561.6491934045093,561.6491934045093,True,False,60,False,2,800,0.5965866653388437,118.22021546012098,False,0.09599999999999999,0.0,rolling
novelty_1_tuned_adaptive_burst,hybrid,1006,666.0,417.8459393516905,516.0174377268472,516.0174377268472,516.0174377268472,516.0174377268472,True,False,60,False,2,800,0.6217945526066823,123.27262528844341,False,0.09599999999999999,0.0,rolling
novelty_1_tuned_adaptive_burst,hybrid,1007,957.0,600.4182642035553,514.4192996261213,514.4192996261213,514.4192996261213,514.4192996261213,True,False,60,False,2,600,1.191306079768959,384.3284679394663,True,0.0912,0.0336,rolling
novelty_1_tuned_adaptive_burst,hybrid,1008,851.0,533.9142558382712,591.0158479880429,591.0158479880429,591.0158479880429,591.0158479880429,True,False,60,False,2,600,1.0593536822187921,293.99096962231,False,0.072,0.0,rolling
novelty_1_tuned_adaptive_burst,hybrid,1009,801.0,502.5444405716278,573.9087381173067,573.9087381173067,573.9087381173067,573.9087381173067,True,False,60,False,2,800,0.7478339889458747,155.28147241271165,False,0.1104,0.0336,rolling
novelty_1_tuned_adaptive_burst,hybrid,1010,1078.0,676.3332171488323,564.2230723625139,564.2230723625139,564.2230723625139,564.2230723625139,True,False,60,False,2,800,1.00644823980481,263.5045508457207,False,0.09599999999999999,0.0,rolling
novelty_1_tuned_adaptive_burst,hybrid,1011,935.0,586.6155454862321,644.5767865637099,644.5767865637099,644.5767865637099,644.5767865637099,True,False,60,False,2,800,0.8729397998307026,199.736177409209,False,0.09599999999999999,0.0,rolling
novelty_1_tuned_adaptive_burst,hybrid,1012,675.0,423.4925060996863,619.4596235758272,619.4596235758272,619.4596235758272,619.4596235758272,True,False,60,False,2,800,0.6301971816959617,125.05073439273602,False,0.09599999999999999,0.0,rolling
novelty_1_tuned_adaptive_burst,hybrid,1013,816.0,511.95538515162076,550.4255966805731,550.4255966805731,550.4255966805731,550.4255966805731,True,False,60,False,2,800,0.7618383707613404,159.59046330301572,False,0.09599999999999999,0.0,rolling
novelty_1_tuned_adaptive_burst,hybrid,1014,916.0,574.6950156849076,577.8983275673422,577.8983275673422,577.8983275673422,577.8983275673422,True,False,60,False,2,800,0.8552009161977792,192.58407851133086,False,0.09599999999999999,0.0,rolling
novelty_1_tuned_adaptive_burst,hybrid,1015,627.0,393.3774834437086,604.5380807472411,604.5380807472411,604.5380807472411,604.5380807472411,True,False,60,False,2,800,0.5853831598864712,116.10714740963752,False,0.09599999999999999,0.0,rolling
novelty_1_tuned_adaptive_burst,hybrid,1016,887.0,556.5005228302545,528.953373438695,528.953373438695,528.953373438695,528.953373438695,True,False,60,False,2,800,0.828125778021212,182.22601138924912,False,0.09599999999999999,0.0,rolling
novelty_1_tuned_adaptive_burst,hybrid,1017,956.0,599.7908678982224,588.3228552409155,588.3228552409155,588.3228552409155,588.3228552409155,True,False,60,False,2,800,0.8925459343723547,207.98652080756588,False,0.09599999999999999,0.0,rolling
novelty_1_tuned_adaptive_burst,hybrid,1018,818.0,513.2101777622865,612.096050554761,612.096050554761,612.096050554761,612.096050554761,True,False,60,False,2,800,0.7637056216700693,160.1771228423003,False,0.09599999999999999,0.0,rolling
novelty_1_tuned_adaptive_burst,hybrid,1019,930.0,583.4785639595679,580.6665069803898,580.6665069803898,580.6665069803898,580.6665069803898,True,False,60,False,2,800,0.8682716725588807,197.82553005598893,False,0.09599999999999999,0.0,rolling
novelty_1_tuned_adaptive_burst,hybrid,1020,1033.0,648.1003834088533,610.9503329235986,610.9503329235986,610.9503329235986,610.9503329235986,True,False,60,False,2,800,0.9644350943584127,241.46987946185388,False,0.09599999999999999,0.0,rolling
novelty_1_tuned_adaptive_burst,hybrid,1021,980.0,614.8483792262113,645.2517807573076,645.2517807573076,645.2517807573076,645.2517807573076,True,False,60,False,2,800,0.9149529452771,217.86968508318608,False,0.09599999999999999,0.0,rolling
novelty_1_tuned_adaptive_burst,hybrid,1022,1016.0,637.4346462181945,639.9677138953957,639.9677138953957,639.9677138953957,639.9677138953957,True,False,60,False,2,800,0.948563461634218,233.62846114241623,False,0.09599999999999999,0.0,rolling
novelty_1_tuned_adaptive_burst,hybrid,1023,1093.0,685.7441617288254,656.185058692753,656.185058692753,656.185058692753,656.185058692753,True,False,60,False,2,800,1.0204526216202758,271.2718429252829,False,0.09599999999999999,0.0,rolling
novelty_1_tuned_adaptive_burst,hybrid,1024,1014.0,636.1798536075288,684.824146215391,684.824146215391,684.824146215391,684.824146215391,True,False,60,False,2,800,0.9466962107254893,232.72299121318997,False,0.09599999999999999,0.0,rolling
novelty_1_tuned_adaptive_burst,hybrid,1025,990.0,621.1223422795399,670.2734793173531,670.2734793173531,670.2734793173531,670.2734793173531,True,False,60,False,3,600,0.8215903998406613,179.82482855040098,False,0.1272,0.040799999999999996,rolling
novelty_1_tuned_adaptive_burst,hybrid,1026,784.0,491.878703380969,666.1846925973223,666.1846925973223,666.1846925973223,666.1846925973223,True,False,60,False,2,800,0.73196235622168,150.58927876259128,False,0.11759999999999998,0.040799999999999996,rolling
novelty_1_tuned_adaptive_burst,hybrid,1027,840.0,527.0128964796096,606.570962503698,606.570962503698,606.570962503698,606.570962503698,True,False,60,False,2,800,0.7842453816660857,166.8217258832892,False,0.09599999999999999,0.0,rolling
novelty_1_tuned_adaptive_burst,hybrid,1028,1312.0,823.1439525967236,609.2307690798971,609.2307690798971,609.2307690798971,609.2307690798971,True,False,60,False,2,800,1.2249165961260768,410.8202318147408,True,0.09599999999999999,0.0,rolling
novelty_1_tuned_adaptive_burst,hybrid,1029,1357.0,851.3767863367027,742.3307712007436,742.3307712007436,742.3307712007436,742.3307712007436,True,False,60,False,2,800,1.2669297415724743,446.0413087735521,True,0.09599999999999999,0.0,rolling
novelty_1_tuned_adaptive_burst,hybrid,1030,961.0,602.9278494248867,779.4883008596107,779.4883008596107,779.4883008596107,779.4883008596107,True,False,60,False,2,900,0.7975236103503793,171.30680624598682,False,0.1272,0.040799999999999996,rolling
novelty_1_tuned_adaptive_burst,hybrid,1031,1196.0,750.3659811781108,681.4669965583507,681.4669965583507,681.4669965583507,681.4669965583507,True,False,60,False,3,700,0.850755080700806,190.8373565103216,False,0.1476,0.046799999999999994,rolling
novelty_1_tuned_adaptive_burst,hybrid,1032,968.0,607.3196235622169,744.2349541927297,744.2349541927297,744.2349541927297,744.2349541927297,True,False,60,False,3,600,0.8033328353997577,173.3166331438942,False,0.13319999999999999,0.046799999999999994,rolling
novelty_1_tuned_adaptive_burst,hybrid,1033,912.0,572.1854304635762,683.8810135405774,683.8810135405774,683.8810135405774,683.8810135405774,True,False,60,False,2,900,0.7568590350047304,158.04004374364618,False,0.1296,0.0432,rolling
novelty_1_tuned_adaptive_burst,hybrid,1034,1040.0,652.4921575461833,659.4726570713892,659.4726570713892,659.4726570713892,659.4726570713892,True,False,60,False,3,600,0.8630848644790784,195.72655021031477,False,0.1296,0.0432,rolling
novelty_1_tuned_adaptive_burst,hybrid,1035,996.0,624.8867201115371,687.0070641437514,687.0070641437514,687.0070641437514,687.0070641437514,True,False,60,False,2,800,0.9298909525469302,224.73333579483463,False,0.11759999999999998,0.040799999999999996,rolling
novelty_1_tuned_adaptive_burst,hybrid,1036,1044.0,655.0017427675149,674.0675882525666,674.0675882525666,674.0675882525666,674.0675882525666,True,False,60,False,3,600,0.866404421650152,197.0669989368946,False,0.1272,0.040799999999999996,rolling
novelty_1_tuned_adaptive_burst,hybrid,1037,899.0,564.0292784942488,686.463225165593,686.463225165593,686.463225165593,686.463225165593,True,False,60,False,2,800,0.8393292834735846,186.4313649087227,False,0.11759999999999998,0.040799999999999996,rolling
novelty_1_tuned_adaptive_burst,hybrid,1038,940.0,589.7525270128965,645.323547658154,645.323547658154,645.323547658154,645.323547658154,True,False,60,False,3,600,0.7800959352022441,165.45088204430414,False,0.1272,0.040799999999999996,rolling
novelty_1_tuned_adaptive_burst,hybrid,1039,885.0,555.2457302195887,647.7463789644444,647.7463789644444,647.7463789644444,647.7463789644444,True,False,60,False,2,800,0.8262585271124833,181.53607439062534,False,0.11759999999999998,0.040799999999999996,rolling
novelty_1_tuned_adaptive_burst,hybrid,1040,881.0,552.7361449982573,626.9509802129642,626.9509802129642,626.9509802129642,626.9509802129642,True,False,60,False,2,800,0.8225240252950257,180.16552733048366,False,0.09599999999999999,0.0,rolling
novelty_1_tuned_adaptive_burst,hybrid,1041,801.0,502.5444405716278,620.2680367730118,620.2680367730118,620.2680367730118,620.2680367730118,True,False,60,False,2,800,0.7478339889458747,155.28147241271165,False,0.09599999999999999,0.0,rolling
novelty_1_tuned_adaptive_burst,hybrid,1042,748.0,469.2924363889857,592.2647847255903,592.2647847255903,592.2647847255903,592.2647847255903,True,False,60,False,2,800,0.6983518398645621,141.304922833515,False,0.09599999999999999,0.0,rolling
novelty_1_tuned_adaptive_burst,hybrid,1043,741.0,464.90066225165566,569.4968799292042,569.4968799292042,569.4968799292042,569.4968799292042,True,False,60,False,2,800,0.6918164616840115,139.59985188502904,False,0.09599999999999999,0.0,rolling
novelty_1_tuned_adaptive_burst,hybrid,1044,824.0,516.9745555942837,558.4252219225295,558.4252219225295,558.4252219225295,558.4252219225295,True,False,60,False,2,800,0.7693073743962555,161.95438424297072,False,0.09599999999999999,0.0,rolling
novelty_1_tuned_adaptive_burst,hybrid,1045,927.0,581.5963750435692,573.8411134671132,573.8411134671132,573.8411134671132,573.8411134671132,True,False,60,False,2,800,0.8654707961957875,196.68895725219852,False,0.09599999999999999,0.0,rolling
novelty_1_tuned_adaptive_burst,hybrid,1046,699.0,438.55001742767513,602.4446065335596,602.4446065335596,602.4446065335596,602.4446065335596,True,False,60,False,2,800,0.652604192600707,130.02903013936532,False,0.09599999999999999,0.0,rolling
novelty_1_tuned_adaptive_burst,hybrid,1047,549.0,344.4405716277449,544.0136334984472,544.0136334984472,544.0136334984472,544.0136334984472,True,False,60,False,2,800,0.512560374446049,104.23860324313509,False,0.09599999999999999,0.0,rolling
novelty_1_tuned_adaptive_burst,hybrid,1048,842.0,528.2676890902753,495.22791519140947,495.22791519140947,495.22791519140947,495.22791519140947,True,False,60,False,2,800,0.7861126325748145,167.44335880000682,False,0.09599999999999999,0.0,rolling
novelty_1_tuned_adaptive_burst,hybrid,1049,738.0,463.018473335657,560.1189448653558,560.1189448653558,560.1189448653558,560.1189448653558,True,False,60,False,2,600,0.9186874470945575,219.5647852968437,False,0.0912,0.0336,rolling
novelty_1_tuned_adaptive_burst,hybrid,1050,754.0,473.0568142209829,536.2368709747566,536.2368709747566,536.2368709747566,536.2368709747566,True,False,60,False,2,800,0.7039535925907484,142.79204020125914,False,0.1104,0.0336,rolling
novelty_1_tuned_adaptive_burst,hybrid,1051,595.0,373.3008016730568,539.2807749675994,539.2807749675994,539.2807749675994,539.2807749675994,True,False,60,False,2,800,0.5555071453468108,110.85612986578414,False,0.09599999999999999,0.0,rolling
novelty_1_tuned_adaptive_burst,hybrid,1052,727.0,456.1171139769955,495.9853690724226,495.9853690724226,495.9853690724226,495.9853690724226,True,False,60,False,2,800,0.6787457053229099,136.285144980397,False,0.09599999999999999,0.0,rolling
novelty_1_tuned_adaptive_burst,hybrid,1053,876.0,549.5991634715929,522.935935548403,522.935935548403,522.935935548403,522.935935548403,True,False,60,False,2,600,1.090474530697605,313.4097991176038,False,0.0912,0.0336,rolling
novelty_1_tuned_adaptive_burst,hybrid,1054,704.0,441.6869989543395,565.1797396005072,565.1797396005072,565.1797396005072,565.1797396005072,True,False,60,False,2,600,0.876363093163372,201.1503697014644,False,0.072,0.0,rolling
novelty_1_tuned_adaptive_burst,hybrid,1055,831.0,521.3663297316139,526.2781538368108,526.2781538368108,526.2781538368108,526.2781538368108,True,False,60,False,2,800,0.7758427525768063,164.06082110367143,False,0.1104,0.0336,rolling
novelty_1_tuned_adaptive_burst,hybrid,1056,789.0,495.01568490763333,558.7340122589899,558.7340122589899,558.7340122589899,558.7340122589899,True,False,60,False,2,800,0.736630483493502,151.9484705199701,False,0.09599999999999999,0.0,rolling
novelty_1_tuned_adaptive_burst,hybrid,1057,859.0,538.9334262809341,552.568585239268,552.568585239268,552.568585239268,552.568585239268,True,False,60,False,2,800,0.8019842652990091,172.8474644110089,False,0.09599999999999999,0.0,rolling
novelty_1_tuned_adaptive_burst,hybrid,1058,781.0,489.9965144649704,574.6513569610979,574.6513569610979,574.6513569610979,574.6513569610979,True,False,60,False,2,800,0.7291614798585869,149.78203947520035,False,0.09599999999999999,0.0,rolling
novelty_1_tuned_adaptive_burst,hybrid,1059,689.0,432.2760543743465,557.606573512976,557.606573512976,557.606573512976,557.606573512976,True,False,60,False,2,800,0.6432679380570632,127.91243270041235,False,0.09599999999999999,0.0,rolling
novelty_1_tuned_adaptive_burst,hybrid,1060,559.0,350.71453468107353,531.7163027898687,531.7163027898687,531.7163027898687,531.7163027898687,True,False,60,False,2,800,0.5218966289896928,105.58738950080729,False,0.09599999999999999,0.0,rolling
novelty_1_tuned_adaptive_burst,hybrid,1061,823.0,516.3471592889508,490.61975767149534,490.61975767149534,490.61975767149534,490.61975767149534,True,False,60,False,2,800,0.7683737489418911,161.65636859270455,False,0.09599999999999999,0.0,rolling
novelty_1_tuned_adaptive_burst,hybrid,1062,848.0,532.0320669222726,551.0028867410388,551.0028867410388,551.0028867410388,551.0028867410388,True,False,60,False,2,600,1.0556191804013346,291.7358141205499,False,0.0912,0.0336,rolling
novelty_1_tuned_adaptive_burst,hybrid,1063,841.0,527.6402927849425,563.6446744908271,563.6446744908271,563.6446744908271,563.6446744908271,True,False,60,False,2,800,0.7851790071204502,167.13217276220468,False,0.1104,0.0336,rolling
novelty_1_tuned_adaptive_burst,hybrid,1064,995.0,624.2593238062043,567.594864393955,567.594864393955,567.594864393955,567.594864393955,True,False,60,False,2,800,0.928957327092566,224.29782956039676,False,0.09599999999999999,0.0,rolling
novelty_1_tuned_adaptive_burst,hybrid,1065,881.0,552.7361449982573,616.6629300652621,616.6629300652621,616.6629300652621,616.6629300652621,True,False,60,False,2,800,0.8225240252950257,180.16552733048366,False,0.09599999999999999,0.0,rolling
novelty_1_tuned_adaptive_burst,hybrid,1066,796.0,499.4074590449634,596.2452949401832,596.2452949401832,596.2452949401832,596.2452949401832,True,False,60,False,2,800,0.7431658616740526,153.88048873492312,False,0.09599999999999999,0.0,rolling
novelty_1_tuned_adaptive_burst,hybrid,1067,832.0,521.9937260369467,575.3065550498313,575.3065550498313,575.3065550498313,575.3065550498313,True,False,60,False,2,800,0.7767763780311706,164.36465510331948,False,0.09599999999999999,0.0,rolling
novelty_1_tuned_adaptive_burst,hybrid,1068,822.0,515.719762983618,582.3073921445393,582.3073921445393,582.3073921445393,582.3073921445393,True,False,60,False,2,800,0.7674401234875268,161.35907628103985,False,0.09599999999999999,0.0,rolling
novelty_1_tuned_adaptive_burst,hybrid,1069,899.0,564.0292784942488,579.1423273200999,579.1423273200999,579.1423273200999,579.1423273200999,True,False,60,False,2,800,0.8393292834735846,186.4313649087227,False,0.09599999999999999,0.0,rolling
novelty_1_tuned_adaptive_burst,hybrid,1070,886.0,555.8731265249215,600.426800642851,600.426800642851,600.426800642851,600.426800642851,True,False,60,False,2,800,0.8271921525668475,181.88065353513716,False,0.09599999999999999,0.0,rolling
novelty_1_tuned_adaptive_burst,hybrid,1071,872.0,547.0895782502614,601.0979897457328,601.0979897457328,601.0979897457328,601.0979897457328,True,False,60,False,2,800,0.8141213962057462,177.12700818391977,False,0.09599999999999999,0.0,rolling
novelty_1_tuned_adaptive_burst,hybrid,1072,803.0,503.7992331822935,598.9235008157939,598.9235008157939,598.9235008157939,598.9235008157939,True,False,60,False,2,800,0.7497012398546035,155.84678775037372,False,0.09599999999999999,0.0,rolling
novelty_1_tuned_adaptive_burst,hybrid,1073,917.0,575.3224119902405,579.8357930616671,579.8357930616671,579.8357930616671,579.8357930616671,True,False,60,False,2,800,0.8561345416521436,192.95320634414904,False,0.09599999999999999,0.0,rolling
novelty_1_tuned_adaptive_burst,hybrid,1074,1014.0,636.1798536075288,608.4724000504839,608.4724000504839,608.4724000504839,608.4724000504839,True,False,60,False,2,800,0.9466962107254893,232.72299121318997,False,0.09599999999999999,0.0,rolling
novelty_1_tuned_adaptive_burst,hybrid,1075,983.0,616.7305681422098,639.9066879468237,639.9066879468237,639.9066879468237,639.9066879468237,True,False,60,False,2,800,0.9177538216401931,219.1397151772942,False,0.09599999999999999,0.0,rolling
novelty_1_tuned_adaptive_burst,hybrid,1076,928.0,582.2237713489021,639.8472033008202,639.8472033008202,639.8472033008202,639.8472033008202,True,False,60,False,2,800,0.866404421650152,197.0669989368946,False,0.09599999999999999,0.0,rolling
novelty_1_tuned_adaptive_burst,hybrid,1077,949.0,595.3990937608924,629.4315140341632,629.4315140341632,629.4315140341632,629.4315140341632,True,False,60,False,2,800,0.8860105561918041,205.1956368802187,False,0.09599999999999999,0.0,rolling
novelty_1_tuned_adaptive_burst,hybrid,1078,1154.0,724.0153363541303,636.2078026109211,636.2078026109211,636.2078026109211,636.2078026109211,True,False,60,False,2,800,1.0774037743365035,305.1168395326748,False,0.09599999999999999,0.0,rolling
novelty_1_tuned_adaptive_burst,hybrid,1079,990.0,621.1223422795399,698.3564456069898,698.3564456069898,698.3564456069898,698.3564456069898,True,False,60,False,2,800,0.9242891998207439,222.13339846336387,False,0.09599999999999999,0.0,rolling
novelty_1_tuned_adaptive_burst,hybrid,1080,1004.0,629.9058905542,663.0379307408839,663.0379307408839,663.0379307408839,663.0379307408839,True,False,60,False,3,600,0.833208849939418,184.11999236685313,False,0.1272,0.040799999999999996,rolling
novelty_1_tuned_adaptive_burst,hybrid,1081,972.0,609.8292087835483,667.8999696932551,667.8999696932551,667.8999696932551,667.8999696932551,True,False,60,False,2,800,0.907483941642185,214.52077208495953,False,0.11759999999999998,0.040799999999999996,rolling
novelty_1_tuned_adaptive_burst,hybrid,1082,973.0,610.4566050888811,659.6176358442399,659.6176358442399,659.6176358442399,659.6176358442399,True,False,60,False,2,800,0.9084175670965493,214.93638694731092,False,0.09599999999999999,0.0,rolling
novelty_1_tuned_adaptive_burst,hybrid,1083,932.0,584.7333565702336,658.8337389910357,658.8337389910357,658.8337389910357,658.8337389910357,True,False,60,False,2,800,0.8701389234676095,198.58733070071784,False,0.09599999999999999,0.0,rolling
novelty_1_tuned_adaptive_burst,hybrid,1084,730.0,457.9993028929941,645.5515641068832,645.5515641068832,645.5515641068832,645.5515641068832,True,False,60,False,2,800,0.6815465816860031,136.98481423769627,False,0.09599999999999999,0.0,rolling
novelty_1_tuned_adaptive_burst,hybrid,1085,698.0,437.92262112234226,584.294612812404,584.294612812404,584.294612812404,584.294612812404,True,False,60,False,2,800,0.6516705671463426,129.81462030253707,False,0.09599999999999999,0.0,rolling
novelty_1_tuned_adaptive_burst,hybrid,1086,1049.0,658.1387242941792,560.3981614587829,560.3981614587829,560.3981614587829,560.3981614587829,True,False,60,False,2,800,0.9793731016282428,249.08964840611586,False,0.09599999999999999,0.0,rolling
novelty_1_tuned_adaptive_burst,hybrid,1087,953.0,597.9086789822238,646.8766508244562,646.8766508244562,646.8766508244562,646.8766508244562,True,False,60,False,2,800,0.8897450580092616,206.7854038763491,False,0.09599999999999999,0.0,rolling
novelty_1_tuned_adaptive_burst,hybrid,1088,974.0,611.084001394214,629.2329268313515,629.2329268313515,629.2329268313515,629.2329268313515,True,False,60,False,2,800,0.9093511925509138,215.3528569839749,False,0.09599999999999999,0.0,rolling
novelty_1_tuned_adaptive_burst,hybrid,1089,936.0,587.242941791565,637.8758773156933,637.8758773156933,637.8758773156933,637.8758773156933,True,False,60,False,2,800,0.8738734252850671,200.1207686920311,False,0.09599999999999999,0.0,rolling
novelty_1_tuned_adaptive_burst,hybrid,1090,883.0,553.990937608923,630.7176828618813,630.7176828618813,630.7176828618813,630.7176828618813,True,False,60,False,2,800,0.8243912762037544,180.8492487147828,False,0.09599999999999999,0.0,rolling
novelty_1_tuned_adaptive_burst,hybrid,1091,784.0,491.878703380969,616.1382128720943,616.1382128720943,616.1382128720943,616.1382128720943,True,False,60,False,2,800,0.73196235622168,150.58927876259128,False,0.09599999999999999,0.0,rolling
novelty_1_tuned_adaptive_burst,hybrid,1092,868.0,544.57999302893,585.4129000744174,585.4129000744174,585.4129000744174,585.4129000744174,True,False,60,False,2,800,0.8103868943882886,175.79651984403958,False,0.09599999999999999,0.0,rolling
novelty_1_tuned_adaptive_burst,hybrid,1093,962.0,603.5552457302196,601.1075265553754,601.1075265553754,601.1075265553754,601.1075265553754,True,False,60,False,2,800,0.898147687098541,210.41146468958866,False,0.09599999999999999,0.0,rolling
novelty_1_tuned_adaptive_burst,hybrid,1094,885.0,555.2457302195887,626.9159637452358,626.9159637452358,626.9159637452358,626.9159637452358,True,False,60,False,2,800,0.8262585271124833,181.53607439062534,False,0.09599999999999999,0.0,rolling
novelty_1_tuned_adaptive_burst,hybrid,1095,984.0,617.3579644475427,610.2090145538496,610.2090145538496,610.2090145538496,610.2090145538496,True,False,60,False,2,800,0.9186874470945576,219.56478529684375,False,0.09599999999999999,0.0,rolling
novelty_1_tuned_adaptive_burst,hybrid,1096,1046.0,656.2565353781806,638.6680586702032,638.6680586702032,638.6680586702032,638.6680586702032,True,False,60,False,2,800,0.9765722252651498,247.6430718378834,False,0.09599999999999999,0.0,rolling
novelty_1_tuned_adaptive_burst,hybrid,1097,956.0,599.7908678982224,661.4034756983874,661.4034756983874,661.4034756983874,661.4034756983874,True,False,60,False,2,800,0.8925459343723547,207.98652080756588,False,0.09599999999999999,0.0,rolling
novelty_1_tuned_adaptive_burst,hybrid,1098,981.0,615.4757755315441,642.8588603539874,642.8588603539874,642.8588603539874,642.8588603539874,True,False,60,False,2,800,0.9158865707314644,218.29216594937014,False,0.09599999999999999,0.0,rolling
novelty_1_tuned_adaptive_burst,hybrid,1099,1033.0,648.1003834088533,650.8062980542882,650.8062980542882,650.8062980542882,650.8062980542882,True,False,60,False,2,800,0.9644350943584127,241.46987946185388,False,0.09599999999999999,0.0,rolling
novelty_1_tuned_adaptive_burst,hybrid,1100,944.0,592.262112234228,668.0028516397033,668.0028516397033,668.0028516397033,668.0028516397033,True,False,60,False,2,800,0.881342428919982,203.2271883567411,False,0.09599999999999999,0.0,rolling
novelty_1_tuned_adaptive_burst,hybrid,1101,945.0,592.8895085395608,646.7428946609325,646.7428946609325,646.7428946609325,646.7428946609325,True,False,60,False,2,800,0.8822760543743464,203.6192151736676,False,0.09599999999999999,0.0,rolling
novelty_1_tuned_adaptive_burst,hybrid,1102,948.0,594.7716974555594,645.6419229699623,645.6419229699623,645.6419229699623,645.6419229699623,True,False,60,False,2,800,0.8850769307374396,204.8002825299447,False,0.09599999999999999,0.0,rolling
novelty_1_tuned_adaptive_burst,hybrid,1103,906.0,568.421052631579,644.9115382153086,644.9115382153086,644.9115382153086,644.9115382153086,True,False,60,False,2,800,0.8458646616541353,188.93693438469256,False,0.09599999999999999,0.0,rolling
novelty_1_tuned_adaptive_burst,hybrid,1104,1135.0,712.0948065528058,631.3120476648637,631.3120476648637,631.3120476648637,631.3120476648637,True,False,60,False,2,800,1.0596648907035802,294.1796187177921,False,0.09599999999999999,0.0,rolling
novelty_1_tuned_adaptive_burst,hybrid,1105,852.0,534.5416521436041,695.2117548758779,695.2117548758779,695.2117548758779,695.2117548758779,True,False,60,False,2,800,0.7954488871184585,170.59606627584236,False,0.09599999999999999,0.0,rolling
novelty_1_tuned_adaptive_burst,hybrid,1106,673.0,422.23771348902056,623.199112601269,623.199112601269,623.199112601269,623.199112601269,True,False,60,False,3,600,0.558515494033096,111.36015364908093,False,0.1272,0.040799999999999996,rolling
novelty_1_tuned_adaptive_burst,hybrid,1107,705.0,442.3143952596724,564.6123235096211,564.6123235096211,564.6123235096211,564.6123235096211,True,False,60,False,2,800,0.6582059453268935,131.32842136468622,False,0.11759999999999998,0.040799999999999996,rolling
novelty_1_tuned_adaptive_burst,hybrid,1108,882.0,553.3635413035901,556.0778903592436,556.0778903592436,556.0778903592436,556.0778903592436,True,False,60,False,2,800,0.82345765074939,180.50700042564267,False,0.09599999999999999,0.0,rolling
novelty_1_tuned_adaptive_burst,hybrid,1109,828.0,519.4841408156152,593.8475579663364,593.8475579663364,593.8475579663364,593.8475579663364,True,False,60,False,2,800,0.7730418762137131,163.1536978081442,False,0.09599999999999999,0.0,rolling
novelty_1_tuned_adaptive_burst,hybrid,1110,790.0,495.6430812129662,579.8994922068814,579.8994922068814,579.8994922068814,579.8994922068814,True,False,60,False,2,800,0.7375641089478664,152.22238572334763,False,0.09599999999999999,0.0,rolling
novelty_1_tuned_adaptive_burst,hybrid,1111,819.0,513.8375740676194,567.9834893868938,567.9834893868938,567.9834893868938,567.9834893868938,True,False,60,False,2,800,0.7646392471244335,160.47153058860675,False,0.09599999999999999,0.0,rolling
novelty_1_tuned_adaptive_burst,hybrid,1112,813.0,510.07319623562216,573.0591191592671,573.0591191592671,573.0591191592671,573.0591191592671,True,False,60,False,2,800,0.7590374943982473,158.71585069383875,False,0.09599999999999999,0.0,rolling
novelty_1_tuned_adaptive_burst,hybrid,1113,678.0,425.3746950156849,570.7230583710134,570.7230583710134,570.7230583710134,570.7230583710134,True,False,60,False,2,800,0.6329980580590548,125.65408447952635,False,0.09599999999999999,0.0,rolling
novelty_1_tuned_adaptive_burst,hybrid,1114,569.0,356.98849773440224,532.6371347431441,532.6371347431441,532.6371347431441,532.6371347431441,True,False,60,False,2,800,0.5312328835333366,106.98530653347214,False,0.09599999999999999,0.0,rolling
novelty_1_tuned_adaptive_burst,hybrid,1115,863.0,541.4430115022656,494.2430469329829,494.2430469329829,494.2430469329829,494.2430469329829,True,False,60,False,2,800,0.8057187671164666,174.1505678369853,False,0.09599999999999999,0.0,rolling
novelty_1_tuned_adaptive_burst,hybrid,1116,905.0,567.793656326246,562.7756206707127,562.7756206707127,562.7756206707127,562.7756206707127,True,False,60,False,2,600,1.1265747149330279,337.36678887414223,False,0.0912,0.0336,rolling
novelty_1_tuned_adaptive_burst,hybrid,1117,797.0,500.03485535029625,582.7841844609675,582.7841844609675,582.7841844609675,582.7841844609675,True,False,60,False,2,800,0.744099487128417,154.159282738515,False,0.1104,0.0336,rolling
novelty_1_tuned_adaptive_burst,hybrid,1118,690.0,432.90345067967934,561.3437987502703,561.3437987502703,561.3437987502703,561.3437987502703,True,False,60,False,2,800,0.6442015635114275,128.12135289823158,False,0.09599999999999999,0.0,rolling
novelty_1_tuned_adaptive_burst,hybrid,1119,778.0,488.1143255489718,531.981912571558,531.981912571558,531.981912571558,531.981912571558,True,False,60,False,2,800,0.7263606034954938,148.9809780092302,False,0.09599999999999999,0.0,rolling
novelty_1_tuned_adaptive_burst,hybrid,1120,693.0,434.78563959567794,550.2555235752789,550.2555235752789,550.2555235752789,550.2555235752789,True,False,60,False,2,800,0.6470024398745208,128.75175567293383,False,0.09599999999999999,0.0,rolling
novelty_1_tuned_adaptive_burst,hybrid,1121,769.0,482.46775880097596,527.0640495667835,527.0640495667835,527.0640495667835,527.0640495667835,True,False,60,False,2,800,0.7179579744062142,146.6146232355647,False,0.09599999999999999,0.0,rolling
novelty_1_tuned_adaptive_burst,hybrid,1122,870.0,545.8347856395957,543.4245187573388,543.4245187573388,543.4245187573388,543.4245187573388,True,False,60,False,2,800,0.8122541452970173,176.46023471973123,False,0.09599999999999999,0.0,rolling
novelty_1_tuned_adaptive_burst,hybrid,1123,683.0,428.5116765423493,572.6807293786974,572.6807293786974,572.6807293786974,572.6807293786974,True,False,60,False,2,800,0.6376661853308769,126.67159762452103,False,0.09599999999999999,0.0,rolling
novelty_1_tuned_adaptive_burst,hybrid,1124,866.0,543.3252004182642,527.63695654807,527.63695654807,527.63695654807,527.63695654807,True,False,60,False,2,800,0.8085196434795598,175.13585652560687,False,0.09599999999999999,0.0,rolling
novelty_1_tuned_adaptive_burst,hybrid,1125,821.0,515.0923666782851,573.6406959675014,573.6406959675014,573.6406959675014,573.6406959675014,True,False,60,False,2,800,0.7665064980331623,161.06250642907176,False,0.09599999999999999,0.0,rolling
novelty_1_tuned_adaptive_burst,hybrid,1126,693.0,434.78563959567794,566.5170122415125,566.5170122415125,566.5170122415125,566.5170122415125,True,False,60,False,2,800,0.6470024398745208,128.75175567293383,False,0.09599999999999999,0.0,rolling
novelty_1_tuned_adaptive_burst,hybrid,1127,1020.0,639.944231439526,532.7923246455111,532.7923246455111,532.7923246455111,532.7923246455111,True,False,60,False,2,800,0.9522979634516756,235.4501236387026,False,0.09599999999999999,0.0,rolling
novelty_1_tuned_adaptive_burst,hybrid,1128,736.0,461.7636807249913,619.73898466637,619.73898466637,619.73898466637,619.73898466637,True,False,60,False,2,800,0.6871483344121894,138.4014996951575,False,0.09599999999999999,0.0,rolling
novelty_1_tuned_adaptive_burst,hybrid,1129,642.0,402.78842802370167,553.71695198422,553.71695198422,553.71695198422,553.71695198422,True,False,60,False,2,800,0.599387541701937,118.76105959957809,False,0.09599999999999999,0.0,rolling
novelty_1_tuned_adaptive_burst,hybrid,1130,691.0,433.5308469850122,522.8440594656081,522.8440594656081,522.8440594656081,522.8440594656081,True,False,60,False,2,800,0.6451351889657919,128.33087954032175,False,0.09599999999999999,0.0,rolling
novelty_1_tuned_adaptive_burst,hybrid,1131,650.0,407.8075984663646,526.5507717286164,526.5507717286164,526.5507717286164,526.5507717286164,True,False,60,False,2,600,0.8091420604491361,175.35573900386044,False,0.0912,0.0336,rolling
novelty_1_tuned_adaptive_burst,hybrid,1132,757.0,474.9390031369815,510.27502601362403,510.27502601362403,510.27502601362403,510.27502601362403,True,False,60,False,2,800,0.7067544689538415,143.5445333912705,False,0.1104,0.0336,rolling
novelty_1_tuned_adaptive_burst,hybrid,1133,1150.0,721.5057511327989,533.233763334274,533.233763334274,533.233763334274,533.233763334274,True,False,60,False,2,600,1.4315590300253946,608.0806902412246,True,0.0912,0.0336,rolling
novelty_1_tuned_adaptive_burst,hybrid,1134,1267.0,794.9111188567446,648.5003167489731,648.5003167489731,648.5003167489731,648.5003167489731,True,False,60,False,2,800,1.1829034506796794,377.934228970429,True,0.1104,0.0336,rolling
novelty_1_tuned_adaptive_burst,hybrid,1135,920.0,577.2046009062391,708.6031695795737,708.6031695795737,708.6031695795737,708.6031695795737,True,False,60,False,2,800,0.8589354180152368,194.0654290921045,False,0.09599999999999999,0.0,rolling
novelty_1_tuned_adaptive_burst,hybrid,1136,852.0,534.5416521436041,632.65765297288,632.65765297288,632.65765297288,632.65765297288,True,False,60,False,3,600,0.7070656774386298,143.62851293996061,False,0.1272,0.040799999999999996,rolling
novelty_1_tuned_adaptive_burst,hybrid,1137,992.0,622.3771348902056,613.7247257126255,613.7247257126255,613.7247257126255,613.7247257126255,True,False,60,False,2,800,0.9261564507294727,222.99655440276464,False,0.11759999999999998,0.040799999999999996,rolling
novelty_1_tuned_adaptive_burst,hybrid,1138,1035.0,649.355176019519,648.4859152030986,648.4859152030986,648.4859152030986,648.4859152030986,True,False,60,False,2,800,0.9663023452671414,242.40956603153163,False,0.09599999999999999,0.0,rolling
novelty_1_tuned_adaptive_burst,hybrid,1139,975.0,611.7113976995469,665.6551588336279,665.6551588336279,665.6551588336279,665.6551588336279,True,False,60,False,2,800,0.910284818005278,215.77018307385597,False,0.09599999999999999,0.0,rolling
novelty_1_tuned_adaptive_burst,hybrid,1140,862.0,540.8156151969328,654.5585028259202,654.5585028259202,654.5585028259202,654.5585028259202,True,False,60,False,2,800,0.8047851416621024,173.82365643556653,False,0.09599999999999999,0.0,rolling
novelty_1_tuned_adaptive_burst,hybrid,1141,1033.0,648.1003834088533,623.1033591792002,623.1033591792002,623.1033591792002,623.1033591792002,True,False,60,False,2,800,0.9644350943584127,241.46987946185388,False,0.09599999999999999,0.0,rolling
novelty_1_tuned_adaptive_burst,hybrid,1142,1157.0,725.897525270129,666.6055645299366,666.6055645299366,666.6055645299366,666.6055645299366,True,False,60,False,2,800,1.0802046506995968,306.8770848981173,False,0.09599999999999999,0.0,rolling
novelty_1_tuned_adaptive_burst,hybrid,1143,1020.0,639.944231439526,708.3546345404011,708.3546345404011,708.3546345404011,708.3546345404011,True,False,60,False,2,800,0.9522979634516756,235.4501236387026,False,0.09599999999999999,0.0,rolling
novelty_1_tuned_adaptive_burst,hybrid,1144,1129.0,708.3304287208086,677.7775517006803,677.7775517006803,677.7775517006803,677.7775517006803,True,False,60,False,3,600,0.9369450115354612,228.05218285961735,False,0.1272,0.040799999999999996,rolling
novelty_1_tuned_adaptive_burst,hybrid,1145,1221.0,766.0508888114326,709.8603908184268,709.8603908184268,709.8603908184268,709.8603908184268,True,False,60,False,3,600,1.013294826470149,267.27507557642446,False,0.108,0.0,rolling
novelty_1_tuned_adaptive_burst,hybrid,1146,919.0,576.5772046009063,745.1145563022974,745.1145563022974,745.1145563022974,745.1145563022974,True,False,60,False,3,600,0.7626682600541088,159.85084629202075,False,0.108,0.0,rolling
novelty_1_tuned_adaptive_burst,hybrid,1147,850.0,533.2868595329384,666.9142103692811,666.9142103692811,666.9142103692811,666.9142103692811,True,False,60,False,2,900,0.7054058988530931,143.18147584766658,False,0.1296,0.0432,rolling
novelty_1_tuned_adaptive_burst,hybrid,1148,1049.0,658.1387242941792,637.1645180146197,637.1645180146197,637.1645180146197,637.1645180146197,True,False,60,False,2,800,0.9793731016282428,249.08964840611586,False,0.11759999999999998,0.040799999999999996,rolling
novelty_1_tuned_adaptive_burst,hybrid,1149,1121.0,703.3112582781457,682.3149537995587,682.3149537995587,682.3149537995587,682.3149537995587,True,False,60,False,2,800,1.0465941343424787,286.351387924533,False,0.09599999999999999,0.0,rolling
novelty_1_tuned_adaptive_burst,hybrid,1150,784.0,491.878703380969,705.9640260909337,705.9640260909337,705.9640260909337,705.9640260909337,True,False,60,False,3,600,0.6506332055303823,129.57710662064025,False,0.1272,0.040799999999999996,rolling
novelty_1_tuned_adaptive_burst,hybrid,1151,874.0,548.3443708609271,614.7875501650251,614.7875501650251,614.7875501650251,614.7875501650251,True,False,60,False,3,600,0.7253232418795332,148.68585157906125,False,0.108,0.0,rolling
novelty_1_tuned_adaptive_burst,hybrid,1152,1105.0,693.2729173928199,624.8450310816188,624.8450310816188,624.8450310816188,624.8450310816188,True,False,60,False,2,800,1.0316561270726485,277.6411583531421,False,0.11759999999999998,0.040799999999999996,rolling
novelty_1_tuned_adaptive_burst,hybrid,1153,983.0,616.7305681422098,684.7996298714106,684.7996298714106,684.7996298714106,684.7996298714106,True,False,60,False,2,800,0.9177538216401931,219.1397151772942,False,0.09599999999999999,0.0,rolling
novelty_1_tuned_adaptive_burst,hybrid,1154,686.0,430.3938654583479,657.6089814375318,657.6089814375318,657.6089814375318,657.6089814375318,True,False,60,False,3,600,0.5693040548390845,113.21278822437424,False,0.1272,0.040799999999999996,rolling
novelty_1_tuned_adaptive_burst,hybrid,1155,821.0,515.0923666782851,572.9210521651221,572.9210521651221,572.9210521651221,572.9210521651221,True,False,60,False,2,800,0.7665064980331623,161.06250642907176,False,0.11759999999999998,0.040799999999999996,rolling
novelty_1_tuned_adaptive_burst,hybrid,1156,1074.0,673.8236319275009,592.2952254513184,592.2952254513184,592.2952254513184,592.2952254513184,True,False,60,False,2,800,1.0027137379873525,261.4693988723535,False,0.09599999999999999,0.0,rolling
novelty_1_tuned_adaptive_burst,hybrid,1157,1016.0,637.4346462181945,659.9404424009326,659.9404424009326,659.9404424009326,659.9404424009326,True,False,60,False,2,800,0.948563461634218,233.62846114241623,False,0.09599999999999999,0.0,rolling
novelty_1_tuned_adaptive_burst,hybrid,1158,1080.0,677.588009759498,654.2034252466992,654.2034252466992,654.2034252466992,654.2034252466992,True,False,60,False,2,800,1.0083154907135388,264.52780807264674,False,0.09599999999999999,0.0,rolling
novelty_1_tuned_adaptive_burst,hybrid,1159,872.0,547.0895782502614,678.4025980579172,678.4025980579172,678.4025980579172,678.4025980579172,True,False,60,False,2,800,0.8141213962057462,177.12700818391977,False,0.09599999999999999,0.0,rolling
novelty_1_tuned_adaptive_burst,hybrid,1160,731.0,458.62669919832695,625.5503696695341,625.5503696695341,625.5503696695341,625.5503696695341,True,False,60,False,3,600,0.60664907301366,120.18695680176339,False,0.1272,0.040799999999999996,rolling
novelty_1_tuned_adaptive_burst,hybrid,1161,846.0,530.7772743116068,580.3913603890578,580.3913603890578,580.3913603890578,580.3913603890578,True,False,60,False,2,800,0.789847134392272,168.69551211817776,False,0.11759999999999998,0.040799999999999996,rolling
novelty_1_tuned_adaptive_burst,hybrid,1162,893.0,560.2649006622516,599.253435896866,599.253435896866,599.253435896866,599.253435896866,True,False,60,False,2,800,0.8337275307473982,184.31456063418744,False,0.09599999999999999,0.0,rolling
novelty_1_tuned_adaptive_burst,hybrid,1163,857.0,537.6786336702684,608.0781637528817,608.0781637528817,608.0781637528817,608.0781637528817,True,False,60,False,2,800,0.8001170143902803,172.20044608867204,False,0.09599999999999999,0.0,rolling
novelty_1_tuned_adaptive_burst,hybrid,1164,654.0,410.31718368769606,597.8639997970577,597.8639997970577,597.8639997970577,597.8639997970577,True,False,60,False,2,800,0.6105910471543096,120.97545657759115,False,0.09599999999999999,0.0,rolling
novelty_1_tuned_adaptive_burst,hybrid,1165,727.0,456.1171139769955,540.3232253266715,540.3232253266715,540.3232253266715,540.3232253266715,True,False,60,False,2,800,0.6787457053229099,136.285144980397,False,0.09599999999999999,0.0,rolling
novelty_1_tuned_adaptive_burst,hybrid,1166,866.0,543.3252004182642,547.1279316695363,547.1279316695363,547.1279316695363,547.1279316695363,True,False,60,False,2,800,0.8085196434795598,175.13585652560687,False,0.09599999999999999,0.0,rolling
novelty_1_tuned_adaptive_burst,hybrid,1167,590.0,370.1638201463925,579.1085631607084,579.1085631607084,579.1085631607084,579.1085631607084,True,False,60,False,2,800,0.5508390180749888,110.0847627824075,False,0.09599999999999999,0.0,rolling
novelty_1_tuned_adaptive_burst,hybrid,1168,695.0,436.04043220634367,506.12995766698987,506.12995766698987,506.12995766698987,506.12995766698987,True,False,60,False,2,800,0.6488696907832495,129.17506812948648,False,0.09599999999999999,0.0,rolling
novelty_1_tuned_adaptive_burst,hybrid,1169,819.0,513.8375740676194,521.4272170795034,521.4272170795034,521.4272170795034,521.4272170795034,True,False,60,False,2,600,1.0195189961659115,270.7473317655864,False,0.0912,0.0336,rolling
novelty_1_tuned_adaptive_burst,hybrid,1170,859.0,538.9334262809341,552.2040912646676,552.2040912646676,552.2040912646676,552.2040912646676,True,False,60,False,2,600,1.0693123537320122,300.0828786038729,False,0.072,0.0,rolling
novelty_1_tuned_adaptive_burst,hybrid,1171,954.0,598.5360752875566,568.6034301793725,568.6034301793725,568.6034301793725,568.6034301793725,True,False,60,False,2,800,0.8906786834636259,207.184937418664,False,0.1104,0.0336,rolling
novelty_1_tuned_adaptive_burst,hybrid,1172,764.0,479.33077727431163,602.0933340450547,602.0933340450547,602.0933340450547,602.0933340450547,True,False,60,False,2,800,0.7132898471343923,145.3236784312839,False,0.09599999999999999,0.0,rolling
novelty_1_tuned_adaptive_burst,hybrid,1173,783.0,491.25130707563613,558.6489516234901,558.6489516234901,558.6489516234901,558.6489516234901,True,False,60,False,2,800,0.7310287307673157,150.3195111106841,False,0.09599999999999999,0.0,rolling
novelty_1_tuned_adaptive_burst,hybrid,1174,817.0,512.5827814569536,561.0820663078548,561.0820663078548,561.0820663078548,561.0820663078548,True,False,60,False,2,800,0.7627719962157048,159.8834340400715,False,0.09599999999999999,0.0,rolling
novelty_1_tuned_adaptive_burst,hybrid,1175,908.0,569.6758452422447,569.6756469442989,569.6756469442989,569.6756469442989,569.6756469442989,True,False,60,False,2,800,0.8477319125628642,189.6599647835096,False,0.09599999999999999,0.0,rolling
novelty_1_tuned_adaptive_burst,hybrid,1176,784.0,491.878703380969,596.4439303087001,596.4439303087001,596.4439303087001,596.4439303087001,True,False,60,False,2,800,0.73196235622168,150.58927876259128,False,0.09599999999999999,0.0,rolling
novelty_1_tuned_adaptive_burst,hybrid,1177,972.0,609.8292087835483,567.0291100199006,567.0291100199006,567.0291100199006,567.0291100199006,True,False,60,False,2,800,0.907483941642185,214.52077208495953,False,0.09599999999999999,0.0,rolling
novelty_1_tuned_adaptive_burst,hybrid,1178,732.0,459.2540955036598,618.7020733634035,618.7020733634035,618.7020733634035,618.7020733634035,True,False,60,False,2,800,0.6834138325947319,137.4544669466906,False,0.09599999999999999,0.0,rolling
novelty_1_tuned_adaptive_burst,hybrid,1179,982.0,616.103171836877,559.532936812237,559.532936812237,559.532936812237,559.532936812237,True,False,60,False,2,800,0.9168201961858289,218.71550902110465,False,0.09599999999999999,0.0,rolling
novelty_1_tuned_adaptive_burst,hybrid,1180,1137.0,713.3495991634716,623.0850562111991,623.0850562111991,623.0850562111991,623.0850562111991,True,False,60,False,2,800,1.061532141612309,295.3138420627271,False,0.09599999999999999,0.0,rolling
novelty_1_tuned_adaptive_burst,hybrid,1181,758.0,475.5663994423144,677.4288801602597,677.4288801602597,677.4288801602597,677.4288801602597,True,False,60,False,2,800,0.7076880944082059,143.79669394451173,False,0.09599999999999999,0.0,rolling
novelty_1_tuned_adaptive_burst,hybrid,1182,694.0,435.4130359010108,583.7402255447923,583.7402255447923,583.7402255447923,583.7402255447923,True,False,60,False,3,600,0.5759431691812312,114.38835492961287,False,0.1272,0.040799999999999996,rolling
novelty_1_tuned_adaptive_burst,hybrid,1183,776.0,486.859532938306,556.6021018125061,556.6021018125061,556.6021018125061,556.6021018125061,True,False,60,False,2,800,0.724493352586765,148.45035743619843,False,0.11759999999999998,0.040799999999999996,rolling
novelty_1_tuned_adaptive_burst,hybrid,1184,943.0,591.634715928895,567.4200710495447,567.4200710495447,567.4200710495447,567.4200710495447,True,False,60,False,2,800,0.8804088034656177,202.8359912258896,False,0.09599999999999999,0.0,rolling
novelty_1_tuned_adaptive_burst,hybrid,1185,737.0,462.39107703032414,610.1212084731496,610.1212084731496,610.1212084731496,610.1212084731496,True,False,60,False,2,800,0.6880819598665537,138.63987286973486,False,0.09599999999999999,0.0,rolling
novelty_1_tuned_adaptive_burst,hybrid,1186,729.0,457.3719065876612,557.9675273082394,557.9675273082394,557.9675273082394,557.9675273082394,True,False,60,False,2,800,0.6806129562316388,136.7509507233423,False,0.09599999999999999,0.0,rolling
novelty_1_tuned_adaptive_burst,hybrid,1187,892.0,559.6375043569188,549.1646425995618,549.1646425995618,549.1646425995618,549.1646425995618,True,False,60,False,2,800,0.832793905293034,183.96451206547567,False,0.09599999999999999,0.0,rolling
novelty_1_tuned_adaptive_burst,hybrid,1188,862.0,540.8156151969328,588.595473132721,588.595473132721,588.595473132721,588.595473132721,True,False,60,False,2,800,0.8047851416621024,173.82365643556653,False,0.09599999999999999,0.0,rolling
novelty_1_tuned_adaptive_burst,hybrid,1189,1201.0,753.5029627047752,585.484257566769,585.484257566769,585.484257566769,585.484257566769,True,False,60,False,2,800,1.1212841706916297,333.7579041598748,False,0.09599999999999999,0.0,rolling
novelty_1_tuned_adaptive_burst,hybrid,1190,947.0,594.1443011502266,686.9549970163589,686.9549970163589,686.9549970163589,686.9549970163589,True,False,60,False,2,800,0.8841433052830754,204.40576138136475,False,0.09599999999999999,0.0,rolling
novelty_1_tuned_adaptive_burst,hybrid,1191,832.0,521.9937260369467,633.3725765361432,633.3725765361432,633.3725765361432,633.3725765361432,True,False,60,False,3,600,0.6904678915832628,139.25199370768118,False,0.1272,0.040799999999999996,rolling
novelty_1_tuned_adaptive_burst,hybrid,1192,886.0,555.8731265249215,603.6522170959888,603.6522170959888,603.6522170959888,603.6522170959888,True,False,60,False,2,800,0.8271921525668475,181.88065353513716,False,0.11759999999999998,0.040799999999999996,rolling
novelty_1_tuned_adaptive_burst,hybrid,1193,820.0,514.4649703729523,614.1882724601055,614.1882724601055,614.1882724601055,614.1882724601055,True,False,60,False,2,800,0.765572872578798,160.76665815789568,False,0.09599999999999999,0.0,rolling
novelty_1_tuned_adaptive_burst,hybrid,1194,753.0,472.42941791565005,594.0734069583286,594.0734069583286,594.0734069583286,594.0734069583286,True,False,60,False,2,800,0.703019967136384,142.54253569814364,False,0.09599999999999999,0.0,rolling
novelty_1_tuned_adaptive_burst,hybrid,1195,776.0,486.859532938306,569.7630436165041,569.7630436165041,569.7630436165041,569.7630436165041,True,False,60,False,2,800,0.724493352586765,148.45035743619843,False,0.09599999999999999,0.0,rolling
novelty_1_tuned_adaptive_burst,hybrid,1196,760.0,476.82119205298017,568.5359259434422,568.5359259434422,568.5359259434422,568.5359259434422,True,False,60,False,2,800,0.7095553453169348,144.30301455927878,False,0.09599999999999999,0.0,rolling
novelty_1_tuned_adaptive_burst,hybrid,1197,814.0,510.70059254095503,559.3936656754604,559.3936656754604,559.3936656754604,559.3936656754604,True,False,60,False,2,800,0.7599711198526117,159.00667250880406,False,0.09599999999999999,0.0,rolling
novelty_1_tuned_adaptive_burst,hybrid,1198,892.0,559.6375043569188,569.5321613083115,569.5321613083115,569.5321613083115,569.5321613083115,True,False,60,False,2,800,0.832793905293034,183.96451206547567,False,0.09599999999999999,0.0,rolling
novelty_1_tuned_adaptive_burst,hybrid,1199,1123.0,704.5660508888114,591.2151576764336,591.2151576764336,591.2151576764336,591.2151576764336,True,False,60,False,2,800,1.0484613852512075,287.45782733281203,False,0.09599999999999999,0.0,rolling
novelty_1_tuned_adaptive_burst,hybrid,1200,1079.0,676.9606134541652,662.2438709238686,662.2438709238686,662.2438709238686,662.2438709238686,True,False,60,False,2,800,1.0073818652591744,264.0157052900762,False,0.09599999999999999,0.0,rolling
novelty_1_tuned_adaptive_burst,hybrid,1201,663.0,415.9637504356919,667.0000416560652,667.0000416560652,667.0000416560652,667.0000416560652,True,False,60,False,2,800,0.6189936762435891,122.69049020427869,False,0.09599999999999999,0.0,rolling
novelty_1_tuned_adaptive_burst,hybrid,1202,787.0,493.7608922969676,560.0695991003108,560.0695991003108,560.0695991003108,560.0695991003108,True,False,60,False,2,800,0.7347632325847732,151.40271960183105,False,0.09599999999999999,0.0,rolling
novelty_1_tuned_adaptive_burst,hybrid,1203,675.0,423.4925060996863,578.4262236970576,578.4262236970576,578.4262236970576,578.4262236970576,True,False,60,False,2,800,0.6301971816959617,125.05073439273602,False,0.09599999999999999,0.0,rolling
novelty_1_tuned_adaptive_burst,hybrid,1204,659.0,413.4541652143604,541.601157818789,541.601157818789,541.601157818789,541.601157818789,True,False,60,False,2,800,0.6152591744261315,121.92246398430473,False,0.09599999999999999,0.0,rolling
novelty_1_tuned_adaptive_burst,hybrid,1205,563.0,353.22411990240505,526.4756332284014,526.4756332284014,526.4756332284014,526.4756332284014,True,False,60,False,2,800,0.5256311308071504,106.14061140220865,False,0.09599999999999999,0.0,rolling
novelty_1_tuned_adaptive_burst,hybrid,1206,839.0,526.3855001742768,491.2408544409004,491.2408544409004,491.2408544409004,491.2408544409004,True,False,60,False,2,800,0.7833117562117214,166.5120172843558,False,0.09599999999999999,0.0,rolling
novelty_1_tuned_adaptive_burst,hybrid,1207,757.0,474.9390031369815,554.3538952706576,554.3538952706576,554.3538952706576,554.3538952706576,True,False,60,False,2,600,0.9423392919384553,230.6240791496782,False,0.0912,0.0336,rolling
novelty_1_tuned_adaptive_burst,hybrid,1208,1090.0,683.8619728128268,537.6539782722402,537.6539782722402,537.6539782722402,537.6539782722402,True,False,60,False,2,800,1.0176517452571827,269.70118785921835,False,0.1104,0.0336,rolling
novelty_1_tuned_adaptive_burst,hybrid,1209,882.0,553.3635413035901,633.6469283933384,633.6469283933384,633.6469283933384,633.6469283933384,True,False,60,False,2,800,0.82345765074939,180.50700042564267,False,0.09599999999999999,0.0,rolling
novelty_1_tuned_adaptive_burst,hybrid,1210,602.0,377.6925758103869,592.7298727756388,592.7298727756388,592.7298727756388,592.7298727756388,True,False,60,False,2,800,0.5620425235273615,111.95803222130868,False,0.09599999999999999,0.0,rolling
novelty_1_tuned_adaptive_burst,hybrid,1211,544.0,341.30359010108054,518.5677395721241,518.5677395721241,518.5677395721241,518.5677395721241,True,False,60,False,2,800,0.507892247174227,103.58235949718984,False,0.09599999999999999,0.0,rolling
novelty_1_tuned_adaptive_burst,hybrid,1212,538.0,337.5392122690833,490.19963230731264,490.19963230731264,490.19963230731264,490.19963230731264,True,False,60,False,2,600,0.6697206592640541,134.06965435734386,False,0.0912,0.0336,rolling
novelty_1_tuned_adaptive_burst,hybrid,1213,861.0,540.1882188915998,474.3390749717132,474.3390749717132,474.3390749717132,474.3390749717132,True,False,60,False,2,600,1.0718020216103172,301.62370998526575,False,0.072,0.0,rolling
novelty_1_tuned_adaptive_burst,hybrid,1214,900.0,564.6566747995818,551.6980141994377,551.6980141994377,551.6980141994377,551.6980141994377,True,False,60,False,2,600,1.1203505452372655,333.12456525740305,False,0.072,0.0,rolling
novelty_1_tuned_adaptive_burst,hybrid,1215,811.0,508.81840362495643,573.2335030951826,573.2335030951826,573.2335030951826,573.2335030951826,True,False,60,False,2,800,0.7571702434895184,158.13634983366535,False,0.1104,0.0336,rolling
novelty_1_tuned_adaptive_burst,hybrid,1216,940.0,589.7525270128965,559.35963660469,559.35963660469,559.35963660469,559.35963660469,True,False,60,False,2,800,0.8776079271025246,201.66736916073774,False,0.09599999999999999,0.0,rolling
novelty_1_tuned_adaptive_burst,hybrid,1217,487.0,305.542000697107,598.8734566480225,598.8734566480225,598.8734566480225,598.8734566480225,True,False,60,False,2,800,0.4546755962754569,96.91910712299686,False,0.09599999999999999,0.0,rolling
novelty_1_tuned_adaptive_burst,hybrid,1218,747.0,468.66504008365285,483.69827357621307,483.69827357621307,483.69827357621307,483.69827357621307,True,False,60,False,2,800,0.6974182144101977,141.05937603844586,False,0.09599999999999999,0.0,rolling
novelty_1_tuned_adaptive_burst,hybrid,1219,741.0,464.90066225165566,534.0709796232077,534.0709796232077,534.0709796232077,534.0709796232077,True,False,60,False,2,600,0.9224219489120152,221.2737229867355,False,0.0912,0.0336,rolling
novelty_1_tuned_adaptive_burst,hybrid,1220,684.0,429.13907284768214,532.2485097502054,532.2485097502054,532.2485097502054,532.2485097502054,True,False,60,False,2,800,0.6385998107852413,126.87689761371423,False,0.1104,0.0336,rolling
novelty_1_tuned_adaptive_burst,hybrid,1221,737.0,462.39107703032414,517.3352032572197,517.3352032572197,517.3352032572197,517.3352032572197,True,False,60,False,2,800,0.6880819598665537,138.63987286973486,False,0.09599999999999999,0.0,rolling
novelty_1_tuned_adaptive_burst,hybrid,1222,766.0,480.58556988497736,529.3882615915418,529.3882615915418,529.3882615915418,529.3882615915418,True,False,60,False,2,600,0.9535427973908281,236.06052918755051,False,0.0912,0.0336,rolling
novelty_1_tuned_adaptive_burst,hybrid,1223,703.0,441.05960264900665,538.4199574830855,538.4199574830855,538.4199574830855,538.4199574830855,True,False,60,False,2,800,0.6563386944181646,130.89282181986167,False,0.1104,0.0336,rolling
novelty_1_tuned_adaptive_burst,hybrid,1224,803.0,503.7992331822935,522.5731755391921,522.5731755391921,522.5731755391921,522.5731755391921,True,False,60,False,2,800,0.7497012398546035,155.84678775037372,False,0.09599999999999999,0.0,rolling
novelty_1_tuned_adaptive_burst,hybrid,1225,743.0,466.1554548623214,547.8966804084343,547.8966804084343,547.8966804084343,547.8966804084343,True,False,60,False,2,600,0.9249116167903202,222.42073004452337,False,0.0912,0.0336,rolling
novelty_1_tuned_adaptive_burst,hybrid,1226,914.0,573.4402230742419,535.4045435049075,535.4045435049075,535.4045435049075,535.4045435049075,True,False,60,False,2,800,0.8533336652890504,191.8482371970167,False,0.1104,0.0336,rolling
novelty_1_tuned_adaptive_burst,hybrid,1227,757.0,474.9390031369815,583.1797693983171,583.1797693983171,583.1797693983171,583.1797693983171,True,False,60,False,2,800,0.7067544689538415,143.5445333912705,False,0.09599999999999999,0.0,rolling
novelty_1_tuned_adaptive_burst,hybrid,1228,571.0,358.243290345068,549.8160837632845,549.8160837632845,549.8160837632845,549.8160837632845,True,False,60,False,2,800,0.5331001344420654,107.27086297662139,False,0.09599999999999999,0.0,rolling
novelty_1_tuned_adaptive_burst,hybrid,1229,760.0,476.82119205298017,497.64927744368924,497.64927744368924,497.64927744368924,497.64927744368924,True,False,60,False,2,800,0.7095553453169348,144.30301455927878,False,0.09599999999999999,0.0,rolling
novelty_1_tuned_adaptive_burst,hybrid,1230,830.0,520.7389334262809,536.9205590781548,536.9205590781548,536.9205590781548,536.9205590781548,True,False,60,False,2,600,1.0332121694965892,278.53681178989666,False,0.0912,0.0336,rolling
novelty_1_tuned_adaptive_burst,hybrid,1231,884.0,554.6183339142558,557.8611051824541,557.8611051824541,557.8611051824541,557.8611051824541,True,False,60,False,2,800,0.8253249016581188,181.19227307680876,False,0.1104,0.0336,rolling
novelty_1_tuned_adaptive_burst,hybrid,1232,882.0,553.3635413035901,578.5054321993675,578.5054321993675,578.5054321993675,578.5054321993675,True,False,60,False,2,800,0.82345765074939,180.50700042564267,False,0.09599999999999999,0.0,rolling
novelty_1_tuned_adaptive_burst,hybrid,1233,764.0,479.33077727431163,585.3953677577006,585.3953677577006,585.3953677577006,585.3953677577006,True,False,60,False,2,800,0.7132898471343923,145.3236784312839,False,0.09599999999999999,0.0,rolling
novelty_1_tuned_adaptive_burst,hybrid,1234,832.0,521.9937260369467,558.004494487031,558.004494487031,558.004494487031,558.004494487031,True,False,60,False,2,800,0.7767763780311706,164.36465510331948,False,0.09599999999999999,0.0,rolling
novelty_1_tuned_adaptive_burst,hybrid,1235,759.0,476.1937957476473,574.2353738475681,574.2353738475681,574.2353738475681,574.2353738475681,True,False,60,False,2,800,0.7086217198625704,144.04952070754626,False,0.09599999999999999,0.0,rolling
novelty_1_tuned_adaptive_burst,hybrid,1236,807.0,506.30881840362497,555.4321327487423,555.4321327487423,555.4321327487423,555.4321327487423,True,False,60,False,2,800,0.753435741672061,156.985894583015,False,0.09599999999999999,0.0,rolling
novelty_1_tuned_adaptive_burst,hybrid,1237,574.0,360.1254792610666,565.3946308945515,565.3946308945515,565.3946308945515,565.3946308945515,True,False,60,False,2,800,0.5359010108051586,107.70296374815823,False,0.09599999999999999,0.0,rolling
novelty_1_tuned_adaptive_burst,hybrid,1238,807.0,506.30881840362497,501.9986165463565,501.9986165463565,501.9986165463565,501.9986165463565,True,False,60,False,2,800,0.753435741672061,156.985894583015,False,0.09599999999999999,0.0,rolling
novelty_1_tuned_adaptive_burst,hybrid,1239,575.0,360.75287556639944,553.2328384805915,553.2328384805915,553.2328384805915,553.2328384805915,True,False,60,False,2,600,0.7157795150126973,146.01008628015308,False,0.0912,0.0336,rolling
novelty_1_tuned_adaptive_burst,hybrid,1240,760.0,476.82119205298017,492.53280315325037,492.53280315325037,492.53280315325037,492.53280315325037,True,False,60,False,2,800,0.7095553453169348,144.30301455927878,False,0.1104,0.0336,rolling
novelty_1_tuned_adaptive_burst,hybrid,1241,900.0,564.6566747995818,531.9110126534065,531.9110126534065,531.9110126534065,531.9110126534065,True,False,60,False,2,600,1.1203505452372655,333.12456525740305,False,0.0912,0.0336,rolling
novelty_1_tuned_adaptive_burst,hybrid,1242,1047.0,656.8839316835134,573.2621616898159,573.2621616898159,573.2621616898159,573.2621616898159,True,False,60,False,2,800,0.977505850719514,248.12434352106266,False,0.1104,0.0336,rolling
novelty_1_tuned_adaptive_burst,hybrid,1243,885.0,555.2457302195887,626.0627564421538,626.0627564421538,626.0627564421538,626.0627564421538,True,False,60,False,2,800,0.8262585271124833,181.53607439062534,False,0.09599999999999999,0.0,rolling
novelty_1_tuned_adaptive_burst,hybrid,1244,844.0,529.5224817009411,596.4799100905338,596.4799100905338,596.4799100905338,596.4799100905338,True,False,60,False,2,800,0.7879798834835432,168.06795186789034,False,0.09599999999999999,0.0,rolling
novelty_1_tuned_adaptive_burst,hybrid,1245,1238.0,776.7166260020913,588.5752917022146,588.5752917022146,588.5752917022146,588.5752917022146,True,False,60,False,2,800,1.1558283125031121,357.9409199008255,True,0.09599999999999999,0.0,rolling
novelty_1_tuned_adaptive_burst,hybrid,1246,1148.0,720.2509585221331,704.7012657959749,704.7012657959749,704.7012657959749,704.7012657959749,True,False,60,False,2,800,1.0718020216103172,301.62370998526575,False,0.09599999999999999,0.0,rolling
novelty_1_tuned_adaptive_burst,hybrid,1247,875.0,548.9717671662601,701.0843103247298,701.0843103247298,701.0843103247298,701.0843103247298,True,False,60,False,3,600,0.7261531311723016,148.92188522717035,False,0.1272,0.040799999999999996,rolling
novelty_1_tuned_adaptive_burst,hybrid,1248,797.0,500.03485535029625,634.9868501481333,634.9868501481333,634.9868501481333,634.9868501481333,True,False,60,False,3,600,0.6614217663363707,132.08443451593922,False,0.108,0.0,rolling
novelty_1_tuned_adaptive_burst,hybrid,1249,829.0,520.1115371209481,606.0454746592459,606.0454746592459,606.0454746592459,606.0454746592459,True,False,60,False,2,800,0.7739755016680776,163.45534333498853,False,0.11759999999999998,0.040799999999999996,rolling
novelty_1_tuned_adaptive_burst,hybrid,1250,870.0,545.8347856395957,605.0323090489755,605.0323090489755,605.0323090489755,605.0323090489755,True,False,60,False,2,800,0.8122541452970173,176.46023471973123,False,0.09599999999999999,0.0,rolling
novelty_1_tuned_adaptive_burst,hybrid,1251,1021.0,640.5716277448588,609.7190248341785,609.7190248341785,609.7190248341785,609.7190248341785,True,False,60,False,2,800,0.9532315889060399,235.90777827260047,False,0.09599999999999999,0.0,rolling
novelty_1_tuned_adaptive_burst,hybrid,1252,963.0,604.1826420355525,650.0780807563715,650.0780807563715,650.0780807563715,650.0780807563715,True,False,60,False,2,800,0.8990813125529055,210.81857614857603,False,0.09599999999999999,0.0,rolling
novelty_1_tuned_adaptive_burst,hybrid,1253,771.0,483.7225514116417,639.3915075632985,639.3915075632985,639.3915075632985,639.3915075632985,True,False,60,False,2,800,0.719825225314943,147.13572614916177,False,0.09599999999999999,0.0,rolling
novelty_1_tuned_adaptive_burst,hybrid,1254,636.0,399.0240501917044,586.8729470981457,586.8729470981457,586.8729470981457,586.8729470981457,True,False,60,False,2,800,0.5937857889757506,117.68442590182637,False,0.09599999999999999,0.0,rolling
novelty_1_tuned_adaptive_burst,hybrid,1255,787.0,493.7608922969676,539.8955138639094,539.8955138639094,539.8955138639094,539.8955138639094,True,False,60,False,2,800,0.7347632325847732,151.40271960183105,False,0.09599999999999999,0.0,rolling
novelty_1_tuned_adaptive_burst,hybrid,1256,901.0,565.2840711049146,564.5447229422803,564.5447229422803,564.5447229422803,564.5447229422803,True,False,60,False,2,800,0.8411965343823133,187.1432780414774,False,0.09599999999999999,0.0,rolling
novelty_1_tuned_adaptive_burst,hybrid,1257,994.0,623.6319275008714,592.9268223444715,592.9268223444715,592.9268223444715,592.9268223444715,True,False,60,False,2,800,0.9280237016382015,223.86319783617557,False,0.09599999999999999,0.0,rolling
novelty_1_tuned_adaptive_burst,hybrid,1258,757.0,474.9390031369815,624.9597136258571,624.9597136258571,624.9597136258571,624.9597136258571,True,False,60,False,2,800,0.7067544689538415,143.5445333912705,False,0.09599999999999999,0.0,rolling
novelty_1_tuned_adaptive_burst,hybrid,1259,763.0,478.70338096897876,567.488755345254,567.488755345254,567.488755345254,567.488755345254,True,False,60,False,2,800,0.7123562216800279,145.0675074357119,False,0.09599999999999999,0.0,rolling
novelty_1_tuned_adaptive_burst,hybrid,1260,581.0,364.5172533983967,562.9719440853769,562.9719440853769,562.9719440853769,562.9719440853769,True,False,60,False,2,800,0.5424363889857093,108.7288970935349,False,0.09599999999999999,0.0,rolling
novelty_1_tuned_adaptive_burst,hybrid,1261,652.0,409.0623910770303,508.1432118985508,508.1432118985508,508.1432118985508,508.1432118985508,True,False,60,False,2,800,0.6087237962455808,120.6006833931408,False,0.09599999999999999,0.0,rolling
novelty_1_tuned_adaptive_burst,hybrid,1262,1180.0,740.327640292785,512.3717032467057,512.3717032467057,512.3717032467057,512.3717032467057,True,False,60,False,2,600,1.4689040481999702,650.49624239232,True,0.0912,0.0336,rolling
novelty_1_tuned_adaptive_burst,hybrid,1263,770.0,483.0951551063088,656.2229651027974,656.2229651027974,656.2229651027974,656.2229651027974,True,False,60,False,2,600,0.9585221331474382,238.51813052216454,False,0.072,0.0,rolling
novelty_1_tuned_adaptive_burst,hybrid,1264,753.0,472.42941791565005,563.8312925158802,563.8312925158802,563.8312925158802,563.8312925158802,True,False,60,False,2,800,0.703019967136384,142.54253569814364,False,0.1104,0.0336,rolling
novelty_1_tuned_adaptive_burst,hybrid,1265,646.0,405.29801324503313,556.648437220972,556.648437220972,556.648437220972,556.648437220972,True,False,60,False,2,800,0.6031220435193946,119.49008881621708,False,0.09599999999999999,0.0,rolling
novelty_1_tuned_adaptive_burst,hybrid,1266,773.0,484.9773440223074,523.0813237297484,523.0813237297484,523.0813237297484,523.0813237297484,True,False,60,False,2,800,0.7216924762236717,147.65953960497853,False,0.09599999999999999,0.0,rolling
novelty_1_tuned_adaptive_burst,hybrid,1267,562.0,352.5967235970722,548.0314962174739,548.0314962174739,548.0314962174739,548.0314962174739,True,False,60,False,2,600,0.6995966738037146,141.6333413666769,False,0.0912,0.0336,rolling
novelty_1_tuned_adaptive_burst,hybrid,1268,571.0,358.243290345068,489.8439285739232,489.8439285739232,489.8439285739232,489.8439285739232,True,False,60,False,2,800,0.5331001344420654,107.27086297662139,False,0.1104,0.0336,rolling
novelty_1_tuned_adaptive_burst,hybrid,1269,499.0,313.0707563611014,480.617570984547,480.617570984547,480.617570984547,480.617570984547,True,False,60,False,2,600,0.6211721356371059,123.14280749925325,False,0.0912,0.0336,rolling
novelty_1_tuned_adaptive_burst,hybrid,1270,466.0,292.3666782851168,452.9899873553477,452.9899873553477,452.9899873553477,452.9899873553477,True,False,60,False,2,600,0.580092615645073,115.13698687428678,False,0.072,0.0,rolling
novelty_1_tuned_adaptive_burst,hybrid,1271,590.0,370.1638201463925,434.35417024802655,434.35417024802655,434.35417024802655,434.35417024802655,True,False,60,False,2,600,0.7344520240999851,151.31203029904,False,0.072,0.0,rolling
novelty_1_tuned_adaptive_burst,hybrid,1272,648.0,406.55280585569886,457.25925097301024,457.25925097301024,457.25925097301024,457.25925097301024,True,False,60,False,2,600,0.8066523925708311,174.47823773319516,False,0.072,0.0,rolling
novelty_1_tuned_adaptive_burst,hybrid,1273,579.0,363.2624607877309,471.2273295830032,471.2273295830032,471.2273295830032,471.2273295830032,True,False,60,False,2,600,0.7207588507693073,147.39729361984035,False,0.072,0.0,rolling
novelty_1_tuned_adaptive_burst,hybrid,1274,692.0,434.15824329034507,456.5834620452756,456.5834620452756,456.5834620452756,456.5834620452756,True,False,60,False,2,600,0.8614250858935418,195.06018016139276,False,0.072,0.0,rolling
novelty_1_tuned_adaptive_burst,hybrid,1275,667.0,418.47333565702337,486.34863967418005,486.34863967418005,486.34863967418005,486.34863967418005,True,False,60,False,2,600,0.8303042374147289,183.03487963434583,False,0.072,0.0,rolling
novelty_1_tuned_adaptive_burst,hybrid,1276,614.0,385.2213314743813,485.7134062702794,485.7134062702794,485.7134062702794,485.7134062702794,True,False,60,False,2,600,0.7643280386396455,160.3733147362426,False,0.072,0.0,rolling
novelty_1_tuned_adaptive_burst,hybrid,1277,630.0,395.2596723597072,474.54132276812516,474.54132276812516,474.54132276812516,474.54132276812516,True,False,60,False,2,600,0.7842453816660858,166.82172588328922,False,0.072,0.0,rolling
novelty_1_tuned_adaptive_burst,hybrid,1278,615.0,385.8487277797142,478.7216965767193,478.7216965767193,478.7216965767193,478.7216965767193,True,False,60,False,2,600,0.765572872578798,160.76665815789568,False,0.072,0.0,rolling
novelty_1_tuned_adaptive_burst,hybrid,1279,563.0,353.22411990240505,475.29311717876953,475.29311717876953,475.29311717876953,475.29311717876953,True,False,60,False,2,600,0.7008415077428671,141.9629307311612,False,0.072,0.0,rolling
novelty_1_tuned_adaptive_burst,hybrid,1280,749.0,469.9198326943186,461.15118445561893,461.15118445561893,461.15118445561893,461.15118445561893,True,False,60,False,2,600,0.9323806204252353,225.8989678206341,False,0.072,0.0,rolling
novelty_1_tuned_adaptive_burst,hybrid,1281,724.0,454.2349250609969,508.3155006262873,508.3155006262873,508.3155006262873,508.3155006262873,True,False,60,False,2,600,0.9012597719464224,211.77179590356084,False,0.072,0.0,rolling
novelty_1_tuned_adaptive_burst,hybrid,1282,851.0,533.9142558382712,509.1876370515388,509.1876370515388,509.1876370515388,509.1876370515388,True,False,60,False,2,600,1.0593536822187921,293.99096962231,False,0.072,0.0,rolling
novelty_1_tuned_adaptive_burst,hybrid,1283,952.0,597.2812826768909,549.2572411679357,549.2572411679357,549.2572411679357,549.2572411679357,True,True,60,False,2,600,1.1850819100731962,379.5833076865228,True,0.072,0.0,rolling
novelty_1_tuned_adaptive_burst,hybrid,1284,1150.0,721.5057511327989,589.2406527547591,589.2406527547591,589.2406527547591,589.2406527547591,True,True,60,False,2,950,0.9041425452791966,213.04030219227815,False,0.12840000000000001,0.0372,rolling
novelty_1_tuned_adaptive_burst,hybrid,1285,838.0,525.7581038689439,661.844143735866,661.844143735866,661.844143735866,661.844143735866,True,True,60,False,2,950,0.6588447416904059,131.47801090105006,False,0.114,0.0,rolling
novelty_1_tuned_adaptive_burst,hybrid,1286,840.0,527.0128964796096,593.968453886554,593.968453886554,593.968453886554,593.968453886554,True,True,60,False,2,950,0.6604171635082827,131.8474689047897,False,0.114,0.0,rolling
novelty_1_tuned_adaptive_burst,hybrid,1287,919.0,576.5772046009063,593.9810251356284,593.9810251356284,593.9810251356284,593.9810251356284,True,True,60,False,2,950,0.7225278253144188,147.89475660811559,False,0.114,0.0,rolling
novelty_1_tuned_adaptive_burst,hybrid,1288,1014.0,636.1798536075288,615.3053314966346,615.3053314966346,615.3053314966346,615.3053314966346,True,True,60,False,2,950,0.7972178616635699,171.2018329215959,False,0.114,0.0,rolling
novelty_1_tuned_adaptive_burst,hybrid,1289,1005.0,630.533286859533,646.3572800245729,646.3572800245729,646.3572800245729,646.3572800245729,True,True,60,False,2,950,0.790141963483124,168.79487227935533,False,0.114,0.0,rolling
novelty_1_tuned_adaptive_burst,hybrid,1290,799.0,501.28964796096204,652.2311841131723,652.2311841131723,652.2311841131723,652.2311841131723,True,True,60,False,2,950,0.6281825162418071,124.62004866009516,False,0.114,0.0,rolling
novelty_1_tuned_adaptive_burst,hybrid,1291,741.0,464.90066225165566,598.4645779760194,598.4645779760194,598.4645779760194,598.4645779760194,True,False,60,False,2,950,0.582582283523378,115.59133887171292,False,0.114,0.0,rolling
novelty_1_tuned_adaptive_burst,hybrid,1292,968.0,607.3196235622169,573.9900177449431,573.9900177449431,573.9900177449431,573.9900177449431,True,False,60,False,2,800,0.9037494398247274,212.86684680058372,False,0.11879999999999999,0.041999999999999996,rolling
novelty_1_tuned_adaptive_burst,hybrid,1293,938.0,588.4977344022308,627.7710976765284,627.7710976765284,627.7710976765284,627.7710976765284,True,False,60,False,2,800,0.8757406761937958,200.89242010109126,False,0.09599999999999999,0.0,rolling
novelty_1_tuned_adaptive_burst,hybrid,1294,830.0,520.7389334262809,623.8458335258756,623.8458335258756,623.8458335258756,623.8458335258756,True,False,60,False,2,800,0.7749091271224419,163.75771747386264,False,0.09599999999999999,0.0,rolling
novelty_1_tuned_adaptive_burst,hybrid,1295,838.0,525.7581038689439,594.8043697014455,594.8043697014455,594.8043697014455,594.8043697014455,True,False,60,False,2,800,0.782378130757357,166.20304608649957,False,0.09599999999999999,0.0,rolling
novelty_1_tuned_adaptive_burst,hybrid,1296,634.0,397.7692575810387,593.2080137318144,593.2080137318144,593.2080137318144,593.2080137318144,True,False,60,False,2,800,0.5919185380670219,117.33002924487926,False,0.09599999999999999,0.0,rolling
novelty_1_tuned_adaptive_burst,hybrid,1297,639.0,400.906239107703,533.7734118960743,533.7734118960743,533.7734118960743,533.7734118960743,True,False,60,False,2,800,0.5965866653388437,118.22021546012098,False,0.09599999999999999,0.0,rolling
novelty_1_tuned_adaptive_burst,hybrid,1298,701.0,439.8048100383409,520.7082475969978,520.7082475969978,520.7082475969978,520.7082475969978,True,False,60,False,2,800,0.6544714435094359,130.45969375516736,False,0.09599999999999999,0.0,rolling
novelty_1_tuned_adaptive_burst,hybrid,1299,726.0,455.4897176716626,526.3454894927727,526.3454894927727,526.3454894927727,526.3454894927727,True,False,60,False,2,600,0.9037494398247274,212.86684680058372,False,0.0912,0.0336,rolling
novelty_1_tuned_adaptive_burst,hybrid,1300,777.0,487.4869292436389,528.4620350792766,528.4620350792766,528.4620350792766,528.4620350792766,True,False,60,False,2,800,0.7254269780411293,148.7153262682226,False,0.1104,0.0336,rolling
novelty_1_tuned_adaptive_burst,hybrid,1301,819.0,513.8375740676194,541.4165627533571,541.4165627533571,541.4165627533571,541.4165627533571,True,False,60,False,2,800,0.7646392471244335,160.47153058860675,False,0.09599999999999999,0.0,rolling
novelty_1_tuned_adaptive_burst,hybrid,1302,723.0,453.607528755664,555.6116704151214,555.6116704151214,555.6116704151214,555.6116704151214,True,False,60,False,2,800,0.6750112035054524,135.3611940282245,False,0.09599999999999999,0.0,rolling
novelty_1_tuned_adaptive_burst,hybrid,1303,793.0,497.5252701289648,532.7291794059074,532.7291794059074,532.7291794059074,532.7291794059074,True,False,60,False,2,800,0.7403649853109595,153.04830085756896,False,0.09599999999999999,0.0,rolling
novelty_1_tuned_adaptive_burst,hybrid,1304,828.0,519.4841408156152,549.831930280317,549.831930280317,549.831930280317,549.831930280317,True,False,60,False,2,800,0.7730418762137131,163.1536978081442,False,0.09599999999999999,0.0,rolling
novelty_1_tuned_adaptive_burst,hybrid,1305,798.0,500.6622516556292,562.1597257974763,562.1597257974763,562.1597257974763,562.1597257974763,True,False,60,False,2,800,0.7450331125827815,154.4387772291851,False,0.09599999999999999,0.0,rolling
novelty_1_tuned_adaptive_burst,hybrid,1306,836.0,524.5033112582781,557.8083396523352,557.8083396523352,557.8083396523352,557.8083396523352,True,False,60,False,2,800,0.7805108798486282,165.58731237840004,False,0.09599999999999999,0.0,rolling
novelty_1_tuned_adaptive_burst,hybrid,1307,962.0,603.5552457302196,570.526349630707,570.526349630707,570.526349630707,570.526349630707,True,False,60,False,2,800,0.898147687098541,210.41146468958866,False,0.09599999999999999,0.0,rolling
novelty_1_tuned_adaptive_burst,hybrid,1308,802.0,503.17183687696064,610.1943721794487,610.1943721794487,610.1943721794487,610.1943721794487,True,False,60,False,2,800,0.7487676144002391,155.56377764074176,False,0.09599999999999999,0.0,rolling
novelty_1_tuned_adaptive_burst,hybrid,1309,1151.0,722.1331474381318,574.5525209338921,574.5525209338921,574.5525209338921,574.5525209338921,True,False,60,False,2,800,1.0746028979734104,303.365722471867,False,0.09599999999999999,0.0,rolling
novelty_1_tuned_adaptive_burst,hybrid,1310,915.0,574.0676193795748,674.2571203027883,674.2571203027883,674.2571203027883,674.2571203027883,True,False,60,False,2,800,0.8542672907434149,192.21575575525503,False,0.09599999999999999,0.0,rolling
novelty_1_tuned_adaptive_burst,hybrid,1311,666.0,417.8459393516905,623.9445732216709,623.9445732216709,623.9445732216709,623.9445732216709,True,False,60,False,2,800,0.6217945526066823,123.27262528844341,False,0.09599999999999999,0.0,rolling
novelty_1_tuned_adaptive_burst,hybrid,1312,587.0,368.2816312303939,554.832710546707,554.832710546707,554.832710546707,554.832710546707,True,False,60,False,2,800,0.5480381417118957,109.62817220918203,False,0.09599999999999999,0.0,rolling
novelty_1_tuned_adaptive_burst,hybrid,1313,706.0,442.94179156500525,519.0542372781633,519.0542372781633,519.0542372781633,519.0542372781633,True,False,60,False,2,800,0.6591395707812578,131.54715013940918,False,0.09599999999999999,0.0,rolling
novelty_1_tuned_adaptive_burst,hybrid,1314,518.0,324.9912861624259,534.8934331234773,534.8934331234773,534.8934331234773,534.8934331234773,True,False,60,False,2,600,0.6448239804810039,128.26096988934154,False,0.0912,0.0336,rolling
novelty_1_tuned_adaptive_burst,hybrid,1315,629.0,394.63227605437436,478.2238317642373,478.2238317642373,478.2238317642373,478.2238317642373,True,False,60,False,2,800,0.5872504107951999,116.45377366977408,False,0.1104,0.0336,rolling
novelty_1_tuned_adaptive_burst,hybrid,1316,623.0,390.86789822237716,492.92906241047376,492.92906241047376,492.92906241047376,492.92906241047376,True,False,60,False,2,600,0.7755315440920182,163.95970545160017,False,0.0912,0.0336,rolling
novelty_1_tuned_adaptive_burst,hybrid,1317,742.0,465.5280585569885,486.13013595224083,486.13013595224083,486.13013595224083,486.13013595224083,True,False,60,False,2,600,0.9236667828511677,221.8464536002902,False,0.072,0.0,rolling
novelty_1_tuned_adaptive_burst,hybrid,1318,944.0,592.262112234228,514.3607782942231,514.3607782942231,514.3607782942231,514.3607782942231,True,False,60,False,2,600,1.1751232385599761,372.09407610486784,True,0.072,0.0,rolling
novelty_1_tuned_adaptive_burst,hybrid,1319,945.0,592.8895085395608,575.6951318770648,575.6951318770648,575.6951318770648,575.6951318770648,True,False,60,False,2,600,1.1763680724991286,373.023324856101,True,0.072,0.0,rolling
novelty_1_tuned_adaptive_burst,hybrid,1320,905.0,567.793656326246,590.6848050957497,590.6848050957497,590.6848050957497,590.6848050957497,True,False,60,False,2,800,0.8449310361997708,188.57661405627871,False,0.1104,0.0336,rolling
novelty_1_tuned_adaptive_burst,hybrid,1321,923.0,579.0867898222377,591.8678511484932,591.8678511484932,591.8678511484932,591.8678511484932,True,False,60,False,2,800,0.86173629437833,195.18492917131115,False,0.09599999999999999,0.0,rolling
novelty_1_tuned_adaptive_burst,hybrid,1322,902.0,565.9114674102475,605.0968992597373,605.0968992597373,605.0968992597373,605.0968992597373,True,False,60,False,2,800,0.8421301598366778,187.50042200815915,False,0.09599999999999999,0.0,rolling
novelty_1_tuned_adaptive_burst,hybrid,1323,801.0,502.5444405716278,606.2246029171301,606.2246029171301,606.2246029171301,606.2246029171301,True,False,60,False,2,800,0.7478339889458747,155.28147241271165,False,0.09599999999999999,0.0,rolling
novelty_1_tuned_adaptive_burst,hybrid,1324,644.0,404.0432206343674,581.1907665993576,581.1907665993576,581.1907665993576,581.1907665993576,True,False,60,False,2,800,0.6012547926106657,119.12444217859183,False,0.09599999999999999,0.0,rolling
novelty_1_tuned_adaptive_burst,hybrid,1325,764.0,479.33077727431163,534.8253749819364,534.8253749819364,534.8253749819364,534.8253749819364,True,False,60,False,2,800,0.7132898471343923,145.3236784312839,False,0.09599999999999999,0.0,rolling
novelty_1_tuned_adaptive_burst,hybrid,1326,768.0,481.8403624956431,555.6268907779854,555.6268907779854,555.6268907779854,555.6268907779854,True,False,60,False,2,800,0.7170243489518499,146.35508603483663,False,0.09599999999999999,0.0,rolling
novelty_1_tuned_adaptive_burst,hybrid,1327,866.0,543.3252004182642,553.9626934124872,553.9626934124872,553.9626934124872,553.9626934124872,True,False,60,False,2,800,0.8085196434795598,175.13585652560687,False,0.09599999999999999,0.0,rolling
novelty_1_tuned_adaptive_burst,hybrid,1328,694.0,435.4130359010108,579.4686740561297,579.4686740561297,579.4686740561297,579.4686740561297,True,False,60,False,2,800,0.6479360653288851,128.9631069212652,False,0.09599999999999999,0.0,rolling
novelty_1_tuned_adaptive_burst,hybrid,1329,966.0,606.0648309515511,535.1124185024692,535.1124185024692,535.1124185024692,535.1124185024692,True,False,60,False,2,800,0.9018821889159987,212.04499235274753,False,0.09599999999999999,0.0,rolling
novelty_1_tuned_adaptive_burst,hybrid,1330,744.0,466.78285116765426,604.9340991759382,604.9340991759382,604.9340991759382,604.9340991759382,True,False,60,False,2,800,0.6946173380471046,140.32667138866634,False,0.09599999999999999,0.0,rolling
novelty_1_tuned_adaptive_burst,hybrid,1331,792.0,496.8978738236319,552.6147279849129,552.6147279849129,552.6147279849129,552.6147279849129,True,False,60,False,2,800,0.7394313598565951,152.77230001324233,False,0.09599999999999999,0.0,rolling
novelty_1_tuned_adaptive_burst,hybrid,1332,877.0,550.2265597769258,561.5708759677468,561.5708759677468,561.5708759677468,561.5708759677468,True,False,60,False,2,800,0.8187895234775682,178.80736931156378,False,0.09599999999999999,0.0,rolling
novelty_1_tuned_adaptive_burst,hybrid,1333,632.0,396.51446497037296,584.7690931749794,584.7690931749794,584.7690931749794,584.7690931749794,True,False,60,False,2,800,0.5900512871582931,116.97786149035399,False,0.09599999999999999,0.0,rolling
novelty_1_tuned_adaptive_burst,hybrid,1334,635.0,398.39665388637155,521.3472379259092,521.3472379259092,521.3472379259092,521.3472379259092,True,False,60,False,2,800,0.5928521635213863,117.50694852109771,False,0.09599999999999999,0.0,rolling
novelty_1_tuned_adaptive_burst,hybrid,1335,744.0,466.78285116765426,512.0106531200317,512.0106531200317,512.0106531200317,512.0106531200317,True,False,60,False,2,600,0.9261564507294727,222.99655440276464,False,0.0912,0.0336,rolling
novelty_1_tuned_adaptive_burst,hybrid,1336,716.0,449.2157546183339,533.4067745475895,533.4067745475895,533.4067745475895,533.4067745475895,True,False,60,False,2,600,0.8913011004332022,207.4517588787997,False,0.072,0.0,rolling
novelty_1_tuned_adaptive_burst,hybrid,1337,616.0,386.47612408504705,525.533078542051,525.533078542051,525.533078542051,525.533078542051,True,False,60,False,2,800,0.5751132798884628,114.23991619278752,False,0.1104,0.0336,rolling
novelty_1_tuned_adaptive_burst,hybrid,1338,787.0,493.7608922969676,496.61766436830203,496.61766436830203,496.61766436830203,496.61766436830203,True,False,60,False,2,800,0.7347632325847732,151.40271960183105,False,0.09599999999999999,0.0,rolling
novelty_1_tuned_adaptive_burst,hybrid,1339,680.0,426.6294876263507,537.0189375311606,537.0189375311606,537.0189375311606,537.0189375311606,True,False,60,False,2,600,0.8464870786237116,189.1775902647678,False,0.0912,0.0336,rolling
novelty_1_tuned_adaptive_burst,hybrid,1340,597.0,374.55559428372254,511.55490921680484,511.55490921680484,511.55490921680484,511.55490921680484,True,False,60,False,2,800,0.5573743962555395,111.1683311850457,False,0.1104,0.0336,rolling
novelty_1_tuned_adaptive_burst,hybrid,1341,806.0,505.6814220982921,487.0774831262652,487.0774831262652,487.0774831262652,487.0774831262652,True,False,60,False,2,600,1.0033361549569288,261.8075405224965,False,0.0912,0.0336,rolling
novelty_1_tuned_adaptive_burst,hybrid,1342,1023.0,641.8264203555245,537.7496835286038,537.7496835286038,537.7496835286038,537.7496835286038,True,False,60,False,2,600,1.273465119753025,451.73518341812434,True,0.072,0.0,rolling
novelty_1_tuned_adaptive_burst,hybrid,1343,596.0,373.9281979783897,606.5872425120779,606.5872425120779,606.5872425120779,606.5872425120779,True,False,60,False,2,800,0.5564407708011752,111.01196861180225,False,0.1104,0.0336,rolling
novelty_1_tuned_adaptive_burst,hybrid,1344,766.0,480.58556988497736,505.80541714490755,505.80541714490755,505.80541714490755,505.80541714490755,True,False,60,False,2,800,0.7151570980431211,145.83803575099788,False,0.09599999999999999,0.0,rolling
novelty_1_tuned_adaptive_burst,hybrid,1345,589.0,369.5364238410596,542.2887232614612,542.2887232614612,542.2887232614612,542.2887232614612,True,False,60,False,2,600,0.7332071901608326,150.95004099020275,False,0.0912,0.0336,rolling
novelty_1_tuned_adaptive_burst,hybrid,1346,741.0,464.90066225165566,494.94236480774,494.94236480774,494.94236480774,494.94236480774,True,False,60,False,2,800,0.6918164616840115,139.59985188502904,False,0.1104,0.0336,rolling
novelty_1_tuned_adaptive_burst,hybrid,1347,716.0,449.2157546183339,527.0394368913926,527.0394368913926,527.0394368913926,527.0394368913926,True,False,60,False,2,600,0.8913011004332022,207.4517588787997,False,0.0912,0.0336,rolling
novelty_1_tuned_adaptive_burst,hybrid,1348,747.0,468.66504008365285,521.8516051086021,521.8516051086021,521.8516051086021,521.8516051086021,True,False,60,False,2,800,0.6974182144101977,141.05937603844586,False,0.1104,0.0336,rolling
novelty_1_tuned_adaptive_burst,hybrid,1349,846.0,530.7772743116068,530.0576203976234,530.0576203976234,530.0576203976234,530.0576203976234,True,False,60,False,2,600,1.0531295125230293,290.2412139097547,False,0.0912,0.0336,rolling
novelty_1_tuned_adaptive_burst,hybrid,1350,777.0,487.4869292436389,559.6636103706237,559.6636103706237,559.6636103706237,559.6636103706237,True,False,60,False,2,800,0.7254269780411293,148.7153262682226,False,0.1104,0.0336,rolling
novelty_1_tuned_adaptive_burst,hybrid,1351,774.0,485.6047403276403,547.808970659145,547.808970659145,547.808970659145,547.808970659145,True,False,60,False,2,800,0.7226261016780361,147.92246498348112,False,0.09599999999999999,0.0,rolling
novelty_1_tuned_adaptive_burst,hybrid,1352,747.0,468.66504008365285,548.2127919320951,548.2127919320951,548.2127919320951,548.2127919320951,True,False,60,False,2,800,0.6974182144101977,141.05937603844586,False,0.09599999999999999,0.0,rolling
novelty_1_tuned_adaptive_burst,hybrid,1353,740.0,464.2732659463228,540.7872537312041,540.7872537312041,540.7872537312041,540.7872537312041,True,False,60,False,2,800,0.690882836229647,139.3588824258483,False,0.09599999999999999,0.0,rolling
novelty_1_tuned_adaptive_burst,hybrid,1354,771.0,483.7225514116417,538.5507273728826,538.5507273728826,538.5507273728826,538.5507273728826,True,False,60,False,2,800,0.719825225314943,147.13572614916177,False,0.09599999999999999,0.0,rolling
novelty_1_tuned_adaptive_burst,hybrid,1355,745.0,467.4102474729871,545.8850638108524,545.8850638108524,545.8850638108524,545.8850638108524,True,False,60,False,2,800,0.6955509635014689,140.5702511949263,False,0.09599999999999999,0.0,rolling
novelty_1_tuned_adaptive_burst,hybrid,1356,667.0,418.47333565702337,539.9535535387549,539.9535535387549,539.9535535387549,539.9535535387549,True,False,60,False,2,800,0.6227281780610466,123.46783984573963,False,0.09599999999999999,0.0,rolling
novelty_1_tuned_adaptive_burst,hybrid,1357,994.0,623.6319275008714,517.5275770840522,517.5275770840522,517.5275770840522,517.5275770840522,True,False,60,False,2,800,0.9280237016382015,223.86319783617557,False,0.09599999999999999,0.0,rolling
novelty_1_tuned_adaptive_burst,hybrid,1358,812.0,509.4457999302893,604.3789412570422,604.3789412570422,604.3789412570422,604.3789412570422,True,False,60,False,2,600,1.0108051585918438,265.89805849701315,False,0.0912,0.0336,rolling
novelty_1_tuned_adaptive_burst,hybrid,1359,794.0,498.15266643429766,567.2680360008726,567.2680360008726,567.2680360008726,567.2680360008726,True,False,60,False,2,800,0.7412986107653239,153.32499867335483,False,0.1104,0.0336,rolling
novelty_1_tuned_adaptive_burst,hybrid,1360,803.0,503.7992331822935,563.2848285067848,563.2848285067848,563.2848285067848,563.2848285067848,True,False,60,False,2,800,0.7497012398546035,155.84678775037372,False,0.09599999999999999,0.0,rolling
novelty_1_tuned_adaptive_burst,hybrid,1361,648.0,406.55280585569886,565.4846766805463,565.4846766805463,565.4846766805463,565.4846766805463,True,False,60,False,2,800,0.6049892944281233,119.8580065436917,False,0.09599999999999999,0.0,rolling
novelty_1_tuned_adaptive_burst,hybrid,1362,550.0,345.06796793307774,522.7372279313281,522.7372279313281,522.7372279313281,522.7372279313281,True,False,60,False,2,800,0.5134939999004133,104.37129603281275,False,0.09599999999999999,0.0,rolling
novelty_1_tuned_adaptive_burst,hybrid,1363,765.0,479.9581735796445,487.43044141445444,487.43044141445444,487.43044141445444,487.43044141445444,True,False,60,False,2,600,0.9522979634516756,235.4501236387026,False,0.0912,0.0336,rolling
novelty_1_tuned_adaptive_burst,hybrid,1364,700.0,439.17741373300805,533.0756594067384,533.0756594067384,533.0756594067384,533.0756594067384,True,False,60,False,2,600,0.871383757406762,199.09701767255038,False,0.072,0.0,rolling
novelty_1_tuned_adaptive_burst,hybrid,1365,590.0,370.1638201463925,517.5838105449502,517.5838105449502,517.5838105449502,517.5838105449502,True,False,60,False,2,800,0.5508390180749888,110.0847627824075,False,0.1104,0.0336,rolling
novelty_1_tuned_adaptive_burst,hybrid,1366,540.0,338.794004879749,486.4756044732612,486.4756044732612,486.4756044732612,486.4756044732612,True,False,60,False,2,600,0.6722103271423592,134.67490609559903,False,0.0912,0.0336,rolling
novelty_1_tuned_adaptive_burst,hybrid,1367,589.0,369.5364238410596,466.0855923801523,466.0855923801523,466.0855923801523,466.0855923801523,True,False,60,False,2,600,0.7332071901608326,150.95004099020275,False,0.072,0.0,rolling
novelty_1_tuned_adaptive_burst,hybrid,1368,505.0,316.83513419309867,469.8092348885616,469.8092348885616,469.8092348885616,469.8092348885616,True,False,60,False,2,600,0.6286411392720211,124.71784854411308,False,0.072,0.0,rolling
novelty_1_tuned_adaptive_burst,hybrid,1369,567.0,355.7337051237365,443.944251160719,443.944251160719,443.944251160719,443.944251160719,True,False,60,False,2,600,0.7058208434994772,143.29303816891783,False,0.072,0.0,rolling
novelty_1_tuned_adaptive_burst,hybrid,1370,867.0,543.9525967235971,453.0795514842898,453.0795514842898,453.0795514842898,453.0795514842898,True,False,60,False,2,600,1.0792710252452324,306.28932072205805,False,0.072,0.0,rolling
novelty_1_tuned_adaptive_burst,hybrid,1371,774.0,485.6047403276403,533.283638922077,533.283638922077,533.283638922077,533.283638922077,True,False,60,False,2,600,0.9635014689040482,241.00139847936268,False,0.072,0.0,rolling
novelty_1_tuned_adaptive_burst,hybrid,1372,780.0,489.36911815963754,523.6833950455734,523.6833950455734,523.6833950455734,523.6833950455734,True,False,60,False,2,800,0.7282278544042226,149.51433373381428,False,0.1104,0.0336,rolling
novelty_1_tuned_adaptive_burst,hybrid,1373,693.0,434.78563959567794,533.4137585748531,533.4137585748531,533.4137585748531,533.4137585748531,True,False,60,False,2,600,0.8626699198326944,195.55971715065795,False,0.0912,0.0336,rolling
novelty_1_tuned_adaptive_burst,hybrid,1374,539.0,338.16660857441616,515.1079247143093,515.1079247143093,515.1079247143093,515.1079247143093,True,False,60,False,2,800,0.503224119902405,102.93806885571509,False,0.1104,0.0336,rolling
novelty_1_tuned_adaptive_burst,hybrid,1375,728.0,456.74451028232835,473.0029101419291,473.0029101419291,473.0029101419291,473.0029101419291,True,False,60,False,2,600,0.9062391077030324,213.96794768721566,False,0.0912,0.0336,rolling
novelty_1_tuned_adaptive_burst,hybrid,1376,945.0,592.8895085395608,514.6913876951689,514.6913876951689,514.6913876951689,514.6913876951689,True,False,60,False,2,600,1.1763680724991286,373.023324856101,True,0.072,0.0,rolling
novelty_1_tuned_adaptive_burst,hybrid,1377,747.0,468.66504008365285,579.2885584012874,579.2885584012874,579.2885584012874,579.2885584012874,True,False,60,False,2,600,0.9298909525469302,224.73333579483463,False,0.072,0.0,rolling
novelty_1_tuned_adaptive_burst,hybrid,1378,908.0,569.6758452422447,538.8958587339662,538.8958587339662,538.8958587339662,538.8958587339662,True,False,60,False,2,800,0.8477319125628642,189.6599647835096,False,0.1104,0.0336,rolling
novelty_1_tuned_adaptive_burst,hybrid,1379,957.0,600.4182642035553,585.2181902108796,585.2181902108796,585.2181902108796,585.2181902108796,True,False,60,False,2,800,0.8934795598267191,208.3885724119623,False,0.09599999999999999,0.0,rolling
novelty_1_tuned_adaptive_burst,hybrid,1380,845.0,530.149878006274,608.8668290109072,608.8668290109072,608.8668290109072,608.8668290109072,True,False,60,False,2,800,0.7889135089379077,168.38136065578124,False,0.09599999999999999,0.0,rolling
novelty_1_tuned_adaptive_burst,hybrid,1381,802.0,503.17183687696064,586.2543790282671,586.2543790282671,586.2543790282671,586.2543790282671,True,False,60,False,2,800,0.7487676144002391,155.56377764074176,False,0.09599999999999999,0.0,rolling
novelty_1_tuned_adaptive_burst,hybrid,1382,763.0,478.70338096897876,575.0798872408495,575.0798872408495,575.0798872408495,575.0798872408495,True,False,60,False,2,800,0.7123562216800279,145.0675074357119,False,0.09599999999999999,0.0,rolling
novelty_1_tuned_adaptive_burst,hybrid,1383,838.0,525.7581038689439,561.9977445306668,561.9977445306668,561.9977445306668,561.9977445306668,True,False,60,False,2,800,0.782378130757357,166.20304608649957,False,0.09599999999999999,0.0,rolling
novelty_1_tuned_adaptive_burst,hybrid,1384,838.0,525.7581038689439,579.1243855948883,579.1243855948883,579.1243855948883,579.1243855948883,True,False,60,False,2,800,0.782378130757357,166.20304608649957,False,0.09599999999999999,0.0,rolling
novelty_1_tuned_adaptive_burst,hybrid,1385,673.0,422.23771348902056,580.7834051470704,580.7834051470704,580.7834051470704,580.7834051470704,True,False,60,False,2,800,0.628329930787233,124.6514687698828,False,0.09599999999999999,0.0,rolling
novelty_1_tuned_adaptive_burst,hybrid,1386,794.0,498.15266643429766,535.559829738685,535.559829738685,535.559829738685,535.559829738685,True,False,60,False,2,800,0.7412986107653239,153.32499867335483,False,0.09599999999999999,0.0,rolling
novelty_1_tuned_adaptive_burst,hybrid,1387,861.0,540.1882188915998,559.2813673336327,559.2813673336327,559.2813673336327,559.2813673336327,True,False,60,False,2,800,0.8038515162077379,173.497502650034,False,0.09599999999999999,0.0,rolling
novelty_1_tuned_adaptive_burst,hybrid,1388,786.0,493.13349599163473,578.1353991686615,578.1353991686615,578.1353991686615,578.1353991686615,True,False,60,False,2,800,0.7338296071304088,151.13088212926002,False,0.09599999999999999,0.0,rolling
novelty_1_tuned_adaptive_burst,hybrid,1389,1001.0,628.0237016382015,560.6564018875665,560.6564018875665,560.6564018875665,560.6564018875665,True,False,60,False,2,800,0.9345590798187522,226.9240153819418,False,0.09599999999999999,0.0,rolling
novelty_1_tuned_adaptive_burst,hybrid,1390,877.0,550.2265597769258,620.646522884992,620.646522884992,620.646522884992,620.646522884992,True,False,60,False,2,800,0.8187895234775682,178.80736931156378,False,0.09599999999999999,0.0,rolling
novelty_1_tuned_adaptive_burst,hybrid,1391,830.0,520.7389334262809,596.8208269524066,596.8208269524066,596.8208269524066,596.8208269524066,True,False,60,False,2,800,0.7749091271224419,163.75771747386264,False,0.09599999999999999,0.0,rolling
novelty_1_tuned_adaptive_burst,hybrid,1392,538.0,337.5392122690833,585.7765270663231,585.7765270663231,585.7765270663231,585.7765270663231,True,False,60,False,2,800,0.5022904944480406,102.81063543200446,False,0.09599999999999999,0.0,rolling
novelty_1_tuned_adaptive_burst,hybrid,1393,906.0,568.421052631579,504.4001345280667,504.4001345280667,504.4001345280667,504.4001345280667,True,False,60,False,2,800,0.8458646616541353,188.93693438469256,False,0.09599999999999999,0.0,rolling
novelty_1_tuned_adaptive_burst,hybrid,1394,608.0,381.4569536423841,587.499607006509,587.499607006509,587.499607006509,587.499607006509,True,False,60,False,2,600,0.7568590350047304,158.04004374364618,False,0.0912,0.0336,rolling
novelty_1_tuned_adaptive_burst,hybrid,1395,715.0,448.58835831300104,511.4532795786936,511.4532795786936,511.4532795786936,511.4532795786936,True,False,60,False,2,800,0.6675421998705373,133.5437373840896,False,0.1104,0.0336,rolling
novelty_1_tuned_adaptive_burst,hybrid,1396,791.0,496.27047751829906,529.5977824094489,529.5977824094489,529.5977824094489,529.5977824094489,True,False,60,False,2,600,0.984663645869641,251.84472950866987,False,0.0912,0.0336,rolling
novelty_1_tuned_adaptive_burst,hybrid,1397,724.0,454.2349250609969,547.7038249245493,547.7038249245493,547.7038249245493,547.7038249245493,True,False,60,False,2,800,0.6759448289598168,135.59122639681473,False,0.1104,0.0336,rolling
novelty_1_tuned_adaptive_burst,hybrid,1398,818.0,513.2101777622865,531.2894583098014,531.2894583098014,531.2894583098014,531.2894583098014,True,False,60,False,2,800,0.7637056216700693,160.1771228423003,False,0.09599999999999999,0.0,rolling
novelty_1_tuned_adaptive_burst,hybrid,1399,622.0,390.2405019170443,555.7444150988345,555.7444150988345,555.7444150988345,555.7444150988345,True,False,60,False,2,800,0.5807150326146493,115.25021016072805,False,0.09599999999999999,0.0,rolling
novelty_1_tuned_adaptive_burst,hybrid,1400,686.0,430.3938654583479,505.2484048463589,505.2484048463589,505.2484048463589,505.2484048463589,True,False,60,False,2,800,0.64046706169397,127.28930198353284,False,0.09599999999999999,0.0,rolling
novelty_1_tuned_adaptive_burst,hybrid,1401,810.0,508.19100731962357,514.5913234424788,514.5913234424788,514.5913234424788,514.5913234424788,True,False,60,False,2,600,1.0083154907135388,264.52780807264674,False,0.0912,0.0336,rolling
novelty_1_tuned_adaptive_burst,hybrid,1402,862.0,540.8156151969328,546.3370748719212,546.3370748719212,546.3370748719212,546.3370748719212,True,False,60,False,2,600,1.0730468555494697,302.3968152546761,False,0.072,0.0,rolling
novelty_1_tuned_adaptive_burst,hybrid,1403,722.0,452.98013245033115,567.1842035908571,567.1842035908571,567.1842035908571,567.1842035908571,True,False,60,False,2,800,0.674077578051088,135.13179710776166,False,0.1104,0.0336,rolling
novelty_1_tuned_adaptive_burst,hybrid,1404,622.0,390.2405019170443,534.9981694495782,534.9981694495782,534.9981694495782,534.9981694495782,True,False,60,False,2,800,0.5807150326146493,115.25021016072805,False,0.09599999999999999,0.0,rolling
novelty_1_tuned_adaptive_burst,hybrid,1405,553.0,346.95015684907634,505.85977214330023,505.85977214330023,505.85977214330023,505.85977214330023,True,False,60,False,2,800,0.5162948762635065,104.77227830310824,False,0.09599999999999999,0.0,rolling
novelty_1_tuned_adaptive_burst,hybrid,1406,730.0,457.9993028929941,479.480161937543,479.480161937543,479.480161937543,479.480161937543,True,False,60,False,2,600,0.9087287755813375,215.0751152300948,False,0.0912,0.0336,rolling
novelty_1_tuned_adaptive_burst,hybrid,1407,746.0,468.03764377832,516.9053965862786,516.9053965862786,516.9053965862786,516.9053965862786,True,False,60,False,2,600,0.9286461186077778,224.15285519459056,False,0.072,0.0,rolling
novelty_1_tuned_adaptive_burst,hybrid,1408,1057.0,663.1578947368421,523.6764832668678,523.6764832668678,523.6764832668678,523.6764832668678,True,False,60,False,2,600,1.3157894736842104,490.0451960927247,True,0.072,0.0,rolling
novelty_1_tuned_adaptive_burst,hybrid,1409,1060.0,665.0400836528407,615.3408777871209,615.3408777871209,615.3408777871209,615.3408777871209,True,False,60,False,2,600,1.3195239755016681,493.5465119541989,True,0.072,0.0,rolling
novelty_1_tuned_adaptive_burst,hybrid,1410,740.0,464.2732659463228,637.6472828785008,637.6472828785008,637.6472828785008,637.6472828785008,True,False,60,False,2,800,0.690882836229647,139.3588824258483,False,0.1104,0.0336,rolling
novelty_1_tuned_adaptive_burst,hybrid,1411,713.0,447.3335657023353,562.9469460843438,562.9469460843438,562.9469460843438,562.9469460843438,True,False,60,False,2,800,0.6656749489618085,133.09567497004508,False,0.09599999999999999,0.0,rolling
novelty_1_tuned_adaptive_burst,hybrid,1412,900.0,564.6566747995818,549.0325481528698,549.0325481528698,549.0325481528698,549.0325481528698,True,False,60,False,2,800,0.8402629089279491,186.78692596796688,False,0.09599999999999999,0.0,rolling
novelty_1_tuned_adaptive_burst,hybrid,1413,805.0,505.05402579295924,594.1051963238042,594.1051963238042,594.1051963238042,594.1051963238042,True,False,60,False,2,800,0.7515684907633322,156.4149261300622,False,0.09599999999999999,0.0,rolling
novelty_1_tuned_adaptive_burst,hybrid,1414,836.0,524.5033112582781,572.6211243184307,572.6211243184307,572.6211243184307,572.6211243184307,True,False,60,False,2,800,0.7805108798486282,165.58731237840004,False,0.09599999999999999,0.0,rolling
novelty_1_tuned_adaptive_burst,hybrid,1415,657.0,412.19937260369466,580.5478025997618,580.5478025997618,580.5478025997618,580.5478025997618,True,False,60,False,2,800,0.6133919235174028,121.54192957928058,False,0.09599999999999999,0.0,rolling
novelty_1_tuned_adaptive_burst,hybrid,1416,927.0,581.5963750435692,531.9680649312941,531.9680649312941,531.9680649312941,531.9680649312941,True,False,60,False,2,800,0.8654707961957875,196.68895725219852,False,0.09599999999999999,0.0,rolling
novelty_1_tuned_adaptive_burst,hybrid,1417,891.0,559.0101080515859,597.3235324182679,597.3235324182679,597.3235324182679,597.3235324182679,True,False,60,False,2,800,0.8318602798386695,183.61524747979226,False,0.09599999999999999,0.0,rolling
novelty_1_tuned_adaptive_burst,hybrid,1418,733.0,459.8814918089927,594.621580849961,594.621580849961,594.621580849961,594.621580849961,True,False,60,False,2,800,0.6843474580490962,137.69025789914042,False,0.09599999999999999,0.0,rolling
novelty_1_tuned_adaptive_burst,hybrid,1419,659.0,413.4541652143604,553.4442859267092,553.4442859267092,553.4442859267092,553.4442859267092,True,False,60,False,2,800,0.6152591744261315,121.92246398430473,False,0.09599999999999999,0.0,rolling
novelty_1_tuned_adaptive_burst,hybrid,1420,625.0,392.1226908330429,526.5054237171084,526.5054237171084,526.5054237171084,526.5054237171084,True,False,60,False,2,800,0.5835159089777424,115.76272544259007,False,0.09599999999999999,0.0,rolling
novelty_1_tuned_adaptive_burst,hybrid,1421,817.0,512.5827814569536,508.59779982485134,508.59779982485134,508.59779982485134,508.59779982485134,True,False,60,False,2,800,0.7627719962157048,159.8834340400715,False,0.09599999999999999,0.0,rolling
novelty_1_tuned_adaptive_burst,hybrid,1422,673.0,422.23771348902056,552.7471836743944,552.7471836743944,552.7471836743944,552.7471836743944,True,False,60,False,2,600,0.837773241049644,185.84051856564815,False,0.0912,0.0336,rolling
novelty_1_tuned_adaptive_burst,hybrid,1423,534.0,335.02962704775183,516.8005398459145,516.8005398459145,516.8005398459145,516.8005398459145,True,False,60,False,2,800,0.4985559926305831,102.30562145561827,False,0.1104,0.0336,rolling
novelty_1_tuned_adaptive_burst,hybrid,1424,637.0,399.6514464970373,474.89724324718827,474.89724324718827,474.89724324718827,474.89724324718827,True,False,60,False,2,600,0.7929592192401533,169.74805870452144,False,0.0912,0.0336,rolling
novelty_1_tuned_adaptive_burst,hybrid,1425,667.0,418.47333565702337,490.77193721728327,490.77193721728327,490.77193721728327,490.77193721728327,True,False,60,False,2,600,0.8303042374147289,183.03487963434583,False,0.072,0.0,rolling
novelty_1_tuned_adaptive_burst,hybrid,1426,727.0,456.1171139769955,496.2109290701833,496.2109290701833,496.2109290701833,496.2109290701833,True,False,60,False,2,600,0.90499427376388,213.4166399535337,False,0.072,0.0,rolling
novelty_1_tuned_adaptive_burst,hybrid,1427,727.0,456.1171139769955,511.8129328999148,511.8129328999148,511.8129328999148,511.8129328999148,True,False,60,False,2,600,0.90499427376388,213.4166399535337,False,0.072,0.0,rolling
novelty_1_tuned_adaptive_burst,hybrid,1428,675.0,423.4925060996863,515.0970151820666,515.0970151820666,515.0970151820666,515.0970151820666,True,False,60,False,2,600,0.840262908927949,186.78692596796685,False,0.072,0.0,rolling
novelty_1_tuned_adaptive_burst,hybrid,1429,781.0,489.9965144649704,504.05493091842527,504.05493091842527,504.05493091842527,504.05493091842527,True,False,60,False,2,600,0.9722153064781158,245.4092787560304,False,0.072,0.0,rolling
novelty_1_tuned_adaptive_burst,hybrid,1430,694.0,435.4130359010108,532.9039245846125,532.9039245846125,532.9039245846125,532.9039245846125,True,False,60,False,2,600,0.8639147537718468,196.06069788744344,False,0.072,0.0,rolling
novelty_1_tuned_adaptive_burst,hybrid,1431,659.0,413.4541652143604,514.6756134266943,514.6756134266943,514.6756134266943,514.6756134266943,True,False,60,False,2,800,0.6152591744261315,121.92246398430473,False,0.1104,0.0336,rolling
novelty_1_tuned_adaptive_burst,hybrid,1432,585.0,367.02683861972815,504.1292265187981,504.1292265187981,504.1292265187981,504.1292265187981,True,False,60,False,2,600,0.7282278544042226,149.51433373381428,False,0.0912,0.0336,rolling
novelty_1_tuned_adaptive_burst,hybrid,1433,586.0,367.654234925061,481.6690042476512,481.6690042476512,481.6690042476512,481.6690042476512,True,False,60,False,2,600,0.7294726883433751,149.87142721772685,False,0.072,0.0,rolling
novelty_1_tuned_adaptive_burst,hybrid,1434,667.0,418.47333565702337,475.99946724649544,475.99946724649544,475.99946724649544,475.99946724649544,True,False,60,False,2,600,0.8303042374147289,183.03487963434583,False,0.072,0.0,rolling
novelty_1_tuned_adaptive_burst,hybrid,1435,777.0,487.4869292436389,492.8689034445965,492.8689034445965,492.8689034445965,492.8689034445965,True,False,60,False,2,600,0.9672359707215057,242.88077337652769,False,0.072,0.0,rolling
novelty_1_tuned_adaptive_burst,hybrid,1436,764.0,479.33077727431163,523.9268726856931,523.9268726856931,523.9268726856931,523.9268726856931,True,False,60,False,2,600,0.9510531295125231,234.84131183711742,False,0.072,0.0,rolling
novelty_1_tuned_adaptive_burst,hybrid,1437,821.0,515.0923666782851,527.3959353589189,527.3959353589189,527.3959353589189,527.3959353589189,True,False,60,False,2,600,1.0220086640442165,272.14816338742946,False,0.072,0.0,rolling
novelty_1_tuned_adaptive_burst,hybrid,1438,547.0,343.18577901707914,548.2769004858042,548.2769004858042,548.2769004858042,548.2769004858042,True,False,60,False,2,800,0.5106931235373201,103.9746643409826,False,0.1104,0.0336,rolling
novelty_1_tuned_adaptive_burst,hybrid,1439,679.0,426.00209132101776,480.5974858854511,480.5974858854511,480.5974858854511,480.5974858854511,True,False,60,False,2,800,0.6339316835134193,125.85639179807825,False,0.09599999999999999,0.0,rolling
