variant,system,tick,actual_request_rate,scaled_demand,predicted_demand,p10,p50,p90,monitored,burst,next_interval_seconds,after_stretched_interval,replicas,cpu_millicores,utilization,response_ms,slo_violation,resource_cost,rolling_overlap_cost,execution_backend
novelty_2_quantile_provisioning,hybrid,0,839.0,526.3855001742768,577.79931640625,439.70587158203125,577.79931640625,710.621826171875,True,False,60,False,1,600,1.5,687.5,True,0.036,0.0,rolling
novelty_2_quantile_provisioning,hybrid,1,721.0,452.3527361449983,594.7930908203125,456.062744140625,594.7930908203125,724.23779296875,True,False,60,False,2,800,0.6731439525967237,134.9030347565214,False,0.10319999999999999,0.026399999999999996,rolling
novelty_2_quantile_provisioning,hybrid,2,992.0,622.3771348902056,563.2110595703125,425.2847595214844,563.2110595703125,696.40185546875,True,False,60,False,2,800,0.9261564507294727,222.99655440276464,False,0.09599999999999999,0.0,rolling
novelty_2_quantile_provisioning,hybrid,3,948.0,594.7716974555594,634.5728149414062,494.736572265625,634.5728149414062,757.6314697265625,True,False,60,False,2,800,0.8850769307374396,204.8002825299447,False,0.09599999999999999,0.0,rolling
novelty_2_quantile_provisioning,hybrid,4,1047.0,656.8839316835134,629.6411743164062,490.3973083496094,629.6411743164062,757.373779296875,True,False,60,False,2,800,0.977505850719514,248.12434352106266,False,0.09599999999999999,0.0,rolling
novelty_2_quantile_provisioning,hybrid,5,1145.0,718.3687696061346,661.60009765625,521.753662109375,661.60009765625,788.029296875,True,False,60,False,2,800,1.0690011452472241,299.8907783424432,False,0.09599999999999999,0.0,rolling
novelty_2_quantile_provisioning,hybrid,6,904.0,567.1662600209132,697.326171875,556.9581298828125,697.326171875,823.9161376953125,True,False,60,False,2,800,0.8439974107454066,188.2170891366551,False,0.09599999999999999,0.0,rolling
novelty_2_quantile_provisioning,hybrid,7,1008.0,632.4154757755316,637.30712890625,498.60955810546875,637.30712890625,775.82177734375,True,False,60,False,3,600,0.8365284071104916,185.36941902754154,False,0.1272,0.040799999999999996,rolling
novelty_2_quantile_provisioning,hybrid,8,965.0,605.4374346462182,663.982421875,524.2989501953125,663.982421875,798.146484375,True,False,60,False,2,800,0.9009485634616342,211.63533910125068,False,0.11759999999999998,0.040799999999999996,rolling
novelty_2_quantile_provisioning,hybrid,9,1099.0,689.5085395608226,654.2557373046875,514.8360595703125,654.2557373046875,790.7919921875,True,False,60,False,2,800,1.026054374346462,274.4391141456363,False,0.09599999999999999,0.0,rolling
novelty_2_quantile_provisioning,hybrid,10,931.0,584.1059602649007,693.3795166015625,553.0230712890625,693.3795166015625,825.8282470703125,True,False,60,False,2,800,0.869205298013245,198.20602124819663,False,0.09599999999999999,0.0,rolling
novelty_2_quantile_provisioning,hybrid,11,1011.0,634.2976646915301,650.814208984375,511.6497497558594,650.814208984375,791.0625,True,False,60,False,3,600,0.8390180749887964,186.31302018467994,False,0.1272,0.040799999999999996,rolling
novelty_2_quantile_provisioning,hybrid,12,1169.0,733.4262809341234,671.5943603515625,531.7069091796875,671.5943603515625,808.5130615234375,True,False,60,False,2,800,1.0914081561519693,314.0098240147927,False,0.11759999999999998,0.040799999999999996,rolling
novelty_2_quantile_provisioning,hybrid,13,1013.0,635.5524573021959,718.099853515625,577.276611328125,718.099853515625,850.0740966796875,True,False,60,False,2,800,0.9457625852711248,232.27159350213944,False,0.09599999999999999,0.0,rolling
novelty_2_quantile_provisioning,hybrid,14,842.0,528.2676890902753,679.9547729492188,540.334716796875,679.9547729492188,820.1573486328125,True,False,60,False,3,600,0.6987667845109462,141.41426571413373,False,0.1272,0.040799999999999996,rolling
novelty_2_quantile_provisioning,hybrid,15,1180.0,740.327640292785,630.0379638671875,491.3509826660156,630.0379638671875,775.074951171875,True,False,60,False,3,600,0.9792693654666468,249.0359236717985,False,0.108,0.0,rolling
novelty_2_quantile_provisioning,hybrid,16,1164.0,730.2892994074591,718.646728515625,577.5635986328125,718.646728515625,849.22412109375,True,False,60,False,2,800,1.0867400288801474,311.0199563471697,False,0.11759999999999998,0.040799999999999996,rolling
novelty_2_quantile_provisioning,hybrid,17,1061.0,665.6674799581735,722.527099609375,581.9052734375,722.527099609375,857.182861328125,True,False,60,False,3,600,0.8805125396272137,202.87941662893772,False,0.1272,0.040799999999999996,rolling
novelty_2_quantile_provisioning,hybrid,18,1163.0,729.6619031021262,698.1781005859375,558.287841796875,698.1781005859375,838.84228515625,True,False,60,False,3,600,0.9651612474895849,241.83488120423087,False,0.108,0.0,rolling
novelty_2_quantile_provisioning,hybrid,19,1290.0,809.3412338794005,728.3907470703125,587.7262573242188,728.3907470703125,866.0479736328125,True,False,60,False,3,600,1.0705571876711648,300.85239846277466,False,0.108,0.0,rolling
novelty_2_quantile_provisioning,hybrid,20,974.0,611.084001394214,770.389892578125,629.0289306640625,770.389892578125,905.6177978515625,True,False,60,False,2,900,0.8083121711563678,175.06263755253104,False,0.1296,0.0432,rolling
novelty_2_quantile_provisioning,hybrid,21,1143.0,717.1139769954689,687.0205078125,547.7869873046875,687.0205078125,836.695068359375,True,False,60,False,2,900,0.9485634616342181,233.62846114241628,False,0.108,0.0,rolling
novelty_2_quantile_provisioning,hybrid,22,925.0,580.3415824329035,729.7047119140625,589.0137939453125,729.7047119140625,871.35205078125,True,False,60,False,3,600,0.7676475958107188,161.42507877345446,False,0.1296,0.0432,rolling
novelty_2_quantile_provisioning,hybrid,23,805.0,505.05402579295924,667.811767578125,528.5699462890625,667.811767578125,816.7421875,True,False,60,False,2,900,0.6680608806785175,133.66864496377482,False,0.1296,0.0432,rolling
novelty_2_quantile_provisioning,hybrid,24,778.0,488.1143255489718,626.4257202148438,487.6502990722656,626.4257202148438,775.63525390625,True,False,60,False,2,800,0.7263606034954938,148.9809780092302,False,0.11759999999999998,0.040799999999999996,rolling
novelty_2_quantile_provisioning,hybrid,25,767.0,481.2129661903102,608.5488891601562,469.6888732910156,608.5488891601562,753.7857666015625,True,False,60,False,2,800,0.7160907234974855,146.09622383294928,False,0.09599999999999999,0.0,rolling
novelty_2_quantile_provisioning,hybrid,26,673.0,422.23771348902056,594.6734619140625,455.8611755371094,594.6734619140625,735.150390625,True,False,60,False,2,800,0.628329930787233,124.6514687698828,False,0.09599999999999999,0.0,rolling
novelty_2_quantile_provisioning,hybrid,27,746.0,468.03764377832,560.3883056640625,422.261474609375,560.3883056640625,699.508544921875,True,False,60,False,2,800,0.6964845889558333,140.81448578521787,False,0.09599999999999999,0.0,rolling
novelty_2_quantile_provisioning,hybrid,28,670.0,420.35552457302197,570.3471069335938,431.744140625,570.3471069335938,702.770263671875,True,False,60,False,2,800,0.6255290544241399,124.05700441001869,False,0.09599999999999999,0.0,rolling
novelty_2_quantile_provisioning,hybrid,29,702.0,440.4322063436738,544.7109375,406.82635498046875,544.7109375,676.926513671875,True,False,60,False,2,800,0.6554050689638002,130.67594929195062,False,0.09599999999999999,0.0,rolling
novelty_2_quantile_provisioning,hybrid,30,635.0,398.39665388637155,546.4007568359375,408.3935546875,546.4007568359375,674.5352783203125,True,False,60,False,2,800,0.5928521635213863,117.50694852109771,False,0.09599999999999999,0.0,rolling
novelty_2_quantile_provisioning,hybrid,31,779.0,488.74172185430467,525.5665283203125,388.13134765625,525.5665283203125,654.2835693359375,True,False,60,False,2,800,0.7272942289498582,149.24731353812584,False,0.09599999999999999,0.0,rolling
novelty_2_quantile_provisioning,hybrid,32,671.0,420.98292087835483,559.33056640625,420.9632263183594,559.33056640625,681.51904296875,True,False,60,False,2,800,0.6264626798785042,124.25456915859095,False,0.09599999999999999,0.0,rolling
novelty_2_quantile_provisioning,hybrid,33,650.0,407.8075984663646,532.4244384765625,394.99658203125,532.4244384765625,658.8252563476562,True,False,60,False,2,800,0.6068565453368521,120.22820239225364,False,0.09599999999999999,0.0,rolling
novelty_2_quantile_provisioning,hybrid,34,821.0,515.0923666782851,524.9268798828125,387.58001708984375,524.9268798828125,651.1697998046875,True,False,60,False,2,800,0.7665064980331623,161.06250642907176,False,0.09599999999999999,0.0,rolling
novelty_2_quantile_provisioning,hybrid,35,626.0,392.75008713837576,569.0433349609375,430.5084533691406,569.0433349609375,689.193603515625,True,False,60,False,2,600,0.7792660459094757,165.17845648338968,False,0.0912,0.0336,rolling
novelty_2_quantile_provisioning,hybrid,36,608.0,381.4569536423841,521.1392822265625,384.12432861328125,521.1392822265625,649.2164916992188,True,False,60,False,2,800,0.5676442762535479,112.92314345435074,False,0.1104,0.0336,rolling
novelty_2_quantile_provisioning,hybrid,37,366.0,229.6270477518299,513.0322265625,375.948974609375,513.0322265625,640.2022094726562,True,False,60,False,2,600,0.45560922172982127,97.02354576198239,False,0.0912,0.0336,rolling
novelty_2_quantile_provisioning,hybrid,38,379.0,237.7831997211572,447.2679443359375,311.8069152832031,447.2679443359375,579.39501953125,True,False,60,False,2,600,0.47179206293880394,98.90272413170717,False,0.072,0.0,rolling
novelty_2_quantile_provisioning,hybrid,39,421.0,264.13384454513766,439.791748046875,303.98004150390625,439.791748046875,566.38916015625,True,False,60,False,2,600,0.5240750883832096,105.90914334815017,False,0.072,0.0,rolling
novelty_2_quantile_provisioning,hybrid,40,601.0,377.06517950505406,442.8739929199219,306.8053894042969,442.8739929199219,564.4739990234375,True,False,60,False,2,600,0.7481451974306628,155.37549588946374,False,0.072,0.0,rolling
novelty_2_quantile_provisioning,hybrid,41,665.0,417.21854304635764,485.2966613769531,348.13031005859375,485.2966613769531,599.8355102539062,True,False,60,False,2,600,0.8278145695364238,182.11080552700287,False,0.072,0.0,rolling
novelty_2_quantile_provisioning,hybrid,42,709.0,444.82398048100384,505.2928771972656,368.02764892578125,505.2928771972656,619.4410400390625,True,False,60,False,2,600,0.8825872628591346,203.7500753059026,False,0.072,0.0,rolling
novelty_2_quantile_provisioning,hybrid,43,622.0,390.2405019170443,521.9056396484375,384.5198974609375,521.9056396484375,637.2734375,True,False,60,False,2,600,0.7742867101528657,163.5560537143183,False,0.072,0.0,rolling
novelty_2_quantile_provisioning,hybrid,44,595.0,373.3008016730568,503.96893310546875,367.2621154785156,503.96893310546875,624.5723876953125,True,False,60,False,2,600,0.7406761937957477,153.140455978155,False,0.072,0.0,rolling
novelty_2_quantile_provisioning,hybrid,45,776.0,486.859532938306,497.23486328125,360.61016845703125,497.23486328125,618.9987182617188,True,False,60,False,2,600,0.9659911367823532,242.25269910802587,False,0.072,0.0,rolling
novelty_2_quantile_provisioning,hybrid,46,782.0,490.62391077030327,545.2208251953125,407.2381591796875,545.2208251953125,661.482666015625,True,False,60,False,2,600,0.9734601404172684,246.04546759392872,False,0.072,0.0,rolling
novelty_2_quantile_provisioning,hybrid,47,777.0,487.4869292436389,553.2401123046875,415.3580627441406,553.2401123046875,672.2006225585938,True,False,60,False,2,800,0.7254269780411293,148.7153262682226,False,0.1104,0.0336,rolling
novelty_2_quantile_provisioning,hybrid,48,654.0,410.31718368769606,557.5178833007812,419.6407470703125,557.5178833007812,679.3096923828125,True,False,60,False,2,800,0.6105910471543096,120.97545657759115,False,0.09599999999999999,0.0,rolling
novelty_2_quantile_provisioning,hybrid,49,775.0,486.23213663297315,528.38037109375,391.25244140625,528.38037109375,655.745361328125,True,False,60,False,2,800,0.7235597271324006,148.18607063425287,False,0.09599999999999999,0.0,rolling
novelty_2_quantile_provisioning,hybrid,50,1009.0,633.0428720808644,559.3673706054688,421.1965026855469,559.3673706054688,682.4266967773438,True,False,60,False,2,800,0.9420280834536673,230.47489717391113,False,0.09599999999999999,0.0,rolling
novelty_2_quantile_provisioning,hybrid,51,884.0,554.6183339142558,627.3402099609375,487.68865966796875,627.3402099609375,744.27490234375,True,False,60,False,2,800,0.8253249016581188,181.19227307680876,False,0.09599999999999999,0.0,rolling
novelty_2_quantile_provisioning,hybrid,52,613.0,384.59393516904845,603.2757568359375,464.731201171875,603.2757568359375,729.224609375,True,False,60,False,2,800,0.5723124035253697,113.74209004585309,False,0.09599999999999999,0.0,rolling
novelty_2_quantile_provisioning,hybrid,53,1001.0,628.0237016382015,532.9405517578125,396.0780029296875,532.9405517578125,668.780517578125,True,False,60,False,2,800,0.9345590798187522,226.9240153819418,False,0.09599999999999999,0.0,rolling
novelty_2_quantile_provisioning,hybrid,54,728.0,456.74451028232835,632.213134765625,492.3540344238281,632.213134765625,752.969970703125,True,False,60,False,2,800,0.6796793307772744,136.51772793054414,False,0.09599999999999999,0.0,rolling
novelty_2_quantile_provisioning,hybrid,55,694.0,435.4130359010108,565.498291015625,427.76885986328125,565.498291015625,698.56298828125,True,False,60,False,2,800,0.6479360653288851,128.9631069212652,False,0.09599999999999999,0.0,rolling
novelty_2_quantile_provisioning,hybrid,56,814.0,510.70059254095503,552.3275146484375,414.5760803222656,552.3275146484375,684.7362060546875,True,False,60,False,2,800,0.7599711198526117,159.00667250880406,False,0.09599999999999999,0.0,rolling
novelty_2_quantile_provisioning,hybrid,57,973.0,610.4566050888811,580.6533203125,441.98760986328125,580.6533203125,707.3992919921875,True,False,60,False,2,800,0.9084175670965493,214.93638694731092,False,0.09599999999999999,0.0,rolling
novelty_2_quantile_provisioning,hybrid,58,816.0,511.95538515162076,626.3702392578125,486.7953796386719,626.3702392578125,748.6287841796875,True,False,60,False,2,800,0.7618383707613404,159.59046330301572,False,0.09599999999999999,0.0,rolling
novelty_2_quantile_provisioning,hybrid,59,805.0,505.05402579295924,590.0781860351562,451.75921630859375,590.0781860351562,720.666748046875,True,False,60,False,2,800,0.7515684907633322,156.4149261300622,False,0.09599999999999999,0.0,rolling
novelty_2_quantile_provisioning,hybrid,60,571.0,358.243290345068,586.3267822265625,447.93914794921875,586.3267822265625,717.126708984375,True,False,60,False,2,800,0.5331001344420654,107.27086297662139,False,0.09599999999999999,0.0,rolling
novelty_2_quantile_provisioning,hybrid,61,580.0,363.88985709306377,521.4005737304688,384.5303955078125,521.4005737304688,658.1937255859375,True,False,60,False,2,800,0.5415027635313449,108.58081028732776,False,0.09599999999999999,0.0,rolling
novelty_2_quantile_provisioning,hybrid,62,796.0,499.4074590449634,514.0191650390625,376.7922668457031,514.0191650390625,646.0343627929688,True,False,60,False,2,600,0.9908878155654035,255.12412144574364,False,0.0912,0.0336,rolling
novelty_2_quantile_provisioning,hybrid,63,710.0,445.4513767863367,565.71826171875,426.9903564453125,565.71826171875,688.2233276367188,True,False,60,False,2,600,0.8838320967982871,204.27443933586056,False,0.072,0.0,rolling
novelty_2_quantile_provisioning,hybrid,64,836.0,524.5033112582781,544.60400390625,406.79217529296875,544.60400390625,670.536865234375,True,False,60,False,2,800,0.7805108798486282,165.58731237840004,False,0.1104,0.0336,rolling
novelty_2_quantile_provisioning,hybrid,65,604.0,378.94736842105266,578.3837890625,439.7350769042969,578.3837890625,700.36962890625,True,False,60,False,2,800,0.5639097744360902,112.27761018805707,False,0.09599999999999999,0.0,rolling
novelty_2_quantile_provisioning,hybrid,66,681.0,427.25688393168355,519.948486328125,383.01861572265625,519.948486328125,650.8004150390625,True,False,60,False,2,800,0.6357989344221482,126.26279764304311,False,0.09599999999999999,0.0,rolling
novelty_2_quantile_provisioning,hybrid,67,836.0,524.5033112582781,534.6632080078125,396.9915466308594,534.6632080078125,660.7839965820312,True,False,60,False,2,600,1.0406811731315042,282.87362934139264,False,0.0912,0.0336,rolling
novelty_2_quantile_provisioning,hybrid,68,625.0,392.1226908330429,574.8052368164062,436.16107177734375,574.8052368164062,695.263427734375,True,False,60,False,2,800,0.5835159089777424,115.76272544259007,False,0.1104,0.0336,rolling
novelty_2_quantile_provisioning,hybrid,69,601.0,377.06517950505406,522.5077514648438,385.4987487792969,522.5077514648438,651.3848876953125,True,False,60,False,2,800,0.5611088980729971,111.79903732836752,False,0.09599999999999999,0.0,rolling
novelty_2_quantile_provisioning,hybrid,70,519.0,325.6186824677588,512.0802001953125,375.03424072265625,512.0802001953125,639.8919677734375,True,False,60,False,2,600,0.6460688144201563,128.54101350558756,False,0.0912,0.0336,rolling
novelty_2_quantile_provisioning,hybrid,71,493.0,309.3063785291042,487.2136535644531,350.63006591796875,487.2136535644531,615.6361083984375,True,False,60,False,2,600,0.613703132002191,121.60519139011598,False,0.072,0.0,rolling
novelty_2_quantile_provisioning,hybrid,72,733.0,459.8814918089927,474.968017578125,338.4718322753906,474.968017578125,601.390625,True,False,60,False,2,600,0.912463277398795,216.74727798314763,False,0.072,0.0,rolling
novelty_2_quantile_provisioning,hybrid,73,593.0,372.0460090623911,532.6331176757812,394.5119934082031,532.6331176757812,649.4042358398438,True,False,60,False,2,600,0.7381865259174426,152.40538154620424,False,0.072,0.0,rolling
novelty_2_quantile_provisioning,hybrid,74,569.0,356.98849773440224,500.0859375,363.2635192871094,500.0859375,623.0330200195312,True,False,60,False,2,800,0.5312328835333366,106.98530653347214,False,0.1104,0.0336,rolling
novelty_2_quantile_provisioning,hybrid,75,764.0,479.33077727431163,492.10919189453125,355.42059326171875,492.10919189453125,615.1474609375,True,False,60,False,2,600,0.9510531295125231,234.84131183711742,False,0.0912,0.0336,rolling
novelty_2_quantile_provisioning,hybrid,76,531.0,333.14743813175323,542.3518676757812,404.27764892578125,542.3518676757812,658.94091796875,True,False,60,False,2,600,0.6610068216899866,131.98647008800015,False,0.072,0.0,rolling
novelty_2_quantile_provisioning,hybrid,77,808.0,506.93621470895783,486.0643310546875,349.8226623535156,486.0643310546875,611.988037109375,True,False,60,False,2,800,0.7543693671264253,157.2724422842274,False,0.1104,0.0336,rolling
novelty_2_quantile_provisioning,hybrid,78,684.0,429.13907284768214,555.3846435546875,417.0376281738281,555.3846435546875,671.279296875,True,False,60,False,2,600,0.8514664143803217,191.1156091584337,False,0.0912,0.0336,rolling
novelty_2_quantile_provisioning,hybrid,79,625.0,392.1226908330429,528.954833984375,391.6898498535156,528.954833984375,651.763916015625,True,False,60,False,2,800,0.5835159089777424,115.76272544259007,False,0.1104,0.0336,rolling
novelty_2_quantile_provisioning,hybrid,80,762.0,478.0759846636459,514.177001953125,377.201904296875,514.177001953125,639.2789306640625,True,False,60,False,2,800,0.7114225962256635,144.81200704445683,False,0.09599999999999999,0.0,rolling
novelty_2_quantile_provisioning,hybrid,81,567.0,355.7337051237365,549.5928955078125,411.5411071777344,549.5928955078125,670.0545043945312,True,False,60,False,2,600,0.7058208434994772,143.29303816891783,False,0.0912,0.0336,rolling
novelty_2_quantile_provisioning,hybrid,82,883.0,553.990937608923,501.58447265625,364.96429443359375,501.58447265625,629.4986572265625,True,False,60,False,2,800,0.8243912762037544,180.8492487147828,False,0.1104,0.0336,rolling
novelty_2_quantile_provisioning,hybrid,83,853.0,535.1690484489369,582.2103271484375,443.252197265625,582.2103271484375,698.665771484375,True,False,60,False,2,600,1.061843350097097,295.50326771937546,False,0.0912,0.0336,rolling
novelty_2_quantile_provisioning,hybrid,84,830.0,520.7389334262809,582.4990234375,444.043212890625,582.4990234375,703.7022705078125,True,False,60,False,2,800,0.7749091271224419,163.75771747386264,False,0.1104,0.0336,rolling
novelty_2_quantile_provisioning,hybrid,85,794.0,498.15266643429766,581.7050170898438,443.41485595703125,581.7050170898438,706.3370361328125,True,False,60,False,2,800,0.7412986107653239,153.32499867335483,False,0.09599999999999999,0.0,rolling
novelty_2_quantile_provisioning,hybrid,86,651.0,408.43499477169746,574.6222534179688,436.5111083984375,574.6222534179688,701.7845458984375,True,False,60,False,2,800,0.6077901707912164,120.4141568092042,False,0.09599999999999999,0.0,rolling
novelty_2_quantile_provisioning,hybrid,87,977.0,612.9661903102126,537.1624755859375,399.88629150390625,537.1624755859375,669.16064453125,True,False,60,False,2,800,0.9121520689140068,216.60740692888893,False,0.09599999999999999,0.0,rolling
novelty_2_quantile_provisioning,hybrid,88,868.0,544.57999302893,621.6876220703125,482.0361328125,621.6876220703125,741.3875732421875,True,False,60,False,2,800,0.8103868943882886,175.79651984403958,False,0.09599999999999999,0.0,rolling
novelty_2_quantile_provisioning,hybrid,89,694.0,435.4130359010108,600.0804443359375,461.4671325683594,600.0804443359375,727.085693359375,True,False,60,False,2,800,0.6479360653288851,128.9631069212652,False,0.09599999999999999,0.0,rolling
novelty_2_quantile_provisioning,hybrid,90,767.0,481.2129661903102,555.22802734375,417.6883544921875,555.22802734375,688.91015625,True,False,60,False,2,800,0.7160907234974855,146.09622383294928,False,0.09599999999999999,0.0,rolling
novelty_2_quantile_provisioning,hybrid,91,844.0,529.5224817009411,570.1087646484375,431.82135009765625,570.1087646484375,699.4554443359375,True,False,60,False,2,800,0.7879798834835432,168.06795186789034,False,0.09599999999999999,0.0,rolling
novelty_2_quantile_provisioning,hybrid,92,771.0,483.7225514116417,590.7720336914062,451.97271728515625,590.7720336914062,717.3919677734375,True,False,60,False,2,800,0.719825225314943,147.13572614916177,False,0.09599999999999999,0.0,rolling
novelty_2_quantile_provisioning,hybrid,93,570.0,357.6158940397351,572.2901611328125,434.1046142578125,572.2901611328125,701.7987060546875,True,False,60,False,2,800,0.532166508987701,107.12783426719572,False,0.09599999999999999,0.0,rolling
novelty_2_quantile_provisioning,hybrid,94,593.0,372.0460090623911,516.8659057617188,379.98248291015625,516.8659057617188,651.58203125,True,False,60,False,2,800,0.5536398944380819,110.5460203398049,False,0.09599999999999999,0.0,rolling
novelty_2_quantile_provisioning,hybrid,95,430.0,269.7804112931335,514.38818359375,377.1050720214844,514.38818359375,644.5132446289062,True,False,60,False,2,600,0.5352785938355824,107.60654980784683,False,0.0912,0.0336,rolling
novelty_2_quantile_provisioning,hybrid,96,437.0,274.17218543046357,466.6192321777344,330.4651184082031,466.6192321777344,598.4617919921875,True,False,60,False,2,600,0.5439924314096499,108.97684363491646,False,0.072,0.0,rolling
novelty_2_quantile_provisioning,hybrid,97,516.0,323.7364935517602,458.95245361328125,322.6304016113281,458.95245361328125,586.0157470703125,True,False,60,False,2,600,0.6423343126026988,127.70411806795931,False,0.072,0.0,rolling
novelty_2_quantile_provisioning,hybrid,98,523.0,328.1282676890903,471.66424560546875,334.91485595703125,471.66424560546875,592.801025390625,True,False,60,False,2,600,0.6510481501767665,129.6720212852988,False,0.072,0.0,rolling
novelty_2_quantile_provisioning,hybrid,99,450.0,282.3283373997909,471.0901184082031,334.5293884277344,471.0901184082031,590.790283203125,True,False,60,False,2,600,0.5601752726186328,111.64057065717537,False,0.072,0.0,rolling
novelty_2_quantile_provisioning,hybrid,100,726.0,455.4897176716626,451.3717956542969,315.4700927734375,451.3717956542969,572.6493530273438,True,False,60,False,2,600,0.9037494398247274,212.86684680058372,False,0.072,0.0,rolling
novelty_2_quantile_provisioning,hybrid,101,653.0,409.6897873823632,520.03076171875,382.22039794921875,520.03076171875,631.8720703125,True,False,60,False,2,600,0.8128765622665937,176.6821523507395,False,0.072,0.0,rolling
novelty_2_quantile_provisioning,hybrid,102,618.0,387.7309166957128,507.5435791015625,370.59619140625,507.5435791015625,624.8513793945312,True,False,60,False,2,600,0.7693073743962555,161.95438424297072,False,0.072,0.0,rolling
novelty_2_quantile_provisioning,hybrid,103,755.0,473.6842105263158,501.141845703125,364.4307556152344,501.141845703125,621.0701293945312,True,False,60,False,2,600,0.9398496240601504,229.43338050026418,False,0.072,0.0,rolling
novelty_2_quantile_provisioning,hybrid,104,729.0,457.3719065876612,538.9298095703125,401.17059326171875,538.9298095703125,655.4964599609375,True,False,60,False,2,600,0.9074839416421849,214.52077208495945,False,0.072,0.0,rolling
novelty_2_quantile_provisioning,hybrid,105,672.0,421.6103171836877,537.6970825195312,400.2003173828125,537.6970825195312,657.7320556640625,True,False,60,False,2,800,0.6273963053328686,124.45272365224407,False,0.1104,0.0336,rolling
novelty_2_quantile_provisioning,hybrid,106,540.0,338.794004879749,526.153564453125,388.9698486328125,526.153564453125,649.6915283203125,True,False,60,False,2,800,0.5041577453567694,103.06597600908084,False,0.09599999999999999,0.0,rolling
novelty_2_quantile_provisioning,hybrid,107,662.0,415.33635413035904,492.0226135253906,355.60125732421875,492.0226135253906,619.6781005859375,True,False,60,False,2,800,0.6180600507892248,122.49761177578266,False,0.09599999999999999,0.0,rolling
novelty_2_quantile_provisioning,hybrid,108,707.0,443.5691878703381,519.7218017578125,382.23675537109375,519.7218017578125,641.7720947265625,True,False,60,False,2,600,0.8800975949808296,202.70577640504632,False,0.0912,0.0336,rolling
novelty_2_quantile_provisioning,hybrid,109,708.0,444.196584175671,532.8136596679688,395.101806640625,532.8136596679688,653.843017578125,True,False,60,False,2,600,0.881342428919982,203.2271883567411,False,0.072,0.0,rolling
novelty_2_quantile_provisioning,hybrid,110,638.0,400.27884280237015,535.73681640625,398.0873107910156,535.73681640625,657.940673828125,True,False,60,False,2,800,0.5956530398844794,118.04105849243327,False,0.1104,0.0336,rolling
novelty_2_quantile_provisioning,hybrid,111,561.0,351.96932729173926,518.4127197265625,381.2746887207031,518.4127197265625,643.3837280273438,True,False,60,False,2,800,0.5237638798984215,105.86301432038914,False,0.09599999999999999,0.0,rolling
novelty_2_quantile_provisioning,hybrid,112,756.0,474.31160683164865,496.7593078613281,360.06597900390625,496.7593078613281,623.3515625,True,False,60,False,2,600,0.9410944579993029,230.02794232632377,False,0.0912,0.0336,rolling
novelty_2_quantile_provisioning,hybrid,113,852.0,534.5416521436041,544.8910522460938,406.75238037109375,544.8910522460938,664.0093994140625,True,False,60,False,2,600,1.0605985161579445,294.74623117236706,False,0.072,0.0,rolling
novelty_2_quantile_provisioning,hybrid,114,733.0,459.8814918089927,575.1107177734375,436.55035400390625,575.1107177734375,693.0254516601562,True,False,60,False,2,800,0.6843474580490962,137.69025789914042,False,0.1104,0.0336,rolling
novelty_2_quantile_provisioning,hybrid,115,925.0,580.3415824329035,549.331298828125,411.737548828125,549.331298828125,674.0698852539062,True,False,60,False,2,800,0.8636035452870587,195.93531723798495,False,0.09599999999999999,0.0,rolling
novelty_2_quantile_provisioning,hybrid,116,877.0,550.2265597769258,603.055908203125,464.0357360839844,603.055908203125,722.4925537109375,True,False,60,False,2,800,0.8187895234775682,178.80736931156378,False,0.09599999999999999,0.0,rolling
novelty_2_quantile_provisioning,hybrid,117,580.0,363.88985709306377,597.90185546875,459.33685302734375,597.90185546875,722.5928955078125,True,False,60,False,2,800,0.5415027635313449,108.58081028732776,False,0.09599999999999999,0.0,rolling
novelty_2_quantile_provisioning,hybrid,118,755.0,473.6842105263158,521.3823852539062,384.7444763183594,521.3823852539062,656.834716796875,True,False,60,False,2,800,0.7048872180451128,143.04220739854895,False,0.09599999999999999,0.0,rolling
novelty_2_quantile_provisioning,hybrid,119,685.0,429.766469153015,560.0218505859375,421.78167724609375,560.0218505859375,686.6768798828125,True,False,60,False,2,600,0.8527112483194742,191.6036711674072,False,0.0912,0.0336,rolling
novelty_2_quantile_provisioning,hybrid,120,842.0,528.2676890902753,541.3126220703125,403.62939453125,541.3126220703125,669.861083984375,True,False,60,False,2,800,0.7861126325748145,167.44335880000682,False,0.1104,0.0336,rolling
novelty_2_quantile_provisioning,hybrid,121,730.0,457.9993028929941,581.9420166015625,443.158447265625,581.9420166015625,704.726806640625,True,False,60,False,2,800,0.6815465816860031,136.98481423769627,False,0.09599999999999999,0.0,rolling
novelty_2_quantile_provisioning,hybrid,122,699.0,438.55001742767513,555.7828369140625,417.9184875488281,555.7828369140625,683.9276733398438,True,False,60,False,2,800,0.652604192600707,130.02903013936532,False,0.09599999999999999,0.0,rolling
novelty_2_quantile_provisioning,hybrid,123,389.0,244.0571627744859,546.0099487304688,408.28167724609375,546.0099487304688,674.5528564453125,True,False,60,False,2,800,0.3631803017477469,88.62262225115377,False,0.09599999999999999,0.0,rolling
novelty_2_quantile_provisioning,hybrid,124,559.0,350.71453468107353,462.3856201171875,326.7452697753906,462.3856201171875,598.357666015625,True,False,60,False,2,800,0.5218966289896928,105.58738950080729,False,0.09599999999999999,0.0,rolling
novelty_2_quantile_provisioning,hybrid,125,667.0,418.47333565702337,493.3230895996094,356.1565246582031,493.3230895996094,618.654052734375,True,False,60,False,2,600,0.8303042374147289,183.03487963434583,False,0.0912,0.0336,rolling
novelty_2_quantile_provisioning,hybrid,126,394.0,247.19414430115023,517.7955932617188,380.0932312011719,517.7955932617188,637.8240966796875,True,False,60,False,2,600,0.4904645720260917,101.2371107473875,False,0.072,0.0,rolling
novelty_2_quantile_provisioning,hybrid,127,485.0,304.2872080864413,448.2125549316406,312.6744689941406,448.2125549316406,576.3397216796875,True,False,60,False,2,600,0.6037444604889708,119.6124753681704,False,0.072,0.0,rolling
novelty_2_quantile_provisioning,hybrid,128,470.0,294.87626350644825,463.49951171875,327.1055908203125,463.49951171875,585.5596923828125,True,False,60,False,2,600,0.585071951401683,116.0495908624408,False,0.072,0.0,rolling
novelty_2_quantile_provisioning,hybrid,129,463.0,290.4844893691182,456.5389709472656,320.3792724609375,456.5389709472656,577.39306640625,True,False,60,False,2,600,0.5763581138276155,114.46273490731761,False,0.072,0.0,rolling
novelty_2_quantile_provisioning,hybrid,130,582.0,365.14464970372956,452.1582946777344,316.1394348144531,452.1582946777344,571.9366455078125,True,False,60,False,2,600,0.724493352586765,148.45035743619843,False,0.072,0.0,rolling
novelty_2_quantile_provisioning,hybrid,131,733.0,459.8814918089927,480.4092102050781,343.644775390625,480.4092102050781,595.7237548828125,True,False,60,False,2,600,0.912463277398795,216.74727798314763,False,0.072,0.0,rolling
novelty_2_quantile_provisioning,hybrid,132,638.0,400.27884280237015,522.9650268554688,385.3363037109375,522.9650268554688,635.0933227539062,True,False,60,False,2,600,0.7942040531793059,170.17139790798998,False,0.072,0.0,rolling
novelty_2_quantile_provisioning,hybrid,133,526.0,330.0104566050889,505.0366516113281,368.2769775390625,505.0366516113281,623.58349609375,True,False,60,False,2,600,0.654782651994224,130.53171043377876,False,0.072,0.0,rolling
novelty_2_quantile_provisioning,hybrid,134,700.0,439.17741373300805,478.406005859375,342.3043212890625,478.406005859375,601.6231689453125,True,False,60,False,2,600,0.871383757406762,199.09701767255038,False,0.072,0.0,rolling
novelty_2_quantile_provisioning,hybrid,135,642.0,402.78842802370167,521.8056030273438,384.2929382324219,521.8056030273438,638.9532470703125,True,False,60,False,2,600,0.799183388935916,171.87806719899993,False,0.072,0.0,rolling
novelty_2_quantile_provisioning,hybrid,136,583.0,365.7720460090624,510.5305480957031,373.54656982421875,510.5305480957031,631.22119140625,True,False,60,False,2,600,0.7257381865259175,148.80380092637984,False,0.072,0.0,rolling
novelty_2_quantile_provisioning,hybrid,137,606.0,380.2021610317184,496.6180419921875,359.958251953125,496.6180419921875,619.8031005859375,True,False,60,False,2,600,0.7543693671264253,157.2724422842274,False,0.072,0.0,rolling
novelty_2_quantile_provisioning,hybrid,138,657.0,412.19937260369466,501.5843200683594,364.64404296875,501.5843200683594,623.606201171875,True,False,60,False,2,600,0.8178558980232037,178.46975900273912,False,0.072,0.0,rolling
novelty_2_quantile_provisioning,hybrid,139,561.0,351.96932729173926,515.1053466796875,377.7899169921875,515.1053466796875,635.5892333984375,True,False,60,False,2,600,0.6983518398645621,141.304922833515,False,0.072,0.0,rolling
novelty_2_quantile_provisioning,hybrid,140,407.0,255.35029627047751,491.6767883300781,355.0703125,491.6767883300781,615.740966796875,True,False,60,False,2,600,0.5066474132350745,103.40938444705306,False,0.072,0.0,rolling
novelty_2_quantile_provisioning,hybrid,141,696.0,436.66782851167653,449.82232666015625,314.2078552246094,449.82232666015625,577.0722045898438,True,False,60,False,2,600,0.8664044216501519,197.06699893689458,False,0.072,0.0,rolling
novelty_2_quantile_provisioning,hybrid,142,807.0,506.30881840362497,517.5224609375,379.729248046875,517.5224609375,633.0797119140625,True,False,60,False,2,600,1.0045809888960813,262.4850834560356,False,0.072,0.0,rolling
novelty_2_quantile_provisioning,hybrid,143,588.0,368.90902753572675,552.392822265625,414.158203125,552.392822265625,666.69189453125,True,False,60,False,2,600,0.73196235622168,150.58927876259128,False,0.072,0.0,rolling
novelty_2_quantile_provisioning,hybrid,144,561.0,351.96932729173926,501.7532958984375,365.2258605957031,501.7532958984375,626.392578125,True,False,60,False,2,800,0.5237638798984215,105.86301432038914,False,0.1104,0.0336,rolling
novelty_2_quantile_provisioning,hybrid,145,473.0,296.75845242244685,492.3840026855469,355.82147216796875,492.3840026855469,616.9853515625,True,False,60,False,2,600,0.5888064532191406,116.74431779424413,False,0.0912,0.0336,rolling
novelty_2_quantile_provisioning,hybrid,146,841.0,527.6402927849425,466.9747009277344,330.9141540527344,466.9747009277344,592.739990234375,True,False,60,False,2,600,1.046905342827267,286.5355206215222,False,0.072,0.0,rolling
novelty_2_quantile_provisioning,hybrid,147,686.0,430.3938654583479,559.6747436523438,420.95654296875,559.6747436523438,672.22900390625,True,False,60,False,2,600,0.8539560822586267,192.093160257263,False,0.072,0.0,rolling
novelty_2_quantile_provisioning,hybrid,148,716.0,449.2157546183339,527.18408203125,389.9268493652344,527.18408203125,648.6773681640625,True,False,60,False,2,800,0.6684758253249017,133.76871077699363,False,0.1104,0.0336,rolling
novelty_2_quantile_provisioning,hybrid,149,760.0,476.82119205298017,536.7603759765625,399.2064208984375,536.7603759765625,658.32470703125,True,False,60,False,2,800,0.7095553453169348,144.30301455927878,False,0.09599999999999999,0.0,rolling
novelty_2_quantile_provisioning,hybrid,150,725.0,454.86232136632975,551.0548706054688,413.16241455078125,551.0548706054688,672.4842529296875,True,False,60,False,2,800,0.6768784544141812,135.82189509243707,False,0.09599999999999999,0.0,rolling
novelty_2_quantile_provisioning,hybrid,151,476.0,298.64064133844545,545.2963256835938,407.6317138671875,545.2963256835938,669.5064697265625,True,False,60,False,2,800,0.44440571627744857,95.79833849128147,False,0.09599999999999999,0.0,rolling
novelty_2_quantile_provisioning,hybrid,152,452.0,283.5831300104566,480.3415832519531,344.3329772949219,480.3415832519531,612.0372924804688,True,False,60,False,2,800,0.4219987053727033,93.52713614208189,False,0.09599999999999999,0.0,rolling
novelty_2_quantile_provisioning,hybrid,153,583.0,365.7720460090624,465.5714111328125,329.4248046875,465.5714111328125,593.8924560546875,True,False,60,False,2,600,0.7257381865259175,148.80380092637984,False,0.0912,0.0336,rolling
novelty_2_quantile_provisioning,hybrid,154,460.0,288.60230045311954,492.70550537109375,355.552978515625,492.70550537109375,613.938720703125,True,False,60,False,2,600,0.5726236120101578,113.79716417543835,False,0.072,0.0,rolling
novelty_2_quantile_provisioning,hybrid,155,476.0,298.64064133844545,460.62615966796875,324.51513671875,460.62615966796875,584.913330078125,True,False,60,False,2,600,0.5925409550365981,117.44791346081536,False,0.072,0.0,rolling
novelty_2_quantile_provisioning,hybrid,156,605.0,379.5747647263855,460.4964904785156,324.23126220703125,460.4964904785156,582.3470458984375,True,False,60,False,2,600,0.7531245331872729,156.8905363429304,False,0.072,0.0,rolling
novelty_2_quantile_provisioning,hybrid,157,651.0,408.43499477169746,490.5033264160156,353.4398498535156,490.5033264160156,607.08203125,True,False,60,False,2,600,0.8103868943882886,175.79651984403958,False,0.072,0.0,rolling
novelty_2_quantile_provisioning,hybrid,158,484.0,303.65981178110843,504.9635009765625,367.79937744140625,504.9635009765625,621.3070678710938,True,False,60,False,2,600,0.6024996265498184,119.36795460758037,False,0.072,0.0,rolling
novelty_2_quantile_provisioning,hybrid,159,472.0,296.131056117114,464.7593078613281,328.8994445800781,464.7593078613281,587.5562744140625,True,False,60,False,2,600,0.5875616192799881,116.51175951310847,False,0.072,0.0,rolling
novelty_2_quantile_provisioning,hybrid,160,437.0,274.17218543046357,458.2647705078125,322.3387756347656,458.2647705078125,579.9443359375,True,False,60,False,2,600,0.5439924314096499,108.97684363491646,False,0.072,0.0,rolling
novelty_2_quantile_provisioning,hybrid,161,654.0,410.31718368769606,446.4930114746094,310.769287109375,446.4930114746094,567.7021484375,True,False,60,False,2,600,0.8141213962057462,177.12700818391977,False,0.072,0.0,rolling
novelty_2_quantile_provisioning,hybrid,162,485.0,304.2872080864413,499.84271240234375,362.54083251953125,499.84271240234375,613.4517211914062,True,False,60,False,2,600,0.6037444604889708,119.6124753681704,False,0.072,0.0,rolling
novelty_2_quantile_provisioning,hybrid,163,573.0,359.4980829557337,461.3174133300781,325.444091796875,461.3174133300781,582.21826171875,True,False,60,False,2,600,0.7132898471343923,145.3236784312839,False,0.072,0.0,rolling
novelty_2_quantile_provisioning,hybrid,164,654.0,410.31718368769606,482.076904296875,345.46002197265625,482.076904296875,599.738525390625,True,False,60,False,2,600,0.8141213962057462,177.12700818391977,False,0.072,0.0,rolling
novelty_2_quantile_provisioning,hybrid,165,784.0,491.878703380969,505.0979919433594,367.9613952636719,505.0979919433594,621.2174072265625,True,False,60,False,2,600,0.9759498082955734,247.32273484466083,False,0.072,0.0,rolling
novelty_2_quantile_provisioning,hybrid,166,836.0,524.5033112582781,544.0904541015625,406.1473693847656,544.0904541015625,658.2911987304688,True,False,60,False,2,600,1.0406811731315042,282.87362934139264,False,0.072,0.0,rolling
novelty_2_quantile_provisioning,hybrid,167,451.0,282.95573370512375,565.864990234375,427.71337890625,565.864990234375,682.1016845703125,True,False,60,False,2,800,0.4210650799183389,93.4375527510199,False,0.1104,0.0336,rolling
novelty_2_quantile_provisioning,hybrid,168,640.0,401.5336354130359,471.0779113769531,335.62689208984375,471.0779113769531,602.112548828125,True,False,60,False,2,800,0.5975202907932081,118.39993404793785,False,0.09599999999999999,0.0,rolling
novelty_2_quantile_provisioning,hybrid,169,597.0,374.55559428372254,512.3228759765625,375.0359191894531,512.3228759765625,634.4942016601562,True,False,60,False,2,600,0.7431658616740526,153.88048873492312,False,0.0912,0.0336,rolling
novelty_2_quantile_provisioning,hybrid,170,700.0,439.17741373300805,501.6524658203125,364.7124328613281,501.6524658203125,625.0768432617188,True,False,60,False,2,600,0.871383757406762,199.09701767255038,False,0.072,0.0,rolling
novelty_2_quantile_provisioning,hybrid,171,611.0,383.3391425583827,528.1326904296875,390.44842529296875,528.1326904296875,648.0582275390625,True,False,60,False,2,600,0.7605935368221879,159.20095112478242,False,0.072,0.0,rolling
novelty_2_quantile_provisioning,hybrid,172,684.0,429.13907284768214,507.0978088378906,370.1509704589844,507.0978088378906,630.7941284179688,True,False,60,False,2,800,0.6385998107852413,126.87689761371423,False,0.1104,0.0336,rolling
novelty_2_quantile_provisioning,hybrid,173,543.0,340.6761937957477,525.6539306640625,388.117919921875,525.6539306640625,646.9129638671875,True,False,60,False,2,600,0.6759448289598168,135.59122639681473,False,0.0912,0.0336,rolling
novelty_2_quantile_provisioning,hybrid,174,482.0,302.40501917044264,490.16998291015625,353.66851806640625,490.16998291015625,616.2659301757812,True,False,60,False,2,800,0.45000746900363486,96.40331674910355,False,0.1104,0.0336,rolling
novelty_2_quantile_provisioning,hybrid,175,545.0,341.9309864064134,470.4327392578125,334.2254333496094,470.4327392578125,596.4134521484375,True,False,60,False,2,600,0.6784344968381218,136.20775936569433,False,0.0912,0.0336,rolling
novelty_2_quantile_provisioning,hybrid,176,546.0,342.5583827117463,481.3128967285156,344.6025390625,481.3128967285156,602.9227905273438,True,False,60,False,2,600,0.6796793307772744,136.51772793054414,False,0.072,0.0,rolling
novelty_2_quantile_provisioning,hybrid,177,752.0,471.8020216103172,479.7645263671875,343.15814208984375,479.7645263671875,600.36083984375,True,False,60,False,2,600,0.9361151222426928,227.65912417255748,False,0.072,0.0,rolling
novelty_2_quantile_provisioning,hybrid,178,773.0,484.9773440223074,533.8759155273438,395.8812255859375,533.8759155273438,648.2069091796875,True,False,60,False,2,600,0.9622566349648957,240.37816795254173,False,0.072,0.0,rolling
novelty_2_quantile_provisioning,hybrid,179,804.0,504.42662948762637,546.22998046875,408.36016845703125,546.22998046875,663.0560302734375,True,False,60,False,2,800,0.7506348653089678,156.1305036205123,False,0.1104,0.0336,rolling
novelty_2_quantile_provisioning,hybrid,180,617.0,387.1035203903799,560.6047973632812,422.5921630859375,560.6047973632812,679.4554443359375,True,False,60,False,2,800,0.5760469053428272,114.40693988053295,False,0.09599999999999999,0.0,rolling
novelty_2_quantile_provisioning,hybrid,181,509.0,319.34471941443013,515.574951171875,378.84930419921875,515.574951171875,642.6023559570312,True,False,60,False,2,800,0.47521535627147343,99.31718786756348,False,0.09599999999999999,0.0,rolling
novelty_2_quantile_provisioning,hybrid,182,680.0,426.6294876263507,484.5696716308594,348.31463623046875,484.5696716308594,613.4829711914062,True,False,60,False,2,600,0.8464870786237116,189.1775902647678,False,0.0912,0.0336,rolling
novelty_2_quantile_provisioning,hybrid,183,443.0,277.93656326246077,523.4114990234375,385.759033203125,523.4114990234375,644.463134765625,True,False,60,False,2,600,0.551461435044565,110.1868603067073,False,0.072,0.0,rolling
novelty_2_quantile_provisioning,hybrid,184,608.0,381.4569536423841,463.4164733886719,327.5462341308594,463.4164733886719,591.7734985351562,True,False,60,False,2,600,0.7568590350047304,158.04004374364618,False,0.072,0.0,rolling
novelty_2_quantile_provisioning,hybrid,185,584.0,366.3994423143953,499.4175720214844,362.1729431152344,499.4175720214844,619.9962768554688,True,False,60,False,2,600,0.72698302046507,149.15845899780857,False,0.072,0.0,rolling
novelty_2_quantile_provisioning,hybrid,186,729.0,457.3719065876612,493.7340393066406,356.82110595703125,493.7340393066406,615.1060180664062,True,False,60,False,2,600,0.9074839416421849,214.52077208495945,False,0.072,0.0,rolling
novelty_2_quantile_provisioning,hybrid,187,673.0,422.23771348902056,531.8655395507812,394.0079345703125,531.8655395507812,648.859130859375,True,False,60,False,2,600,0.837773241049644,185.84051856564815,False,0.072,0.0,rolling
novelty_2_quantile_provisioning,hybrid,188,736.0,461.7636807249913,521.2957763671875,384.03924560546875,521.2957763671875,642.07861328125,True,False,60,False,2,800,0.6871483344121894,138.4014996951575,False,0.1104,0.0336,rolling
novelty_2_quantile_provisioning,hybrid,189,438.0,274.79958173579644,539.4844970703125,401.78826904296875,539.4844970703125,659.1890869140625,True,False,60,False,2,600,0.5452372653488025,109.17622488970048,False,0.0912,0.0336,rolling
novelty_2_quantile_provisioning,hybrid,190,501.0,314.32554897176715,464.3707275390625,328.794921875,464.3707275390625,594.0830688476562,True,False,60,False,2,800,0.4677463526365583,98.420598391835,False,0.1104,0.0336,rolling
novelty_2_quantile_provisioning,hybrid,191,529.0,331.8926455210875,472.6960144042969,336.3134765625,472.6960144042969,597.083984375,True,False,60,False,2,600,0.6585171538116815,131.40126206531983,False,0.0912,0.0336,rolling
novelty_2_quantile_provisioning,hybrid,192,785.0,492.50609968630187,476.4872131347656,339.8875732421875,476.4872131347656,598.2086181640625,True,False,60,False,2,600,0.977194642234726,247.96381742415414,False,0.072,0.0,rolling
novelty_2_quantile_provisioning,hybrid,193,709.0,444.82398048100384,542.5255126953125,404.24267578125,542.5255126953125,655.7314453125,True,False,60,False,2,600,0.8825872628591346,203.7500753059026,False,0.072,0.0,rolling
novelty_2_quantile_provisioning,hybrid,194,681.0,427.25688393168355,530.3758544921875,392.9278259277344,530.3758544921875,649.7224731445312,True,False,60,False,2,800,0.6357989344221482,126.26279764304311,False,0.1104,0.0336,rolling
novelty_2_quantile_provisioning,hybrid,195,688.0,431.6486580690136,526.07568359375,388.80438232421875,526.07568359375,647.9991455078125,True,False,60,False,2,800,0.6423343126026988,127.70411806795931,False,0.09599999999999999,0.0,rolling
novelty_2_quantile_provisioning,hybrid,196,424.0,266.0160334611363,529.2723999023438,391.87738037109375,529.2723999023438,651.744140625,True,False,60,False,2,800,0.39585719265050046,91.16575582276337,False,0.09599999999999999,0.0,rolling
novelty_2_quantile_provisioning,hybrid,197,726.0,455.4897176716626,461.1672058105469,325.580810546875,461.1672058105469,591.4705200195312,True,False,60,False,2,800,0.6778120798685455,136.05320099399626,False,0.09599999999999999,0.0,rolling
novelty_2_quantile_provisioning,hybrid,198,532.0,333.7748344370861,531.54736328125,393.5453796386719,531.54736328125,649.233642578125,True,False,60,False,2,600,0.6622516556291391,132.28073242982546,False,0.0912,0.0336,rolling
novelty_2_quantile_provisioning,hybrid,199,430.0,269.7804112931335,484.4490661621094,348.06817626953125,484.4490661621094,609.42626953125,True,False,60,False,2,800,0.40145894537668675,91.64651320018538,False,0.1104,0.0336,rolling
novelty_2_quantile_provisioning,hybrid,200,394.0,247.19414430115023,455.26629638671875,319.43988037109375,455.26629638671875,581.686279296875,True,False,60,False,2,600,0.4904645720260917,101.2371107473875,False,0.0912,0.0336,rolling
novelty_2_quantile_provisioning,hybrid,201,572.0,358.87068665040084,440.2554626464844,304.5458068847656,440.2554626464844,564.75732421875,True,False,60,False,2,600,0.7120450131952397,144.98226617043878,False,0.072,0.0,rolling
novelty_2_quantile_provisioning,hybrid,202,652.0,409.0623910770303,480.11260986328125,343.13336181640625,480.11260986328125,596.826171875,True,False,60,False,2,600,0.8116317283274411,176.23865693188932,False,0.072,0.0,rolling
novelty_2_quantile_provisioning,hybrid,203,621.0,389.61310561171143,502.5123596191406,365.2697448730469,502.5123596191406,617.4586791992188,True,False,60,False,2,600,0.7730418762137131,163.1536978081442,False,0.072,0.0,rolling
novelty_2_quantile_provisioning,hybrid,204,568.0,356.3611014290694,498.4499816894531,361.6244201660156,498.4499816894531,616.364501953125,True,False,60,False,2,600,0.7070656774386297,143.62851293996061,False,0.072,0.0,rolling
novelty_2_quantile_provisioning,hybrid,205,512.0,321.2269083304287,486.59783935546875,350.15069580078125,486.59783935546875,607.2010498046875,True,False,60,False,2,600,0.6373549768460888,126.60329773640105,False,0.072,0.0,rolling
novelty_2_quantile_provisioning,hybrid,206,710.0,445.4513767863367,471.6707763671875,335.5383605957031,471.6707763671875,593.7694702148438,True,False,60,False,2,600,0.8838320967982871,204.27443933586056,False,0.072,0.0,rolling
novelty_2_quantile_provisioning,hybrid,207,648.0,406.55280585569886,521.89208984375,384.2597351074219,521.89208984375,637.392822265625,True,False,60,False,2,600,0.8066523925708311,174.47823773319516,False,0.072,0.0,rolling
novelty_2_quantile_provisioning,hybrid,208,704.0,441.6869989543395,510.4449462890625,373.44647216796875,510.4449462890625,630.0709228515625,True,False,60,False,2,600,0.876363093163372,201.1503697014644,False,0.072,0.0,rolling
novelty_2_quantile_provisioning,hybrid,209,844.0,529.5224817009411,527.43017578125,389.9878234863281,527.43017578125,646.478759765625,True,False,60,False,2,600,1.0506398446447243,288.75366368685116,False,0.072,0.0,rolling
novelty_2_quantile_provisioning,hybrid,210,596.0,373.9281979783897,569.244384765625,430.84564208984375,569.244384765625,685.8320922851562,True,False,60,False,2,800,0.5564407708011752,111.01196861180225,False,0.1104,0.0336,rolling
novelty_2_quantile_provisioning,hybrid,211,506.0,317.46253049843153,510.43280029296875,373.8334655761719,510.43280029296875,638.1397705078125,True,False,60,False,2,800,0.47241447990838026,98.9776357651989,False,0.09599999999999999,0.0,rolling
novelty_2_quantile_provisioning,hybrid,212,495.0,310.56117113976995,483.4657287597656,347.18621826171875,483.4657287597656,612.24951171875,True,False,60,False,2,600,0.6161927998804959,122.1135995447004,False,0.0912,0.0336,rolling
novelty_2_quantile_provisioning,hybrid,213,429.0,269.15301498780065,474.5807800292969,338.1806640625,474.5807800292969,600.712646484375,True,False,60,False,2,600,0.5340337598964299,107.41439354065388,False,0.072,0.0,rolling
novelty_2_quantile_provisioning,hybrid,214,424.0,266.0160334611363,452.9574890136719,316.9856262207031,452.9574890136719,578.4114990234375,True,False,60,False,2,600,0.5278095902006673,106.46697676506874,False,0.072,0.0,rolling
novelty_2_quantile_provisioning,hybrid,215,640.0,401.5336354130359,446.1243896484375,310.1588134765625,446.1243896484375,568.89404296875,True,False,60,False,2,600,0.7966937210576108,171.02206589140826,False,0.072,0.0,rolling
novelty_2_quantile_provisioning,hybrid,216,702.0,440.4322063436738,497.7928161621094,360.3682861328125,497.7928161621094,612.376708984375,True,False,60,False,2,600,0.8738734252850671,200.1207686920311,False,0.072,0.0,rolling
novelty_2_quantile_provisioning,hybrid,217,644.0,404.0432206343674,518.298583984375,380.78558349609375,518.298583984375,632.91015625,True,False,60,False,2,600,0.8016730568142211,172.7394184974029,False,0.072,0.0,rolling
novelty_2_quantile_provisioning,hybrid,218,506.0,317.46253049843153,508.2698669433594,371.3343811035156,508.2698669433594,627.3360595703125,True,False,60,False,2,600,0.6298859732111737,124.98402551750848,False,0.072,0.0,rolling
novelty_2_quantile_provisioning,hybrid,219,596.0,373.9281979783897,473.9796142578125,337.9739990234375,473.9796142578125,598.053955078125,True,False,60,False,2,600,0.7419210277349001,153.509851524272,False,0.072,0.0,rolling
novelty_2_quantile_provisioning,hybrid,220,694.0,435.4130359010108,493.52978515625,356.71722412109375,493.52978515625,613.36474609375,True,False,60,False,2,600,0.8639147537718468,196.06069788744344,False,0.072,0.0,rolling
novelty_2_quantile_provisioning,hybrid,221,588.0,368.90902753572675,520.2364501953125,382.77459716796875,520.2364501953125,637.4429931640625,True,False,60,False,2,600,0.73196235622168,150.58927876259128,False,0.072,0.0,rolling
novelty_2_quantile_provisioning,hybrid,222,535.0,335.6570233530847,496.47344970703125,359.84356689453125,496.47344970703125,618.7257690429688,True,False,60,False,2,600,0.6659861574465966,133.170177777199,False,0.072,0.0,rolling
novelty_2_quantile_provisioning,hybrid,223,640.0,401.5336354130359,482.1536560058594,345.76568603515625,482.1536560058594,605.7484741210938,True,False,60,False,2,600,0.7966937210576108,171.02206589140826,False,0.072,0.0,rolling
novelty_2_quantile_provisioning,hybrid,224,583.0,365.7720460090624,507.5165100097656,370.27703857421875,507.5165100097656,627.0643920898438,True,False,60,False,2,600,0.7257381865259175,148.80380092637984,False,0.072,0.0,rolling
novelty_2_quantile_provisioning,hybrid,225,634.0,397.7692575810387,494.5971984863281,357.8372802734375,494.5971984863281,616.659423828125,True,False,60,False,2,600,0.7892247174226958,168.4859952471212,False,0.072,0.0,rolling
novelty_2_quantile_provisioning,hybrid,226,648.0,406.55280585569886,507.10357666015625,369.9683532714844,507.10357666015625,627.3177490234375,True,False,60,False,2,600,0.8066523925708311,174.47823773319516,False,0.072,0.0,rolling
novelty_2_quantile_provisioning,hybrid,227,676.0,424.11990240501916,511.8150634765625,374.6451721191406,511.8150634765625,632.09619140625,True,False,60,False,2,600,0.8415077428671015,187.2622379988385,False,0.072,0.0,rolling
novelty_2_quantile_provisioning,hybrid,228,653.0,409.6897873823632,520.6722412109375,383.333984375,520.6722412109375,640.83154296875,True,False,60,False,2,600,0.8128765622665937,176.6821523507395,False,0.072,0.0,rolling
novelty_2_quantile_provisioning,hybrid,229,569.0,356.98849773440224,516.8895263671875,379.72027587890625,516.8895263671875,638.8458251953125,True,False,60,False,2,600,0.7083105113777822,143.96517104230435,False,0.072,0.0,rolling
novelty_2_quantile_provisioning,hybrid,230,403.0,252.84071104914605,495.43389892578125,358.8070068359375,495.43389892578125,620.1748657226562,True,False,60,False,2,600,0.5016680774784644,102.72594256531207,False,0.072,0.0,rolling
novelty_2_quantile_provisioning,hybrid,231,447.0,280.4461484837923,450.05889892578125,314.488525390625,450.05889892578125,578.1016845703125,True,False,60,False,2,600,0.5564407708011752,111.01196861180225,False,0.072,0.0,rolling
novelty_2_quantile_provisioning,hybrid,232,527.0,330.63785291042177,453.7030029296875,317.611572265625,453.7030029296875,576.90966796875,True,False,60,False,2,600,0.6560274859333766,130.82046236840154,False,0.072,0.0,rolling
novelty_2_quantile_provisioning,hybrid,233,589.0,369.5364238410596,470.2809753417969,333.6671142578125,470.2809753417969,589.17041015625,True,False,60,False,2,600,0.7332071901608326,150.95004099020275,False,0.072,0.0,rolling
novelty_2_quantile_provisioning,hybrid,234,628.0,394.0048797490415,486.102294921875,349.227783203125,486.102294921875,602.9855346679688,True,False,60,False,2,600,0.7817557137877807,165.9974745211669,False,0.072,0.0,rolling
novelty_2_quantile_provisioning,hybrid,235,565.0,354.4789125130708,498.4604187011719,361.4643249511719,498.4604187011719,615.2708740234375,True,False,60,False,2,600,0.7033311756211722,142.62563028741616,False,0.072,0.0,rolling
novelty_2_quantile_provisioning,hybrid,236,710.0,445.4513767863367,484.7840576171875,348.32440185546875,484.7840576171875,604.878173828125,True,False,60,False,2,600,0.8838320967982871,204.27443933586056,False,0.072,0.0,rolling
novelty_2_quantile_provisioning,hybrid,237,504.0,316.2077378877658,522.9178466796875,385.3955383300781,522.9178466796875,638.8577270507812,True,False,60,False,2,600,0.6273963053328686,124.45272365224407,False,0.072,0.0,rolling
novelty_2_quantile_provisioning,hybrid,238,457.0,286.72011153712094,473.6517333984375,337.70123291015625,473.6517333984375,597.832275390625,True,False,60,False,2,600,0.5688891101927003,113.14021842874568,False,0.072,0.0,rolling
novelty_2_quantile_provisioning,hybrid,239,605.0,379.5747647263855,458.07757568359375,322.23468017578125,458.07757568359375,582.00927734375,True,False,60,False,2,600,0.7531245331872729,156.8905363429304,False,0.072,0.0,rolling
novelty_2_quantile_provisioning,hybrid,240,466.0,292.3666782851168,492.2542724609375,355.2440490722656,492.2542724609375,609.9690551757812,True,False,60,False,2,600,0.580092615645073,115.13698687428678,False,0.072,0.0,rolling
novelty_2_quantile_provisioning,hybrid,241,459.0,287.9749041477867,458.71563720703125,322.8138427734375,458.71563720703125,581.3021240234375,True,False,60,False,2,600,0.5713787780710053,113.57722670595976,False,0.072,0.0,rolling
novelty_2_quantile_provisioning,hybrid,242,609.0,382.084349947717,453.9234924316406,317.9613952636719,453.9234924316406,575.3031005859375,True,False,60,False,2,600,0.7581038689438829,158.42574342842744,False,0.072,0.0,rolling
novelty_2_quantile_provisioning,hybrid,243,648.0,406.55280585569886,490.0346984863281,353.0075988769531,490.0346984863281,605.8661499023438,True,False,60,False,2,600,0.8066523925708311,174.47823773319516,False,0.072,0.0,rolling
novelty_2_quantile_provisioning,hybrid,244,667.0,418.47333565702337,503.41168212890625,366.3121337890625,503.41168212890625,619.522705078125,True,False,60,False,2,600,0.8303042374147289,183.03487963434583,False,0.072,0.0,rolling
novelty_2_quantile_provisioning,hybrid,245,910.0,570.9306378529104,512.101318359375,374.97216796875,512.101318359375,629.5009765625,True,False,60,False,2,600,1.1327988846287904,341.65614782659304,False,0.072,0.0,rolling
novelty_2_quantile_provisioning,hybrid,246,616.0,386.47612408504705,581.7144165039062,442.9413757324219,581.7144165039062,693.4907836914062,True,False,60,False,2,600,0.7668177065179504,161.1612828273482,False,0.072,0.0,rolling
novelty_2_quantile_provisioning,hybrid,247,877.0,550.2265597769258,513.177490234375,376.6589050292969,513.177490234375,639.1298828125,True,False,60,False,2,800,0.8187895234775682,178.80736931156378,False,0.1104,0.0336,rolling
novelty_2_quantile_provisioning,hybrid,248,728.0,456.74451028232835,581.9655151367188,443.3031921386719,581.9655151367188,699.484375,True,False,60,False,2,600,0.9062391077030324,213.96794768721566,False,0.0912,0.0336,rolling
novelty_2_quantile_provisioning,hybrid,249,989.0,620.4949459742071,549.403564453125,411.8824462890625,549.403564453125,675.1324462890625,True,False,60,False,2,800,0.9233555743663796,221.70312610665553,False,0.1104,0.0336,rolling
novelty_2_quantile_provisioning,hybrid,250,1344.0,843.2206343673754,622.1358032226562,482.6863098144531,622.1358032226562,740.10791015625,True,False,60,False,2,800,1.2547926106657372,435.6217892179526,True,0.09599999999999999,0.0,rolling
novelty_2_quantile_provisioning,hybrid,251,724.0,454.2349250609969,736.6114501953125,595.0645141601562,736.6114501953125,847.5606689453125,True,False,60,False,2,800,0.6759448289598168,135.59122639681473,False,0.09599999999999999,0.0,rolling
novelty_2_quantile_provisioning,hybrid,252,703.0,441.05960264900665,581.897705078125,444.8147888183594,581.897705078125,723.17236328125,True,False,60,False,2,900,0.5834121728161463,115.74365537965593,False,0.1272,0.040799999999999996,rolling
novelty_2_quantile_provisioning,hybrid,253,610.0,382.71174625304985,568.6160278320312,430.89874267578125,568.6160278320312,707.5755615234375,True,False,60,False,2,800,0.5695115271622766,113.24911281637188,False,0.11759999999999998,0.040799999999999996,rolling
novelty_2_quantile_provisioning,hybrid,254,627.0,393.3774834437086,536.6085205078125,399.192626953125,536.6085205078125,674.8094482421875,True,False,60,False,2,800,0.5853831598864712,116.10714740963752,False,0.09599999999999999,0.0,rolling
novelty_2_quantile_provisioning,hybrid,255,560.0,351.3419309864064,532.186767578125,394.4631652832031,532.186767578125,665.489013671875,True,False,60,False,2,800,0.5228302544440572,105.72495581727088,False,0.09599999999999999,0.0,rolling
novelty_2_quantile_provisioning,hybrid,256,472.0,296.131056117114,507.690185546875,370.467041015625,507.690185546875,639.4559326171875,True,False,60,False,2,800,0.440671214459991,95.40339854459263,False,0.09599999999999999,0.0,rolling
novelty_2_quantile_provisioning,hybrid,257,330.0,207.04078075984665,478.23565673828125,341.6068115234375,478.23565673828125,609.1878662109375,True,False,60,False,2,600,0.41079519992033064,92.47810356880012,False,0.0912,0.0336,rolling
novelty_2_quantile_provisioning,hybrid,258,568.0,356.3611014290694,433.52459716796875,297.920654296875,433.52459716796875,563.99658203125,True,False,60,False,2,600,0.7070656774386297,143.62851293996061,False,0.072,0.0,rolling
novelty_2_quantile_provisioning,hybrid,259,750.0,470.54722899965145,483.1257019042969,345.8310241699219,483.1257019042969,601.793212890625,True,False,60,False,2,600,0.9336254543643878,226.48412341284893,False,0.072,0.0,rolling
novelty_2_quantile_provisioning,hybrid,260,497.0,311.8159637504357,530.7747192382812,392.6693115234375,530.7747192382812,643.656494140625,True,False,60,False,2,600,0.618682467758801,122.62613269220017,False,0.072,0.0,rolling
novelty_2_quantile_provisioning,hybrid,261,516.0,323.7364935517602,469.6325378417969,333.7449035644531,469.6325378417969,592.6161499023438,True,False,60,False,2,800,0.4817507344520241,100.12517480992034,False,0.1104,0.0336,rolling
novelty_2_quantile_provisioning,hybrid,262,627.0,393.3774834437086,471.262451171875,335.042236328125,471.262451171875,592.5078125,True,False,60,False,2,600,0.7805108798486282,165.58731237840004,False,0.0912,0.0336,rolling
novelty_2_quantile_provisioning,hybrid,263,632.0,396.51446497037296,498.3705749511719,361.3370361328125,498.3705749511719,615.5850830078125,True,False,60,False,2,600,0.7867350495443908,167.65122723639462,False,0.072,0.0,rolling
novelty_2_quantile_provisioning,hybrid,264,511.0,320.59951202509586,502.3974609375,365.44390869140625,502.3974609375,620.677978515625,True,False,60,False,2,600,0.6361101429069362,126.33076452392251,False,0.072,0.0,rolling
novelty_2_quantile_provisioning,hybrid,265,714.0,447.9609620076682,473.0292663574219,336.9477233886719,473.0292663574219,595.846435546875,True,False,60,False,2,600,0.8888114325548971,206.3867079302518,False,0.072,0.0,rolling
novelty_2_quantile_provisioning,hybrid,266,865.0,542.6978041129313,523.961181640625,386.3077697753906,523.961181640625,639.8233032226562,True,False,60,False,2,600,1.0767813573669271,304.72691437772016,False,0.072,0.0,rolling
novelty_2_quantile_provisioning,hybrid,267,672.0,421.6103171836877,570.60986328125,432.09014892578125,570.60986328125,684.3590087890625,True,False,60,False,2,600,0.8365284071104915,185.3694190275415,False,0.072,0.0,rolling
novelty_2_quantile_provisioning,hybrid,268,526.0,330.0104566050889,528.2479248046875,391.207763671875,528.2479248046875,652.577392578125,True,False,60,False,2,800,0.491086988995668,101.31806533925041,False,0.1104,0.0336,rolling
novelty_2_quantile_provisioning,hybrid,269,594.0,372.67340536772394,489.68206787109375,353.4195556640625,489.68206787109375,618.3795166015625,True,False,60,False,2,800,0.5545735198924463,110.7008140680866,False,0.09599999999999999,0.0,rolling
novelty_2_quantile_provisioning,hybrid,270,515.0,323.1090972464273,501.6551208496094,364.66455078125,501.6551208496094,625.727294921875,True,False,60,False,2,600,0.6410894786635463,127.42730569616359,False,0.0912,0.0336,rolling
novelty_2_quantile_provisioning,hybrid,271,396.0,248.44893691181596,479.6934509277344,343.2440185546875,479.6934509277344,605.1148681640625,True,False,60,False,2,600,0.49295423990439674,101.5621629668866,False,0.072,0.0,rolling
novelty_2_quantile_provisioning,hybrid,272,361.0,226.49006622516558,445.5469970703125,309.86492919921875,445.5469970703125,572.3087158203125,True,False,60,False,2,600,0.4493850520340587,96.33534729118864,False,0.072,0.0,rolling
novelty_2_quantile_provisioning,hybrid,273,543.0,340.6761937957477,429.73468017578125,294.20703125,429.73468017578125,553.95947265625,True,False,60,False,2,600,0.6759448289598168,135.59122639681473,False,0.072,0.0,rolling
novelty_2_quantile_provisioning,hybrid,274,633.0,397.1418612757058,469.64227294921875,332.84417724609375,469.64227294921875,585.6944580078125,True,False,60,False,2,600,0.7879798834835433,168.06795186789037,False,0.072,0.0,rolling
novelty_2_quantile_provisioning,hybrid,275,784.0,491.878703380969,494.92706298828125,357.7811279296875,494.92706298828125,609.108154296875,True,False,60,False,2,600,0.9759498082955734,247.32273484466083,False,0.072,0.0,rolling
novelty_2_quantile_provisioning,hybrid,276,597.0,374.55559428372254,539.407958984375,401.455322265625,539.407958984375,651.16748046875,True,False,60,False,2,600,0.7431658616740526,153.88048873492312,False,0.072,0.0,rolling
novelty_2_quantile_provisioning,hybrid,277,622.0,390.2405019170443,497.6580505371094,361.2393493652344,497.6580505371094,619.0335083007812,True,False,60,False,2,800,0.5807150326146493,115.25021016072805,False,0.1104,0.0336,rolling
novelty_2_quantile_provisioning,hybrid,278,848.0,532.0320669222726,504.0271301269531,367.2202453613281,504.0271301269531,624.8861694335938,True,False,60,False,2,600,1.0556191804013346,291.7358141205499,False,0.0912,0.0336,rolling
novelty_2_quantile_provisioning,hybrid,279,647.0,405.925409550366,565.8340454101562,427.38818359375,565.8340454101562,680.3204345703125,True,False,60,False,2,600,0.8054075586316786,174.0415131360494,False,0.072,0.0,rolling
novelty_2_quantile_provisioning,hybrid,280,579.0,363.2624607877309,520.24169921875,383.36688232421875,520.24169921875,644.7780151367188,True,False,60,False,2,800,0.5405691380769805,108.43323324587014,False,0.1104,0.0336,rolling
novelty_2_quantile_provisioning,hybrid,281,776.0,486.859532938306,501.7709655761719,365.11590576171875,501.7709655761719,628.171630859375,True,False,60,False,2,600,0.9659911367823532,242.25269910802587,False,0.0912,0.0336,rolling
novelty_2_quantile_provisioning,hybrid,282,667.0,418.47333565702337,551.7769775390625,413.56890869140625,551.7769775390625,671.0943603515625,True,False,60,False,2,600,0.8303042374147289,183.03487963434583,False,0.072,0.0,rolling
novelty_2_quantile_provisioning,hybrid,283,786.0,493.13349599163473,527.6796875,390.3601379394531,527.6796875,652.509033203125,True,False,60,False,2,800,0.7338296071304088,151.13088212926002,False,0.1104,0.0336,rolling
novelty_2_quantile_provisioning,hybrid,284,888.0,557.1279191355874,559.4171752929688,421.19696044921875,559.4171752929688,680.6044921875,True,False,60,False,2,800,0.8290594034755765,182.5721488318659,False,0.09599999999999999,0.0,rolling
novelty_2_quantile_provisioning,hybrid,285,767.0,481.2129661903102,591.416015625,452.6199645996094,591.416015625,711.242919921875,True,False,60,False,2,800,0.7160907234974855,146.09622383294928,False,0.09599999999999999,0.0,rolling
novelty_2_quantile_provisioning,hybrid,286,830.0,520.7389334262809,564.5574951171875,426.7096252441406,564.5574951171875,691.144775390625,True,False,60,False,2,800,0.7749091271224419,163.75771747386264,False,0.09599999999999999,0.0,rolling
novelty_2_quantile_provisioning,hybrid,287,550.0,345.06796793307774,582.66357421875,444.2310791015625,582.66357421875,707.8739013671875,True,False,60,False,2,800,0.5134939999004133,104.37129603281275,False,0.09599999999999999,0.0,rolling
novelty_2_quantile_provisioning,hybrid,288,389.0,244.0571627744859,510.08673095703125,373.5323486328125,510.08673095703125,644.732177734375,True,False,60,False,2,800,0.3631803017477469,88.62262225115377,False,0.09599999999999999,0.0,rolling
novelty_2_quantile_provisioning,hybrid,289,754.0,473.0568142209829,459.7746887207031,323.9966735839844,459.7746887207031,594.7019653320312,True,False,60,False,2,600,0.9386047901209978,228.84039158816978,False,0.0912,0.0336,rolling
novelty_2_quantile_provisioning,hybrid,290,571.0,358.243290345068,543.497314453125,404.95330810546875,543.497314453125,662.3060913085938,True,False,60,False,2,600,0.7108001792560873,144.64204557421368,False,0.072,0.0,rolling
novelty_2_quantile_provisioning,hybrid,291,463.0,290.4844893691182,499.1765441894531,362.296142578125,499.1765441894531,625.0023193359375,True,False,60,False,2,800,0.4322685853707116,94.53896628902461,False,0.1104,0.0336,rolling
novelty_2_quantile_provisioning,hybrid,292,494.0,309.9337748344371,467.5811462402344,331.42449951171875,467.5811462402344,594.8343505859375,True,False,60,False,2,600,0.6149479659413434,121.85888088495864,False,0.0912,0.0336,rolling
novelty_2_quantile_provisioning,hybrid,293,619.0,388.35831300104564,469.26629638671875,332.8033752441406,469.26629638671875,592.7283325195312,True,False,60,False,2,600,0.770552208335408,162.35286515580015,False,0.072,0.0,rolling
novelty_2_quantile_provisioning,hybrid,294,517.0,324.36388985709306,497.8858947753906,360.6495056152344,497.8858947753906,615.8759765625,True,False,60,False,2,600,0.6435791465418513,127.9820054379087,False,0.072,0.0,rolling
novelty_2_quantile_provisioning,hybrid,295,362.0,227.11746253049844,472.63555908203125,336.36138916015625,472.63555908203125,594.123291015625,True,False,60,False,2,600,0.4506298859732112,96.4714744879451,False,0.072,0.0,rolling
novelty_2_quantile_provisioning,hybrid,296,518.0,324.9912861624259,431.10736083984375,295.92041015625,431.10736083984375,555.887451171875,True,False,60,False,2,600,0.6448239804810039,128.26096988934154,False,0.072,0.0,rolling
novelty_2_quantile_provisioning,hybrid,297,411.0,257.859881491809,463.7195739746094,327.28546142578125,463.7195739746094,580.9720458984375,True,False,60,False,2,600,0.5116267489916846,104.10639297215997,False,0.072,0.0,rolling
novelty_2_quantile_provisioning,hybrid,298,412.0,258.48727779714187,437.218505859375,301.7086181640625,437.218505859375,557.581787109375,True,False,60,False,2,600,0.512871582930837,104.28278051643576,False,0.072,0.0,rolling
novelty_2_quantile_provisioning,hybrid,299,498.0,312.44336005576855,434.76788330078125,299.1977844238281,434.76788330078125,553.817626953125,True,False,60,False,2,600,0.6199273016979535,122.88395134661768,False,0.072,0.0,rolling
novelty_2_quantile_provisioning,hybrid,300,472.0,296.131056117114,453.98626708984375,317.85723876953125,453.98626708984375,569.4099731445312,True,False,60,False,2,600,0.5875616192799881,116.51175951310847,False,0.072,0.0,rolling
novelty_2_quantile_provisioning,hybrid,301,415.0,260.36946671314047,448.70404052734375,312.89373779296875,448.70404052734375,565.47021484375,True,False,60,False,2,600,0.5166060847482946,104.81710147373708,False,0.072,0.0,rolling
novelty_2_quantile_provisioning,hybrid,302,716.0,449.2157546183339,434.6086730957031,299.21875,434.6086730957031,553.162841796875,True,False,60,False,2,600,0.8913011004332022,207.4517588787997,False,0.072,0.0,rolling
novelty_2_quantile_provisioning,hybrid,303,603.0,378.3199721157198,510.9005432128906,373.3251647949219,510.9005432128906,620.0528564453125,True,False,60,False,2,600,0.7506348653089678,156.1305036205123,False,0.072,0.0,rolling
novelty_2_quantile_provisioning,hybrid,304,639.0,400.906239107703,489.8095397949219,353.34539794921875,489.8095397949219,606.436767578125,True,False,60,False,2,600,0.7954488871184584,170.59606627584236,False,0.072,0.0,rolling
novelty_2_quantile_provisioning,hybrid,305,622.0,390.2405019170443,502.10174560546875,365.2894592285156,502.10174560546875,619.2711181640625,True,False,60,False,2,600,0.7742867101528657,163.5560537143183,False,0.072,0.0,rolling
novelty_2_quantile_provisioning,hybrid,306,573.0,359.4980829557337,501.1487121582031,364.393310546875,501.1487121582031,620.5438232421875,True,False,60,False,2,600,0.7132898471343923,145.3236784312839,False,0.072,0.0,rolling
novelty_2_quantile_provisioning,hybrid,307,644.0,404.0432206343674,489.9996032714844,353.5050048828125,489.9996032714844,611.6414794921875,True,False,60,False,2,600,0.8016730568142211,172.7394184974029,False,0.072,0.0,rolling
novelty_2_quantile_provisioning,hybrid,308,582.0,365.14464970372956,508.3970947265625,371.2794189453125,508.3970947265625,627.839599609375,True,False,60,False,2,600,0.724493352586765,148.45035743619843,False,0.072,0.0,rolling
novelty_2_quantile_provisioning,hybrid,309,656.0,411.5719762983618,494.37554931640625,357.70306396484375,494.37554931640625,616.59521484375,True,False,60,False,2,600,0.8166110640840512,178.02080942658984,False,0.072,0.0,rolling
novelty_2_quantile_provisioning,hybrid,310,766.0,480.58556988497736,513.274658203125,376.00537109375,513.274658203125,633.0753784179688,True,False,60,False,2,600,0.9535427973908281,236.06052918755051,False,0.072,0.0,rolling
novelty_2_quantile_provisioning,hybrid,311,552.0,346.32276054374347,545.0423583984375,407.0635986328125,545.0423583984375,662.5693359375,True,False,60,False,2,600,0.6871483344121895,138.4014996951575,False,0.072,0.0,rolling
novelty_2_quantile_provisioning,hybrid,312,615.0,385.8487277797142,493.8559875488281,357.460205078125,493.8559875488281,620.3282470703125,True,False,60,False,2,800,0.5741796544340985,114.07343391036224,False,0.1104,0.0336,rolling
novelty_2_quantile_provisioning,hybrid,313,637.0,399.6514464970373,506.3178405761719,369.2645263671875,506.3178405761719,629.26123046875,True,False,60,False,2,600,0.7929592192401533,169.74805870452144,False,0.0912,0.0336,rolling
novelty_2_quantile_provisioning,hybrid,314,502.0,314.9529452771,511.526123046875,374.32098388671875,511.526123046875,633.445068359375,True,False,60,False,2,600,0.6249066374545635,123.92562177976616,False,0.072,0.0,rolling
novelty_2_quantile_provisioning,hybrid,315,529.0,331.8926455210875,476.5146179199219,340.28240966796875,476.5146179199219,602.3299560546875,True,False,60,False,2,600,0.6585171538116815,131.40126206531983,False,0.072,0.0,rolling
novelty_2_quantile_provisioning,hybrid,316,480.0,301.1502265597769,479.0104064941406,342.45318603515625,479.0104064941406,601.9656982421875,True,False,60,False,2,600,0.5975202907932081,118.39993404793785,False,0.072,0.0,rolling
novelty_2_quantile_provisioning,hybrid,317,502.0,314.9529452771,464.1043701171875,327.9082946777344,464.1043701171875,587.21435546875,True,False,60,False,2,600,0.6249066374545635,123.92562177976616,False,0.072,0.0,rolling
novelty_2_quantile_provisioning,hybrid,318,576.0,361.3802718717323,466.2578430175781,329.9051513671875,466.2578430175781,587.0446166992188,True,False,60,False,2,600,0.7170243489518499,146.35508603483663,False,0.072,0.0,rolling
novelty_2_quantile_provisioning,hybrid,319,346.0,217.07912164517253,483.7343444824219,346.9287109375,483.7343444824219,601.5736083984375,True,False,60,False,2,600,0.4307125429467709,94.38252252017409,False,0.072,0.0,rolling
novelty_2_quantile_provisioning,hybrid,320,453.0,284.2105263157895,426.3118896484375,291.2896423339844,426.3118896484375,551.0021362304688,True,False,60,False,2,600,0.5639097744360902,112.27761018805707,False,0.072,0.0,rolling
novelty_2_quantile_provisioning,hybrid,321,441.0,276.68177065179503,446.14080810546875,310.1830749511719,446.14080810546875,564.6943359375,True,False,60,False,2,600,0.54897176716626,109.77985197796818,False,0.072,0.0,rolling
novelty_2_quantile_provisioning,hybrid,322,458.0,287.3475078424538,441.8935241699219,306.12713623046875,441.8935241699219,560.0419921875,True,False,60,False,2,600,0.5701339441318528,113.35824548483879,False,0.072,0.0,rolling
novelty_2_quantile_provisioning,hybrid,323,671.0,420.98292087835483,444.8724365234375,309.0528259277344,444.8724365234375,561.900146484375,True,False,60,False,2,600,0.8352835731713389,184.89971948703038,False,0.072,0.0,rolling
novelty_2_quantile_provisioning,hybrid,324,598.0,375.1829905890554,499.701416015625,362.44598388671875,499.701416015625,610.468017578125,True,False,60,False,2,600,0.7444106956132052,154.25236969343808,False,0.072,0.0,rolling
novelty_2_quantile_provisioning,hybrid,325,644.0,404.0432206343674,487.7418212890625,351.2443542480469,487.7418212890625,604.1140747070312,True,False,60,False,2,600,0.8016730568142211,172.7394184974029,False,0.072,0.0,rolling
novelty_2_quantile_provisioning,hybrid,326,477.0,299.2680376437783,502.6512756347656,365.7778015136719,502.6512756347656,619.2551879882812,True,False,60,False,2,600,0.5937857889757506,117.68442590182637,False,0.072,0.0,rolling
novelty_2_quantile_provisioning,hybrid,327,647.0,405.925409550366,462.87164306640625,327.15557861328125,462.87164306640625,586.037353515625,True,False,60,False,2,600,0.8054075586316786,174.0415131360494,False,0.072,0.0,rolling
novelty_2_quantile_provisioning,hybrid,328,562.0,352.5967235970722,503.94146728515625,366.7952880859375,503.94146728515625,620.8504638671875,True,False,60,False,2,600,0.6995966738037146,141.6333413666769,False,0.072,0.0,rolling
novelty_2_quantile_provisioning,hybrid,329,490.0,307.4241896131056,485.04791259765625,348.60546875,485.04791259765625,605.8716430664062,True,False,60,False,2,600,0.6099686301847334,120.85027706168476,False,0.072,0.0,rolling
novelty_2_quantile_provisioning,hybrid,330,548.0,343.813175322412,466.47998046875,330.4356689453125,466.47998046875,589.351806640625,True,False,60,False,2,600,0.6821689986555793,137.1410796377125,False,0.072,0.0,rolling
novelty_2_quantile_provisioning,hybrid,331,467.0,292.99407459044966,478.7764587402344,342.2018737792969,478.7764587402344,598.725830078125,True,False,60,False,2,600,0.5813374495842255,115.363676415502,False,0.072,0.0,rolling
novelty_2_quantile_provisioning,hybrid,332,474.0,297.3858487277797,457.96856689453125,322.0026550292969,457.96856689453125,580.0783081054688,True,False,60,False,2,600,0.5900512871582931,116.97786149035399,False,0.072,0.0,rolling
novelty_2_quantile_provisioning,hybrid,333,531.0,333.14743813175323,456.9842529296875,320.9068603515625,456.9842529296875,577.564453125,True,False,60,False,2,600,0.6610068216899866,131.98647008800015,False,0.072,0.0,rolling
novelty_2_quantile_provisioning,hybrid,334,661.0,414.7089578250262,469.3932800292969,332.9547119140625,469.3932800292969,587.2764892578125,True,False,60,False,2,600,0.8228352337798138,180.27926561712547,False,0.072,0.0,rolling
novelty_2_quantile_provisioning,hybrid,335,544.0,341.30359010108054,503.8783874511719,366.63262939453125,503.8783874511719,618.2196044921875,True,False,60,False,2,600,0.6771896628989693,135.89892621556112,False,0.072,0.0,rolling
novelty_2_quantile_provisioning,hybrid,336,597.0,374.55559428372254,478.04071044921875,341.8002624511719,478.04071044921875,598.0881958007812,True,False,60,False,2,600,0.7431658616740526,153.88048873492312,False,0.072,0.0,rolling
novelty_2_quantile_provisioning,hybrid,337,566.0,355.10630881840365,491.6710510253906,354.9436340332031,491.6710510253906,610.291015625,True,False,60,False,2,600,0.7045760095603247,142.95874464584628,False,0.072,0.0,rolling
novelty_2_quantile_provisioning,hybrid,338,573.0,359.4980829557337,484.88665771484375,348.3968200683594,484.88665771484375,605.0333251953125,True,False,60,False,2,600,0.7132898471343923,145.3236784312839,False,0.072,0.0,rolling
novelty_2_quantile_provisioning,hybrid,339,454.0,284.83792262112235,486.7718200683594,350.1815490722656,486.7718200683594,606.7659912109375,True,False,60,False,2,600,0.5651546083752428,112.49184141733618,False,0.072,0.0,rolling
novelty_2_quantile_provisioning,hybrid,340,529.0,331.8926455210875,456.5027160644531,320.72442626953125,456.5027160644531,579.9760131835938,True,False,60,False,2,600,0.6585171538116815,131.40126206531983,False,0.072,0.0,rolling
novelty_2_quantile_provisioning,hybrid,341,495.0,310.56117113976995,471.8542175292969,335.4043273925781,471.8542175292969,591.3887329101562,True,False,60,False,2,600,0.6161927998804959,122.1135995447004,False,0.072,0.0,rolling
novelty_2_quantile_provisioning,hybrid,342,429.0,269.15301498780065,462.9582214355469,326.8017578125,462.9582214355469,583.2354736328125,True,False,60,False,2,600,0.5340337598964299,107.41439354065388,False,0.072,0.0,rolling
novelty_2_quantile_provisioning,hybrid,343,512.0,321.2269083304287,444.9023742675781,309.2113342285156,444.9023742675781,566.3696899414062,True,False,60,False,2,600,0.6373549768460888,126.60329773640105,False,0.072,0.0,rolling
novelty_2_quantile_provisioning,hybrid,344,571.0,358.243290345068,462.8010559082031,326.47625732421875,462.8010559082031,580.4100952148438,True,False,60,False,2,600,0.7108001792560873,144.64204557421368,False,0.072,0.0,rolling
novelty_2_quantile_provisioning,hybrid,345,535.0,335.6570233530847,478.2300720214844,341.6153564453125,478.2300720214844,594.1988525390625,True,False,60,False,2,600,0.6659861574465966,133.170177777199,False,0.072,0.0,rolling
novelty_2_quantile_provisioning,hybrid,346,471.0,295.5036598117811,471.30584716796875,335.05511474609375,471.30584716796875,589.4788818359375,True,False,60,False,2,600,0.5863167853408355,116.2801845636173,False,0.072,0.0,rolling
novelty_2_quantile_provisioning,hybrid,347,601.0,377.06517950505406,455.31658935546875,319.5104064941406,455.31658935546875,575.595947265625,True,False,60,False,2,600,0.7481451974306628,155.37549588946374,False,0.072,0.0,rolling
novelty_2_quantile_provisioning,hybrid,348,568.0,356.3611014290694,487.08056640625,350.273193359375,487.08056640625,602.8680419921875,True,False,60,False,2,600,0.7070656774386297,143.62851293996061,False,0.072,0.0,rolling
novelty_2_quantile_provisioning,hybrid,349,428.0,268.5256186824678,481.5578918457031,345.1025085449219,481.5578918457031,599.7027587890625,True,False,60,False,2,600,0.5327889259572773,107.2231310219259,False,0.072,0.0,rolling
novelty_2_quantile_provisioning,hybrid,350,425.0,266.6434297664692,446.9969177246094,311.5045166015625,446.9969177246094,569.745849609375,True,False,60,False,2,600,0.5290544241398198,106.65468512323434,False,0.072,0.0,rolling
novelty_2_quantile_provisioning,hybrid,351,620.0,388.9857093063785,442.3389892578125,306.69427490234375,442.3389892578125,563.3433837890625,True,False,60,False,2,600,0.7717970422745606,162.75263564974804,False,0.072,0.0,rolling
novelty_2_quantile_provisioning,hybrid,352,463.0,290.4844893691182,489.6210632324219,352.55731201171875,489.6210632324219,603.61376953125,True,False,60,False,2,600,0.5763581138276155,114.46273490731761,False,0.072,0.0,rolling
novelty_2_quantile_provisioning,hybrid,353,470.0,294.87626350644825,453.6545104980469,317.9193115234375,453.6545104980469,574.1689453125,True,False,60,False,2,600,0.585071951401683,116.0495908624408,False,0.072,0.0,rolling
novelty_2_quantile_provisioning,hybrid,354,429.0,269.15301498780065,453.3989562988281,317.5037841796875,453.3989562988281,572.8878173828125,True,False,60,False,2,600,0.5340337598964299,107.41439354065388,False,0.072,0.0,rolling
novelty_2_quantile_provisioning,hybrid,355,379.0,237.7831997211572,441.5820007324219,305.9691467285156,441.5820007324219,561.5012817382812,True,False,60,False,2,600,0.47179206293880394,98.90272413170717,False,0.072,0.0,rolling
novelty_2_quantile_provisioning,hybrid,356,366.0,229.6270477518299,426.695556640625,291.413818359375,426.695556640625,546.8072509765625,True,False,60,False,2,600,0.45560922172982127,97.02354576198239,False,0.072,0.0,rolling
novelty_2_quantile_provisioning,hybrid,357,494.0,309.9337748344371,420.2335205078125,285.0108642578125,420.2335205078125,539.0714111328125,True,False,60,False,2,600,0.6149479659413434,121.85888088495864,False,0.072,0.0,rolling
novelty_2_quantile_provisioning,hybrid,358,523.0,328.1282676890903,449.5249328613281,313.4137878417969,449.5249328613281,563.3653564453125,True,False,60,False,2,600,0.6510481501767665,129.6720212852988,False,0.072,0.0,rolling
novelty_2_quantile_provisioning,hybrid,359,372.0,233.39142558382713,459.1380920410156,323.0050048828125,459.1380920410156,573.1604614257812,True,False,60,False,2,600,0.46307822536473636,97.87456930034558,False,0.072,0.0,rolling
novelty_2_quantile_provisioning,hybrid,360,412.0,258.48727779714187,423.7474365234375,288.778564453125,423.7474365234375,543.368408203125,True,False,60,False,2,600,0.512871582930837,104.28278051643576,False,0.072,0.0,rolling
novelty_2_quantile_provisioning,hybrid,361,472.0,296.131056117114,430.7959289550781,295.3831787109375,430.7959289550781,548.0438842773438,True,False,60,False,2,600,0.5875616192799881,116.51175951310847,False,0.072,0.0,rolling
novelty_2_quantile_provisioning,hybrid,362,561.0,351.96932729173926,444.74359130859375,308.92657470703125,444.74359130859375,559.7118530273438,True,False,60,False,2,600,0.6983518398645621,141.304922833515,False,0.072,0.0,rolling
novelty_2_quantile_provisioning,hybrid,363,390.0,244.68455907981877,468.9630126953125,332.584716796875,468.9630126953125,582.0452880859375,True,False,60,False,2,600,0.4854852362694817,100.59683962483386,False,0.072,0.0,rolling
novelty_2_quantile_provisioning,hybrid,364,396.0,248.44893691181596,429.419921875,294.3762512207031,429.419921875,549.1957397460938,True,False,60,False,2,600,0.49295423990439674,101.5621629668866,False,0.072,0.0,rolling
novelty_2_quantile_provisioning,hybrid,365,402.0,252.21331474381319,428.23663330078125,292.9642333984375,428.23663330078125,546.6817626953125,True,False,60,False,2,600,0.5004232435393119,102.55718625792957,False,0.072,0.0,rolling
novelty_2_quantile_provisioning,hybrid,366,511.0,320.59951202509586,428.0020751953125,292.6343688964844,428.0020751953125,545.357666015625,True,False,60,False,2,600,0.6361101429069362,126.33076452392251,False,0.072,0.0,rolling
novelty_2_quantile_provisioning,hybrid,367,541.0,339.4214011850819,454.5748596191406,318.429931640625,454.5748596191406,568.3306884765625,True,False,60,False,2,600,0.6734551610815117,134.97921842016345,False,0.072,0.0,rolling
novelty_2_quantile_provisioning,hybrid,368,595.0,373.3008016730568,464.96868896484375,328.7518615722656,464.96868896484375,579.1284790039062,True,False,60,False,2,600,0.7406761937957477,153.140455978155,False,0.072,0.0,rolling
novelty_2_quantile_provisioning,hybrid,369,682.0,427.8842802370164,481.9687194824219,345.43121337890625,481.9687194824219,596.1103515625,True,False,60,False,2,600,0.8489767465020167,190.1437580498147,False,0.072,0.0,rolling
novelty_2_quantile_provisioning,hybrid,370,584.0,366.3994423143953,509.1807861328125,372.060791015625,509.1807861328125,622.9112548828125,True,False,60,False,2,600,0.72698302046507,149.15845899780857,False,0.072,0.0,rolling
novelty_2_quantile_provisioning,hybrid,371,567.0,355.7337051237365,489.4334716796875,353.0516357421875,489.4334716796875,609.000244140625,True,False,60,False,2,600,0.7058208434994772,143.29303816891783,False,0.072,0.0,rolling
novelty_2_quantile_provisioning,hybrid,372,609.0,382.084349947717,485.927490234375,349.51031494140625,485.927490234375,606.5608520507812,True,False,60,False,2,600,0.7581038689438829,158.42574342842744,False,0.072,0.0,rolling
novelty_2_quantile_provisioning,hybrid,373,733.0,459.8814918089927,496.8059387207031,359.99298095703125,496.8059387207031,616.1683349609375,True,False,60,False,2,600,0.912463277398795,216.74727798314763,False,0.072,0.0,rolling
novelty_2_quantile_provisioning,hybrid,374,827.0,518.8567445102823,531.51611328125,393.8216857910156,531.51611328125,647.949951171875,True,False,60,False,2,600,1.0294776676791315,276.39177484900733,False,0.072,0.0,rolling
novelty_2_quantile_provisioning,hybrid,375,777.0,487.4869292436389,562.8765869140625,424.6413269042969,562.8765869140625,679.12158203125,True,False,60,False,2,800,0.7254269780411293,148.7153262682226,False,0.1104,0.0336,rolling
novelty_2_quantile_provisioning,hybrid,376,684.0,429.13907284768214,557.1004638671875,419.28631591796875,557.1004638671875,678.6171264648438,True,False,60,False,2,800,0.6385998107852413,126.87689761371423,False,0.09599999999999999,0.0,rolling
novelty_2_quantile_provisioning,hybrid,377,601.0,377.06517950505406,535.791748046875,398.51141357421875,535.791748046875,662.0159912109375,True,False,60,False,2,800,0.5611088980729971,111.79903732836752,False,0.09599999999999999,0.0,rolling
novelty_2_quantile_provisioning,hybrid,378,819.0,513.8375740676194,512.9940185546875,376.0870361328125,512.9940185546875,641.342041015625,True,False,60,False,2,800,0.7646392471244335,160.47153058860675,False,0.09599999999999999,0.0,rolling
novelty_2_quantile_provisioning,hybrid,379,820.0,514.4649703729523,567.9371948242188,429.37939453125,567.9371948242188,688.0194091796875,True,False,60,False,2,600,1.020763830105064,271.44689341130834,False,0.0912,0.0336,rolling
novelty_2_quantile_provisioning,hybrid,380,756.0,474.31160683164865,573.3138427734375,434.9627685546875,573.3138427734375,695.543212890625,True,False,60,False,2,800,0.7058208434994772,143.29303816891783,False,0.1104,0.0336,rolling
novelty_2_quantile_provisioning,hybrid,381,852.0,534.5416521436041,560.072998046875,422.18243408203125,560.072998046875,686.2748413085938,True,False,60,False,2,800,0.7954488871184585,170.59606627584236,False,0.09599999999999999,0.0,rolling
novelty_2_quantile_provisioning,hybrid,382,837.0,525.130707563611,587.2939453125,448.6556396484375,587.2939453125,711.0755615234375,True,False,60,False,2,800,0.7814445053029926,165.89481141081592,False,0.09599999999999999,0.0,rolling
novelty_2_quantile_provisioning,hybrid,383,748.0,469.2924363889857,587.287353515625,448.80902099609375,587.287353515625,713.4139404296875,True,False,60,False,2,800,0.6983518398645621,141.304922833515,False,0.09599999999999999,0.0,rolling
novelty_2_quantile_provisioning,hybrid,384,769.0,482.46775880097596,565.07080078125,427.16595458984375,565.07080078125,694.9583740234375,True,False,60,False,2,800,0.7179579744062142,146.6146232355647,False,0.09599999999999999,0.0,rolling
novelty_2_quantile_provisioning,hybrid,385,553.0,346.95015684907634,568.8118896484375,430.63824462890625,568.8118896484375,697.2113037109375,True,False,60,False,2,800,0.5162948762635065,104.77227830310824,False,0.09599999999999999,0.0,rolling
novelty_2_quantile_provisioning,hybrid,386,790.0,495.6430812129662,510.3578796386719,373.6138000488281,510.3578796386719,644.6429443359375,True,False,60,False,2,800,0.7375641089478664,152.22238572334763,False,0.09599999999999999,0.0,rolling
novelty_2_quantile_provisioning,hybrid,387,766.0,480.58556988497736,565.6390380859375,427.0301513671875,565.6390380859375,689.2000732421875,True,False,60,False,2,600,0.9535427973908281,236.06052918755051,False,0.0912,0.0336,rolling
novelty_2_quantile_provisioning,hybrid,388,676.0,424.11990240501916,561.8800048828125,423.6604919433594,561.8800048828125,687.2041625976562,True,False,60,False,2,800,0.6311308071503261,125.25125665575999,False,0.1104,0.0336,rolling
novelty_2_quantile_provisioning,hybrid,389,635.0,398.39665388637155,538.202880859375,400.6651916503906,538.202880859375,666.552978515625,True,False,60,False,2,800,0.5928521635213863,117.50694852109771,False,0.09599999999999999,0.0,rolling
novelty_2_quantile_provisioning,hybrid,390,644.0,404.0432206343674,524.380859375,387.0491943359375,524.380859375,652.6749877929688,True,False,60,False,2,800,0.6012547926106657,119.12444217859183,False,0.09599999999999999,0.0,rolling
novelty_2_quantile_provisioning,hybrid,391,576.0,361.3802718717323,523.2156982421875,385.771484375,523.2156982421875,649.5721435546875,True,False,60,False,2,600,0.7170243489518499,146.35508603483663,False,0.0912,0.0336,rolling
novelty_2_quantile_provisioning,hybrid,392,716.0,449.2157546183339,502.6501770019531,365.71307373046875,502.6501770019531,629.670654296875,True,False,60,False,2,600,0.8913011004332022,207.4517588787997,False,0.072,0.0,rolling
novelty_2_quantile_provisioning,hybrid,393,674.0,422.86510979435343,535.5494995117188,397.6300964355469,535.5494995117188,656.4744873046875,True,False,60,False,2,600,0.8390180749887964,186.31302018467994,False,0.072,0.0,rolling
novelty_2_quantile_provisioning,hybrid,394,535.0,335.6570233530847,526.413818359375,388.96484375,526.413818359375,649.4820556640625,True,False,60,False,2,800,0.49948961808494746,102.43116874975584,False,0.1104,0.0336,rolling
novelty_2_quantile_provisioning,hybrid,395,676.0,424.11990240501916,489.84600830078125,353.3730163574219,489.84600830078125,617.0081787109375,True,False,60,False,2,800,0.6311308071503261,125.25125665575999,False,0.09599999999999999,0.0,rolling
novelty_2_quantile_provisioning,hybrid,396,693.0,434.78563959567794,522.5244140625,384.9131774902344,522.5244140625,643.6031494140625,True,False,60,False,2,600,0.8626699198326944,195.55971715065795,False,0.0912,0.0336,rolling
novelty_2_quantile_provisioning,hybrid,397,549.0,344.4405716277449,528.181884765625,390.614501953125,528.181884765625,649.177734375,True,False,60,False,2,600,0.6834138325947319,137.4544669466906,False,0.072,0.0,rolling
novelty_2_quantile_provisioning,hybrid,398,552.0,346.32276054374347,491.7083435058594,355.21234130859375,491.7083435058594,617.6294555664062,True,False,60,False,2,800,0.5153612508091421,104.63813268389458,False,0.1104,0.0336,rolling
novelty_2_quantile_provisioning,hybrid,399,621.0,389.61310561171143,488.7455139160156,352.07763671875,488.7455139160156,612.901611328125,True,False,60,False,2,600,0.7730418762137131,163.1536978081442,False,0.0912,0.0336,rolling
novelty_2_quantile_provisioning,hybrid,400,754.0,473.0568142209829,504.2046203613281,367.03179931640625,504.2046203613281,625.0687255859375,True,False,60,False,2,600,0.9386047901209978,228.84039158816978,False,0.072,0.0,rolling
novelty_2_quantile_provisioning,hybrid,401,699.0,438.55001742767513,540.240966796875,402.2535400390625,540.240966796875,657.3328857421875,True,False,60,False,2,600,0.8701389234676093,198.5873307007178,False,0.072,0.0,rolling
novelty_2_quantile_provisioning,hybrid,402,717.0,449.84315092366677,530.806640625,393.375244140625,530.806640625,652.06103515625,True,False,60,False,2,800,0.6694094507792661,133.99431346569185,False,0.1104,0.0336,rolling
novelty_2_quantile_provisioning,hybrid,403,648.0,406.55280585569886,537.3939208984375,399.8150939941406,537.3939208984375,659.1024169921875,True,False,60,False,2,800,0.6049892944281233,119.8580065436917,False,0.09599999999999999,0.0,rolling
novelty_2_quantile_provisioning,hybrid,404,682.0,427.8842802370164,520.9505615234375,383.82568359375,520.9505615234375,645.6937255859375,True,False,60,False,2,800,0.6367325598765126,126.46689792726556,False,0.09599999999999999,0.0,rolling
novelty_2_quantile_provisioning,hybrid,405,545.0,341.9309864064134,529.2969970703125,391.8153991699219,529.2969970703125,652.7379760742188,True,False,60,False,2,600,0.6784344968381218,136.20775936569433,False,0.0912,0.0336,rolling
novelty_2_quantile_provisioning,hybrid,406,473.0,296.75845242244685,493.43621826171875,356.8975830078125,493.43621826171875,620.8983154296875,True,False,60,False,2,800,0.44160483991435545,95.50150906944674,False,0.1104,0.0336,rolling
novelty_2_quantile_provisioning,hybrid,407,812.0,509.4457999302893,470.16351318359375,333.969482421875,470.16351318359375,597.41259765625,True,False,60,False,2,600,1.0108051585918438,265.89805849701315,False,0.0912,0.0336,rolling
novelty_2_quantile_provisioning,hybrid,408,732.0,459.2540955036598,554.2645263671875,415.62908935546875,554.2645263671875,668.8395385742188,True,False,60,False,2,600,0.9112184434596425,216.18836609585915,False,0.072,0.0,rolling
novelty_2_quantile_provisioning,hybrid,409,901.0,565.2840711049146,540.5214233398438,402.8194580078125,540.5214233398438,661.044921875,True,False,60,False,2,800,0.8411965343823133,187.1432780414774,False,0.1104,0.0336,rolling
novelty_2_quantile_provisioning,hybrid,410,726.0,455.4897176716626,589.896240234375,451.0693054199219,589.896240234375,706.8726806640625,True,False,60,False,2,800,0.6778120798685455,136.05320099399626,False,0.09599999999999999,0.0,rolling
novelty_2_quantile_provisioning,hybrid,411,880.0,552.1087486929243,550.095458984375,412.62579345703125,550.095458984375,676.3414306640625,True,False,60,False,2,800,0.8215903998406612,179.82482855040092,False,0.09599999999999999,0.0,rolling
novelty_2_quantile_provisioning,hybrid,412,695.0,436.04043220634367,592.1384887695312,453.4248352050781,592.1384887695312,713.83837890625,True,False,60,False,2,800,0.6488696907832495,129.17506812948648,False,0.09599999999999999,0.0,rolling
novelty_2_quantile_provisioning,hybrid,413,570.0,357.6158940397351,547.0277099609375,409.6349182128906,547.0277099609375,676.8123779296875,True,False,60,False,2,800,0.532166508987701,107.12783426719572,False,0.09599999999999999,0.0,rolling
novelty_2_quantile_provisioning,hybrid,414,689.0,432.2760543743465,511.1695861816406,374.37628173828125,511.1695861816406,643.409912109375,True,False,60,False,2,800,0.6432679380570632,127.91243270041235,False,0.09599999999999999,0.0,rolling
novelty_2_quantile_provisioning,hybrid,415,865.0,542.6978041129313,536.1196899414062,398.28070068359375,536.1196899414062,661.74365234375,True,False,60,False,2,600,1.0767813573669271,304.72691437772016,False,0.0912,0.0336,rolling
novelty_2_quantile_provisioning,hybrid,416,617.0,387.1035203903799,583.8601684570312,444.92578125,583.8601684570312,703.802001953125,True,False,60,False,2,800,0.5760469053428272,114.40693988053295,False,0.1104,0.0336,rolling
novelty_2_quantile_provisioning,hybrid,417,673.0,422.23771348902056,523.2191162109375,386.1882019042969,523.2191162109375,653.5185546875,True,False,60,False,2,800,0.628329930787233,124.6514687698828,False,0.09599999999999999,0.0,rolling
novelty_2_quantile_provisioning,hybrid,418,801.0,502.5444405716278,532.9791259765625,395.3638610839844,532.9791259765625,659.4840698242188,True,False,60,False,2,600,0.9971119852611662,258.4449716449461,False,0.0912,0.0336,rolling
novelty_2_quantile_provisioning,hybrid,419,594.0,372.67340536772394,565.9205322265625,427.4652099609375,565.9205322265625,687.7488403320312,True,False,60,False,2,800,0.5545735198924463,110.7008140680866,False,0.1104,0.0336,rolling
novelty_2_quantile_provisioning,hybrid,420,733.0,459.8814918089927,513.282470703125,376.42547607421875,513.282470703125,642.552734375,True,False,60,False,2,800,0.6843474580490962,137.69025789914042,False,0.09599999999999999,0.0,rolling
novelty_2_quantile_provisioning,hybrid,421,816.0,511.95538515162076,545.5577392578125,407.5599365234375,545.5577392578125,668.6527099609375,True,False,60,False,2,600,1.015784494348454,268.65887597751873,False,0.0912,0.0336,rolling
novelty_2_quantile_provisioning,hybrid,422,745.0,467.4102474729871,569.2457275390625,430.82513427734375,569.2457275390625,690.2346801757812,True,False,60,False,2,800,0.6955509635014689,140.5702511949263,False,0.1104,0.0336,rolling
novelty_2_quantile_provisioning,hybrid,423,527.0,330.63785291042177,554.3443603515625,416.525146484375,554.3443603515625,679.5564575195312,True,False,60,False,2,800,0.4920206144500324,101.43988256166939,False,0.09599999999999999,0.0,rolling
novelty_2_quantile_provisioning,hybrid,424,618.0,387.7309166957128,497.3569641113281,360.93798828125,497.3569641113281,629.4041748046875,True,False,60,False,2,800,0.5769805307971916,114.57450585250325,False,0.09599999999999999,0.0,rolling
novelty_2_quantile_provisioning,hybrid,425,846.0,530.7772743116068,513.6337890625,376.3055114746094,513.6337890625,639.6146850585938,True,False,60,False,2,600,1.0531295125230293,290.2412139097547,False,0.0912,0.0336,rolling
novelty_2_quantile_provisioning,hybrid,426,682.0,427.8842802370164,572.33349609375,433.540283203125,572.33349609375,689.9768676757812,True,False,60,False,2,600,0.8489767465020167,190.1437580498147,False,0.072,0.0,rolling
novelty_2_quantile_provisioning,hybrid,427,583.0,365.7720460090624,534.7259521484375,397.33660888671875,534.7259521484375,660.4208374023438,True,False,60,False,2,800,0.5443036398944381,109.02660351581649,False,0.1104,0.0336,rolling
novelty_2_quantile_provisioning,hybrid,428,639.0,400.906239107703,507.5245056152344,370.694091796875,507.5245056152344,635.8397216796875,True,False,60,False,2,800,0.5965866653388437,118.22021546012098,False,0.09599999999999999,0.0,rolling
novelty_2_quantile_provisioning,hybrid,429,649.0,407.18020216103173,517.64404296875,380.2880859375,517.64404296875,642.2158203125,True,False,60,False,2,600,0.8078972265099836,174.91631232802226,False,0.0912,0.0336,rolling
novelty_2_quantile_provisioning,hybrid,430,625.0,392.1226908330429,519.2813720703125,381.886962890625,519.2813720703125,642.9601440429688,True,False,60,False,2,600,0.7780212119703233,164.77090475280613,False,0.072,0.0,rolling
novelty_2_quantile_provisioning,hybrid,431,470.0,294.87626350644825,512.191650390625,375.01806640625,512.191650390625,636.1875,True,False,60,False,2,600,0.585071951401683,116.0495908624408,False,0.072,0.0,rolling
novelty_2_quantile_provisioning,hybrid,432,434.0,272.289996514465,470.2582092285156,334.1793212890625,470.2582092285156,597.8836669921875,True,False,60,False,2,600,0.5402579295921924,108.38415402786359,False,0.072,0.0,rolling
novelty_2_quantile_provisioning,hybrid,433,678.0,425.3746950156849,454.6922607421875,318.71826171875,454.6922607421875,580.279541015625,True,False,60,False,2,600,0.8439974107454066,188.2170891366551,False,0.072,0.0,rolling
novelty_2_quantile_provisioning,hybrid,434,619.0,388.35831300104564,512.6193237304688,374.896240234375,512.6193237304688,628.5281982421875,True,False,60,False,2,600,0.770552208335408,162.35286515580015,False,0.072,0.0,rolling
novelty_2_quantile_provisioning,hybrid,435,816.0,511.95538515162076,501.25689697265625,364.2685546875,501.25689697265625,620.7423706054688,True,False,60,False,2,600,1.015784494348454,268.65887597751873,False,0.072,0.0,rolling
novelty_2_quantile_provisioning,hybrid,436,671.0,420.98292087835483,554.8512573242188,416.5769958496094,554.8512573242188,668.978271484375,True,False,60,False,2,600,0.8352835731713389,184.89971948703038,False,0.072,0.0,rolling
novelty_2_quantile_provisioning,hybrid,437,544.0,341.30359010108054,523.7034912109375,386.639892578125,523.7034912109375,646.0208740234375,True,False,60,False,2,800,0.507892247174227,103.58235949718984,False,0.1104,0.0336,rolling
novelty_2_quantile_provisioning,hybrid,438,500.0,313.6981526664343,491.1333923339844,354.7879943847656,491.1333923339844,617.745849609375,True,False,60,False,2,600,0.6224169695762585,123.40270323343671,False,0.0912,0.0336,rolling
novelty_2_quantile_provisioning,hybrid,439,304.0,190.72847682119206,475.6558837890625,339.3951110839844,475.6558837890625,601.60400390625,True,False,60,False,2,600,0.3784295175023652,89.75500546795577,False,0.072,0.0,rolling
novelty_2_quantile_provisioning,hybrid,440,770.0,483.0951551063088,421.609619140625,286.636962890625,421.609619140625,550.4482421875,True,False,60,False,2,600,0.9585221331474382,238.51813052216454,False,0.072,0.0,rolling
novelty_2_quantile_provisioning,hybrid,441,751.0,471.1746253049843,532.188232421875,393.74993896484375,532.188232421875,642.990966796875,True,False,60,False,2,600,0.9348702883035404,227.07084150238015,False,0.072,0.0,rolling
novelty_2_quantile_provisioning,hybrid,442,620.0,388.9857093063785,536.33251953125,398.5354919433594,536.33251953125,651.7471923828125,True,False,60,False,2,800,0.5788477817059204,114.91126816473746,False,0.1104,0.0336,rolling
novelty_2_quantile_provisioning,hybrid,443,710.0,445.4513767863367,507.8164367675781,371.02960205078125,507.8164367675781,630.3719482421875,True,False,60,False,2,800,0.6628740725987153,132.42827909481616,False,0.09599999999999999,0.0,rolling
novelty_2_quantile_provisioning,hybrid,444,788.0,494.38828860230046,531.28369140625,393.7362976074219,531.28369140625,651.2491455078125,True,False,60,False,2,600,0.9809291440521835,249.89688597910003,False,0.0912,0.0336,rolling
novelty_2_quantile_provisioning,hybrid,445,448.0,281.07354478912515,555.283935546875,417.24139404296875,555.283935546875,674.273681640625,True,False,60,False,2,800,0.41826420355524574,93.17117737844269,False,0.1104,0.0336,rolling
novelty_2_quantile_provisioning,hybrid,446,671.0,420.98292087835483,469.96514892578125,334.3600158691406,469.96514892578125,600.881103515625,True,False,60,False,2,800,0.6264626798785042,124.25456915859095,False,0.09599999999999999,0.0,rolling
novelty_2_quantile_provisioning,hybrid,447,560.0,351.3419309864064,519.7652587890625,382.2008056640625,519.7652587890625,640.5581665039062,True,False,60,False,2,600,0.6971070059254095,140.97767304834576,False,0.0912,0.0336,rolling
novelty_2_quantile_provisioning,hybrid,448,642.0,402.78842802370167,492.3659973144531,355.69842529296875,492.3659973144531,616.94482421875,True,False,60,False,2,600,0.799183388935916,171.87806719899993,False,0.072,0.0,rolling
novelty_2_quantile_provisioning,hybrid,449,699.0,438.55001742767513,511.58599853515625,374.2625427246094,511.58599853515625,632.6868896484375,True,False,60,False,2,600,0.8701389234676093,198.5873307007178,False,0.072,0.0,rolling
novelty_2_quantile_provisioning,hybrid,450,518.0,324.9912861624259,528.360595703125,390.704345703125,528.360595703125,648.441650390625,True,False,60,False,2,600,0.6448239804810039,128.26096988934154,False,0.072,0.0,rolling
novelty_2_quantile_provisioning,hybrid,451,716.0,449.2157546183339,482.7989501953125,346.52142333984375,482.7989501953125,609.119140625,True,False,60,False,2,800,0.6684758253249017,133.76871077699363,False,0.1104,0.0336,rolling
novelty_2_quantile_provisioning,hybrid,452,841.0,527.6402927849425,530.229248046875,392.42010498046875,530.229248046875,648.7218017578125,True,False,60,False,2,600,1.046905342827267,286.5355206215222,False,0.0912,0.0336,rolling
novelty_2_quantile_provisioning,hybrid,453,751.0,471.1746253049843,568.0000610351562,429.52783203125,568.0000610351562,684.3526611328125,True,False,60,False,2,800,0.7011527162276552,142.04551125881662,False,0.1104,0.0336,rolling
novelty_2_quantile_provisioning,hybrid,454,680.0,426.6294876263507,550.7507934570312,413.08001708984375,550.7507934570312,673.3258666992188,True,False,60,False,2,800,0.6348653089677837,126.05929589294891,False,0.09599999999999999,0.0,rolling
novelty_2_quantile_provisioning,hybrid,455,659.0,413.4541652143604,533.6682739257812,396.38934326171875,533.6682739257812,659.5123901367188,True,False,60,False,2,800,0.6152591744261315,121.92246398430473,False,0.09599999999999999,0.0,rolling
novelty_2_quantile_provisioning,hybrid,456,451.0,282.95573370512375,527.6807250976562,390.3615417480469,527.6807250976562,653.9976806640625,True,False,60,False,2,800,0.4210650799183389,93.4375527510199,False,0.09599999999999999,0.0,rolling
novelty_2_quantile_provisioning,hybrid,457,464.0,291.11188567445106,471.6695556640625,335.70068359375,471.6695556640625,602.978271484375,True,False,60,False,2,800,0.433202210825076,94.63337486711183,False,0.09599999999999999,0.0,rolling
novelty_2_quantile_provisioning,hybrid,458,429.0,269.15301498780065,466.6512451171875,330.32452392578125,466.6512451171875,593.5869750976562,True,False,60,False,2,600,0.5340337598964299,107.41439354065388,False,0.0912,0.0336,rolling
novelty_2_quantile_provisioning,hybrid,459,482.0,302.40501917044264,451.83758544921875,315.7594299316406,451.83758544921875,576.664794921875,True,False,60,False,2,600,0.6000099586715132,118.88193599787509,False,0.072,0.0,rolling
novelty_2_quantile_provisioning,hybrid,460,697.0,437.2952248170094,459.7679138183594,323.3706359863281,459.7679138183594,580.3319091796875,True,False,60,False,2,600,0.8676492555893044,197.57232341621972,False,0.072,0.0,rolling
novelty_2_quantile_provisioning,hybrid,461,809.0,507.5636110142907,514.0855712890625,376.3351135253906,514.0855712890625,627.4861450195312,True,False,60,False,2,600,1.0070706567743863,263.845215147781,False,0.072,0.0,rolling
novelty_2_quantile_provisioning,hybrid,462,885.0,555.2457302195887,550.064697265625,411.90130615234375,550.064697265625,662.82177734375,True,False,60,False,2,600,1.1016780361499776,320.67810225925996,False,0.072,0.0,rolling
novelty_2_quantile_provisioning,hybrid,463,648.0,406.55280585569886,579.19287109375,440.74822998046875,579.19287109375,693.6975708007812,True,False,60,False,2,800,0.6049892944281233,119.8580065436917,False,0.1104,0.0336,rolling
novelty_2_quantile_provisioning,hybrid,464,552.0,346.32276054374347,523.9561767578125,387.2180480957031,523.9561767578125,650.1553955078125,True,False,60,False,2,800,0.5153612508091421,104.63813268389458,False,0.09599999999999999,0.0,rolling
novelty_2_quantile_provisioning,hybrid,465,458.0,287.3475078424538,496.874755859375,360.4620361328125,496.874755859375,625.2393188476562,True,False,60,False,2,600,0.5701339441318528,113.35824548483879,False,0.0912,0.0336,rolling
novelty_2_quantile_provisioning,hybrid,466,678.0,425.3746950156849,467.7701721191406,331.7568359375,467.7701721191406,596.3675537109375,True,False,60,False,2,600,0.8439974107454066,188.2170891366551,False,0.072,0.0,rolling
novelty_2_quantile_provisioning,hybrid,467,555.0,348.20494945974207,518.810302734375,381.07672119140625,518.810302734375,637.8939819335938,True,False,60,False,2,600,0.690882836229647,139.3588824258483,False,0.072,0.0,rolling
novelty_2_quantile_provisioning,hybrid,468,719.0,451.09794353433256,489.4532470703125,352.7909240722656,489.4532470703125,613.229736328125,True,False,60,False,2,600,0.8950356022506598,209.06052799073143,False,0.072,0.0,rolling
novelty_2_quantile_provisioning,hybrid,469,500.0,313.6981526664343,530.9681396484375,393.1077880859375,530.9681396484375,649.146240234375,True,False,60,False,2,600,0.6224169695762585,123.40270323343671,False,0.072,0.0,rolling
novelty_2_quantile_provisioning,hybrid,470,618.0,387.7309166957128,477.5212707519531,341.3564453125,477.5212707519531,603.9484252929688,True,False,60,False,2,800,0.5769805307971916,114.57450585250325,False,0.1104,0.0336,rolling
novelty_2_quantile_provisioning,hybrid,471,742.0,465.5280585569885,503.1301574707031,365.97369384765625,503.1301574707031,623.970458984375,True,False,60,False,2,600,0.9236667828511677,221.8464536002902,False,0.0912,0.0336,rolling
novelty_2_quantile_provisioning,hybrid,472,693.0,434.78563959567794,536.213134765625,398.33197021484375,536.213134765625,653.335693359375,True,False,60,False,2,600,0.8626699198326944,195.55971715065795,False,0.072,0.0,rolling
novelty_2_quantile_provisioning,hybrid,473,625.0,392.1226908330429,527.4677734375,390.123291015625,527.4677734375,648.14453125,True,False,60,False,2,800,0.5835159089777424,115.76272544259007,False,0.1104,0.0336,rolling
novelty_2_quantile_provisioning,hybrid,474,486.0,304.91460439177416,511.4958190917969,374.577880859375,511.4958190917969,635.2872314453125,True,False,60,False,2,800,0.4537419708210925,96.81509651061994,False,0.09599999999999999,0.0,rolling
novelty_2_quantile_provisioning,hybrid,475,622.0,390.2405019170443,474.5243225097656,338.44049072265625,474.5243225097656,601.9456787109375,True,False,60,False,2,600,0.7742867101528657,163.5560537143183,False,0.0912,0.0336,rolling
novelty_2_quantile_provisioning,hybrid,476,551.0,345.6953642384106,504.65411376953125,367.40716552734375,504.65411376953125,625.6922607421875,True,False,60,False,2,600,0.6859035004730369,138.08467489208334,False,0.072,0.0,rolling
novelty_2_quantile_provisioning,hybrid,477,593.0,372.0460090623911,486.4103088378906,349.78985595703125,486.4103088378906,609.4562377929688,True,False,60,False,2,600,0.7381865259174426,152.40538154620424,False,0.072,0.0,rolling
novelty_2_quantile_provisioning,hybrid,478,648.0,406.55280585569886,495.4910583496094,358.548583984375,495.4910583496094,616.4444580078125,True,False,60,False,2,600,0.8066523925708311,174.47823773319516,False,0.072,0.0,rolling
novelty_2_quantile_provisioning,hybrid,479,454.0,284.83792262112235,509.7305908203125,372.48028564453125,509.7305908203125,628.951904296875,True,False,60,False,2,600,0.5651546083752428,112.49184141733618,False,0.072,0.0,rolling
novelty_2_quantile_provisioning,hybrid,480,484.0,303.65981178110843,461.4826965332031,325.66510009765625,461.4826965332031,587.2214965820312,True,False,60,False,2,600,0.6024996265498184,119.36795460758037,False,0.072,0.0,rolling
novelty_2_quantile_provisioning,hybrid,481,603.0,378.3199721157198,463.75372314453125,327.54302978515625,463.75372314453125,586.2055053710938,True,False,60,False,2,600,0.7506348653089678,156.1305036205123,False,0.072,0.0,rolling
novelty_2_quantile_provisioning,hybrid,482,759.0,476.1937957476473,491.34075927734375,354.3272705078125,491.34075927734375,608.7821044921875,True,False,60,False,2,600,0.9448289598167605,231.82108612159112,False,0.072,0.0,rolling
novelty_2_quantile_provisioning,hybrid,483,789.0,495.01568490763333,534.7763061523438,396.8631591796875,534.7763061523438,648.4268798828125,True,False,60,False,2,600,0.982173977991336,250.54452271400322,False,0.072,0.0,rolling
novelty_2_quantile_provisioning,hybrid,484,883.0,553.990937608923,550.171875,412.273681640625,550.171875,666.3754272460938,True,False,60,False,2,800,0.8243912762037544,180.8492487147828,False,0.1104,0.0336,rolling
novelty_2_quantile_provisioning,hybrid,485,899.0,564.0292784942488,582.9180908203125,444.42047119140625,582.9180908203125,699.6326904296875,True,False,60,False,2,800,0.8393292834735846,186.4313649087227,False,0.09599999999999999,0.0,rolling
novelty_2_quantile_provisioning,hybrid,486,855.0,536.4238410596026,595.8281860351562,457.2838134765625,595.8281860351562,716.1046142578125,True,False,60,False,2,800,0.7982497634815515,171.55644065178558,False,0.09599999999999999,0.0,rolling
novelty_2_quantile_provisioning,hybrid,487,799.0,501.28964796096204,590.7987060546875,452.4988708496094,590.7987060546875,715.8897705078125,True,False,60,False,2,800,0.7459667380371459,154.71897308583806,False,0.09599999999999999,0.0,rolling
novelty_2_quantile_provisioning,hybrid,488,957.0,600.4182642035553,579.02099609375,440.946044921875,579.02099609375,707.5889892578125,True,False,60,False,2,800,0.8934795598267191,208.3885724119623,False,0.09599999999999999,0.0,rolling
novelty_2_quantile_provisioning,hybrid,489,887.0,556.5005228302545,623.6353759765625,484.3448181152344,623.6353759765625,747.561767578125,True,False,60,False,2,800,0.828125778021212,182.22601138924912,False,0.09599999999999999,0.0,rolling
novelty_2_quantile_provisioning,hybrid,490,646.0,405.29801324503313,611.173828125,472.42108154296875,611.173828125,740.4285888671875,True,False,60,False,2,800,0.6031220435193946,119.49008881621708,False,0.09599999999999999,0.0,rolling
novelty_2_quantile_provisioning,hybrid,491,773.0,484.9773440223074,547.8609619140625,410.57794189453125,547.8609619140625,685.5650634765625,True,False,60,False,2,800,0.7216924762236717,147.65953960497853,False,0.09599999999999999,0.0,rolling
novelty_2_quantile_provisioning,hybrid,492,630.0,395.2596723597072,574.6151123046875,436.123046875,574.6151123046875,705.1337890625,True,False,60,False,2,800,0.5881840362495643,116.62791560701262,False,0.09599999999999999,0.0,rolling
novelty_2_quantile_provisioning,hybrid,493,692.0,434.15824329034507,534.377685546875,396.91107177734375,534.377685546875,668.106201171875,True,False,60,False,2,800,0.6460688144201564,128.54101350558759,False,0.09599999999999999,0.0,rolling
novelty_2_quantile_provisioning,hybrid,494,772.0,484.34994771697455,544.3055419921875,406.31317138671875,544.3055419921875,673.1129150390625,True,False,60,False,2,800,0.7207588507693073,147.39729361984035,False,0.09599999999999999,0.0,rolling
novelty_2_quantile_provisioning,hybrid,495,686.0,430.3938654583479,562.9493408203125,424.5313415527344,562.9493408203125,687.8572387695312,True,False,60,False,2,800,0.64046706169397,127.28930198353284,False,0.09599999999999999,0.0,rolling
novelty_2_quantile_provisioning,hybrid,496,552.0,346.32276054374347,540.3824462890625,402.7232666015625,540.3824462890625,668.1425170898438,True,False,60,False,2,800,0.5153612508091421,104.63813268389458,False,0.09599999999999999,0.0,rolling
novelty_2_quantile_provisioning,hybrid,497,581.0,364.5172533983967,502.3393249511719,365.57086181640625,502.3393249511719,632.859619140625,True,False,60,False,2,800,0.5424363889857093,108.7288970935349,False,0.09599999999999999,0.0,rolling
novelty_2_quantile_provisioning,hybrid,498,754.0,473.0568142209829,503.27178955078125,366.171875,503.27178955078125,629.8837280273438,True,False,60,False,2,600,0.9386047901209978,228.84039158816978,False,0.0912,0.0336,rolling
novelty_2_quantile_provisioning,hybrid,499,790.0,495.6430812129662,545.065185546875,406.85870361328125,545.065185546875,664.473388671875,True,False,60,False,2,600,0.9834188119304885,251.19380319608325,False,0.072,0.0,rolling
novelty_2_quantile_provisioning,hybrid,500,816.0,511.95538515162076,558.2361450195312,420.0549011230469,558.2361450195312,678.0472412109375,True,False,60,False,2,800,0.7618383707613404,159.59046330301572,False,0.1104,0.0336,rolling
novelty_2_quantile_provisioning,hybrid,501,696.0,436.66782851167653,569.956298828125,431.70257568359375,569.956298828125,691.22216796875,True,False,60,False,2,800,0.6498033162376139,129.3876401765024,False,0.09599999999999999,0.0,rolling
novelty_2_quantile_provisioning,hybrid,502,862.0,540.8156151969328,541.45458984375,404.05108642578125,541.45458984375,668.3711547851562,True,False,60,False,2,800,0.8047851416621024,173.82365643556653,False,0.09599999999999999,0.0,rolling
novelty_2_quantile_provisioning,hybrid,503,579.0,363.2624607877309,585.7294921875,447.0338439941406,585.7294921875,707.2734375,True,False,60,False,2,800,0.5405691380769805,108.43323324587014,False,0.09599999999999999,0.0,rolling
novelty_2_quantile_provisioning,hybrid,504,563.0,353.22411990240505,514.3988037109375,377.7381591796875,514.3988037109375,646.6192626953125,True,False,60,False,2,800,0.5256311308071504,106.14061140220865,False,0.09599999999999999,0.0,rolling
novelty_2_quantile_provisioning,hybrid,505,756.0,474.31160683164865,503.452392578125,366.581298828125,503.452392578125,633.093994140625,True,False,60,False,2,600,0.9410944579993029,230.02794232632377,False,0.0912,0.0336,rolling
novelty_2_quantile_provisioning,hybrid,506,648.0,406.55280585569886,549.46044921875,411.17156982421875,549.46044921875,670.7562866210938,True,False,60,False,2,600,0.8066523925708311,174.47823773319516,False,0.072,0.0,rolling
novelty_2_quantile_provisioning,hybrid,507,725.0,454.86232136632975,523.7734985351562,386.4306640625,523.7734985351562,649.5921630859375,True,False,60,False,2,800,0.6768784544141812,135.82189509243707,False,0.1104,0.0336,rolling
novelty_2_quantile_provisioning,hybrid,508,641.0,402.1610317183688,542.9384765625,405.02093505859375,542.9384765625,665.8897705078125,True,False,60,False,2,600,0.7979385549967635,171.44939883801754,False,0.0912,0.0336,rolling
novelty_2_quantile_provisioning,hybrid,509,502.0,314.9529452771,521.6336669921875,384.390380859375,521.6336669921875,647.6114501953125,True,False,60,False,2,800,0.46867997809092266,98.53112168833886,False,0.1104,0.0336,rolling
novelty_2_quantile_provisioning,hybrid,510,677.0,424.747298710352,482.92041015625,346.58502197265625,482.92041015625,611.8350219726562,True,False,60,False,2,600,0.842752576806254,187.73895836062465,False,0.0912,0.0336,rolling
novelty_2_quantile_provisioning,hybrid,511,657.0,412.19937260369466,522.1353759765625,384.4482421875,522.1353759765625,642.9004516601562,True,False,60,False,2,600,0.8178558980232037,178.46975900273912,False,0.072,0.0,rolling
novelty_2_quantile_provisioning,hybrid,512,718.0,450.47054722899964,518.3223876953125,380.96502685546875,518.3223876953125,640.2083740234375,True,False,60,False,2,600,0.8937907683115072,208.5227764837665,False,0.072,0.0,rolling
novelty_2_quantile_provisioning,hybrid,513,584.0,366.3994423143953,534.8026123046875,397.09649658203125,534.8026123046875,655.0254516601562,True,False,60,False,2,600,0.72698302046507,149.15845899780857,False,0.072,0.0,rolling
novelty_2_quantile_provisioning,hybrid,514,468.0,293.6214708957825,502.17633056640625,365.4567565917969,502.17633056640625,627.7283935546875,True,False,60,False,2,800,0.43693671264253353,95.01509608650389,False,0.1104,0.0336,rolling
novelty_2_quantile_provisioning,hybrid,515,590.0,370.1638201463925,469.4884033203125,333.42596435546875,469.4884033203125,597.1401977539062,True,False,60,False,2,600,0.7344520240999851,151.31203029904,False,0.0912,0.0336,rolling
novelty_2_quantile_provisioning,hybrid,516,761.0,477.44858835831303,494.59979248046875,357.5439453125,494.59979248046875,615.7320556640625,True,False,60,False,2,600,0.9473186276950656,233.02441808264078,False,0.072,0.0,rolling
novelty_2_quantile_provisioning,hybrid,517,632.0,396.51446497037296,539.8564453125,401.7610168457031,539.8564453125,655.633056640625,True,False,60,False,2,600,0.7867350495443908,167.65122723639462,False,0.072,0.0,rolling
novelty_2_quantile_provisioning,hybrid,518,489.0,306.79679330777276,511.1822509765625,374.23419189453125,511.1822509765625,633.5029296875,True,False,60,False,2,800,0.45654284718418564,97.12841330648128,False,0.1104,0.0336,rolling
novelty_2_quantile_provisioning,hybrid,519,472.0,296.131056117114,473.8258361816406,337.77569580078125,473.8258361816406,600.3616943359375,True,False,60,False,2,600,0.5875616192799881,116.51175951310847,False,0.0912,0.0336,rolling
novelty_2_quantile_provisioning,hybrid,520,471.0,295.5036598117811,464.6097106933594,328.46417236328125,464.6097106933594,589.3521118164062,True,False,60,False,2,600,0.5863167853408355,116.2801845636173,False,0.072,0.0,rolling
novelty_2_quantile_provisioning,hybrid,521,483.0,303.03241547577557,459.7526550292969,323.578857421875,459.7526550292969,582.197265625,True,False,60,False,2,600,0.6012547926106658,119.12444217859186,False,0.072,0.0,rolling
novelty_2_quantile_provisioning,hybrid,522,629.0,394.63227605437436,459.498291015625,323.2835693359375,459.498291015625,579.8922119140625,True,False,60,False,2,600,0.7830005477269333,166.40894499502005,False,0.072,0.0,rolling
novelty_2_quantile_provisioning,hybrid,523,614.0,385.2213314743813,495.3201599121094,358.16680908203125,495.3201599121094,610.5194702148438,True,False,60,False,2,600,0.7643280386396455,160.3733147362426,False,0.072,0.0,rolling
novelty_2_quantile_provisioning,hybrid,524,792.0,496.8978738236319,495.2355651855469,358.39544677734375,495.2355651855469,612.6807861328125,True,False,60,False,2,600,0.9859084798087935,252.49730373509286,False,0.072,0.0,rolling
novelty_2_quantile_provisioning,hybrid,525,716.0,449.2157546183339,545.4364013671875,407.39190673828125,545.4364013671875,658.9581298828125,True,False,60,False,2,600,0.8913011004332022,207.4517588787997,False,0.072,0.0,rolling
novelty_2_quantile_provisioning,hybrid,526,672.0,421.6103171836877,532.91748046875,395.58233642578125,532.91748046875,652.5941162109375,True,False,60,False,2,800,0.6273963053328686,124.45272365224407,False,0.1104,0.0336,rolling
novelty_2_quantile_provisioning,hybrid,527,626.0,392.75008713837576,524.03662109375,386.92889404296875,524.03662109375,646.6051025390625,True,False,60,False,2,800,0.5844495344321068,115.93466132893002,False,0.09599999999999999,0.0,rolling
novelty_2_quantile_provisioning,hybrid,528,546.0,342.5583827117463,512.6038208007812,375.6756896972656,512.6038208007812,636.94384765625,True,False,60,False,2,600,0.6796793307772744,136.51772793054414,False,0.0912,0.0336,rolling
novelty_2_quantile_provisioning,hybrid,529,645.0,404.67061693970027,490.8004455566406,354.28033447265625,490.8004455566406,616.978271484375,True,False,60,False,2,600,0.8029178907533735,173.17210560148305,False,0.072,0.0,rolling
novelty_2_quantile_provisioning,hybrid,530,609.0,382.084349947717,513.4210205078125,376.06103515625,513.4210205078125,635.0634765625,True,False,60,False,2,600,0.7581038689438829,158.42574342842744,False,0.072,0.0,rolling
novelty_2_quantile_provisioning,hybrid,531,652.0,409.0623910770303,504.9278869628906,367.88848876953125,504.9278869628906,627.9197998046875,True,False,60,False,2,600,0.8116317283274411,176.23865693188932,False,0.072,0.0,rolling
novelty_2_quantile_provisioning,hybrid,532,820.0,514.4649703729523,515.7971801757812,378.4467468261719,515.7971801757812,637.2978515625,True,False,60,False,2,600,1.020763830105064,271.44689341130834,False,0.072,0.0,rolling
novelty_2_quantile_provisioning,hybrid,533,803.0,503.7992331822935,561.9571533203125,423.52972412109375,561.9571533203125,678.8153686523438,True,False,60,False,2,600,0.9996016531394712,259.7849783712562,False,0.072,0.0,rolling
novelty_2_quantile_provisioning,hybrid,534,739.0,463.64586964098993,564.14208984375,426.0408630371094,564.14208984375,684.7243041992188,True,False,60,False,2,800,0.6899492107752826,139.1185633561755,False,0.1104,0.0336,rolling
novelty_2_quantile_provisioning,hybrid,535,663.0,415.9637504356919,550.841064453125,413.19500732421875,550.841064453125,675.463623046875,True,False,60,False,2,800,0.6189936762435891,122.69049020427869,False,0.09599999999999999,0.0,rolling
novelty_2_quantile_provisioning,hybrid,536,729.0,457.3719065876612,531.2578735351562,394.0096740722656,531.2578735351562,658.6448974609375,True,False,60,False,2,800,0.6806129562316388,136.7509507233423,False,0.09599999999999999,0.0,rolling
novelty_2_quantile_provisioning,hybrid,537,474.0,297.3858487277797,546.9134521484375,409.05731201171875,546.9134521484375,671.386962890625,True,False,60,False,2,800,0.4425384653687198,95.60003531624308,False,0.09599999999999999,0.0,rolling
novelty_2_quantile_provisioning,hybrid,538,897.0,562.7744858835831,480.54541015625,344.44964599609375,480.54541015625,612.5850830078125,True,False,60,False,2,800,0.8374620325648559,185.7226123174148,False,0.09599999999999999,0.0,rolling
novelty_2_quantile_provisioning,hybrid,539,834.0,523.2485186476124,585.488525390625,446.2193908691406,585.488525390625,701.2138671875,True,False,60,False,2,600,1.0381915052531991,281.4210790583766,False,0.0912,0.0336,rolling
novelty_2_quantile_provisioning,hybrid,540,733.0,459.8814918089927,577.1673583984375,438.75848388671875,577.1673583984375,698.788330078125,True,False,60,False,2,800,0.6843474580490962,137.69025789914042,False,0.1104,0.0336,rolling
novelty_2_quantile_provisioning,hybrid,541,767.0,481.2129661903102,554.306396484375,416.6064453125,554.306396484375,681.367431640625,True,False,60,False,2,800,0.7160907234974855,146.09622383294928,False,0.09599999999999999,0.0,rolling
novelty_2_quantile_provisioning,hybrid,542,771.0,483.7225514116417,563.1309814453125,425.0577392578125,563.1309814453125,689.1530151367188,True,False,60,False,2,800,0.719825225314943,147.13572614916177,False,0.09599999999999999,0.0,rolling
novelty_2_quantile_provisioning,hybrid,543,760.0,476.82119205298017,564.647705078125,426.54425048828125,564.647705078125,690.7440185546875,True,False,60,False,2,800,0.7095553453169348,144.30301455927878,False,0.09599999999999999,0.0,rolling
novelty_2_quantile_provisioning,hybrid,544,897.0,562.7744858835831,562.1986083984375,424.1630554199219,562.1986083984375,688.865966796875,True,False,60,False,2,800,0.8374620325648559,185.7226123174148,False,0.09599999999999999,0.0,rolling
novelty_2_quantile_provisioning,hybrid,545,833.0,522.6211223422796,600.225341796875,461.24884033203125,600.225341796875,722.802734375,True,False,60,False,2,800,0.7777100034855351,164.6692203517117,False,0.09599999999999999,0.0,rolling
novelty_2_quantile_provisioning,hybrid,546,833.0,522.6211223422796,588.1358642578125,449.7157287597656,588.1358642578125,715.2467041015625,True,False,60,False,2,800,0.7777100034855351,164.6692203517117,False,0.09599999999999999,0.0,rolling
novelty_2_quantile_provisioning,hybrid,547,932.0,584.7333565702336,589.8892822265625,451.4017028808594,589.8892822265625,717.9078369140625,True,False,60,False,2,800,0.8701389234676095,198.58733070071784,False,0.09599999999999999,0.0,rolling
novelty_2_quantile_provisioning,hybrid,548,974.0,611.084001394214,619.53564453125,480.3273010253906,619.53564453125,745.418212890625,True,False,60,False,2,800,0.9093511925509138,215.3528569839749,False,0.09599999999999999,0.0,rolling
novelty_2_quantile_provisioning,hybrid,549,782.0,490.62391077030327,635.590576171875,496.2225036621094,635.590576171875,762.0411376953125,True,False,60,False,2,800,0.7300951053129513,150.0504316411887,False,0.09599999999999999,0.0,rolling
novelty_2_quantile_provisioning,hybrid,550,783.0,491.25130707563613,587.0523681640625,448.9930725097656,587.0523681640625,721.796875,True,False,60,False,2,800,0.7310287307673157,150.3195111106841,False,0.09599999999999999,0.0,rolling
novelty_2_quantile_provisioning,hybrid,551,882.0,553.3635413035901,583.9931030273438,445.6546325683594,583.9931030273438,717.3021240234375,True,False,60,False,2,800,0.82345765074939,180.50700042564267,False,0.09599999999999999,0.0,rolling
novelty_2_quantile_provisioning,hybrid,552,904.0,567.1662600209132,608.7340087890625,469.6566162109375,608.7340087890625,737.6964111328125,True,False,60,False,2,800,0.8439974107454066,188.2170891366551,False,0.09599999999999999,0.0,rolling
novelty_2_quantile_provisioning,hybrid,553,674.0,422.86510979435343,616.7251586914062,477.6079406738281,616.7251586914062,745.7093505859375,True,False,60,False,2,800,0.6292635562415974,124.85080539041186,False,0.09599999999999999,0.0,rolling
novelty_2_quantile_provisioning,hybrid,554,700.0,439.17741373300805,555.7213745117188,418.168701171875,555.7213745117188,692.6355590820312,True,False,60,False,2,800,0.6535378180550715,130.24405433060718,False,0.09599999999999999,0.0,rolling
novelty_2_quantile_provisioning,hybrid,555,927.0,581.5963750435692,555.0982666015625,417.113037109375,555.0982666015625,687.8590087890625,True,False,60,False,2,800,0.8654707961957875,196.68895725219852,False,0.09599999999999999,0.0,rolling
novelty_2_quantile_provisioning,hybrid,556,600.0,376.43778319972114,612.957275390625,473.46356201171875,612.957275390625,736.5318603515625,True,False,60,False,2,800,0.5601752726186326,111.64057065717536,False,0.09599999999999999,0.0,rolling
novelty_2_quantile_provisioning,hybrid,557,594.0,372.67340536772394,528.7412109375,391.72760009765625,528.7412109375,664.26318359375,True,False,60,False,2,800,0.5545735198924463,110.7008140680866,False,0.09599999999999999,0.0,rolling
novelty_2_quantile_provisioning,hybrid,558,530.0,332.52004182642037,518.40087890625,381.1499938964844,518.40087890625,650.2434692382812,True,False,60,False,2,800,0.49482149081312554,101.80811684133471,False,0.09599999999999999,0.0,rolling
novelty_2_quantile_provisioning,hybrid,559,613.0,384.59393516904845,494.6668395996094,357.8191223144531,494.6668395996094,624.93603515625,True,False,60,False,2,600,0.763083204700493,159.98125047905916,False,0.0912,0.0336,rolling
novelty_2_quantile_provisioning,hybrid,560,730.0,457.9993028929941,509.5027770996094,372.06109619140625,509.5027770996094,634.0435180664062,True,False,60,False,2,600,0.9087287755813375,215.0751152300948,False,0.072,0.0,rolling
novelty_2_quantile_provisioning,hybrid,561,849.0,532.6594632276054,538.5575561523438,400.4910888671875,538.5575561523438,658.515869140625,True,False,60,False,2,600,1.056864014340487,292.4857631797312,False,0.072,0.0,rolling
novelty_2_quantile_provisioning,hybrid,562,967.0,606.6922272568839,573.5105590820312,434.8966064453125,573.5105590820312,691.0239868164062,True,False,60,False,2,800,0.902815814370363,212.45549462622355,False,0.1104,0.0336,rolling
novelty_2_quantile_provisioning,hybrid,563,860.0,539.560822586267,612.856689453125,473.68499755859375,612.856689453125,729.7845458984375,True,False,60,False,2,800,0.8029178907533735,173.17210560148305,False,0.09599999999999999,0.0,rolling
novelty_2_quantile_provisioning,hybrid,564,834.0,523.2485186476124,592.9710693359375,454.6634216308594,592.9710693359375,718.0579833984375,True,False,60,False,2,800,0.7786436289398994,164.97451772775264,False,0.09599999999999999,0.0,rolling
novelty_2_quantile_provisioning,hybrid,565,782.0,490.62391077030327,589.1815795898438,450.89593505859375,589.1815795898438,716.876220703125,True,False,60,False,2,800,0.7300951053129513,150.0504316411887,False,0.09599999999999999,0.0,rolling
novelty_2_quantile_provisioning,hybrid,566,673.0,422.23771348902056,575.8321533203125,437.77410888671875,575.8321533203125,705.6024169921875,True,False,60,False,2,800,0.628329930787233,124.6514687698828,False,0.09599999999999999,0.0,rolling
novelty_2_quantile_provisioning,hybrid,567,361.0,226.49006622516558,545.84912109375,408.3511657714844,545.84912109375,678.585205078125,True,False,60,False,2,800,0.337038789025544,86.8914746384702,False,0.09599999999999999,0.0,rolling
novelty_2_quantile_provisioning,hybrid,568,682.0,427.8842802370164,460.1651916503906,324.5880432128906,460.1651916503906,599.3050537109375,True,False,60,False,2,800,0.6367325598765126,126.46689792726556,False,0.09599999999999999,0.0,rolling
novelty_2_quantile_provisioning,hybrid,569,699.0,438.55001742767513,529.135498046875,390.9376220703125,529.135498046875,652.487060546875,True,False,60,False,2,600,0.8701389234676093,198.5873307007178,False,0.0912,0.0336,rolling
novelty_2_quantile_provisioning,hybrid,570,726.0,455.4897176716626,534.156005859375,396.18853759765625,534.156005859375,656.786865234375,True,False,60,False,2,800,0.6778120798685455,136.05320099399626,False,0.1104,0.0336,rolling
novelty_2_quantile_provisioning,hybrid,571,731.0,458.62669919832695,542.1873779296875,404.2403564453125,542.1873779296875,664.3971557617188,True,False,60,False,2,800,0.6824802071403675,137.21931935251075,False,0.09599999999999999,0.0,rolling
novelty_2_quantile_provisioning,hybrid,572,657.0,412.19937260369466,544.7738037109375,406.934326171875,544.7738037109375,667.5562744140625,True,False,60,False,2,800,0.6133919235174028,121.54192957928058,False,0.09599999999999999,0.0,rolling
novelty_2_quantile_provisioning,hybrid,573,728.0,456.74451028232835,525.7067260742188,388.44866943359375,525.7067260742188,651.1949462890625,True,False,60,False,2,800,0.6796793307772744,136.51772793054414,False,0.09599999999999999,0.0,rolling
novelty_2_quantile_provisioning,hybrid,574,857.0,537.6786336702684,542.9241943359375,405.1168212890625,542.9241943359375,665.5787353515625,True,False,60,False,2,800,0.8001170143902803,172.20044608867204,False,0.09599999999999999,0.0,rolling
novelty_2_quantile_provisioning,hybrid,575,437.0,274.17218543046357,579.5015869140625,440.89117431640625,579.5015869140625,698.8260498046875,True,False,60,False,2,800,0.40799432355723747,92.22460590848038,False,0.09599999999999999,0.0,rolling
novelty_2_quantile_provisioning,hybrid,576,648.0,406.55280585569886,473.6135559082031,338.02752685546875,473.6135559082031,607.82568359375,True,False,60,False,2,800,0.6049892944281233,119.8580065436917,False,0.09599999999999999,0.0,rolling
novelty_2_quantile_provisioning,hybrid,577,926.0,580.9689787382364,518.1384887695312,380.6044006347656,518.1384887695312,641.7208862304688,True,False,60,False,2,600,1.152716227655231,355.70187925854094,True,0.0912,0.0336,rolling
novelty_2_quantile_provisioning,hybrid,578,647.0,405.925409550366,594.285888671875,454.9764404296875,594.285888671875,709.2626953125,True,False,60,False,2,600,0.8054075586316786,174.0415131360494,False,0.072,0.0,rolling
novelty_2_quantile_provisioning,hybrid,579,807.0,506.30881840362497,528.0084228515625,390.96826171875,528.0084228515625,655.9276123046875,True,False,60,False,2,800,0.753435741672061,156.985894583015,False,0.1104,0.0336,rolling
novelty_2_quantile_provisioning,hybrid,580,854.0,535.7964447542698,568.385986328125,430.02197265625,568.385986328125,690.5196533203125,True,False,60,False,2,800,0.7973161380271873,171.2355655681244,False,0.09599999999999999,0.0,rolling
novelty_2_quantile_provisioning,hybrid,581,661.0,414.7089578250262,584.969970703125,446.3975830078125,584.969970703125,707.3004150390625,True,False,60,False,2,800,0.6171264253348604,122.30531518222482,False,0.09599999999999999,0.0,rolling
novelty_2_quantile_provisioning,hybrid,582,814.0,510.70059254095503,536.9452514648438,399.7342529296875,536.9452514648438,667.18310546875,True,False,60,False,2,800,0.7599711198526117,159.00667250880406,False,0.09599999999999999,0.0,rolling
novelty_2_quantile_provisioning,hybrid,583,993.0,623.0045311955386,574.802734375,436.31365966796875,574.802734375,698.9205322265625,True,False,60,False,2,800,0.9270900761838371,223.42943974326644,False,0.09599999999999999,0.0,rolling
novelty_2_quantile_provisioning,hybrid,584,874.0,548.3443708609271,627.6217041015625,488.0588684082031,627.6217041015625,747.3018798828125,True,False,60,False,2,800,0.8159886471144749,177.7968472678431,False,0.09599999999999999,0.0,rolling
novelty_2_quantile_provisioning,hybrid,585,853.0,535.1690484489369,603.082275390625,464.5417175292969,603.082275390625,730.5712890625,True,False,60,False,2,800,0.7963825125728228,170.91544106911152,False,0.09599999999999999,0.0,rolling
novelty_2_quantile_provisioning,hybrid,586,657.0,412.19937260369466,600.6373291015625,462.07330322265625,600.6373291015625,730.4921875,True,False,60,False,2,800,0.6133919235174028,121.54192957928058,False,0.09599999999999999,0.0,rolling
novelty_2_quantile_provisioning,hybrid,587,822.0,515.719762983618,548.0760498046875,410.69891357421875,548.0760498046875,684.23828125,True,False,60,False,2,800,0.7674401234875268,161.35907628103985,False,0.09599999999999999,0.0,rolling
novelty_2_quantile_provisioning,hybrid,588,951.0,596.6538863715581,585.3765869140625,446.63507080078125,585.3765869140625,713.1824951171875,True,False,60,False,2,800,0.8878778071005329,205.98884870146753,False,0.09599999999999999,0.0,rolling
novelty_2_quantile_provisioning,hybrid,589,834.0,523.2485186476124,622.7435302734375,483.2754211425781,622.7435302734375,746.931640625,True,False,60,False,2,800,0.7786436289398994,164.97451772775264,False,0.09599999999999999,0.0,rolling
novelty_2_quantile_provisioning,hybrid,590,917.0,575.3224119902405,595.7093505859375,457.2175598144531,595.7093505859375,726.076171875,True,False,60,False,2,800,0.8561345416521436,192.95320634414904,False,0.09599999999999999,0.0,rolling
novelty_2_quantile_provisioning,hybrid,591,933.0,585.3607528755664,618.5926513671875,479.46337890625,618.5926513671875,746.4337158203125,True,False,60,False,2,800,0.8710725489219738,198.9694592924571,False,0.09599999999999999,0.0,rolling
novelty_2_quantile_provisioning,hybrid,592,582.0,365.14464970372956,626.692626953125,487.50299072265625,626.692626953125,755.6573486328125,True,False,60,False,2,800,0.5433700144400737,108.87749454339621,False,0.09599999999999999,0.0,rolling
novelty_2_quantile_provisioning,hybrid,593,540.0,338.794004879749,533.3562622070312,396.506591796875,533.3562622070312,674.0029296875,True,False,60,False,2,800,0.5041577453567694,103.06597600908084,False,0.09599999999999999,0.0,rolling
novelty_2_quantile_provisioning,hybrid,594,633.0,397.1418612757058,510.32244873046875,373.3362121582031,510.32244873046875,646.74169921875,True,False,60,False,2,800,0.5909849126126575,117.15366719426626,False,0.09599999999999999,0.0,rolling
novelty_2_quantile_provisioning,hybrid,595,688.0,431.6486580690136,524.617431640625,386.86700439453125,524.617431640625,653.3936157226562,True,False,60,False,2,600,0.8564457501369318,193.07642801294062,False,0.0912,0.0336,rolling
novelty_2_quantile_provisioning,hybrid,596,840.0,527.0128964796096,535.174072265625,397.2093505859375,535.174072265625,660.14501953125,True,False,60,False,2,600,1.0456605088881143,285.799646538167,False,0.072,0.0,rolling
novelty_2_quantile_provisioning,hybrid,597,719.0,451.09794353433256,576.0904541015625,437.27581787109375,576.0904541015625,696.20849609375,True,False,60,False,2,800,0.6712767016879949,134.44741024608985,False,0.1104,0.0336,rolling
novelty_2_quantile_provisioning,hybrid,598,1045.0,655.6291390728477,547.944091796875,410.22528076171875,547.944091796875,674.0260009765625,True,False,60,False,2,800,0.9756385998107853,247.16271948906257,False,0.09599999999999999,0.0,rolling
novelty_2_quantile_provisioning,hybrid,599,952.0,597.2812826768909,637.4259033203125,497.508056640625,637.4259033203125,753.083740234375,True,False,60,False,2,800,0.8888114325548971,206.3867079302518,False,0.09599999999999999,0.0,rolling
novelty_2_quantile_provisioning,hybrid,600,803.0,503.7992331822935,623.0675048828125,484.12890625,623.0675048828125,747.2171630859375,True,False,60,False,2,800,0.7497012398546035,155.84678775037372,False,0.09599999999999999,0.0,rolling
novelty_2_quantile_provisioning,hybrid,601,751.0,471.1746253049843,586.92919921875,448.92364501953125,586.92919921875,718.4359130859375,True,False,60,False,2,800,0.7011527162276552,142.04551125881662,False,0.09599999999999999,0.0,rolling
novelty_2_quantile_provisioning,hybrid,602,748.0,469.2924363889857,570.9728393554688,433.05072021484375,570.9728393554688,703.403564453125,True,False,60,False,2,800,0.6983518398645621,141.304922833515,False,0.09599999999999999,0.0,rolling
novelty_2_quantile_provisioning,hybrid,603,934.0,585.9881491808993,567.7864990234375,429.6734619140625,567.7864990234375,699.1019287109375,True,False,60,False,2,800,0.8720061743763383,199.35240790231927,False,0.09599999999999999,0.0,rolling
novelty_2_quantile_provisioning,hybrid,604,968.0,607.3196235622169,617.5533447265625,478.1318359375,617.5533447265625,742.197998046875,True,False,60,False,2,800,0.9037494398247274,212.86684680058372,False,0.09599999999999999,0.0,rolling
novelty_2_quantile_provisioning,hybrid,605,896.0,562.1470895782503,632.8878784179688,493.4548645019531,632.8878784179688,758.9150390625,True,False,60,False,2,800,0.8365284071104915,185.3694190275415,False,0.09599999999999999,0.0,rolling
novelty_2_quantile_provisioning,hybrid,606,902.0,565.9114674102475,618.2471923828125,479.3719177246094,618.2471923828125,749.1796875,True,False,60,False,2,800,0.8421301598366778,187.50042200815915,False,0.09599999999999999,0.0,rolling
novelty_2_quantile_provisioning,hybrid,607,802.0,503.17183687696064,620.8909912109375,481.896728515625,620.8909912109375,752.22216796875,True,False,60,False,2,800,0.7487676144002391,155.56377764074176,False,0.09599999999999999,0.0,rolling
novelty_2_quantile_provisioning,hybrid,608,843.0,528.8950853956082,594.263916015625,455.8739013671875,594.263916015625,729.2177734375,True,False,60,False,2,800,0.7870462580291789,167.7552848756005,False,0.09599999999999999,0.0,rolling
novelty_2_quantile_provisioning,hybrid,609,637.0,399.6514464970373,601.500732421875,462.7225341796875,601.500732421875,733.3720703125,True,False,60,False,2,800,0.594719414430115,117.86246226596998,False,0.09599999999999999,0.0,rolling
novelty_2_quantile_provisioning,hybrid,610,737.0,462.39107703032414,544.0979614257812,406.69439697265625,544.0979614257812,681.3832397460938,True,False,60,False,2,800,0.6880819598665537,138.63987286973486,False,0.09599999999999999,0.0,rolling
novelty_2_quantile_provisioning,hybrid,611,1073.0,673.196235622168,562.755126953125,424.43731689453125,562.755126953125,693.3009033203125,True,False,60,False,2,800,1.0017801125329882,260.96297293550174,False,0.09599999999999999,0.0,rolling
novelty_2_quantile_provisioning,hybrid,612,839.0,526.3855001742768,654.3977661132812,513.9756469726562,654.3977661132812,773.16748046875,True,False,60,False,2,800,0.7833117562117214,166.5120172843558,False,0.09599999999999999,0.0,rolling
novelty_2_quantile_provisioning,hybrid,613,767.0,481.2129661903102,599.6658935546875,461.23565673828125,599.6658935546875,730.895263671875,True,False,60,False,2,800,0.7160907234974855,146.09622383294928,False,0.09599999999999999,0.0,rolling
novelty_2_quantile_provisioning,hybrid,614,574.0,360.1254792610666,578.7529296875,440.6452941894531,578.7529296875,711.9984130859375,True,False,60,False,2,800,0.5359010108051586,107.70296374815823,False,0.09599999999999999,0.0,rolling
novelty_2_quantile_provisioning,hybrid,615,661.0,414.7089578250262,522.982666015625,386.0242919921875,522.982666015625,660.1010131835938,True,False,60,False,2,800,0.6171264253348604,122.30531518222482,False,0.09599999999999999,0.0,rolling
novelty_2_quantile_provisioning,hybrid,616,607.0,380.82955733705126,536.111328125,398.3055419921875,536.111328125,666.0828857421875,True,False,60,False,2,600,0.7556142010655779,157.6556107233561,False,0.0912,0.0336,rolling
novelty_2_quantile_provisioning,hybrid,617,850.0,533.2868595329384,517.4430541992188,380.087890625,517.4430541992188,646.7071533203125,True,False,60,False,2,800,0.7935816362097297,169.95956229091587,False,0.1104,0.0336,rolling
novelty_2_quantile_provisioning,hybrid,618,969.0,607.9470198675497,578.31884765625,439.3510437011719,578.31884765625,698.028076171875,True,False,60,False,2,600,1.206244087038789,395.92071052973654,True,0.0912,0.0336,rolling
novelty_2_quantile_provisioning,hybrid,619,886.0,555.8731265249215,617.015625,477.6085205078125,617.015625,735.41162109375,True,False,60,False,2,800,0.8271921525668475,181.88065353513716,False,0.1104,0.0336,rolling
novelty_2_quantile_provisioning,hybrid,620,747.0,468.66504008365285,603.164306640625,464.531005859375,603.164306640625,728.646728515625,True,False,60,False,2,800,0.6974182144101977,141.05937603844586,False,0.09599999999999999,0.0,rolling
novelty_2_quantile_provisioning,hybrid,621,938.0,588.4977344022308,568.3965454101562,430.6163330078125,568.3965454101562,700.0086669921875,True,False,60,False,2,800,0.8757406761937958,200.89242010109126,False,0.09599999999999999,0.0,rolling
novelty_2_quantile_provisioning,hybrid,622,854.0,535.7964447542698,617.675048828125,478.4384765625,617.675048828125,741.928466796875,True,False,60,False,2,800,0.7973161380271873,171.2355655681244,False,0.09599999999999999,0.0,rolling
novelty_2_quantile_provisioning,hybrid,623,881.0,552.7361449982573,599.5260009765625,460.9850158691406,599.5260009765625,728.6925048828125,True,False,60,False,2,800,0.8225240252950257,180.16552733048366,False,0.09599999999999999,0.0,rolling
novelty_2_quantile_provisioning,hybrid,624,900.0,564.6566747995818,608.223388671875,469.4039611816406,608.223388671875,737.1429443359375,True,False,60,False,2,800,0.8402629089279491,186.78692596796688,False,0.09599999999999999,0.0,rolling
novelty_2_quantile_provisioning,hybrid,625,729.0,457.3719065876612,616.0978393554688,477.10528564453125,616.0978393554688,745.55029296875,True,False,60,False,2,800,0.6806129562316388,136.7509507233423,False,0.09599999999999999,0.0,rolling
novelty_2_quantile_provisioning,hybrid,626,859.0,538.9334262809341,571.2420654296875,433.3511962890625,571.2420654296875,706.9334716796875,True,False,60,False,2,800,0.8019842652990091,172.8474644110089,False,0.09599999999999999,0.0,rolling
novelty_2_quantile_provisioning,hybrid,627,748.0,469.2924363889857,602.30712890625,463.3178405761719,602.30712890625,731.9747314453125,True,False,60,False,2,800,0.6983518398645621,141.304922833515,False,0.09599999999999999,0.0,rolling
novelty_2_quantile_provisioning,hybrid,628,834.0,523.2485186476124,572.231201171875,434.0879821777344,572.231201171875,705.335693359375,True,False,60,False,2,800,0.7786436289398994,164.97451772775264,False,0.09599999999999999,0.0,rolling
novelty_2_quantile_provisioning,hybrid,629,701.0,439.8048100383409,591.6527709960938,452.873291015625,591.6527709960938,720.275390625,True,False,60,False,2,800,0.6544714435094359,130.45969375516736,False,0.09599999999999999,0.0,rolling
novelty_2_quantile_provisioning,hybrid,630,638.0,400.27884280237015,555.6317138671875,417.8323974609375,555.6317138671875,688.3163452148438,True,False,60,False,2,800,0.5956530398844794,118.04105849243327,False,0.09599999999999999,0.0,rolling
novelty_2_quantile_provisioning,hybrid,631,668.0,419.10073196235624,534.31982421875,396.813720703125,534.31982421875,666.84033203125,True,False,60,False,2,800,0.6236618035154111,123.66364063249779,False,0.09599999999999999,0.0,rolling
novelty_2_quantile_provisioning,hybrid,632,664.0,416.5911467410248,536.0135498046875,398.24560546875,536.0135498046875,664.6856079101562,True,False,60,False,2,800,0.6199273016979535,122.88395134661768,False,0.09599999999999999,0.0,rolling
novelty_2_quantile_provisioning,hybrid,633,750.0,470.54722899965145,531.5562744140625,393.8849792480469,531.5562744140625,658.652587890625,True,False,60,False,2,800,0.7002190907732908,141.7979895647956,False,0.09599999999999999,0.0,rolling
novelty_2_quantile_provisioning,hybrid,634,663.0,415.9637504356919,552.0059204101562,413.82916259765625,552.0059204101562,675.26806640625,True,False,60,False,2,800,0.6189936762435891,122.69049020427869,False,0.09599999999999999,0.0,rolling
novelty_2_quantile_provisioning,hybrid,635,699.0,438.55001742767513,529.733154296875,392.31146240234375,529.733154296875,656.086669921875,True,False,60,False,2,800,0.652604192600707,130.02903013936532,False,0.09599999999999999,0.0,rolling
novelty_2_quantile_provisioning,hybrid,636,893.0,560.2649006622516,537.5184326171875,399.80340576171875,537.5184326171875,662.048095703125,True,False,60,False,2,800,0.8337275307473982,184.31456063418744,False,0.09599999999999999,0.0,rolling
novelty_2_quantile_provisioning,hybrid,637,888.0,557.1279191355874,590.1551513671875,451.19586181640625,590.1551513671875,708.5994873046875,True,False,60,False,2,800,0.8290594034755765,182.5721488318659,False,0.09599999999999999,0.0,rolling
novelty_2_quantile_provisioning,hybrid,638,868.0,544.57999302893,596.1153564453125,457.4328918457031,596.1153564453125,718.0870361328125,True,False,60,False,2,800,0.8103868943882886,175.79651984403958,False,0.09599999999999999,0.0,rolling
novelty_2_quantile_provisioning,hybrid,639,1000.0,627.3963053328686,595.8433837890625,457.3316955566406,595.8433837890625,721.042236328125,True,False,60,False,2,800,0.9336254543643877,226.48412341284887,False,0.09599999999999999,0.0,rolling
novelty_2_quantile_provisioning,hybrid,640,893.0,560.2649006622516,636.6531982421875,497.2012023925781,636.6531982421875,759.496337890625,True,False,60,False,2,800,0.8337275307473982,184.31456063418744,False,0.09599999999999999,0.0,rolling
novelty_2_quantile_provisioning,hybrid,641,786.0,493.13349599163473,614.6455078125,475.97686767578125,614.6455078125,744.581787109375,True,False,60,False,2,800,0.7338296071304088,151.13088212926002,False,0.09599999999999999,0.0,rolling
novelty_2_quantile_provisioning,hybrid,642,716.0,449.2157546183339,586.931884765625,448.7951965332031,586.931884765625,721.1383056640625,True,False,60,False,2,800,0.6684758253249017,133.76871077699363,False,0.09599999999999999,0.0,rolling
novelty_2_quantile_provisioning,hybrid,643,729.0,457.3719065876612,565.0794677734375,427.1693115234375,565.0794677734375,700.1041259765625,True,False,60,False,2,800,0.6806129562316388,136.7509507233423,False,0.09599999999999999,0.0,rolling
novelty_2_quantile_provisioning,hybrid,644,886.0,555.8731265249215,563.5413208007812,425.37945556640625,563.5413208007812,695.7355346679688,True,False,60,False,2,800,0.8271921525668475,181.88065353513716,False,0.09599999999999999,0.0,rolling
novelty_2_quantile_provisioning,hybrid,645,685.0,429.766469153015,603.6887817382812,464.47381591796875,603.6887817382812,729.5394287109375,True,False,60,False,2,800,0.6395334362396057,127.08279877374991,False,0.09599999999999999,0.0,rolling
novelty_2_quantile_provisioning,hybrid,646,933.0,585.3607528755664,552.0802001953125,414.4046630859375,552.0802001953125,685.4622802734375,True,False,60,False,2,800,0.8710725489219738,198.9694592924571,False,0.09599999999999999,0.0,rolling
novelty_2_quantile_provisioning,hybrid,647,695.0,436.04043220634367,614.7655639648438,475.3086242675781,614.7655639648438,738.2119140625,True,False,60,False,2,800,0.6488696907832495,129.17506812948648,False,0.09599999999999999,0.0,rolling
novelty_2_quantile_provisioning,hybrid,648,671.0,420.98292087835483,554.3511352539062,416.7508544921875,554.3511352539062,687.2933349609375,True,False,60,False,2,800,0.6264626798785042,124.25456915859095,False,0.09599999999999999,0.0,rolling
novelty_2_quantile_provisioning,hybrid,649,853.0,535.1690484489369,542.803466796875,405.16357421875,542.803466796875,674.282470703125,True,False,60,False,2,800,0.7963825125728228,170.91544106911152,False,0.09599999999999999,0.0,rolling
novelty_2_quantile_provisioning,hybrid,650,730.0,457.9993028929941,587.2394409179688,448.3372497558594,587.2394409179688,710.8304443359375,True,False,60,False,2,800,0.6815465816860031,136.98481423769627,False,0.09599999999999999,0.0,rolling
novelty_2_quantile_provisioning,hybrid,651,675.0,423.4925060996863,556.8793334960938,419.0235595703125,556.8793334960938,685.59326171875,True,False,60,False,2,800,0.6301971816959617,125.05073439273602,False,0.09599999999999999,0.0,rolling
novelty_2_quantile_provisioning,hybrid,652,629.0,394.63227605437436,540.3194580078125,402.7463684082031,540.3194580078125,669.9478759765625,True,False,60,False,2,800,0.5872504107951999,116.45377366977408,False,0.09599999999999999,0.0,rolling
novelty_2_quantile_provisioning,hybrid,653,629.0,394.63227605437436,524.8095703125,387.45416259765625,524.8095703125,654.2608642578125,True,False,60,False,2,800,0.5872504107951999,116.45377366977408,False,0.09599999999999999,0.0,rolling
novelty_2_quantile_provisioning,hybrid,654,536.0,336.28441965841756,520.592041015625,383.18096923828125,520.592041015625,648.010498046875,True,False,60,False,2,600,0.6672309913857492,133.46888594472193,False,0.0912,0.0336,rolling
novelty_2_quantile_provisioning,hybrid,655,585.0,367.02683861972815,492.57666015625,355.8466796875,492.57666015625,620.87158203125,True,False,60,False,2,600,0.7282278544042226,149.51433373381428,False,0.072,0.0,rolling
novelty_2_quantile_provisioning,hybrid,656,598.0,375.1829905890554,499.93048095703125,362.8031005859375,499.93048095703125,624.236083984375,True,False,60,False,2,600,0.7444106956132052,154.25236969343808,False,0.072,0.0,rolling
novelty_2_quantile_provisioning,hybrid,657,697.0,437.2952248170094,500.44720458984375,363.356201171875,500.44720458984375,622.9315795898438,True,False,60,False,2,600,0.8676492555893044,197.57232341621972,False,0.072,0.0,rolling
novelty_2_quantile_provisioning,hybrid,658,606.0,380.2021610317184,525.671630859375,387.98602294921875,525.671630859375,644.769775390625,True,False,60,False,2,600,0.7543693671264253,157.2724422842274,False,0.072,0.0,rolling
novelty_2_quantile_provisioning,hybrid,659,789.0,495.01568490763333,504.33392333984375,367.439208984375,504.33392333984375,627.4310913085938,True,False,60,False,2,800,0.736630483493502,151.9484705199701,False,0.1104,0.0336,rolling
novelty_2_quantile_provisioning,hybrid,660,661.0,414.7089578250262,551.8150634765625,413.6346435546875,551.8150634765625,668.931396484375,True,False,60,False,2,600,0.8228352337798138,180.27926561712547,False,0.0912,0.0336,rolling
novelty_2_quantile_provisioning,hybrid,661,769.0,482.46775880097596,523.0869750976562,385.97052001953125,523.0869750976562,646.705078125,True,False,60,False,2,800,0.7179579744062142,146.6146232355647,False,0.1104,0.0336,rolling
novelty_2_quantile_provisioning,hybrid,662,911.0,571.5580341582433,551.9856567382812,414.0052490234375,551.9856567382812,672.4735107421875,True,False,60,False,2,600,1.134043718567943,342.51969877399597,False,0.0912,0.0336,rolling
novelty_2_quantile_provisioning,hybrid,663,761.0,477.44858835831303,595.0595092773438,456.1827087402344,595.0595092773438,712.97412109375,True,False,60,False,2,800,0.7104889707712991,144.55717637861406,False,0.1104,0.0336,rolling
novelty_2_quantile_provisioning,hybrid,664,849.0,532.6594632276054,562.0994262695312,424.3703308105469,562.0994262695312,688.51904296875,True,False,60,False,2,800,0.7926480107553653,169.64243134144908,False,0.09599999999999999,0.0,rolling
novelty_2_quantile_provisioning,hybrid,665,657.0,412.19937260369466,587.2401123046875,448.71405029296875,587.2401123046875,711.5958251953125,True,False,60,False,2,800,0.6133919235174028,121.54192957928058,False,0.09599999999999999,0.0,rolling
novelty_2_quantile_provisioning,hybrid,666,744.0,466.78285116765426,538.8159790039062,401.57269287109375,538.8159790039062,670.6258544921875,True,False,60,False,2,800,0.6946173380471046,140.32667138866634,False,0.09599999999999999,0.0,rolling
novelty_2_quantile_provisioning,hybrid,667,772.0,484.34994771697455,557.923828125,419.8263244628906,557.923828125,685.20849609375,True,False,60,False,2,800,0.7207588507693073,147.39729361984035,False,0.09599999999999999,0.0,rolling
novelty_2_quantile_provisioning,hybrid,668,777.0,487.4869292436389,565.2169799804688,426.9609375,565.2169799804688,691.3464965820312,True,False,60,False,2,800,0.7254269780411293,148.7153262682226,False,0.09599999999999999,0.0,rolling
novelty_2_quantile_provisioning,hybrid,669,727.0,456.1171139769955,567.6845703125,429.43408203125,567.6845703125,694.1044921875,True,False,60,False,2,800,0.6787457053229099,136.285144980397,False,0.09599999999999999,0.0,rolling
novelty_2_quantile_provisioning,hybrid,670,610.0,382.71174625304985,554.6025390625,416.71783447265625,554.6025390625,682.77587890625,True,False,60,False,2,800,0.5695115271622766,113.24911281637188,False,0.09599999999999999,0.0,rolling
novelty_2_quantile_provisioning,hybrid,671,579.0,363.2624607877309,522.06884765625,384.91168212890625,522.06884765625,653.1199951171875,True,False,60,False,2,800,0.5405691380769805,108.43323324587014,False,0.09599999999999999,0.0,rolling
novelty_2_quantile_provisioning,hybrid,672,580.0,363.88985709306377,508.2862243652344,371.2066650390625,508.2862243652344,637.6088256835938,True,False,60,False,2,600,0.7220036847084599,147.74710586625844,False,0.0912,0.0336,rolling
novelty_2_quantile_provisioning,hybrid,673,798.0,500.6622516556292,502.8414001464844,365.74102783203125,502.8414001464844,629.3592529296875,True,False,60,False,2,600,0.9933774834437087,256.447471950661,False,0.072,0.0,rolling
novelty_2_quantile_provisioning,hybrid,674,1238.0,776.7166260020913,557.4407958984375,418.90777587890625,557.4407958984375,675.6572265625,True,False,60,False,2,600,1.5,687.5,True,0.072,0.0,rolling
novelty_2_quantile_provisioning,hybrid,675,901.0,565.2840711049146,687.37744140625,546.2672119140625,687.37744140625,793.60986328125,True,True,60,False,2,800,0.8411965343823133,187.1432780414774,False,0.1104,0.0336,rolling
novelty_2_quantile_provisioning,hybrid,676,796.0,499.4074590449634,612.451171875,474.1445617675781,612.451171875,739.727783203125,True,False,60,False,2,900,0.6605918770436023,131.88862857651662,False,0.1272,0.040799999999999996,rolling
novelty_2_quantile_provisioning,hybrid,677,696.0,436.66782851167653,586.474609375,448.533203125,586.474609375,718.971923828125,True,False,60,False,2,800,0.6498033162376139,129.3876401765024,False,0.11759999999999998,0.040799999999999996,rolling
novelty_2_quantile_provisioning,hybrid,678,669.0,419.7281282676891,557.2100830078125,419.62847900390625,557.2100830078125,691.8642578125,True,False,60,False,2,800,0.6245954289697755,123.86002852762255,False,0.09599999999999999,0.0,rolling
novelty_2_quantile_provisioning,hybrid,679,535.0,335.6570233530847,544.5281372070312,406.87774658203125,544.5281372070312,677.34716796875,True,False,60,False,2,800,0.49948961808494746,102.43116874975584,False,0.09599999999999999,0.0,rolling
novelty_2_quantile_provisioning,hybrid,680,819.0,513.8375740676194,504.1160583496094,367.26129150390625,504.1160583496094,638.2105102539062,True,False,60,False,2,800,0.7646392471244335,160.47153058860675,False,0.09599999999999999,0.0,rolling
novelty_2_quantile_provisioning,hybrid,681,1021.0,640.5716277448588,571.99267578125,433.0594787597656,571.99267578125,693.7958984375,True,False,60,False,2,600,1.2709754518747198,449.5591781276456,True,0.0912,0.0336,rolling
novelty_2_quantile_provisioning,hybrid,682,783.0,491.25130707563613,633.0548706054688,493.1341552734375,633.0548706054688,750.3277587890625,True,False,60,False,2,800,0.7310287307673157,150.3195111106841,False,0.1104,0.0336,rolling
novelty_2_quantile_provisioning,hybrid,683,823.0,516.3471592889508,577.82958984375,439.8316345214844,577.82958984375,707.78271484375,True,False,60,False,2,800,0.7683737489418911,161.65636859270455,False,0.09599999999999999,0.0,rolling
novelty_2_quantile_provisioning,hybrid,684,725.0,454.86232136632975,587.4720458984375,449.0150451660156,587.4720458984375,715.9639892578125,True,False,60,False,2,800,0.6768784544141812,135.82189509243707,False,0.09599999999999999,0.0,rolling
novelty_2_quantile_provisioning,hybrid,685,661.0,414.7089578250262,559.7164306640625,421.93450927734375,559.7164306640625,690.7872314453125,True,False,60,False,2,800,0.6171264253348604,122.30531518222482,False,0.09599999999999999,0.0,rolling
novelty_2_quantile_provisioning,hybrid,686,549.0,344.4405716277449,539.1054077148438,401.61419677734375,539.1054077148438,670.496826171875,True,False,60,False,2,800,0.512560374446049,104.23860324313509,False,0.09599999999999999,0.0,rolling
novelty_2_quantile_provisioning,hybrid,687,760.0,476.82119205298017,504.836181640625,367.98248291015625,504.836181640625,637.1578369140625,True,False,60,False,2,800,0.7095553453169348,144.30301455927878,False,0.09599999999999999,0.0,rolling
novelty_2_quantile_provisioning,hybrid,688,916.0,574.6950156849076,553.8499755859375,415.4200439453125,553.8499755859375,676.5362548828125,True,False,60,False,2,600,1.1402678882637056,346.86596387871026,False,0.0912,0.0336,rolling
novelty_2_quantile_provisioning,hybrid,689,666.0,417.8459393516905,599.309814453125,460.0939636230469,599.309814453125,718.1099853515625,True,False,60,False,2,800,0.6217945526066823,123.27262528844341,False,0.1104,0.0336,rolling
novelty_2_quantile_provisioning,hybrid,690,655.0,410.9445799930289,539.0166015625,401.73211669921875,539.0166015625,669.168701171875,True,False,60,False,2,800,0.611524672608674,121.16370493591438,False,0.09599999999999999,0.0,rolling
novelty_2_quantile_provisioning,hybrid,691,690.0,432.90345067967934,531.9610595703125,394.53619384765625,531.9610595703125,660.816162109375,True,False,60,False,2,800,0.6442015635114275,128.12135289823158,False,0.09599999999999999,0.0,rolling
novelty_2_quantile_provisioning,hybrid,692,585.0,367.02683861972815,537.1913452148438,399.48724365234375,537.1913452148438,663.0968017578125,True,False,60,False,2,800,0.5461708908031669,109.32635954395292,False,0.09599999999999999,0.0,rolling
novelty_2_quantile_provisioning,hybrid,693,558.0,350.08713837574066,508.126220703125,371.17620849609375,508.126220703125,636.4185791015625,True,False,60,False,2,800,0.5209630035353283,105.4503144920936,False,0.09599999999999999,0.0,rolling
novelty_2_quantile_provisioning,hybrid,694,444.0,278.5639595677937,496.335693359375,359.48797607421875,496.335693359375,623.1619873046875,True,False,60,False,2,600,0.5527062689837177,110.39174780203433,False,0.0912,0.0336,rolling
novelty_2_quantile_provisioning,hybrid,695,506.0,317.46253049843153,462.7220458984375,326.6429138183594,462.7220458984375,590.612548828125,True,False,60,False,2,600,0.6298859732111737,124.98402551750848,False,0.072,0.0,rolling
novelty_2_quantile_provisioning,hybrid,696,462.0,289.85709306378527,471.71649169921875,335.1158447265625,471.71649169921875,594.5491943359375,True,False,60,False,2,600,0.5751132798884628,114.23991619278752,False,0.072,0.0,rolling
novelty_2_quantile_provisioning,hybrid,697,671.0,420.98292087835483,457.734619140625,321.5533447265625,457.734619140625,580.3275146484375,True,False,60,False,2,600,0.8352835731713389,184.89971948703038,False,0.072,0.0,rolling
novelty_2_quantile_provisioning,hybrid,698,648.0,406.55280585569886,508.17462158203125,370.6136169433594,508.17462158203125,622.93115234375,True,False,60,False,2,600,0.8066523925708311,174.47823773319516,False,0.072,0.0,rolling
novelty_2_quantile_provisioning,hybrid,699,780.0,489.36911815963754,506.1822814941406,369.11279296875,506.1822814941406,623.5533447265625,True,False,60,False,2,600,0.9709704725389634,244.77471699867093,False,0.072,0.0,rolling
novelty_2_quantile_provisioning,hybrid,700,817.0,512.5827814569536,544.4573974609375,406.53253173828125,544.4573974609375,659.4468383789062,True,False,60,False,2,600,1.0170293282876064,269.3533251320214,False,0.072,0.0,rolling
novelty_2_quantile_provisioning,hybrid,701,684.0,429.13907284768214,561.4844970703125,423.44122314453125,561.4844970703125,678.7091064453125,True,False,60,False,2,800,0.6385998107852413,126.87689761371423,False,0.1104,0.0336,rolling
novelty_2_quantile_provisioning,hybrid,702,497.0,311.8159637504357,531.9426879882812,394.83172607421875,531.9426879882812,656.356201171875,True,False,60,False,2,800,0.46401185081910074,97.98289972952195,False,0.09599999999999999,0.0,rolling
novelty_2_quantile_provisioning,hybrid,703,491.0,308.0515859184385,482.8839111328125,346.8397216796875,482.8839111328125,612.8131713867188,True,False,60,False,2,800,0.45841009809291444,97.33943862763809,False,0.09599999999999999,0.0,rolling
novelty_2_quantile_provisioning,hybrid,704,515.0,323.1090972464273,474.7681884765625,338.4378662109375,474.7681884765625,601.713623046875,True,False,60,False,2,600,0.6410894786635463,127.42730569616359,False,0.0912,0.0336,rolling
novelty_2_quantile_provisioning,hybrid,705,666.0,417.8459393516905,476.1119384765625,339.5140380859375,476.1119384765625,599.8204345703125,True,False,60,False,2,600,0.8290594034755764,182.57214883186586,False,0.072,0.0,rolling
novelty_2_quantile_provisioning,hybrid,706,691.0,433.5308469850122,512.8629150390625,375.2655334472656,512.8629150390625,630.7064208984375,True,False,60,False,2,600,0.8601802519543893,194.5620848363182,False,0.072,0.0,rolling
novelty_2_quantile_provisioning,hybrid,707,722.0,452.98013245033115,522.94091796875,385.39227294921875,522.94091796875,641.5560302734375,True,False,60,False,2,600,0.8987701040681174,210.6827783295091,False,0.072,0.0,rolling
novelty_2_quantile_provisioning,hybrid,708,799.0,501.28964796096204,534.2706298828125,396.62921142578125,534.2706298828125,653.5201416015625,True,False,60,False,2,600,0.9946223173828612,257.1116399071717,False,0.072,0.0,rolling
novelty_2_quantile_provisioning,hybrid,709,738.0,463.018473335657,558.5560302734375,420.4485168457031,558.5560302734375,677.2261352539062,True,False,60,False,2,800,0.6890155853209181,138.87889379710595,False,0.1104,0.0336,rolling
novelty_2_quantile_provisioning,hybrid,710,935.0,586.6155454862321,547.018798828125,409.41583251953125,547.018798828125,670.0009765625,True,False,60,False,2,800,0.8729397998307026,199.736177409209,False,0.09599999999999999,0.0,rolling
novelty_2_quantile_provisioning,hybrid,711,769.0,482.46775880097596,602.813720703125,463.8050537109375,602.813720703125,720.5792236328125,True,False,60,False,2,800,0.7179579744062142,146.6146232355647,False,0.09599999999999999,0.0,rolling
novelty_2_quantile_provisioning,hybrid,712,904.0,567.1662600209132,565.8306884765625,428.0843505859375,565.8306884765625,692.8034057617188,True,False,60,False,2,800,0.8439974107454066,188.2170891366551,False,0.09599999999999999,0.0,rolling
novelty_2_quantile_provisioning,hybrid,713,638.0,400.27884280237015,604.1563720703125,465.2726135253906,604.1563720703125,727.5980224609375,True,False,60,False,2,800,0.5956530398844794,118.04105849243327,False,0.09599999999999999,0.0,rolling
novelty_2_quantile_provisioning,hybrid,714,824.0,516.9745555942837,537.3167724609375,400.23944091796875,537.3167724609375,671.337890625,True,False,60,False,2,800,0.7693073743962555,161.95438424297072,False,0.09599999999999999,0.0,rolling
novelty_2_quantile_provisioning,hybrid,715,763.0,478.70338096897876,582.1153564453125,443.4331970214844,582.1153564453125,708.0897216796875,True,False,60,False,2,800,0.7123562216800279,145.0675074357119,False,0.09599999999999999,0.0,rolling
novelty_2_quantile_provisioning,hybrid,716,749.0,469.9198326943186,567.6273803710938,429.4707336425781,567.6273803710938,696.260986328125,True,False,60,False,2,800,0.6992854653189264,141.55112704933,False,0.09599999999999999,0.0,rolling
novelty_2_quantile_provisioning,hybrid,717,595.0,373.3008016730568,563.1841430664062,425.0830078125,563.1841430664062,691.9481201171875,True,False,60,False,2,800,0.5555071453468108,110.85612986578414,False,0.09599999999999999,0.0,rolling
novelty_2_quantile_provisioning,hybrid,718,684.0,429.13907284768214,520.7017822265625,383.611328125,520.7017822265625,653.384765625,True,False,60,False,2,800,0.6385998107852413,126.87689761371423,False,0.09599999999999999,0.0,rolling
novelty_2_quantile_provisioning,hybrid,719,759.0,476.1937957476473,537.5440673828125,399.6865234375,537.5440673828125,664.4906005859375,True,False,60,False,2,600,0.9448289598167605,231.82108612159112,False,0.0912,0.0336,rolling
novelty_2_quantile_provisioning,hybrid,720,631.0,395.8870686650401,556.0372924804688,417.7742919921875,556.0372924804688,679.7877197265625,True,False,60,False,2,800,0.5891176617039287,116.80261125423768,False,0.1104,0.0336,rolling
novelty_2_quantile_provisioning,hybrid,721,637.0,399.6514464970373,522.5943603515625,385.3740234375,522.5943603515625,650.5244750976562,True,False,60,False,2,800,0.594719414430115,117.86246226596998,False,0.09599999999999999,0.0,rolling
novelty_2_quantile_provisioning,hybrid,722,693.0,434.78563959567794,520.69580078125,383.34490966796875,520.69580078125,646.923583984375,True,False,60,False,2,600,0.8626699198326944,195.55971715065795,False,0.0912,0.0336,rolling
novelty_2_quantile_provisioning,hybrid,723,704.0,441.6869989543395,532.8809814453125,395.17083740234375,532.8809814453125,656.1641845703125,True,False,60,False,2,600,0.876363093163372,201.1503697014644,False,0.072,0.0,rolling
novelty_2_quantile_provisioning,hybrid,724,753.0,472.42941791565005,536.4976806640625,398.79083251953125,536.4976806640625,659.7105712890625,True,False,60,False,2,800,0.703019967136384,142.54253569814364,False,0.1104,0.0336,rolling
novelty_2_quantile_provisioning,hybrid,725,866.0,543.3252004182642,550.1980590820312,412.2240295410156,550.1980590820312,672.209716796875,True,False,60,False,2,800,0.8085196434795598,175.13585652560687,False,0.09599999999999999,0.0,rolling
novelty_2_quantile_provisioning,hybrid,726,685.0,429.766469153015,583.559814453125,444.90087890625,583.559814453125,703.268310546875,True,False,60,False,2,800,0.6395334362396057,127.08279877374991,False,0.09599999999999999,0.0,rolling
novelty_2_quantile_provisioning,hybrid,727,763.0,478.70338096897876,540.2724609375,402.96563720703125,540.2724609375,668.3067626953125,True,False,60,False,2,800,0.7123562216800279,145.0675074357119,False,0.09599999999999999,0.0,rolling
novelty_2_quantile_provisioning,hybrid,728,645.0,404.67061693970027,559.5767822265625,421.5150146484375,559.5767822265625,684.6263427734375,True,False,60,False,2,800,0.6021884180650302,119.30698205062566,False,0.09599999999999999,0.0,rolling
novelty_2_quantile_provisioning,hybrid,729,729.0,457.3719065876612,529.0084228515625,391.7533874511719,529.0084228515625,658.0218505859375,True,False,60,False,2,800,0.6806129562316388,136.7509507233423,False,0.09599999999999999,0.0,rolling
novelty_2_quantile_provisioning,hybrid,730,740.0,464.2732659463228,547.9576416015625,409.9949645996094,547.9576416015625,672.83935546875,True,False,60,False,2,800,0.690882836229647,139.3588824258483,False,0.09599999999999999,0.0,rolling
novelty_2_quantile_provisioning,hybrid,731,757.0,474.9390031369815,551.6644897460938,413.68157958984375,551.6644897460938,676.4303588867188,True,False,60,False,2,800,0.7067544689538415,143.5445333912705,False,0.09599999999999999,0.0,rolling
novelty_2_quantile_provisioning,hybrid,732,874.0,548.3443708609271,557.2673950195312,419.2007751464844,557.2673950195312,681.966064453125,True,False,60,False,2,800,0.8159886471144749,177.7968472678431,False,0.09599999999999999,0.0,rolling
novelty_2_quantile_provisioning,hybrid,733,834.0,523.2485186476124,590.68505859375,451.8695983886719,590.68505859375,712.4210205078125,True,False,60,False,2,800,0.7786436289398994,164.97451772775264,False,0.09599999999999999,0.0,rolling
novelty_2_quantile_provisioning,hybrid,734,861.0,540.1882188915998,584.9785766601562,446.56988525390625,584.9785766601562,710.4385986328125,True,False,60,False,2,800,0.8038515162077379,173.497502650034,False,0.09599999999999999,0.0,rolling
novelty_2_quantile_provisioning,hybrid,735,914.0,573.4402230742419,594.9010009765625,456.2841796875,594.9010009765625,720.7841796875,True,False,60,False,2,800,0.8533336652890504,191.8482371970167,False,0.09599999999999999,0.0,rolling
novelty_2_quantile_provisioning,hybrid,736,756.0,474.31160683164865,612.3113403320312,473.35040283203125,612.3113403320312,737.8023681640625,True,False,60,False,2,800,0.7058208434994772,143.29303816891783,False,0.09599999999999999,0.0,rolling
novelty_2_quantile_provisioning,hybrid,737,925.0,580.3415824329035,573.1278686523438,435.22821044921875,573.1278686523438,705.531005859375,True,False,60,False,2,800,0.8636035452870587,195.93531723798495,False,0.09599999999999999,0.0,rolling
novelty_2_quantile_provisioning,hybrid,738,845.0,530.149878006274,617.154296875,477.9216613769531,617.154296875,743.185546875,True,False,60,False,2,800,0.7889135089379077,168.38136065578124,False,0.09599999999999999,0.0,rolling
novelty_2_quantile_provisioning,hybrid,739,803.0,503.7992331822935,599.5513916015625,460.95562744140625,599.5513916015625,730.078857421875,True,False,60,False,2,800,0.7497012398546035,155.84678775037372,False,0.09599999999999999,0.0,rolling
novelty_2_quantile_provisioning,hybrid,740,1068.0,670.0592540955037,588.22265625,449.8177185058594,588.22265625,720.207275390625,True,False,60,False,2,800,0.9971119852611662,258.4449716449461,False,0.09599999999999999,0.0,rolling
novelty_2_quantile_provisioning,hybrid,741,790.0,495.6430812129662,661.48388671875,521.2701416015625,661.48388671875,784.4952392578125,True,False,60,False,2,800,0.7375641089478664,152.22238572334763,False,0.09599999999999999,0.0,rolling
novelty_2_quantile_provisioning,hybrid,742,610.0,382.71174625304985,592.4271850585938,454.3153991699219,592.4271850585938,728.233642578125,True,False,60,False,2,800,0.5695115271622766,113.24911281637188,False,0.09599999999999999,0.0,rolling
novelty_2_quantile_provisioning,hybrid,743,577.0,362.00766817706517,539.3934326171875,402.19256591796875,539.3934326171875,678.7146606445312,True,False,60,False,2,800,0.5387018871682517,108.13960494158435,False,0.09599999999999999,0.0,rolling
novelty_2_quantile_provisioning,hybrid,744,618.0,387.7309166957128,520.5262451171875,383.235595703125,520.5262451171875,656.071533203125,True,False,60,False,2,800,0.5769805307971916,114.57450585250325,False,0.09599999999999999,0.0,rolling
novelty_2_quantile_provisioning,hybrid,745,688.0,431.6486580690136,522.3721313476562,384.7324523925781,522.3721313476562,652.331787109375,True,False,60,False,2,600,0.8564457501369318,193.07642801294062,False,0.0912,0.0336,rolling
novelty_2_quantile_provisioning,hybrid,746,555.0,348.20494945974207,535.7086181640625,397.72088623046875,535.7086181640625,660.9385986328125,True,False,60,False,2,600,0.690882836229647,139.3588824258483,False,0.072,0.0,rolling
novelty_2_quantile_provisioning,hybrid,747,413.0,259.11467410247474,499.56591796875,362.6689453125,499.56591796875,628.0918579101562,True,False,60,False,2,800,0.3855873126524922,90.31907363436578,False,0.1104,0.0336,rolling
novelty_2_quantile_provisioning,hybrid,748,737.0,462.39107703032414,457.0969543457031,321.1711120605469,457.0969543457031,586.815185546875,True,False,60,False,2,600,0.9174426131554051,218.99821717270487,False,0.0912,0.0336,rolling
novelty_2_quantile_provisioning,hybrid,749,756.0,474.31160683164865,532.6240234375,394.3712158203125,532.6240234375,648.79150390625,True,False,60,False,2,600,0.9410944579993029,230.02794232632377,False,0.072,0.0,rolling
novelty_2_quantile_provisioning,hybrid,750,554.0,347.5775531544092,542.5475463867188,404.593505859375,542.5475463867188,660.20751953125,True,False,60,False,2,800,0.5172285017178708,104.90690995664337,False,0.1104,0.0336,rolling
novelty_2_quantile_provisioning,hybrid,751,586.0,367.654234925061,492.6747131347656,356.30938720703125,492.6747131347656,618.226806640625,True,False,60,False,2,800,0.5471045162575313,109.47700835747851,False,0.09599999999999999,0.0,rolling
novelty_2_quantile_provisioning,hybrid,752,592.0,371.4186127570582,497.3592224121094,360.5616455078125,497.3592224121094,620.500244140625,True,False,60,False,2,600,0.7369416919782901,152.039698493711,False,0.0912,0.0336,rolling
novelty_2_quantile_provisioning,hybrid,753,777.0,487.4869292436389,497.6331787109375,360.75360107421875,497.6331787109375,619.9140014648438,True,False,60,False,2,600,0.9672359707215057,242.88077337652769,False,0.072,0.0,rolling
novelty_2_quantile_provisioning,hybrid,754,841.0,527.6402927849425,546.358642578125,408.21014404296875,546.358642578125,662.791015625,True,False,60,False,2,600,1.046905342827267,286.5355206215222,False,0.072,0.0,rolling
novelty_2_quantile_provisioning,hybrid,755,601.0,377.06517950505406,570.04736328125,431.6816711425781,570.04736328125,687.3468017578125,True,False,60,False,2,800,0.5611088980729971,111.79903732836752,False,0.1104,0.0336,rolling
novelty_2_quantile_provisioning,hybrid,756,710.0,445.4513767863367,512.2587890625,375.6346435546875,512.2587890625,640.0465087890625,True,False,60,False,2,800,0.6628740725987153,132.42827909481616,False,0.09599999999999999,0.0,rolling
novelty_2_quantile_provisioning,hybrid,757,606.0,380.2021610317184,537.9818115234375,400.29510498046875,537.9818115234375,661.251220703125,True,False,60,False,2,600,0.7543693671264253,157.2724422842274,False,0.0912,0.0336,rolling
novelty_2_quantile_provisioning,hybrid,758,712.0,446.70616939700244,511.9169006347656,374.93743896484375,511.9169006347656,638.8430786132812,True,False,60,False,2,800,0.6647413235074441,132.87258419109514,False,0.1104,0.0336,rolling
novelty_2_quantile_provisioning,hybrid,759,437.0,274.17218543046357,536.8760986328125,399.0701904296875,536.8760986328125,659.17041015625,True,False,60,False,2,600,0.5439924314096499,108.97684363491646,False,0.0912,0.0336,rolling
novelty_2_quantile_provisioning,hybrid,760,585.0,367.02683861972815,466.14337158203125,330.34185791015625,466.14337158203125,596.7362060546875,True,False,60,False,2,800,0.5461708908031669,109.32635954395292,False,0.1104,0.0336,rolling
novelty_2_quantile_provisioning,hybrid,761,547.0,343.18577901707914,496.1568908691406,359.03118896484375,496.1568908691406,618.8004150390625,True,False,60,False,2,600,0.6809241647164269,136.82883399344027,False,0.0912,0.0336,rolling
novelty_2_quantile_provisioning,hybrid,762,578.0,362.63506448239804,485.1771545410156,348.44488525390625,485.1771545410156,608.1682739257812,True,False,60,False,2,600,0.7195140168301548,147.0486876213505,False,0.072,0.0,rolling
novelty_2_quantile_provisioning,hybrid,763,779.0,488.74172185430467,491.15985107421875,354.25567626953125,491.15985107421875,612.2545166015625,True,False,60,False,2,600,0.9697256385998109,244.14178023852048,False,0.072,0.0,rolling
novelty_2_quantile_provisioning,hybrid,764,741.0,464.90066225165566,543.8350219726562,405.6571044921875,543.8350219726562,658.60400390625,True,False,60,False,2,600,0.9224219489120152,221.2737229867355,False,0.072,0.0,rolling
novelty_2_quantile_provisioning,hybrid,765,532.0,333.7748344370861,540.056396484375,402.42572021484375,540.056396484375,659.0614013671875,True,False,60,False,2,800,0.4966887417218543,102.05593399383261,False,0.1104,0.0336,rolling
novelty_2_quantile_provisioning,hybrid,766,699.0,438.55001742767513,488.69219970703125,352.4970397949219,488.69219970703125,615.8414306640625,True,False,60,False,2,800,0.652604192600707,130.02903013936532,False,0.09599999999999999,0.0,rolling
novelty_2_quantile_provisioning,hybrid,767,677.0,424.747298710352,527.962890625,390.341796875,527.962890625,648.2139892578125,True,False,60,False,2,600,0.842752576806254,187.73895836062465,False,0.0912,0.0336,rolling
novelty_2_quantile_provisioning,hybrid,768,601.0,377.06517950505406,524.6445922851562,387.2734680175781,524.6445922851562,646.5830688476562,True,False,60,False,2,800,0.5611088980729971,111.79903732836752,False,0.1104,0.0336,rolling
novelty_2_quantile_provisioning,hybrid,769,662.0,415.33635413035904,505.4759216308594,368.62591552734375,505.4759216308594,630.0863037109375,True,False,60,False,2,600,0.8240800677189664,180.73507976481815,False,0.0912,0.0336,rolling
novelty_2_quantile_provisioning,hybrid,770,441.0,276.68177065179503,520.243896484375,382.8451232910156,520.243896484375,642.44091796875,True,False,60,False,2,600,0.54897176716626,109.77985197796818,False,0.072,0.0,rolling
novelty_2_quantile_provisioning,hybrid,771,521.0,326.8734750784245,463.421630859375,327.59564208984375,463.421630859375,592.119384765625,True,False,60,False,2,600,0.6485584822984614,129.10434656583823,False,0.072,0.0,rolling
novelty_2_quantile_provisioning,hybrid,772,544.0,341.30359010108054,476.8476257324219,340.2252197265625,476.8476257324219,600.0032958984375,True,False,60,False,2,600,0.6771896628989693,135.89892621556112,False,0.072,0.0,rolling
novelty_2_quantile_provisioning,hybrid,773,1193.0,748.4837922621123,480.1872863769531,343.476806640625,480.1872863769531,601.2655639648438,True,False,60,False,2,600,1.4850868894089528,669.5601183305814,True,0.072,0.0,rolling
novelty_2_quantile_provisioning,hybrid,774,723.0,453.607528755664,657.3641967773438,516.3912353515625,657.3641967773438,757.3680419921875,True,True,60,False,2,600,0.9000149380072698,211.22653399282842,False,0.072,0.0,rolling
novelty_2_quantile_provisioning,hybrid,775,864.0,542.0704078075985,548.7003173828125,411.66424560546875,548.7003173828125,674.4020385742188,True,False,60,False,2,900,0.7170243489518499,146.35508603483663,False,0.12240000000000001,0.036000000000000004,rolling
novelty_2_quantile_provisioning,hybrid,776,915.0,574.0676193795748,587.7342529296875,449.3024597167969,587.7342529296875,709.998291015625,True,False,60,False,2,800,0.8542672907434149,192.21575575525503,False,0.11759999999999998,0.040799999999999996,rolling
novelty_2_quantile_provisioning,hybrid,777,543.0,340.6761937957477,606.998779296875,468.20001220703125,606.998779296875,730.0264892578125,True,False,60,False,2,800,0.5069586217198626,103.45254863615622,False,0.09599999999999999,0.0,rolling
novelty_2_quantile_provisioning,hybrid,778,808.0,506.93621470895783,511.8523864746094,375.5465087890625,511.8523864746094,648.5152587890625,True,False,60,False,2,800,0.7543693671264253,157.2724422842274,False,0.09599999999999999,0.0,rolling
novelty_2_quantile_provisioning,hybrid,779,666.0,417.8459393516905,573.5767211914062,434.9659423828125,573.5767211914062,698.2657470703125,True,False,60,False,2,600,0.8290594034755764,182.57214883186586,False,0.0912,0.0336,rolling
novelty_2_quantile_provisioning,hybrid,780,788.0,494.38828860230046,537.6741943359375,400.17364501953125,537.6741943359375,667.4388427734375,True,False,60,False,2,800,0.7356968580391376,151.67524877243284,False,0.1104,0.0336,rolling
novelty_2_quantile_provisioning,hybrid,781,806.0,505.6814220982921,568.0924072265625,429.6285400390625,568.0924072265625,692.9999389648438,True,False,60,False,2,800,0.7525021162176966,156.7000561579282,False,0.09599999999999999,0.0,rolling
novelty_2_quantile_provisioning,hybrid,782,940.0,589.7525270128965,575.3819580078125,436.91009521484375,575.3819580078125,700.7239990234375,True,False,60,False,2,800,0.8776079271025246,201.66736916073774,False,0.09599999999999999,0.0,rolling
novelty_2_quantile_provisioning,hybrid,783,940.0,589.7525270128965,615.0263671875,475.73297119140625,615.0263671875,737.35791015625,True,False,60,False,2,800,0.8776079271025246,201.66736916073774,False,0.09599999999999999,0.0,rolling
novelty_2_quantile_provisioning,hybrid,784,1053.0,660.6483095155106,620.154541015625,481.0996398925781,620.154541015625,744.92333984375,True,False,60,False,2,800,0.9831076034457004,251.03132886033333,False,0.09599999999999999,0.0,rolling
novelty_2_quantile_provisioning,hybrid,785,712.0,446.70616939700244,657.8031005859375,518.0269775390625,657.8031005859375,781.60205078125,True,False,60,False,2,800,0.6647413235074441,132.87258419109514,False,0.09599999999999999,0.0,rolling
novelty_2_quantile_provisioning,hybrid,786,653.0,409.6897873823632,570.6312255859375,433.1951904296875,570.6312255859375,708.7415771484375,True,False,60,False,2,800,0.6096574216999452,120.78778302296821,False,0.09599999999999999,0.0,rolling
novelty_2_quantile_provisioning,hybrid,787,773.0,484.9773440223074,547.4873046875,409.9957580566406,547.4873046875,684.2057495117188,True,False,60,False,2,800,0.7216924762236717,147.65953960497853,False,0.09599999999999999,0.0,rolling
novelty_2_quantile_provisioning,hybrid,788,766.0,480.58556988497736,573.23388671875,434.69268798828125,573.23388671875,703.1131591796875,True,False,60,False,2,800,0.7151570980431211,145.83803575099788,False,0.09599999999999999,0.0,rolling
novelty_2_quantile_provisioning,hybrid,789,635.0,398.39665388637155,569.966064453125,431.5888671875,569.966064453125,699.16162109375,True,False,60,False,2,800,0.5928521635213863,117.50694852109771,False,0.09599999999999999,0.0,rolling
novelty_2_quantile_provisioning,hybrid,790,718.0,450.47054722899964,533.7899169921875,396.32891845703125,533.7899169921875,666.3759765625,True,False,60,False,2,800,0.6703430762336304,134.22054632908902,False,0.09599999999999999,0.0,rolling
novelty_2_quantile_provisioning,hybrid,791,806.0,505.6814220982921,550.113037109375,411.9906005859375,550.113037109375,677.5642700195312,True,False,60,False,2,800,0.7525021162176966,156.7000561579282,False,0.09599999999999999,0.0,rolling
novelty_2_quantile_provisioning,hybrid,792,843.0,528.8950853956082,572.543212890625,433.95758056640625,572.543212890625,696.5556640625,True,False,60,False,2,800,0.7870462580291789,167.7552848756005,False,0.09599999999999999,0.0,rolling
novelty_2_quantile_provisioning,hybrid,793,832.0,521.9937260369467,584.52490234375,445.89398193359375,584.52490234375,708.24267578125,True,False,60,False,2,800,0.7767763780311706,164.36465510331948,False,0.09599999999999999,0.0,rolling
novelty_2_quantile_provisioning,hybrid,794,531.0,333.14743813175323,584.3358764648438,445.8986511230469,584.3358764648438,709.81591796875,True,False,60,False,2,800,0.4957551162674899,101.93179206837506,False,0.09599999999999999,0.0,rolling
novelty_2_quantile_provisioning,hybrid,795,614.0,385.2213314743813,504.8897399902344,368.5069580078125,504.8897399902344,639.93212890625,True,False,60,False,2,800,0.5732460289797341,113.90749215435233,False,0.09599999999999999,0.0,rolling
novelty_2_quantile_provisioning,hybrid,796,606.0,380.2021610317184,517.5642700195312,380.21966552734375,517.5642700195312,646.1090087890625,True,False,60,False,2,600,0.7543693671264253,157.2724422842274,False,0.0912,0.0336,rolling
novelty_2_quantile_provisioning,hybrid,797,570.0,357.6158940397351,511.6648254394531,374.37921142578125,511.6648254394531,638.405029296875,True,False,60,False,2,600,0.7095553453169348,144.30301455927878,False,0.072,0.0,rolling
novelty_2_quantile_provisioning,hybrid,798,577.0,362.00766817706517,498.8449401855469,361.8594055175781,498.8449401855469,624.8987426757812,True,False,60,False,2,600,0.7182691828910023,146.7012857874592,False,0.072,0.0,rolling
novelty_2_quantile_provisioning,hybrid,799,782.0,490.62391077030327,496.9829406738281,359.97601318359375,496.9829406738281,621.0496215820312,True,False,60,False,2,600,0.9734601404172684,246.04546759392872,False,0.072,0.0,rolling
novelty_2_quantile_provisioning,hybrid,800,410.0,257.23248518647614,549.536376953125,411.1859130859375,549.536376953125,666.511962890625,True,False,60,False,2,600,0.510381915052532,103.93086167641354,False,0.072,0.0,rolling
novelty_2_quantile_provisioning,hybrid,801,626.0,392.75008713837576,457.2532043457031,321.77227783203125,457.2532043457031,587.4014892578125,True,False,60,False,2,800,0.5844495344321068,115.93466132893002,False,0.1104,0.0336,rolling
novelty_2_quantile_provisioning,hybrid,802,885.0,555.2457302195887,503.85400390625,366.5484924316406,503.85400390625,623.874755859375,True,False,60,False,2,600,1.1016780361499776,320.67810225925996,False,0.0912,0.0336,rolling
novelty_2_quantile_provisioning,hybrid,803,695.0,436.04043220634367,574.448974609375,435.58221435546875,574.448974609375,686.7412109375,True,False,60,False,2,600,0.8651595877109993,196.56312445507905,False,0.072,0.0,rolling
novelty_2_quantile_provisioning,hybrid,804,571.0,358.243290345068,532.7450561523438,395.53887939453125,532.7450561523438,655.519287109375,True,False,60,False,2,800,0.5331001344420654,107.27086297662139,False,0.1104,0.0336,rolling
novelty_2_quantile_provisioning,hybrid,805,431.0,270.4078075984664,501.1662292480469,364.62542724609375,501.1662292480469,628.4083251953125,True,False,60,False,2,800,0.4023925708310512,91.72795705444582,False,0.09599999999999999,0.0,rolling
novelty_2_quantile_provisioning,hybrid,806,700.0,439.17741373300805,461.209716796875,325.4119873046875,461.209716796875,590.5751953125,True,False,60,False,2,600,0.871383757406762,199.09701767255038,False,0.0912,0.0336,rolling
novelty_2_quantile_provisioning,hybrid,807,550.0,345.06796793307774,523.6353759765625,385.75079345703125,523.6353759765625,641.5764770507812,True,False,60,False,2,600,0.6846586665338844,137.76899800370427,False,0.072,0.0,rolling
novelty_2_quantile_provisioning,hybrid,808,860.0,539.560822586267,487.8507995605469,351.28125,487.8507995605469,611.635986328125,True,False,60,False,2,600,1.0705571876711648,300.85239846277466,False,0.072,0.0,rolling
novelty_2_quantile_provisioning,hybrid,809,866.0,543.3252004182642,568.5499877929688,429.7850341796875,568.5499877929688,682.1023559570312,True,False,60,False,2,600,1.0780261913060798,305.50721546810513,False,0.072,0.0,rolling
novelty_2_quantile_provisioning,hybrid,810,720.0,451.7253398396654,579.320556640625,440.870361328125,579.320556640625,696.8878173828125,True,False,60,False,2,800,0.6722103271423593,134.67490609559906,False,0.1104,0.0336,rolling
novelty_2_quantile_provisioning,hybrid,811,773.0,484.9773440223074,547.412353515625,409.984130859375,547.412353515625,673.3392333984375,True,False,60,False,2,800,0.7216924762236717,147.65953960497853,False,0.09599999999999999,0.0,rolling
novelty_2_quantile_provisioning,hybrid,812,623.0,390.86789822237716,561.7608642578125,423.7628173828125,561.7608642578125,686.3091430664062,True,False,60,False,2,800,0.5816486580690137,115.42050073739382,False,0.09599999999999999,0.0,rolling
novelty_2_quantile_provisioning,hybrid,813,864.0,542.0704078075985,522.6204223632812,385.6244201660156,522.6204223632812,652.1248779296875,True,False,60,False,2,800,0.8066523925708311,174.47823773319516,False,0.09599999999999999,0.0,rolling
novelty_2_quantile_provisioning,hybrid,814,740.0,464.2732659463228,583.8793334960938,445.04193115234375,583.8793334960938,704.274658203125,True,False,60,False,2,600,0.9211771149728627,220.70253612052932,False,0.0912,0.0336,rolling
novelty_2_quantile_provisioning,hybrid,815,784.0,491.878703380969,556.1436767578125,418.33514404296875,556.1436767578125,682.9925537109375,True,False,60,False,2,800,0.73196235622168,150.58927876259128,False,0.1104,0.0336,rolling
novelty_2_quantile_provisioning,hybrid,816,588.0,368.90902753572675,568.6573486328125,430.4195861816406,568.6573486328125,694.5096435546875,True,False,60,False,2,800,0.5489717671662601,109.7798519779682,False,0.09599999999999999,0.0,rolling
novelty_2_quantile_provisioning,hybrid,817,591.0,370.79121645172535,517.2120971679688,380.30535888671875,517.2120971679688,649.3494873046875,True,False,60,False,2,800,0.5517726435293532,110.2379955758701,False,0.09599999999999999,0.0,rolling
novelty_2_quantile_provisioning,hybrid,818,631.0,395.8870686650401,512.0033569335938,374.82659912109375,512.0033569335938,641.2960205078125,True,False,60,False,2,600,0.7854902156052382,167.23581926930416,False,0.0912,0.0336,rolling
novelty_2_quantile_provisioning,hybrid,819,791.0,496.27047751829906,517.2664794921875,379.8111572265625,517.2664794921875,642.7939453125,True,False,60,False,2,600,0.984663645869641,251.84472950866987,False,0.072,0.0,rolling
novelty_2_quantile_provisioning,hybrid,820,839.0,526.3855001742768,557.868896484375,419.43743896484375,557.868896484375,677.397705078125,True,False,60,False,2,600,1.044415674948962,285.0655224518063,False,0.072,0.0,rolling
novelty_2_quantile_provisioning,hybrid,821,756.0,474.31160683164865,575.59033203125,437.0805358886719,575.59033203125,695.7177734375,True,False,60,False,2,800,0.7058208434994772,143.29303816891783,False,0.1104,0.0336,rolling
novelty_2_quantile_provisioning,hybrid,822,555.0,348.20494945974207,558.0377197265625,420.210693359375,558.0377197265625,683.2274169921875,True,False,60,False,2,800,0.5181621271722352,105.04202852340475,False,0.09599999999999999,0.0,rolling
novelty_2_quantile_provisioning,hybrid,823,571.0,358.243290345068,505.4444580078125,368.8793029785156,505.4444580078125,637.1224365234375,True,False,60,False,2,800,0.5331001344420654,107.27086297662139,False,0.09599999999999999,0.0,rolling
novelty_2_quantile_provisioning,hybrid,824,702.0,440.4322063436738,502.382080078125,365.4444274902344,502.382080078125,630.2935791015625,True,False,60,False,2,600,0.8738734252850671,200.1207686920311,False,0.0912,0.0336,rolling
novelty_2_quantile_provisioning,hybrid,825,540.0,338.794004879749,532.57080078125,394.70068359375,532.57080078125,654.36376953125,True,False,60,False,2,600,0.6722103271423592,134.67490609559903,False,0.072,0.0,rolling
novelty_2_quantile_provisioning,hybrid,826,338.0,212.05995120250958,491.0542907714844,354.47967529296875,491.0542907714844,617.955322265625,True,False,60,False,2,800,0.31556540357516305,85.65640708197,False,0.1104,0.0336,rolling
novelty_2_quantile_provisioning,hybrid,827,563.0,353.22411990240505,435.3372497558594,300.0539855957031,435.3372497558594,565.7159423828125,True,False,60,False,2,600,0.7008415077428671,141.9629307311612,False,0.0912,0.0336,rolling
novelty_2_quantile_provisioning,hybrid,828,547.0,343.18577901707914,482.47528076171875,345.3888244628906,482.47528076171875,601.8323974609375,True,False,60,False,2,600,0.6809241647164269,136.82883399344027,False,0.072,0.0,rolling
novelty_2_quantile_provisioning,hybrid,829,632.0,396.51446497037296,478.4093322753906,341.7171936035156,478.4093322753906,597.998046875,True,False,60,False,2,600,0.7867350495443908,167.65122723639462,False,0.072,0.0,rolling
novelty_2_quantile_provisioning,hybrid,830,682.0,427.8842802370164,499.9099426269531,362.7720642089844,499.9099426269531,616.779296875,True,False,60,False,2,600,0.8489767465020167,190.1437580498147,False,0.072,0.0,rolling
novelty_2_quantile_provisioning,hybrid,831,612.0,383.9665388637156,515.5677490234375,378.2597351074219,515.5677490234375,632.2098388671875,True,False,60,False,2,600,0.7618383707613404,159.59046330301572,False,0.072,0.0,rolling
novelty_2_quantile_provisioning,hybrid,832,614.0,385.2213314743813,500.80865478515625,364.0835266113281,500.80865478515625,621.4235229492188,True,False,60,False,2,600,0.7643280386396455,160.3733147362426,False,0.072,0.0,rolling
novelty_2_quantile_provisioning,hybrid,833,699.0,438.55001742767513,502.0346984863281,365.1975402832031,502.0346984863281,623.0586547851562,True,False,60,False,2,600,0.8701389234676093,198.5873307007178,False,0.072,0.0,rolling
novelty_2_quantile_provisioning,hybrid,834,734.0,460.50888811432554,525.1008911132812,387.6239013671875,525.1008911132812,643.8803100585938,True,False,60,False,2,600,0.9137081113379475,217.3077169511467,False,0.072,0.0,rolling
novelty_2_quantile_provisioning,hybrid,835,804.0,504.42662948762637,537.6954345703125,400.04876708984375,537.6954345703125,656.8980712890625,True,False,60,False,2,800,0.7506348653089678,156.1305036205123,False,0.1104,0.0336,rolling
novelty_2_quantile_provisioning,hybrid,836,743.0,466.1554548623214,560.8043212890625,422.6943359375,560.8043212890625,679.8267822265625,True,False,60,False,2,800,0.6936837125927402,140.08374548753332,False,0.09599999999999999,0.0,rolling
novelty_2_quantile_provisioning,hybrid,837,721.0,452.3527361449983,550.3175048828125,412.6365966796875,550.3175048828125,674.0523681640625,True,False,60,False,2,800,0.6731439525967237,134.9030347565214,False,0.09599999999999999,0.0,rolling
novelty_2_quantile_provisioning,hybrid,838,491.0,308.0515859184385,546.1972045898438,408.55499267578125,546.1972045898438,671.5362548828125,True,False,60,False,2,800,0.45841009809291444,97.33943862763809,False,0.09599999999999999,0.0,rolling
novelty_2_quantile_provisioning,hybrid,839,431.0,270.4078075984664,485.9146423339844,349.74749755859375,485.9146423339844,618.0360107421875,True,False,60,False,2,800,0.4023925708310512,91.72795705444582,False,0.09599999999999999,0.0,rolling
novelty_2_quantile_provisioning,hybrid,840,572.0,358.87068665040084,462.38299560546875,326.32843017578125,462.38299560546875,592.2799072265625,True,False,60,False,2,600,0.7120450131952397,144.98226617043878,False,0.0912,0.0336,rolling
novelty_2_quantile_provisioning,hybrid,841,624.0,391.49529452771003,490.4552307128906,353.3116760253906,490.4552307128906,612.2969970703125,True,False,60,False,2,600,0.7767763780311707,164.36465510331954,False,0.072,0.0,rolling
novelty_2_quantile_provisioning,hybrid,842,588.0,368.90902753572675,503.12890625,365.8277587890625,503.12890625,622.7576904296875,True,False,60,False,2,600,0.73196235622168,150.58927876259128,False,0.072,0.0,rolling
novelty_2_quantile_provisioning,hybrid,843,885.0,555.2457302195887,494.8647766113281,357.9850769042969,494.8647766113281,616.0889282226562,True,False,60,False,2,600,1.1016780361499776,320.67810225925996,False,0.072,0.0,rolling
novelty_2_quantile_provisioning,hybrid,844,780.0,489.36911815963754,574.3217163085938,435.45831298828125,574.3217163085938,686.4970703125,True,False,60,False,2,600,0.9709704725389634,244.77471699867093,False,0.072,0.0,rolling
novelty_2_quantile_provisioning,hybrid,845,702.0,440.4322063436738,555.812255859375,418.0224609375,555.812255859375,676.0789184570312,True,False,60,False,2,800,0.6554050689638002,130.67594929195062,False,0.1104,0.0336,rolling
novelty_2_quantile_provisioning,hybrid,846,624.0,391.49529452771003,538.4605102539062,401.14495849609375,538.4605102539062,663.1235961914062,True,False,60,False,2,800,0.582582283523378,115.59133887171292,False,0.09599999999999999,0.0,rolling
novelty_2_quantile_provisioning,hybrid,847,567.0,355.7337051237365,517.643310546875,380.6948547363281,517.643310546875,644.7093505859375,True,False,60,False,2,800,0.5293656326246079,106.7017504775122,False,0.09599999999999999,0.0,rolling
novelty_2_quantile_provisioning,hybrid,848,597.0,374.55559428372254,499.82049560546875,363.08795166015625,499.82049560546875,627.1511840820312,True,False,60,False,2,600,0.7431658616740526,153.88048873492312,False,0.0912,0.0336,rolling
novelty_2_quantile_provisioning,hybrid,849,630.0,395.2596723597072,504.07647705078125,366.99176025390625,504.07647705078125,628.6962890625,True,False,60,False,2,600,0.7842453816660858,166.82172588328922,False,0.072,0.0,rolling
novelty_2_quantile_provisioning,hybrid,850,618.0,387.7309166957128,511.32611083984375,374.01275634765625,511.32611083984375,634.1285400390625,True,False,60,False,2,600,0.7693073743962555,161.95438424297072,False,0.072,0.0,rolling
novelty_2_quantile_provisioning,hybrid,851,720.0,451.7253398396654,507.9611511230469,370.80029296875,507.9611511230469,630.9434814453125,True,False,60,False,2,600,0.8962804361898123,209.59977741179034,False,0.072,0.0,rolling
novelty_2_quantile_provisioning,hybrid,852,810.0,508.19100731962357,534.461181640625,396.6348876953125,534.461181640625,654.1558837890625,True,False,60,False,2,600,1.0083154907135388,264.52780807264674,False,0.072,0.0,rolling
novelty_2_quantile_provisioning,hybrid,853,725.0,454.86232136632975,562.1346435546875,423.83837890625,562.1346435546875,680.6390380859375,True,False,60,False,2,800,0.6768784544141812,135.82189509243707,False,0.1104,0.0336,rolling
novelty_2_quantile_provisioning,hybrid,854,848.0,532.0320669222726,544.0819702148438,406.526123046875,544.0819702148438,667.62451171875,True,False,60,False,2,800,0.7917143853010009,169.32604658210698,False,0.09599999999999999,0.0,rolling
novelty_2_quantile_provisioning,hybrid,855,880.0,552.1087486929243,578.6442260742188,440.17010498046875,578.6442260742188,699.0889892578125,True,False,60,False,2,800,0.8215903998406612,179.82482855040092,False,0.09599999999999999,0.0,rolling
novelty_2_quantile_provisioning,hybrid,856,744.0,466.78285116765426,593.070068359375,454.46112060546875,593.070068359375,715.086181640625,True,False,60,False,2,800,0.6946173380471046,140.32667138866634,False,0.09599999999999999,0.0,rolling
novelty_2_quantile_provisioning,hybrid,857,873.0,547.7169745555943,561.3323974609375,423.635986328125,561.3323974609375,690.1513671875,True,False,60,False,2,800,0.8150550216601106,177.46154408396222,False,0.09599999999999999,0.0,rolling
novelty_2_quantile_provisioning,hybrid,858,718.0,450.47054722899964,596.1116943359375,457.33074951171875,596.1116943359375,720.7752685546875,True,False,60,False,2,800,0.6703430762336304,134.22054632908902,False,0.09599999999999999,0.0,rolling
novelty_2_quantile_provisioning,hybrid,859,859.0,538.9334262809341,557.8193359375,420.12091064453125,557.8193359375,689.0105590820312,True,False,60,False,2,800,0.8019842652990091,172.8474644110089,False,0.09599999999999999,0.0,rolling
novelty_2_quantile_provisioning,hybrid,860,832.0,521.9937260369467,593.781982421875,454.9451904296875,593.781982421875,719.5213623046875,True,False,60,False,2,800,0.7767763780311706,164.36465510331948,False,0.09599999999999999,0.0,rolling
novelty_2_quantile_provisioning,hybrid,861,1119.0,702.05646566748,589.6433715820312,451.0822448730469,589.6433715820312,717.6126708984375,True,False,60,False,2,800,1.04472688343375,285.24888952511037,False,0.09599999999999999,0.0,rolling
novelty_2_quantile_provisioning,hybrid,862,965.0,605.4374346462182,672.2928466796875,531.8600463867188,672.2928466796875,791.773193359375,True,False,60,False,2,800,0.9009485634616342,211.63533910125068,False,0.09599999999999999,0.0,rolling
novelty_2_quantile_provisioning,hybrid,863,1061.0,665.6674799581735,640.3634033203125,501.2708435058594,640.3634033203125,770.3280029296875,True,False,60,False,2,800,0.9905766070806153,254.95916937987423,False,0.09599999999999999,0.0,rolling
novelty_2_quantile_provisioning,hybrid,864,837.0,525.130707563611,671.5027465820312,531.646240234375,671.5027465820312,800.3045654296875,True,False,60,False,2,800,0.7814445053029926,165.89481141081592,False,0.09599999999999999,0.0,rolling
novelty_2_quantile_provisioning,hybrid,865,1016.0,637.4346462181945,614.17529296875,475.7978820800781,614.17529296875,752.814697265625,True,False,60,False,2,800,0.948563461634218,233.62846114241623,False,0.09599999999999999,0.0,rolling
novelty_2_quantile_provisioning,hybrid,866,1014.0,636.1798536075288,660.452392578125,520.6054077148438,660.452392578125,791.695068359375,True,False,60,False,2,800,0.9466962107254893,232.72299121318997,False,0.09599999999999999,0.0,rolling
novelty_2_quantile_provisioning,hybrid,867,871.0,546.4621819449286,664.274658203125,524.54150390625,664.274658203125,797.361328125,True,False,60,False,2,800,0.8131877707513818,176.79323868881107,False,0.09599999999999999,0.0,rolling
novelty_2_quantile_provisioning,hybrid,868,750.0,470.54722899965145,626.6598510742188,487.8526611328125,626.6598510742188,765.5257568359375,True,False,60,False,2,800,0.7002190907732908,141.7979895647956,False,0.09599999999999999,0.0,rolling
novelty_2_quantile_provisioning,hybrid,869,821.0,515.0923666782851,590.0460205078125,451.7955017089844,590.0460205078125,731.2098388671875,True,False,60,False,2,800,0.7665064980331623,161.06250642907176,False,0.09599999999999999,0.0,rolling
novelty_2_quantile_provisioning,hybrid,870,540.0,338.794004879749,601.7747802734375,462.8505554199219,601.7747802734375,737.206298828125,True,False,60,False,2,800,0.5041577453567694,103.06597600908084,False,0.09599999999999999,0.0,rolling
novelty_2_quantile_provisioning,hybrid,871,510.0,319.972115719763,522.53955078125,385.5235290527344,522.53955078125,664.351806640625,True,False,60,False,2,800,0.4761489817258378,99.43126545483783,False,0.09599999999999999,0.0,rolling
novelty_2_quantile_provisioning,hybrid,872,759.0,476.1937957476473,500.48809814453125,363.4412841796875,500.48809814453125,636.5516357421875,True,False,60,False,2,600,0.9448289598167605,231.82108612159112,False,0.0912,0.0336,rolling
novelty_2_quantile_provisioning,hybrid,873,859.0,538.9334262809341,555.4693603515625,416.75042724609375,555.4693603515625,678.9144897460938,True,False,60,False,2,600,1.0693123537320122,300.0828786038729,False,0.072,0.0,rolling
novelty_2_quantile_provisioning,hybrid,874,618.0,387.7309166957128,583.4719848632812,444.5216369628906,583.4719848632812,703.9095458984375,True,False,60,False,2,800,0.5769805307971916,114.57450585250325,False,0.1104,0.0336,rolling
novelty_2_quantile_provisioning,hybrid,875,561.0,351.96932729173926,523.1258544921875,386.0853576660156,523.1258544921875,653.1471557617188,True,False,60,False,2,800,0.5237638798984215,105.86301432038914,False,0.09599999999999999,0.0,rolling
novelty_2_quantile_provisioning,hybrid,876,626.0,392.75008713837576,502.3993225097656,365.58685302734375,502.3993225097656,631.674560546875,True,False,60,False,2,600,0.7792660459094757,165.17845648338968,False,0.0912,0.0336,rolling
novelty_2_quantile_provisioning,hybrid,877,722.0,452.98013245033115,513.1710205078125,375.84075927734375,513.1710205078125,637.6231079101562,True,False,60,False,2,600,0.8987701040681174,210.6827783295091,False,0.072,0.0,rolling
novelty_2_quantile_provisioning,hybrid,878,705.0,442.3143952596724,536.8463134765625,398.9579162597656,536.8463134765625,657.4358520507812,True,False,60,False,2,600,0.8776079271025246,201.66736916073774,False,0.072,0.0,rolling
novelty_2_quantile_provisioning,hybrid,879,694.0,435.4130359010108,534.7044677734375,397.09259033203125,534.7044677734375,656.882080078125,True,False,60,False,2,800,0.6479360653288851,128.9631069212652,False,0.1104,0.0336,rolling
novelty_2_quantile_provisioning,hybrid,880,912.0,572.1854304635762,532.8939819335938,395.38934326171875,532.8939819335938,656.0234985351562,True,False,60,False,2,800,0.8514664143803217,191.1156091584337,False,0.09599999999999999,0.0,rolling
novelty_2_quantile_provisioning,hybrid,881,777.0,487.4869292436389,593.69189453125,454.6805114746094,593.69189453125,710.7529296875,True,False,60,False,2,800,0.7254269780411293,148.7153262682226,False,0.09599999999999999,0.0,rolling
novelty_2_quantile_provisioning,hybrid,882,574.0,360.1254792610666,565.4979248046875,427.608154296875,565.4979248046875,690.884765625,True,False,60,False,2,800,0.5359010108051586,107.70296374815823,False,0.09599999999999999,0.0,rolling
novelty_2_quantile_provisioning,hybrid,883,808.0,506.93621470895783,512.168212890625,375.53131103515625,512.168212890625,644.190673828125,True,False,60,False,2,800,0.7543693671264253,157.2724422842274,False,0.09599999999999999,0.0,rolling
novelty_2_quantile_provisioning,hybrid,884,895.0,561.5196932729174,568.0772705078125,429.5591735839844,568.0772705078125,690.0772705078125,True,False,60,False,2,600,1.1141263755415027,328.9292165601556,False,0.0912,0.0336,rolling
novelty_2_quantile_provisioning,hybrid,885,983.0,616.7305681422098,596.2181396484375,457.298095703125,596.2181396484375,717.16845703125,True,False,60,False,2,800,0.9177538216401931,219.1397151772942,False,0.1104,0.0336,rolling
novelty_2_quantile_provisioning,hybrid,886,917.0,575.3224119902405,627.7376708984375,488.37408447265625,627.7376708984375,749.0133056640625,True,False,60,False,2,800,0.8561345416521436,192.95320634414904,False,0.09599999999999999,0.0,rolling
novelty_2_quantile_provisioning,hybrid,887,827.0,518.8567445102823,617.653564453125,478.82965087890625,617.653564453125,745.014404296875,True,False,60,False,2,800,0.7721082507593486,162.85278001442498,False,0.09599999999999999,0.0,rolling
novelty_2_quantile_provisioning,hybrid,888,810.0,508.19100731962357,596.2011108398438,457.8659973144531,596.2011108398438,728.17236328125,True,False,60,False,2,800,0.7562366180351541,157.84766903064784,False,0.09599999999999999,0.0,rolling
novelty_2_quantile_provisioning,hybrid,889,925.0,580.3415824329035,590.73046875,452.3134460449219,590.73046875,722.92333984375,True,False,60,False,2,800,0.8636035452870587,195.93531723798495,False,0.09599999999999999,0.0,rolling
novelty_2_quantile_provisioning,hybrid,890,1094.0,686.3715580341583,621.52099609375,482.2488098144531,621.52099609375,749.5189208984375,True,False,60,False,2,800,1.0213862470746402,271.79731472786085,False,0.09599999999999999,0.0,rolling
novelty_2_quantile_provisioning,hybrid,891,817.0,512.5827814569536,672.7978515625,532.5611572265625,672.7978515625,796.6474609375,True,False,60,False,2,800,0.7627719962157048,159.8834340400715,False,0.09599999999999999,0.0,rolling
novelty_2_quantile_provisioning,hybrid,892,668.0,419.10073196235624,603.9664306640625,465.73858642578125,603.9664306640625,740.8775634765625,True,False,60,False,2,800,0.6236618035154111,123.66364063249779,False,0.09599999999999999,0.0,rolling
novelty_2_quantile_provisioning,hybrid,893,507.0,318.0899268037644,560.1788330078125,422.5726623535156,560.1788330078125,700.302001953125,True,False,60,False,2,800,0.47334810536274463,99.09037390164875,False,0.09599999999999999,0.0,rolling
novelty_2_quantile_provisioning,hybrid,894,642.0,402.78842802370167,508.35284423828125,371.52996826171875,508.35284423828125,648.7322998046875,True,False,60,False,2,800,0.599387541701937,118.76105959957809,False,0.09599999999999999,0.0,rolling
novelty_2_quantile_provisioning,hybrid,895,713.0,447.3335657023353,530.6502075195312,392.69903564453125,530.6502075195312,660.885986328125,True,False,60,False,2,600,0.8875665986157446,205.85641474381052,False,0.0912,0.0336,rolling
novelty_2_quantile_provisioning,hybrid,896,528.0,331.26524921575464,544.4437255859375,406.23089599609375,544.4437255859375,669.849365234375,True,False,60,False,2,800,0.4929542399043968,101.56216296688662,False,0.1104,0.0336,rolling
novelty_2_quantile_provisioning,hybrid,897,867.0,543.9525967235971,494.4651184082031,357.74603271484375,494.4651184082031,624.6363525390625,True,False,60,False,2,800,0.8094532689339243,175.46580717961825,False,0.09599999999999999,0.0,rolling
novelty_2_quantile_provisioning,hybrid,898,668.0,419.10073196235624,578.3251953125,439.229248046875,578.3251953125,695.2937622070312,True,False,60,False,2,600,0.8315490713538815,183.4990000177725,False,0.0912,0.0336,rolling
novelty_2_quantile_provisioning,hybrid,899,687.0,431.02126176368074,531.2674560546875,393.9420166015625,531.2674560546875,657.4163208007812,True,False,60,False,2,800,0.6414006871483344,127.49640812196772,False,0.1104,0.0336,rolling
novelty_2_quantile_provisioning,hybrid,900,650.0,407.8075984663646,534.06298828125,396.5284118652344,534.06298828125,658.873779296875,True,False,60,False,2,800,0.6068565453368521,120.22820239225364,False,0.09599999999999999,0.0,rolling
novelty_2_quantile_provisioning,hybrid,901,671.0,420.98292087835483,522.7401733398438,385.48529052734375,522.7401733398438,648.0240478515625,True,False,60,False,2,800,0.6264626798785042,124.25456915859095,False,0.09599999999999999,0.0,rolling
novelty_2_quantile_provisioning,hybrid,902,801.0,502.5444405716278,526.6839599609375,389.23736572265625,526.6839599609375,650.576171875,True,False,60,False,2,600,0.9971119852611662,258.4449716449461,False,0.0912,0.0336,rolling
novelty_2_quantile_provisioning,hybrid,903,687.0,431.02126176368074,561.7548217773438,423.4278564453125,561.7548217773438,681.6664428710938,True,False,60,False,2,800,0.6414006871483344,127.49640812196772,False,0.1104,0.0336,rolling
novelty_2_quantile_provisioning,hybrid,904,886.0,555.8731265249215,536.024658203125,398.59814453125,536.024658203125,661.6802978515625,True,False,60,False,2,800,0.8271921525668475,181.88065353513716,False,0.09599999999999999,0.0,rolling
novelty_2_quantile_provisioning,hybrid,905,747.0,468.66504008365285,589.7635498046875,450.88848876953125,589.7635498046875,709.2255859375,True,False,60,False,2,800,0.6974182144101977,141.05937603844586,False,0.09599999999999999,0.0,rolling
novelty_2_quantile_provisioning,hybrid,906,877.0,550.2265597769258,558.347900390625,420.59222412109375,558.347900390625,685.1509399414062,True,False,60,False,2,800,0.8187895234775682,178.80736931156378,False,0.09599999999999999,0.0,rolling
novelty_2_quantile_provisioning,hybrid,907,721.0,452.3527361449983,594.49609375,455.7113342285156,594.49609375,717.67041015625,True,False,60,False,2,800,0.6731439525967237,134.9030347565214,False,0.09599999999999999,0.0,rolling
novelty_2_quantile_provisioning,hybrid,908,811.0,508.81840362495643,555.9620361328125,418.322265625,555.9620361328125,685.8135986328125,True,False,60,False,2,800,0.7571702434895184,158.13634983366535,False,0.09599999999999999,0.0,rolling
novelty_2_quantile_provisioning,hybrid,909,972.0,609.8292087835483,578.4459228515625,440.0024719238281,578.4459228515625,704.7236328125,True,False,60,False,2,800,0.907483941642185,214.52077208495953,False,0.09599999999999999,0.0,rolling
novelty_2_quantile_provisioning,hybrid,910,775.0,486.23213663297315,625.1788940429688,485.70977783203125,625.1788940429688,747.1722412109375,True,False,60,False,2,800,0.7235597271324006,148.18607063425287,False,0.09599999999999999,0.0,rolling
novelty_2_quantile_provisioning,hybrid,911,636.0,399.0240501917044,578.0782470703125,440.0888366699219,578.0782470703125,709.65869140625,True,False,60,False,2,800,0.5937857889757506,117.68442590182637,False,0.09599999999999999,0.0,rolling
novelty_2_quantile_provisioning,hybrid,912,570.0,357.6158940397351,538.6775512695312,401.38671875,538.6775512695312,673.6688232421875,True,False,60,False,2,800,0.532166508987701,107.12783426719572,False,0.09599999999999999,0.0,rolling
novelty_2_quantile_provisioning,hybrid,913,864.0,542.0704078075985,514.0789184570312,376.99346923828125,514.0789184570312,647.629638671875,True,False,60,False,2,800,0.8066523925708311,174.47823773319516,False,0.09599999999999999,0.0,rolling
novelty_2_quantile_provisioning,hybrid,914,598.0,375.1829905890554,585.955810546875,446.7821044921875,585.955810546875,707.1412353515625,True,False,60,False,2,600,0.7444106956132052,154.25236969343808,False,0.0912,0.0336,rolling
novelty_2_quantile_provisioning,hybrid,915,565.0,354.4789125130708,518.660400390625,381.65655517578125,518.660400390625,649.6908569335938,True,False,60,False,2,800,0.5274983817158791,106.42018777750368,False,0.1104,0.0336,rolling
novelty_2_quantile_provisioning,hybrid,916,623.0,390.86789822237716,504.1724548339844,367.20428466796875,504.1724548339844,633.60693359375,True,False,60,False,2,600,0.7755315440920182,163.95970545160017,False,0.0912,0.0336,rolling
novelty_2_quantile_provisioning,hybrid,917,660.0,414.0815615196933,513.4744873046875,376.0702209472656,513.4744873046875,638.415771484375,True,False,60,False,2,600,0.8215903998406613,179.82482855040098,False,0.072,0.0,rolling
novelty_2_quantile_provisioning,hybrid,918,575.0,360.75287556639944,521.3280029296875,383.77655029296875,521.3280029296875,644.1590576171875,True,False,60,False,2,600,0.7157795150126973,146.01008628015308,False,0.072,0.0,rolling
novelty_2_quantile_provisioning,hybrid,919,614.0,385.2213314743813,498.5304870605469,361.69598388671875,498.5304870605469,623.634033203125,True,False,60,False,2,600,0.7643280386396455,160.3733147362426,False,0.072,0.0,rolling
novelty_2_quantile_provisioning,hybrid,920,662.0,415.33635413035904,505.1741638183594,368.06488037109375,505.1741638183594,627.5576782226562,True,False,60,False,2,600,0.8240800677189664,180.73507976481815,False,0.072,0.0,rolling
novelty_2_quantile_provisioning,hybrid,921,849.0,532.6594632276054,517.1089477539062,379.729248046875,517.1089477539062,637.7091064453125,True,False,60,False,2,600,1.056864014340487,292.4857631797312,False,0.072,0.0,rolling
novelty_2_quantile_provisioning,hybrid,922,814.0,510.70059254095503,569.24560546875,430.6717224121094,569.24560546875,684.9107666015625,True,False,60,False,2,600,1.013294826470149,267.27507557642446,False,0.072,0.0,rolling
novelty_2_quantile_provisioning,hybrid,923,760.0,476.82119205298017,567.8297119140625,429.71539306640625,567.8297119140625,688.4071044921875,True,False,60,False,2,800,0.7095553453169348,144.30301455927878,False,0.1104,0.0336,rolling
novelty_2_quantile_provisioning,hybrid,924,900.0,564.6566747995818,557.3388671875,419.5903625488281,557.3388671875,681.750244140625,True,False,60,False,2,800,0.8402629089279491,186.78692596796688,False,0.09599999999999999,0.0,rolling
novelty_2_quantile_provisioning,hybrid,925,574.0,360.1254792610666,597.7437133789062,458.92205810546875,597.7437133789062,718.8145751953125,True,False,60,False,2,800,0.5359010108051586,107.70296374815823,False,0.09599999999999999,0.0,rolling
novelty_2_quantile_provisioning,hybrid,926,845.0,530.149878006274,515.9609985351562,379.40887451171875,515.9609985351562,649.7342529296875,True,False,60,False,2,800,0.7889135089379077,168.38136065578124,False,0.09599999999999999,0.0,rolling
novelty_2_quantile_provisioning,hybrid,927,955.0,599.1634715928896,581.8112182617188,443.0197448730469,581.8112182617188,704.35498046875,True,False,60,False,2,600,1.188816411890654,382.42443718187,True,0.0912,0.0336,rolling
novelty_2_quantile_provisioning,hybrid,928,827.0,518.8567445102823,617.0947265625,477.7763977050781,617.0947265625,738.040283203125,True,False,60,False,2,800,0.7721082507593486,162.85278001442498,False,0.1104,0.0336,rolling
novelty_2_quantile_provisioning,hybrid,929,983.0,616.7305681422098,589.4945068359375,451.1839904785156,589.4945068359375,718.1361083984375,True,False,60,False,2,800,0.9177538216401931,219.1397151772942,False,0.09599999999999999,0.0,rolling
novelty_2_quantile_provisioning,hybrid,930,1172.0,735.308469850122,634.4044799804688,494.91949462890625,634.4044799804688,758.9090576171875,True,False,60,False,2,800,1.0942090325150626,315.8160668598281,False,0.09599999999999999,0.0,rolling
novelty_2_quantile_provisioning,hybrid,931,739.0,463.64586964098993,695.9083251953125,555.3268432617188,695.9083251953125,817.381103515625,True,False,60,False,2,800,0.6899492107752826,139.1185633561755,False,0.09599999999999999,0.0,rolling
novelty_2_quantile_provisioning,hybrid,932,789.0,495.01568490763333,585.573974609375,448.04559326171875,585.573974609375,726.2950439453125,True,False,60,False,3,600,0.654782651994224,130.53171043377876,False,0.1272,0.040799999999999996,rolling
novelty_2_quantile_provisioning,hybrid,933,578.0,362.63506448239804,591.6724243164062,453.2696838378906,591.6724243164062,727.755859375,True,False,60,False,2,800,0.5396355126226161,108.28616509025724,False,0.11759999999999998,0.040799999999999996,rolling
novelty_2_quantile_provisioning,hybrid,934,682.0,427.8842802370164,530.734130859375,393.593017578125,530.734130859375,670.905517578125,True,False,60,False,2,800,0.6367325598765126,126.46689792726556,False,0.09599999999999999,0.0,rolling
novelty_2_quantile_provisioning,hybrid,935,564.0,353.8515162077379,547.062255859375,408.95782470703125,547.062255859375,678.8702392578125,True,False,60,False,2,800,0.5265647562615148,106.28015173871935,False,0.09599999999999999,0.0,rolling
novelty_2_quantile_provisioning,hybrid,936,616.0,386.47612408504705,511.9150390625,374.67852783203125,511.9150390625,645.0233154296875,True,False,60,False,2,800,0.5751132798884628,114.23991619278752,False,0.09599999999999999,0.0,rolling
novelty_2_quantile_provisioning,hybrid,937,552.0,346.32276054374347,517.587158203125,379.984130859375,517.587158203125,645.4053344726562,True,False,60,False,2,600,0.6871483344121895,138.4014996951575,False,0.0912,0.0336,rolling
novelty_2_quantile_provisioning,hybrid,938,766.0,480.58556988497736,496.3079528808594,359.31329345703125,496.3079528808594,623.7542114257812,True,False,60,False,2,600,0.9535427973908281,236.06052918755051,False,0.072,0.0,rolling
novelty_2_quantile_provisioning,hybrid,939,831.0,521.3663297316139,548.0503540039062,409.661376953125,548.0503540039062,666.8218994140625,True,False,60,False,2,600,1.0344570034357419,279.2552796531471,False,0.072,0.0,rolling
novelty_2_quantile_provisioning,hybrid,940,971.0,609.2018124782154,569.283203125,430.8158874511719,569.283203125,687.6712036132812,True,False,60,False,2,800,0.9065503161878206,214.10601151801575,False,0.1104,0.0336,rolling
novelty_2_quantile_provisioning,hybrid,941,663.0,415.9637504356919,613.1109619140625,473.9308776855469,613.1109619140625,729.554443359375,True,False,60,False,2,800,0.6189936762435891,122.69049020427869,False,0.09599999999999999,0.0,rolling
novelty_2_quantile_provisioning,hybrid,942,686.0,430.3938654583479,538.5203857421875,401.57208251953125,538.5203857421875,669.18505859375,True,False,60,False,2,800,0.64046706169397,127.28930198353284,False,0.09599999999999999,0.0,rolling
novelty_2_quantile_provisioning,hybrid,943,432.0,271.03520390379924,540.5892944335938,403.0980224609375,540.5892944335938,668.9677734375,True,False,60,False,2,800,0.40332619628541555,91.80977971664939,False,0.09599999999999999,0.0,rolling
novelty_2_quantile_provisioning,hybrid,944,561.0,351.96932729173926,472.13983154296875,336.25604248046875,472.13983154296875,606.5963134765625,True,False,60,False,2,800,0.5237638798984215,105.86301432038914,False,0.09599999999999999,0.0,rolling
novelty_2_quantile_provisioning,hybrid,945,958.0,601.0456605088881,494.7110900878906,357.60882568359375,494.7110900878906,620.4527587890625,True,False,60,False,2,600,1.1925509137081114,385.2834728964631,True,0.0912,0.0336,rolling
novelty_2_quantile_provisioning,hybrid,946,721.0,452.3527361449983,599.159423828125,459.48583984375,599.159423828125,711.1160888671875,True,False,60,False,2,600,0.8975252701289649,210.14052683027296,False,0.072,0.0,rolling
novelty_2_quantile_provisioning,hybrid,947,782.0,490.62391077030327,546.2429809570312,408.6953125,546.2429809570312,671.07275390625,True,False,60,False,2,800,0.7300951053129513,150.0504316411887,False,0.1104,0.0336,rolling
novelty_2_quantile_provisioning,hybrid,948,481.0,301.7776228651098,563.5150146484375,425.39849853515625,563.5150146484375,687.214599609375,True,False,60,False,2,800,0.4490738435492705,96.30143308619859,False,0.09599999999999999,0.0,rolling
novelty_2_quantile_provisioning,hybrid,949,756.0,474.31160683164865,485.5205993652344,349.47967529296875,485.5205993652344,618.87841796875,True,False,60,False,2,800,0.7058208434994772,143.29303816891783,False,0.09599999999999999,0.0,rolling
novelty_2_quantile_provisioning,hybrid,950,777.0,487.4869292436389,548.58251953125,410.3191223144531,548.58251953125,669.6281127929688,True,False,60,False,2,600,0.9672359707215057,242.88077337652769,False,0.0912,0.0336,rolling
novelty_2_quantile_provisioning,hybrid,951,525.0,329.38306029975604,556.705078125,418.56964111328125,556.705078125,677.981201171875,True,False,60,False,2,800,0.4901533635413036,101.19671042072491,False,0.1104,0.0336,rolling
novelty_2_quantile_provisioning,hybrid,952,533.0,334.40223074241896,493.08782958984375,356.7586669921875,493.08782958984375,623.3045654296875,True,False,60,False,2,800,0.4976223671762187,102.1805434966121,False,0.09599999999999999,0.0,rolling
novelty_2_quantile_provisioning,hybrid,953,504.0,316.2077378877658,488.633544921875,351.96337890625,488.633544921875,615.6841430664062,True,False,60,False,2,600,0.6273963053328686,124.45272365224407,False,0.0912,0.0336,rolling
novelty_2_quantile_provisioning,hybrid,954,533.0,334.40223074241896,477.04327392578125,340.49981689453125,477.04327392578125,602.79736328125,True,False,60,False,2,600,0.6634964895682915,132.57610310308053,False,0.072,0.0,rolling
novelty_2_quantile_provisioning,hybrid,955,717.0,449.84315092366677,480.146728515625,343.41009521484375,480.146728515625,602.8779296875,True,False,60,False,2,600,0.8925459343723547,207.98652080756588,False,0.072,0.0,rolling
novelty_2_quantile_provisioning,hybrid,956,666.0,417.8459393516905,525.5440673828125,387.6820068359375,525.5440673828125,641.4095458984375,True,False,60,False,2,600,0.8290594034755764,182.57214883186586,False,0.072,0.0,rolling
novelty_2_quantile_provisioning,hybrid,957,691.0,433.5308469850122,516.7911376953125,379.56011962890625,516.7911376953125,636.439208984375,True,False,60,False,2,800,0.6451351889657919,128.33087954032175,False,0.1104,0.0336,rolling
novelty_2_quantile_provisioning,hybrid,958,670.0,420.35552457302197,525.22119140625,387.8428955078125,525.22119140625,645.1658935546875,True,False,60,False,2,600,0.8340387392321864,184.43141786078502,False,0.0912,0.0336,rolling
novelty_2_quantile_provisioning,hybrid,959,872.0,547.0895782502614,522.4055786132812,385.16015625,522.4055786132812,644.365966796875,True,False,60,False,2,800,0.8141213962057462,177.12700818391977,False,0.1104,0.0336,rolling
novelty_2_quantile_provisioning,hybrid,960,854.0,535.7964447542698,577.9945068359375,439.3460693359375,577.9945068359375,694.251220703125,True,False,60,False,2,600,1.0630881840362496,296.26208134666524,False,0.0912,0.0336,rolling
novelty_2_quantile_provisioning,hybrid,961,954.0,598.5360752875566,581.068603515625,442.7426452636719,581.068603515625,701.595947265625,True,False,60,False,2,800,0.8906786834636259,207.184937418664,False,0.1104,0.0336,rolling
novelty_2_quantile_provisioning,hybrid,962,876.0,549.5991634715929,615.1343994140625,476.1026916503906,615.1343994140625,735.4903564453125,True,False,60,False,2,800,0.8178558980232037,178.46975900273912,False,0.09599999999999999,0.0,rolling
novelty_2_quantile_provisioning,hybrid,963,719.0,451.09794353433256,601.8541259765625,463.3725280761719,601.8541259765625,728.6328125,True,False,60,False,2,800,0.6712767016879949,134.44741024608985,False,0.09599999999999999,0.0,rolling
novelty_2_quantile_provisioning,hybrid,964,987.0,619.2401533635414,562.2467041015625,424.6392822265625,562.2467041015625,695.4967041015625,True,False,60,False,2,800,0.9214883234576509,220.84518822469903,False,0.09599999999999999,0.0,rolling
novelty_2_quantile_provisioning,hybrid,965,919.0,576.5772046009063,633.2352905273438,493.5643005371094,633.2352905273438,756.70849609375,True,False,60,False,2,800,0.8580017925608724,193.69388075563108,False,0.09599999999999999,0.0,rolling
novelty_2_quantile_provisioning,hybrid,966,796.0,499.4074590449634,621.3773193359375,482.3809814453125,621.3773193359375,750.127197265625,True,False,60,False,2,800,0.7431658616740526,153.88048873492312,False,0.09599999999999999,0.0,rolling
novelty_2_quantile_provisioning,hybrid,967,708.0,444.196584175671,590.3441162109375,452.09552001953125,590.3441162109375,724.403076171875,True,False,60,False,2,800,0.6610068216899866,131.98647008800015,False,0.09599999999999999,0.0,rolling
novelty_2_quantile_provisioning,hybrid,968,841.0,527.6402927849425,563.7728271484375,425.8952331542969,563.7728271484375,699.3494873046875,True,False,60,False,2,800,0.7851790071204502,167.13217276220468,False,0.09599999999999999,0.0,rolling
novelty_2_quantile_provisioning,hybrid,969,756.0,474.31160683164865,594.8663330078125,455.93377685546875,594.8663330078125,723.938232421875,True,False,60,False,2,800,0.7058208434994772,143.29303816891783,False,0.09599999999999999,0.0,rolling
novelty_2_quantile_provisioning,hybrid,970,789.0,495.01568490763333,571.7950439453125,433.57427978515625,571.7950439453125,703.4036865234375,True,False,60,False,2,800,0.736630483493502,151.9484705199701,False,0.09599999999999999,0.0,rolling
novelty_2_quantile_provisioning,hybrid,971,755.0,473.6842105263158,577.9046630859375,439.4317626953125,577.9046630859375,707.2109375,True,False,60,False,2,800,0.7048872180451128,143.04220739854895,False,0.09599999999999999,0.0,rolling
novelty_2_quantile_provisioning,hybrid,972,666.0,417.8459393516905,567.3228759765625,429.14044189453125,567.3228759765625,697.03759765625,True,False,60,False,2,800,0.6217945526066823,123.27262528844341,False,0.09599999999999999,0.0,rolling
novelty_2_quantile_provisioning,hybrid,973,663.0,415.9637504356919,541.24365234375,403.65093994140625,541.24365234375,672.6591186523438,True,False,60,False,2,800,0.6189936762435891,122.69049020427869,False,0.09599999999999999,0.0,rolling
novelty_2_quantile_provisioning,hybrid,974,907.0,569.0484489369119,535.97265625,398.30169677734375,535.97265625,665.402587890625,True,False,60,False,2,800,0.8467982871084998,189.2980510008013,False,0.09599999999999999,0.0,rolling
novelty_2_quantile_provisioning,hybrid,975,896.0,562.1470895782503,598.4058227539062,459.14666748046875,598.4058227539062,718.421875,True,False,60,False,2,800,0.8365284071104915,185.3694190275415,False,0.09599999999999999,0.0,rolling
novelty_2_quantile_provisioning,hybrid,976,909.0,570.3032415475776,601.6911010742188,462.8419494628906,601.6911010742188,724.8780517578125,True,False,60,False,2,800,0.8486655380172285,190.02267661172226,False,0.09599999999999999,0.0,rolling
novelty_2_quantile_provisioning,hybrid,977,1086.0,681.3523875914954,610.265625,471.39654541015625,610.265625,735.479736328125,True,False,60,False,2,800,1.0139172434397252,267.6203890892497,False,0.09599999999999999,0.0,rolling
novelty_2_quantile_provisioning,hybrid,978,1209.0,758.5221331474381,665.212890625,525.185302734375,665.212890625,786.984619140625,True,False,60,False,2,800,1.1287531743265449,338.86268953300765,False,0.09599999999999999,0.0,rolling
novelty_2_quantile_provisioning,hybrid,979,1289.0,808.7138375740676,711.5247802734375,570.8995361328125,711.5247802734375,833.944580078125,True,False,60,False,2,800,1.2034432106756958,393.7251304627647,True,0.09599999999999999,0.0,rolling
novelty_2_quantile_provisioning,hybrid,980,956.0,599.7908678982224,749.123779296875,608.1475830078125,749.123779296875,875.1031494140625,True,False,60,False,3,600,0.7933741638865375,169.88902421601333,False,0.1272,0.040799999999999996,rolling
novelty_2_quantile_provisioning,hybrid,981,997.0,625.51411641687,665.9690551757812,527.180419921875,665.9690551757812,809.2679443359375,True,False,60,False,2,900,0.8273996248900397,181.95733239810397,False,0.1296,0.0432,rolling
novelty_2_quantile_provisioning,hybrid,982,1003.0,629.2784942488672,674.9801635742188,535.4144287109375,674.9801635742188,816.014892578125,True,False,60,False,2,800,0.9364263307274809,227.80643954996802,False,0.11759999999999998,0.040799999999999996,rolling
novelty_2_quantile_provisioning,hybrid,983,951.0,596.6538863715581,676.540283203125,536.7608642578125,676.540283203125,817.126953125,True,False,60,False,2,800,0.8878778071005329,205.98884870146753,False,0.09599999999999999,0.0,rolling
novelty_2_quantile_provisioning,hybrid,984,913.0,572.8128267689091,661.7889404296875,522.2540283203125,661.7889404296875,803.8994140625,True,False,60,False,3,600,0.7576889242974988,158.29703599773407,False,0.1272,0.040799999999999996,rolling
novelty_2_quantile_provisioning,hybrid,985,844.0,529.5224817009411,647.8600463867188,508.47308349609375,647.8600463867188,789.6788330078125,True,False,60,False,2,800,0.7879798834835432,168.06795186789034,False,0.11759999999999998,0.040799999999999996,rolling
novelty_2_quantile_provisioning,hybrid,986,779.0,488.74172185430467,624.3461303710938,485.3241882324219,624.3461303710938,766.3619384765625,True,False,60,False,2,800,0.7272942289498582,149.24731353812584,False,0.09599999999999999,0.0,rolling
novelty_2_quantile_provisioning,hybrid,987,832.0,521.9937260369467,600.0198364257812,461.330322265625,600.0198364257812,741.0982666015625,True,False,60,False,2,800,0.7767763780311706,164.36465510331948,False,0.09599999999999999,0.0,rolling
novelty_2_quantile_provisioning,hybrid,988,871.0,546.4621819449286,606.331787109375,467.2669677734375,606.331787109375,741.974609375,True,False,60,False,2,800,0.8131877707513818,176.79323868881107,False,0.09599999999999999,0.0,rolling
novelty_2_quantile_provisioning,hybrid,989,810.0,508.19100731962357,612.3975830078125,473.23016357421875,612.3975830078125,744.576904296875,True,False,60,False,2,800,0.7562366180351541,157.84766903064784,False,0.09599999999999999,0.0,rolling
novelty_2_quantile_provisioning,hybrid,990,654.0,410.31718368769606,593.2317504882812,454.63140869140625,593.2317504882812,726.251708984375,True,False,60,False,2,800,0.6105910471543096,120.97545657759115,False,0.09599999999999999,0.0,rolling
novelty_2_quantile_provisioning,hybrid,991,969.0,607.9470198675497,547.931396484375,410.3468017578125,547.931396484375,684.3062744140625,True,False,60,False,2,800,0.9046830652790918,213.27904975473263,False,0.09599999999999999,0.0,rolling
novelty_2_quantile_provisioning,hybrid,992,902.0,565.9114674102475,626.4677124023438,486.6631774902344,626.4677124023438,749.54296875,True,False,60,False,2,800,0.8421301598366778,187.50042200815915,False,0.09599999999999999,0.0,rolling
novelty_2_quantile_provisioning,hybrid,993,905.0,567.793656326246,613.5147094726562,474.53717041015625,613.5147094726562,741.2066650390625,True,False,60,False,2,800,0.8449310361997708,188.57661405627871,False,0.09599999999999999,0.0,rolling
novelty_2_quantile_provisioning,hybrid,994,798.0,500.6622516556292,616.611572265625,477.6515808105469,616.611572265625,745.402099609375,True,False,60,False,2,800,0.7450331125827815,154.4387772291851,False,0.09599999999999999,0.0,rolling
novelty_2_quantile_provisioning,hybrid,995,940.0,589.7525270128965,588.8079833984375,450.5431823730469,588.8079833984375,721.8582763671875,True,False,60,False,2,800,0.8776079271025246,201.66736916073774,False,0.09599999999999999,0.0,rolling
novelty_2_quantile_provisioning,hybrid,996,890.0,558.3827117462531,625.9386596679688,486.58856201171875,625.9386596679688,753.5626220703125,True,False,60,False,2,800,0.8309266543843052,183.26676599823273,False,0.09599999999999999,0.0,rolling
novelty_2_quantile_provisioning,hybrid,997,747.0,468.66504008365285,615.75927734375,476.8505554199219,615.75927734375,746.5941162109375,True,False,60,False,2,800,0.6974182144101977,141.05937603844586,False,0.09599999999999999,0.0,rolling
novelty_2_quantile_provisioning,hybrid,998,780.0,489.36911815963754,577.0289916992188,439.01458740234375,577.0289916992188,712.6138916015625,True,False,60,False,2,800,0.7282278544042226,149.51433373381428,False,0.09599999999999999,0.0,rolling
novelty_2_quantile_provisioning,hybrid,999,821.0,515.0923666782851,580.9886474609375,442.5555419921875,580.9886474609375,713.3116455078125,True,False,60,False,2,800,0.7665064980331623,161.06250642907176,False,0.09599999999999999,0.0,rolling
novelty_2_quantile_provisioning,hybrid,1000,757.0,474.9390031369815,589.840087890625,451.1248474121094,589.840087890625,719.6822509765625,True,False,60,False,2,800,0.7067544689538415,143.5445333912705,False,0.09599999999999999,0.0,rolling
novelty_2_quantile_provisioning,hybrid,1001,757.0,474.9390031369815,572.4339599609375,434.19140625,572.4339599609375,704.1861572265625,True,False,60,False,2,800,0.7067544689538415,143.5445333912705,False,0.09599999999999999,0.0,rolling
novelty_2_quantile_provisioning,hybrid,1002,927.0,581.5963750435692,569.0658569335938,430.8084411621094,569.0658569335938,699.302490234375,True,False,60,False,2,800,0.8654707961957875,196.68895725219852,False,0.09599999999999999,0.0,rolling
novelty_2_quantile_provisioning,hybrid,1003,669.0,419.7281282676891,613.826904296875,474.4750061035156,613.826904296875,737.777587890625,True,False,60,False,2,800,0.6245954289697755,123.86002852762255,False,0.09599999999999999,0.0,rolling
novelty_2_quantile_provisioning,hybrid,1004,806.0,505.6814220982921,547.6746826171875,410.26617431640625,547.6746826171875,681.5452880859375,True,False,60,False,2,800,0.7525021162176966,156.7000561579282,False,0.09599999999999999,0.0,rolling
novelty_2_quantile_provisioning,hybrid,1005,639.0,400.906239107703,579.027587890625,440.4535827636719,579.027587890625,706.3096923828125,True,False,60,False,2,800,0.5965866653388437,118.22021546012098,False,0.09599999999999999,0.0,rolling
novelty_2_quantile_provisioning,hybrid,1006,666.0,417.8459393516905,533.9793090820312,396.6411437988281,533.9793090820312,666.163818359375,True,False,60,False,2,800,0.6217945526066823,123.27262528844341,False,0.09599999999999999,0.0,rolling
novelty_2_quantile_provisioning,hybrid,1007,957.0,600.4182642035553,535.3070068359375,397.63934326171875,535.3070068359375,664.01904296875,True,False,60,False,2,800,0.8934795598267191,208.3885724119623,False,0.09599999999999999,0.0,rolling
novelty_2_quantile_provisioning,hybrid,1008,851.0,533.9142558382712,612.1932983398438,472.60443115234375,612.1932983398438,730.515869140625,True,False,60,False,2,800,0.794515261664094,170.27744030941204,False,0.09599999999999999,0.0,rolling
novelty_2_quantile_provisioning,hybrid,1009,801.0,502.5444405716278,591.3383178710938,452.8306579589844,591.3383178710938,716.88330078125,True,False,60,False,2,800,0.7478339889458747,155.28147241271165,False,0.09599999999999999,0.0,rolling
novelty_2_quantile_provisioning,hybrid,1010,1078.0,676.3332171488323,580.1036376953125,441.895263671875,580.1036376953125,708.5892333984375,True,False,60,False,2,800,1.00644823980481,263.5045508457207,False,0.09599999999999999,0.0,rolling
novelty_2_quantile_provisioning,hybrid,1011,935.0,586.6155454862321,658.29638671875,518.1728515625,658.29638671875,778.2562255859375,True,False,60,False,2,800,0.8729397998307026,199.736177409209,False,0.09599999999999999,0.0,rolling
novelty_2_quantile_provisioning,hybrid,1012,675.0,423.4925060996863,628.6207275390625,489.7157897949219,628.6207275390625,758.12353515625,True,False,60,False,2,800,0.6301971816959617,125.05073439273602,False,0.09599999999999999,0.0,rolling
novelty_2_quantile_provisioning,hybrid,1013,816.0,511.95538515162076,559.188720703125,421.86212158203125,559.188720703125,697.7962646484375,True,False,60,False,2,800,0.7618383707613404,159.59046330301572,False,0.09599999999999999,0.0,rolling
novelty_2_quantile_provisioning,hybrid,1014,916.0,574.6950156849076,590.0665283203125,451.37567138671875,590.0665283203125,721.097412109375,True,False,60,False,2,800,0.8552009161977792,192.58407851133086,False,0.09599999999999999,0.0,rolling
novelty_2_quantile_provisioning,hybrid,1015,627.0,393.3774834437086,617.1085205078125,477.8183898925781,617.1085205078125,744.430908203125,True,False,60,False,2,800,0.5853831598864712,116.10714740963752,False,0.09599999999999999,0.0,rolling
novelty_2_quantile_provisioning,hybrid,1016,887.0,556.5005228302545,541.723876953125,404.4674072265625,541.723876953125,679.2843627929688,True,False,60,False,2,800,0.828125778021212,182.22601138924912,False,0.09599999999999999,0.0,rolling
novelty_2_quantile_provisioning,hybrid,1017,956.0,599.7908678982224,604.4088134765625,465.1167297363281,604.4088134765625,730.53662109375,True,False,60,False,2,800,0.8925459343723547,207.98652080756588,False,0.09599999999999999,0.0,rolling
novelty_2_quantile_provisioning,hybrid,1018,818.0,513.2101777622865,626.4495239257812,486.99151611328125,626.4495239257812,751.437744140625,True,False,60,False,2,800,0.7637056216700693,160.1771228423003,False,0.09599999999999999,0.0,rolling
novelty_2_quantile_provisioning,hybrid,1019,930.0,583.4785639595679,593.0551147460938,454.6775817871094,593.0551147460938,724.73095703125,True,False,60,False,2,800,0.8682716725588807,197.82553005598893,False,0.09599999999999999,0.0,rolling
novelty_2_quantile_provisioning,hybrid,1020,1033.0,648.1003834088533,623.008544921875,483.76556396484375,623.008544921875,750.8211669921875,True,False,60,False,2,800,0.9644350943584127,241.46987946185388,False,0.09599999999999999,0.0,rolling
novelty_2_quantile_provisioning,hybrid,1021,980.0,614.8483792262113,654.8290405273438,515.0391235351562,654.8290405273438,780.5174560546875,True,False,60,False,2,800,0.9149529452771,217.86968508318608,False,0.09599999999999999,0.0,rolling
novelty_2_quantile_provisioning,hybrid,1022,1016.0,637.4346462181945,646.4351806640625,507.128173828125,646.4351806640625,776.88623046875,True,False,60,False,2,800,0.948563461634218,233.62846114241623,False,0.09599999999999999,0.0,rolling
novelty_2_quantile_provisioning,hybrid,1023,1093.0,685.7441617288254,660.7285766601562,521.1050415039062,660.7285766601562,791.9449462890625,True,False,60,False,2,800,1.0204526216202758,271.2718429252829,False,0.09599999999999999,0.0,rolling
novelty_2_quantile_provisioning,hybrid,1024,1014.0,636.1798536075288,687.1083984375,546.983154296875,687.1083984375,817.7288818359375,True,False,60,False,2,800,0.9466962107254893,232.72299121318997,False,0.09599999999999999,0.0,rolling
novelty_2_quantile_provisioning,hybrid,1025,990.0,621.1223422795399,670.4661254882812,530.9092407226562,670.4661254882812,806.389404296875,True,False,60,False,3,600,0.8215903998406613,179.82482855040098,False,0.1272,0.040799999999999996,rolling
novelty_2_quantile_provisioning,hybrid,1026,784.0,491.878703380969,666.1858520507812,526.6314697265625,666.1858520507812,804.091796875,True,False,60,False,2,800,0.73196235622168,150.58927876259128,False,0.11759999999999998,0.040799999999999996,rolling
novelty_2_quantile_provisioning,hybrid,1027,840.0,527.0128964796096,608.0701904296875,469.7310485839844,608.0701904296875,752.210205078125,True,False,60,False,2,800,0.7842453816660857,166.8217258832892,False,0.09599999999999999,0.0,rolling
novelty_2_quantile_provisioning,hybrid,1028,1312.0,823.1439525967236,614.8499755859375,475.842041015625,614.8499755859375,753.36669921875,True,False,60,False,2,800,1.2249165961260768,410.8202318147408,True,0.09599999999999999,0.0,rolling
novelty_2_quantile_provisioning,hybrid,1029,1357.0,851.3767863367027,747.403564453125,605.413818359375,747.403564453125,868.6185302734375,True,False,60,False,2,800,1.2669297415724743,446.0413087735521,True,0.09599999999999999,0.0,rolling
novelty_2_quantile_provisioning,hybrid,1030,961.0,602.9278494248867,777.4625244140625,635.84765625,777.4625244140625,904.2122802734375,True,False,60,False,2,900,0.7975236103503793,171.30680624598682,False,0.1272,0.040799999999999996,rolling
novelty_2_quantile_provisioning,hybrid,1031,1196.0,750.3659811781108,675.4931030273438,536.6082763671875,675.4931030273438,821.98583984375,True,False,60,False,3,700,0.850755080700806,190.8373565103216,False,0.1476,0.046799999999999994,rolling
novelty_2_quantile_provisioning,hybrid,1032,968.0,607.3196235622169,738.7470703125,597.8778076171875,738.7470703125,875.7999267578125,True,False,60,False,3,600,0.8033328353997577,173.3166331438942,False,0.13319999999999999,0.046799999999999994,rolling
novelty_2_quantile_provisioning,hybrid,1033,912.0,572.1854304635762,677.81640625,538.4948120117188,677.81640625,824.4698486328125,True,False,60,False,2,900,0.7568590350047304,158.04004374364618,False,0.1296,0.0432,rolling
novelty_2_quantile_provisioning,hybrid,1034,1040.0,652.4921575461833,656.2049560546875,516.9444580078125,656.2049560546875,802.1513671875,True,False,60,False,3,600,0.8630848644790784,195.72655021031477,False,0.1296,0.0432,rolling
novelty_2_quantile_provisioning,hybrid,1035,996.0,624.8867201115371,686.451171875,546.20751953125,686.451171875,825.4256591796875,True,False,60,False,2,800,0.9298909525469302,224.73333579483463,False,0.11759999999999998,0.040799999999999996,rolling
novelty_2_quantile_provisioning,hybrid,1036,1044.0,655.0017427675149,674.2772216796875,534.4307250976562,674.2772216796875,814.669921875,True,False,60,False,3,600,0.866404421650152,197.0669989368946,False,0.1272,0.040799999999999996,rolling
novelty_2_quantile_provisioning,hybrid,1037,899.0,564.0292784942488,687.53759765625,547.3624267578125,687.53759765625,826.146484375,True,False,60,False,2,800,0.8393292834735846,186.4313649087227,False,0.11759999999999998,0.040799999999999996,rolling
novelty_2_quantile_provisioning,hybrid,1038,940.0,589.7525270128965,647.0591430664062,507.86187744140625,647.0591430664062,790.6224365234375,True,False,60,False,3,600,0.7800959352022441,165.45088204430414,False,0.1272,0.040799999999999996,rolling
novelty_2_quantile_provisioning,hybrid,1039,885.0,555.2457302195887,651.1395263671875,511.5795593261719,651.1395263671875,790.1734619140625,True,False,60,False,2,800,0.8262585271124833,181.53607439062534,False,0.11759999999999998,0.040799999999999996,rolling
novelty_2_quantile_provisioning,hybrid,1040,881.0,552.7361449982573,631.384033203125,492.24249267578125,631.384033203125,770.1640625,True,False,60,False,2,800,0.8225240252950257,180.16552733048366,False,0.09599999999999999,0.0,rolling
novelty_2_quantile_provisioning,hybrid,1041,801.0,502.5444405716278,626.4586181640625,487.2926330566406,626.4586181640625,763.6207275390625,True,False,60,False,2,800,0.7478339889458747,155.28147241271165,False,0.09599999999999999,0.0,rolling
novelty_2_quantile_provisioning,hybrid,1042,748.0,469.2924363889857,600.1488037109375,461.52764892578125,600.1488037109375,737.8741455078125,True,False,60,False,2,800,0.6983518398645621,141.304922833515,False,0.09599999999999999,0.0,rolling
novelty_2_quantile_provisioning,hybrid,1043,741.0,464.90066225165566,580.2008056640625,441.8459167480469,580.2008056640625,717.0372314453125,True,False,60,False,2,800,0.6918164616840115,139.59985188502904,False,0.09599999999999999,0.0,rolling
novelty_2_quantile_provisioning,hybrid,1044,824.0,516.9745555942837,572.2239990234375,433.86114501953125,572.2239990234375,706.42822265625,True,False,60,False,2,800,0.7693073743962555,161.95438424297072,False,0.09599999999999999,0.0,rolling
novelty_2_quantile_provisioning,hybrid,1045,927.0,581.5963750435692,589.6363525390625,450.77716064453125,589.6363525390625,718.8121337890625,True,False,60,False,2,800,0.8654707961957875,196.68895725219852,False,0.09599999999999999,0.0,rolling
novelty_2_quantile_provisioning,hybrid,1046,699.0,438.55001742767513,617.6959838867188,478.3398742675781,617.6959838867188,743.3265380859375,True,False,60,False,2,800,0.652604192600707,130.02903013936532,False,0.09599999999999999,0.0,rolling
novelty_2_quantile_provisioning,hybrid,1047,549.0,344.4405716277449,558.2071533203125,420.56976318359375,558.2071533203125,692.3338012695312,True,False,60,False,2,800,0.512560374446049,104.23860324313509,False,0.09599999999999999,0.0,rolling
novelty_2_quantile_provisioning,hybrid,1048,842.0,528.2676890902753,512.55224609375,375.7044372558594,512.55224609375,648.5023803710938,True,False,60,False,2,800,0.7861126325748145,167.44335880000682,False,0.09599999999999999,0.0,rolling
novelty_2_quantile_provisioning,hybrid,1049,738.0,463.018473335657,581.3497314453125,442.33203125,581.3497314453125,703.9964599609375,True,False,60,False,2,600,0.9186874470945575,219.5647852968437,False,0.0912,0.0336,rolling
novelty_2_quantile_provisioning,hybrid,1050,754.0,473.0568142209829,556.4083862304688,418.42718505859375,556.4083862304688,683.5611572265625,True,False,60,False,2,800,0.7039535925907484,142.79204020125914,False,0.1104,0.0336,rolling
novelty_2_quantile_provisioning,hybrid,1051,595.0,373.3008016730568,559.6900634765625,421.603515625,559.6900634765625,685.9833984375,True,False,60,False,2,800,0.5555071453468108,110.85612986578414,False,0.09599999999999999,0.0,rolling
novelty_2_quantile_provisioning,hybrid,1052,727.0,456.1171139769955,517.048828125,380.0577392578125,517.048828125,647.99853515625,True,False,60,False,2,800,0.6787457053229099,136.285144980397,False,0.09599999999999999,0.0,rolling
novelty_2_quantile_provisioning,hybrid,1053,876.0,549.5991634715929,546.540283203125,408.48040771484375,546.540283203125,671.0240478515625,True,False,60,False,2,600,1.090474530697605,313.4097991176038,False,0.0912,0.0336,rolling
novelty_2_quantile_provisioning,hybrid,1054,704.0,441.6869989543395,587.857421875,448.9394836425781,587.857421875,707.9029541015625,True,False,60,False,2,800,0.657272319872529,131.1103122178053,False,0.1104,0.0336,rolling
novelty_2_quantile_provisioning,hybrid,1055,831.0,521.3663297316139,546.606689453125,409.0811767578125,546.606689453125,674.5396118164062,True,False,60,False,2,800,0.7758427525768063,164.06082110367143,False,0.09599999999999999,0.0,rolling
novelty_2_quantile_provisioning,hybrid,1056,789.0,495.01568490763333,579.00390625,440.48681640625,579.00390625,702.2999267578125,True,False,60,False,2,800,0.736630483493502,151.9484705199701,False,0.09599999999999999,0.0,rolling
novelty_2_quantile_provisioning,hybrid,1057,859.0,538.9334262809341,571.1376953125,432.9798583984375,571.1376953125,697.3599853515625,True,False,60,False,2,800,0.8019842652990091,172.8474644110089,False,0.09599999999999999,0.0,rolling
novelty_2_quantile_provisioning,hybrid,1058,781.0,489.9965144649704,592.0459594726562,453.359375,592.0459594726562,716.914306640625,True,False,60,False,2,800,0.7291614798585869,149.78203947520035,False,0.09599999999999999,0.0,rolling
novelty_2_quantile_provisioning,hybrid,1059,689.0,432.2760543743465,573.6181030273438,435.5144958496094,573.6181030273438,702.2794189453125,True,False,60,False,2,800,0.6432679380570632,127.91243270041235,False,0.09599999999999999,0.0,rolling
novelty_2_quantile_provisioning,hybrid,1060,559.0,350.71453468107353,548.285888671875,410.6888427734375,548.285888671875,679.572021484375,True,False,60,False,2,800,0.5218966289896928,105.58738950080729,False,0.09599999999999999,0.0,rolling
novelty_2_quantile_provisioning,hybrid,1061,823.0,516.3471592889508,509.9075012207031,373.0318603515625,509.9075012207031,643.1193237304688,True,False,60,False,2,800,0.7683737489418911,161.65636859270455,False,0.09599999999999999,0.0,rolling
novelty_2_quantile_provisioning,hybrid,1062,848.0,532.0320669222726,573.56689453125,434.71661376953125,573.56689453125,695.5501098632812,True,False,60,False,2,600,1.0556191804013346,291.7358141205499,False,0.0912,0.0336,rolling
novelty_2_quantile_provisioning,hybrid,1063,841.0,527.6402927849425,584.4346313476562,445.7271423339844,584.4346313476562,707.24853515625,True,False,60,False,2,800,0.7851790071204502,167.13217276220468,False,0.1104,0.0336,rolling
novelty_2_quantile_provisioning,hybrid,1064,995.0,624.2593238062043,586.2010498046875,447.6887512207031,586.2010498046875,711.0364990234375,True,False,60,False,2,800,0.928957327092566,224.29782956039676,False,0.09599999999999999,0.0,rolling
novelty_2_quantile_provisioning,hybrid,1065,881.0,552.7361449982573,632.463623046875,492.9469909667969,632.463623046875,754.02880859375,True,False,60,False,2,800,0.8225240252950257,180.16552733048366,False,0.09599999999999999,0.0,rolling
novelty_2_quantile_provisioning,hybrid,1066,796.0,499.4074590449634,608.34423828125,469.74908447265625,608.34423828125,737.2015380859375,True,False,60,False,2,800,0.7431658616740526,153.88048873492312,False,0.09599999999999999,0.0,rolling
novelty_2_quantile_provisioning,hybrid,1067,832.0,521.9937260369467,586.5299072265625,448.356689453125,586.5299072265625,718.9573974609375,True,False,60,False,2,800,0.7767763780311706,164.36465510331948,False,0.09599999999999999,0.0,rolling
novelty_2_quantile_provisioning,hybrid,1068,822.0,515.719762983618,594.2623901367188,455.6720275878906,594.2623901367188,724.6224365234375,True,False,60,False,2,800,0.7674401234875268,161.35907628103985,False,0.09599999999999999,0.0,rolling
novelty_2_quantile_provisioning,hybrid,1069,899.0,564.0292784942488,591.4641723632812,452.9057922363281,591.4641723632812,721.9959716796875,True,False,60,False,2,800,0.8393292834735846,186.4313649087227,False,0.09599999999999999,0.0,rolling
novelty_2_quantile_provisioning,hybrid,1070,886.0,555.8731265249215,612.8404541015625,473.7364807128906,612.8404541015625,740.9110107421875,True,False,60,False,2,800,0.8271921525668475,181.88065353513716,False,0.09599999999999999,0.0,rolling
novelty_2_quantile_provisioning,hybrid,1071,872.0,547.0895782502614,612.5902709960938,473.6315002441406,612.5902709960938,742.5362548828125,True,False,60,False,2,800,0.8141213962057462,177.12700818391977,False,0.09599999999999999,0.0,rolling
novelty_2_quantile_provisioning,hybrid,1072,803.0,503.7992331822935,609.895263671875,471.0379333496094,609.895263671875,740.878662109375,True,False,60,False,2,800,0.7497012398546035,155.84678775037372,False,0.09599999999999999,0.0,rolling
novelty_2_quantile_provisioning,hybrid,1073,917.0,575.3224119902405,590.9814453125,452.55535888671875,590.9814453125,724.21337890625,True,False,60,False,2,800,0.8561345416521436,192.95320634414904,False,0.09599999999999999,0.0,rolling
novelty_2_quantile_provisioning,hybrid,1074,1014.0,636.1798536075288,620.1911010742188,480.92913818359375,620.1911010742188,748.7965087890625,True,False,60,False,2,800,0.9466962107254893,232.72299121318997,False,0.09599999999999999,0.0,rolling
novelty_2_quantile_provisioning,hybrid,1075,983.0,616.7305681422098,649.787109375,510.0365295410156,649.787109375,776.2071533203125,True,False,60,False,2,800,0.9177538216401931,219.1397151772942,False,0.09599999999999999,0.0,rolling
novelty_2_quantile_provisioning,hybrid,1076,928.0,582.2237713489021,646.9819946289062,507.5818176269531,646.9819946289062,777.1341552734375,True,False,60,False,2,800,0.866404421650152,197.0669989368946,False,0.09599999999999999,0.0,rolling
novelty_2_quantile_provisioning,hybrid,1077,949.0,595.3990937608924,635.1251831054688,496.047607421875,635.1251831054688,768.810791015625,True,False,60,False,2,800,0.8860105561918041,205.1956368802187,False,0.09599999999999999,0.0,rolling
novelty_2_quantile_provisioning,hybrid,1078,1154.0,724.0153363541303,641.5882568359375,502.2640075683594,641.5882568359375,774.9207763671875,True,False,60,False,2,800,1.0774037743365035,305.1168395326748,False,0.09599999999999999,0.0,rolling
novelty_2_quantile_provisioning,hybrid,1079,990.0,621.1223422795399,702.019287109375,561.3645629882812,702.019287109375,829.31103515625,True,False,60,False,2,800,0.9242891998207439,222.13339846336387,False,0.09599999999999999,0.0,rolling
novelty_2_quantile_provisioning,hybrid,1080,1004.0,629.9058905542,663.8240966796875,524.455322265625,663.8240966796875,800.499267578125,True,False,60,False,3,600,0.833208849939418,184.11999236685313,False,0.1272,0.040799999999999996,rolling
novelty_2_quantile_provisioning,hybrid,1081,972.0,609.8292087835483,668.431396484375,528.795654296875,668.431396484375,805.1025390625,True,False,60,False,2,800,0.907483941642185,214.52077208495953,False,0.11759999999999998,0.040799999999999996,rolling
novelty_2_quantile_provisioning,hybrid,1082,973.0,610.4566050888811,660.3077392578125,520.8037109375,660.3077392578125,798.4344482421875,True,False,60,False,2,800,0.9084175670965493,214.93638694731092,False,0.09599999999999999,0.0,rolling
novelty_2_quantile_provisioning,hybrid,1083,932.0,584.7333565702336,660.293212890625,520.6925048828125,660.293212890625,798.2218017578125,True,False,60,False,2,800,0.8701389234676095,198.58733070071784,False,0.09599999999999999,0.0,rolling
novelty_2_quantile_provisioning,hybrid,1084,730.0,457.9993028929941,647.89990234375,508.53131103515625,647.89990234375,786.732421875,True,False,60,False,2,800,0.6815465816860031,136.98481423769627,False,0.09599999999999999,0.0,rolling
novelty_2_quantile_provisioning,hybrid,1085,698.0,437.92262112234226,588.87646484375,450.7485046386719,588.87646484375,732.53271484375,True,False,60,False,2,800,0.6516705671463426,129.81462030253707,False,0.09599999999999999,0.0,rolling
novelty_2_quantile_provisioning,hybrid,1086,1049.0,658.1387242941792,570.028564453125,431.844482421875,570.028564453125,710.018798828125,True,False,60,False,2,800,0.9793731016282428,249.08964840611586,False,0.09599999999999999,0.0,rolling
novelty_2_quantile_provisioning,hybrid,1087,953.0,597.9086789822238,659.195556640625,518.6843872070312,659.195556640625,784.1842041015625,True,False,60,False,2,800,0.8897450580092616,206.7854038763491,False,0.09599999999999999,0.0,rolling
novelty_2_quantile_provisioning,hybrid,1088,974.0,611.084001394214,638.8580322265625,499.4527282714844,638.8580322265625,769.8603515625,True,False,60,False,2,800,0.9093511925509138,215.3528569839749,False,0.09599999999999999,0.0,rolling
novelty_2_quantile_provisioning,hybrid,1089,936.0,587.242941791565,645.8280029296875,506.357666015625,645.8280029296875,776.849609375,True,False,60,False,2,800,0.8738734252850671,200.1207686920311,False,0.09599999999999999,0.0,rolling
novelty_2_quantile_provisioning,hybrid,1090,883.0,553.990937608923,637.2799072265625,498.0892639160156,637.2799072265625,770.6236572265625,True,False,60,False,2,800,0.8243912762037544,180.8492487147828,False,0.09599999999999999,0.0,rolling
novelty_2_quantile_provisioning,hybrid,1091,784.0,491.878703380969,622.4557495117188,483.5606689453125,622.4557495117188,757.572265625,True,False,60,False,2,800,0.73196235622168,150.58927876259128,False,0.09599999999999999,0.0,rolling
novelty_2_quantile_provisioning,hybrid,1092,868.0,544.57999302893,592.9619140625,454.6153869628906,592.9619140625,730.194091796875,True,False,60,False,2,800,0.8103868943882886,175.79651984403958,False,0.09599999999999999,0.0,rolling
novelty_2_quantile_provisioning,hybrid,1093,962.0,603.5552457302196,610.8538818359375,471.8086242675781,610.8538818359375,743.0543212890625,True,False,60,False,2,800,0.898147687098541,210.41146468958866,False,0.09599999999999999,0.0,rolling
novelty_2_quantile_provisioning,hybrid,1094,885.0,555.2457302195887,636.6998901367188,497.121337890625,636.6998901367188,765.553466796875,True,False,60,False,2,800,0.8262585271124833,181.53607439062534,False,0.09599999999999999,0.0,rolling
novelty_2_quantile_provisioning,hybrid,1095,984.0,617.3579644475427,619.0322265625,480.0823669433594,619.0322265625,752.0528564453125,True,False,60,False,2,800,0.9186874470945576,219.56478529684375,False,0.09599999999999999,0.0,rolling
novelty_2_quantile_provisioning,hybrid,1096,1046.0,656.2565353781806,647.118408203125,507.4621276855469,647.118408203125,777.1893310546875,True,False,60,False,2,800,0.9765722252651498,247.6430718378834,False,0.09599999999999999,0.0,rolling
novelty_2_quantile_provisioning,hybrid,1097,956.0,599.7908678982224,667.6634521484375,527.74609375,667.6634521484375,797.0194091796875,True,False,60,False,2,800,0.8925459343723547,207.98652080756588,False,0.09599999999999999,0.0,rolling
novelty_2_quantile_provisioning,hybrid,1098,981.0,615.4757755315441,647.02783203125,507.7939453125,647.02783203125,781.594970703125,True,False,60,False,2,800,0.9158865707314644,218.29216594937014,False,0.09599999999999999,0.0,rolling
novelty_2_quantile_provisioning,hybrid,1099,1033.0,648.1003834088533,654.4092407226562,514.90966796875,654.4092407226562,788.43017578125,True,False,60,False,2,800,0.9644350943584127,241.46987946185388,False,0.09599999999999999,0.0,rolling
novelty_2_quantile_provisioning,hybrid,1100,944.0,592.262112234228,670.7183837890625,530.8641357421875,670.7183837890625,803.702880859375,True,False,60,False,2,800,0.881342428919982,203.2271883567411,False,0.09599999999999999,0.0,rolling
novelty_2_quantile_provisioning,hybrid,1101,945.0,592.8895085395608,648.7471923828125,509.4940490722656,648.7471923828125,786.0635986328125,True,False,60,False,2,800,0.8822760543743464,203.6192151736676,False,0.09599999999999999,0.0,rolling
novelty_2_quantile_provisioning,hybrid,1102,948.0,594.7716974555594,648.438720703125,509.0392761230469,648.438720703125,785.495361328125,True,False,60,False,2,800,0.8850769307374396,204.8002825299447,False,0.09599999999999999,0.0,rolling
novelty_2_quantile_provisioning,hybrid,1103,906.0,568.421052631579,648.4732666015625,509.00439453125,648.4732666015625,785.0234375,True,False,60,False,2,800,0.8458646616541353,188.93693438469256,False,0.09599999999999999,0.0,rolling
novelty_2_quantile_provisioning,hybrid,1104,1135.0,712.0948065528058,635.6741943359375,496.4683532714844,635.6741943359375,773.0758056640625,True,False,60,False,2,800,1.0596648907035802,294.1796187177921,False,0.09599999999999999,0.0,rolling
novelty_2_quantile_provisioning,hybrid,1105,852.0,534.5416521436041,699.3492431640625,558.6409912109375,699.3492431640625,828.498291015625,True,False,60,False,2,800,0.7954488871184585,170.59606627584236,False,0.09599999999999999,0.0,rolling
novelty_2_quantile_provisioning,hybrid,1106,673.0,422.23771348902056,625.7115478515625,487.0972595214844,625.7115478515625,766.9935302734375,True,False,60,False,3,600,0.558515494033096,111.36015364908093,False,0.1272,0.040799999999999996,rolling
novelty_2_quantile_provisioning,hybrid,1107,705.0,442.3143952596724,570.2920532226562,432.5535888671875,570.2920532226562,714.284912109375,True,False,60,False,2,800,0.6582059453268935,131.32842136468622,False,0.11759999999999998,0.040799999999999996,rolling
novelty_2_quantile_provisioning,hybrid,1108,882.0,553.3635413035901,567.3603515625,429.1011962890625,567.3603515625,705.1044921875,True,False,60,False,2,800,0.82345765074939,180.50700042564267,False,0.09599999999999999,0.0,rolling
novelty_2_quantile_provisioning,hybrid,1109,828.0,519.4841408156152,608.3087158203125,468.9092102050781,608.3087158203125,736.9345703125,True,False,60,False,2,800,0.7730418762137131,163.1536978081442,False,0.09599999999999999,0.0,rolling
novelty_2_quantile_provisioning,hybrid,1110,790.0,495.6430812129662,594.1536865234375,455.40838623046875,594.1536865234375,724.6405029296875,True,False,60,False,2,800,0.7375641089478664,152.22238572334763,False,0.09599999999999999,0.0,rolling
novelty_2_quantile_provisioning,hybrid,1111,819.0,513.8375740676194,582.639892578125,444.2021484375,582.639892578125,713.895263671875,True,False,60,False,2,800,0.7646392471244335,160.47153058860675,False,0.09599999999999999,0.0,rolling
novelty_2_quantile_provisioning,hybrid,1112,813.0,510.07319623562216,588.32763671875,449.6971130371094,588.32763671875,717.733154296875,True,False,60,False,2,800,0.7590374943982473,158.71585069383875,False,0.09599999999999999,0.0,rolling
novelty_2_quantile_provisioning,hybrid,1113,678.0,425.3746950156849,585.9840087890625,447.4560852050781,585.9840087890625,715.26708984375,True,False,60,False,2,800,0.6329980580590548,125.65408447952635,False,0.09599999999999999,0.0,rolling
novelty_2_quantile_provisioning,hybrid,1114,569.0,356.98849773440224,548.5442504882812,410.94061279296875,548.5442504882812,681.550048828125,True,False,60,False,2,800,0.5312328835333366,106.98530653347214,False,0.09599999999999999,0.0,rolling
novelty_2_quantile_provisioning,hybrid,1115,863.0,541.4430115022656,513.311279296875,376.32843017578125,513.311279296875,646.5938720703125,True,False,60,False,2,800,0.8057187671164666,174.1505678369853,False,0.09599999999999999,0.0,rolling
novelty_2_quantile_provisioning,hybrid,1116,905.0,567.793656326246,584.8546142578125,445.75372314453125,584.8546142578125,705.72119140625,True,False,60,False,2,600,1.1265747149330279,337.36678887414223,False,0.0912,0.0336,rolling
novelty_2_quantile_provisioning,hybrid,1117,797.0,500.03485535029625,602.2083740234375,463.16796875,602.2083740234375,724.13623046875,True,False,60,False,2,800,0.744099487128417,154.159282738515,False,0.1104,0.0336,rolling
novelty_2_quantile_provisioning,hybrid,1118,690.0,432.90345067967934,578.2100830078125,440.03863525390625,578.2100830078125,706.29638671875,True,False,60,False,2,800,0.6442015635114275,128.12135289823158,False,0.09599999999999999,0.0,rolling
novelty_2_quantile_provisioning,hybrid,1119,778.0,488.1143255489718,548.894287109375,411.3431701660156,548.894287109375,680.27587890625,True,False,60,False,2,800,0.7263606034954938,148.9809780092302,False,0.09599999999999999,0.0,rolling
novelty_2_quantile_provisioning,hybrid,1120,693.0,434.78563959567794,568.65673828125,430.34527587890625,568.65673828125,695.5821533203125,True,False,60,False,2,800,0.6470024398745208,128.75175567293383,False,0.09599999999999999,0.0,rolling
novelty_2_quantile_provisioning,hybrid,1121,769.0,482.46775880097596,545.8440551757812,408.1622619628906,545.8440551757812,675.2822265625,True,False,60,False,2,800,0.7179579744062142,146.6146232355647,False,0.09599999999999999,0.0,rolling
novelty_2_quantile_provisioning,hybrid,1122,870.0,545.8347856395957,563.4281005859375,425.16534423828125,563.4281005859375,689.2127075195312,True,False,60,False,2,800,0.8122541452970173,176.46023471973123,False,0.09599999999999999,0.0,rolling
novelty_2_quantile_provisioning,hybrid,1123,683.0,428.5116765423493,591.89599609375,453.04595947265625,591.89599609375,714.8297119140625,True,False,60,False,2,800,0.6376661853308769,126.67159762452103,False,0.09599999999999999,0.0,rolling
novelty_2_quantile_provisioning,hybrid,1124,866.0,543.3252004182642,545.5208740234375,408.051513671875,545.5208740234375,676.2493286132812,True,False,60,False,2,800,0.8085196434795598,175.13585652560687,False,0.09599999999999999,0.0,rolling
novelty_2_quantile_provisioning,hybrid,1125,821.0,515.0923666782851,592.33056640625,453.42840576171875,592.33056640625,716.2193603515625,True,False,60,False,2,800,0.7665064980331623,161.06250642907176,False,0.09599999999999999,0.0,rolling
novelty_2_quantile_provisioning,hybrid,1126,693.0,434.78563959567794,583.4654541015625,445.04547119140625,583.4654541015625,710.298828125,True,False,60,False,2,800,0.6470024398745208,128.75175567293383,False,0.09599999999999999,0.0,rolling
novelty_2_quantile_provisioning,hybrid,1127,1020.0,639.944231439526,549.5113525390625,411.943603515625,549.5113525390625,680.6871948242188,True,False,60,False,2,800,0.9522979634516756,235.4501236387026,False,0.09599999999999999,0.0,rolling
novelty_2_quantile_provisioning,hybrid,1128,736.0,461.7636807249913,636.4095458984375,496.510009765625,636.4095458984375,755.8331298828125,True,False,60,False,2,800,0.6871483344121894,138.4014996951575,False,0.09599999999999999,0.0,rolling
novelty_2_quantile_provisioning,hybrid,1129,642.0,402.78842802370167,567.2831420898438,429.58575439453125,567.2831420898438,699.904052734375,True,False,60,False,2,800,0.599387541701937,118.76105959957809,False,0.09599999999999999,0.0,rolling
novelty_2_quantile_provisioning,hybrid,1130,691.0,433.5308469850122,538.391357421875,401.04345703125,538.391357421875,672.3477783203125,True,False,60,False,2,800,0.6451351889657919,128.33087954032175,False,0.09599999999999999,0.0,rolling
novelty_2_quantile_provisioning,hybrid,1131,650.0,407.8075984663646,545.4117431640625,407.519775390625,545.4117431640625,675.06640625,True,False,60,False,2,800,0.6068565453368521,120.22820239225364,False,0.09599999999999999,0.0,rolling
novelty_2_quantile_provisioning,hybrid,1132,757.0,474.9390031369815,531.3563232421875,393.7711181640625,531.3563232421875,660.5931396484375,True,False,60,False,2,800,0.7067544689538415,143.5445333912705,False,0.09599999999999999,0.0,rolling
novelty_2_quantile_provisioning,hybrid,1133,1150.0,721.5057511327989,556.13037109375,417.84027099609375,556.13037109375,680.2682495117188,True,False,60,False,2,800,1.073669272519046,302.7840411955166,False,0.09599999999999999,0.0,rolling
novelty_2_quantile_provisioning,hybrid,1134,1267.0,794.9111188567446,668.2318115234375,527.5194091796875,668.2318115234375,780.5179443359375,True,False,60,False,2,800,1.1829034506796794,377.934228970429,True,0.09599999999999999,0.0,rolling
novelty_2_quantile_provisioning,hybrid,1135,920.0,577.2046009062391,718.9893798828125,578.072509765625,718.9893798828125,834.7454833984375,True,False,60,False,2,800,0.8589354180152368,194.0654290921045,False,0.09599999999999999,0.0,rolling
novelty_2_quantile_provisioning,hybrid,1136,852.0,534.5416521436041,636.2894287109375,497.865478515625,636.2894287109375,771.71435546875,True,False,60,False,3,600,0.7070656774386298,143.62851293996061,False,0.1272,0.040799999999999996,rolling
novelty_2_quantile_provisioning,hybrid,1137,992.0,622.3771348902056,617.090087890625,478.62945556640625,617.090087890625,754.98193359375,True,False,60,False,2,800,0.9261564507294727,222.99655440276464,False,0.11759999999999998,0.040799999999999996,rolling
novelty_2_quantile_provisioning,hybrid,1138,1035.0,649.355176019519,652.6603393554688,513.0225830078125,652.6603393554688,784.381591796875,True,False,60,False,2,800,0.9663023452671414,242.40956603153163,False,0.09599999999999999,0.0,rolling
novelty_2_quantile_provisioning,hybrid,1139,975.0,611.7113976995469,668.6531982421875,528.7913818359375,668.6531982421875,800.3990478515625,True,False,60,False,2,800,0.910284818005278,215.77018307385597,False,0.09599999999999999,0.0,rolling
novelty_2_quantile_provisioning,hybrid,1140,862.0,540.8156151969328,656.5977783203125,517.1456909179688,656.5977783203125,792.4674072265625,True,False,60,False,2,800,0.8047851416621024,173.82365643556653,False,0.09599999999999999,0.0,rolling
novelty_2_quantile_provisioning,hybrid,1141,1033.0,648.1003834088533,626.022705078125,487.1809997558594,626.022705078125,766.036376953125,True,False,60,False,2,800,0.9644350943584127,241.46987946185388,False,0.09599999999999999,0.0,rolling
novelty_2_quantile_provisioning,hybrid,1142,1157.0,725.897525270129,671.10595703125,530.9676513671875,671.10595703125,804.23095703125,True,False,60,False,2,800,1.0802046506995968,306.8770848981173,False,0.09599999999999999,0.0,rolling
novelty_2_quantile_provisioning,hybrid,1143,1020.0,639.944231439526,710.9400634765625,570.197021484375,710.9400634765625,841.580078125,True,False,60,False,2,800,0.9522979634516756,235.4501236387026,False,0.09599999999999999,0.0,rolling
novelty_2_quantile_provisioning,hybrid,1144,1129.0,708.3304287208086,677.650634765625,538.0263671875,677.650634765625,815.6729736328125,True,False,60,False,3,600,0.9369450115354612,228.05218285961735,False,0.1272,0.040799999999999996,rolling
novelty_2_quantile_provisioning,hybrid,1145,1221.0,766.0508888114326,708.4593505859375,568.0468139648438,708.4593505859375,842.80029296875,True,False,60,False,3,600,1.013294826470149,267.27507557642446,False,0.108,0.0,rolling
novelty_2_quantile_provisioning,hybrid,1146,919.0,576.5772046009063,741.10205078125,600.1866455078125,741.10205078125,874.8106689453125,True,False,60,False,3,600,0.7626682600541088,159.85084629202075,False,0.108,0.0,rolling
novelty_2_quantile_provisioning,hybrid,1147,850.0,533.2868595329384,661.7683715820312,522.8529052734375,661.7683715820312,808.9117431640625,True,False,60,False,2,900,0.7054058988530931,143.18147584766658,False,0.1296,0.0432,rolling
novelty_2_quantile_provisioning,hybrid,1148,1049.0,658.1387242941792,635.4566040039062,496.57037353515625,635.4566040039062,781.84130859375,True,False,60,False,2,800,0.9793731016282428,249.08964840611586,False,0.11759999999999998,0.040799999999999996,rolling
novelty_2_quantile_provisioning,hybrid,1149,1121.0,703.3112582781457,683.6717529296875,543.3106079101562,683.6717529296875,819.972412109375,True,False,60,False,2,800,1.0465941343424787,286.351387924533,False,0.09599999999999999,0.0,rolling
novelty_2_quantile_provisioning,hybrid,1150,784.0,491.878703380969,706.6148681640625,566.0189208984375,706.6148681640625,841.22509765625,True,False,60,False,3,600,0.6506332055303823,129.57710662064025,False,0.1272,0.040799999999999996,rolling
novelty_2_quantile_provisioning,hybrid,1151,874.0,548.3443708609271,615.5610961914062,477.2506103515625,615.5610961914062,762.843994140625,True,False,60,False,3,600,0.7253232418795332,148.68585157906125,False,0.108,0.0,rolling
novelty_2_quantile_provisioning,hybrid,1152,1105.0,693.2729173928199,629.7503051757812,490.48223876953125,629.7503051757812,769.646484375,True,False,60,False,2,800,1.0316561270726485,277.6411583531421,False,0.11759999999999998,0.040799999999999996,rolling
novelty_2_quantile_provisioning,hybrid,1153,983.0,616.7305681422098,690.34033203125,549.664794921875,690.34033203125,820.334716796875,True,False,60,False,2,800,0.9177538216401931,219.1397151772942,False,0.09599999999999999,0.0,rolling
novelty_2_quantile_provisioning,hybrid,1154,686.0,430.3938654583479,661.0787353515625,521.5247802734375,661.0787353515625,797.4898681640625,True,False,60,False,3,600,0.5693040548390845,113.21278822437424,False,0.1272,0.040799999999999996,rolling
novelty_2_quantile_provisioning,hybrid,1155,821.0,515.0923666782851,577.370849609375,439.693359375,577.370849609375,722.4888916015625,True,False,60,False,2,800,0.7665064980331623,161.06250642907176,False,0.11759999999999998,0.040799999999999996,rolling
novelty_2_quantile_provisioning,hybrid,1156,1074.0,673.8236319275009,601.5267333984375,462.5986633300781,601.5267333984375,736.96533203125,True,False,60,False,2,800,1.0027137379873525,261.4693988723535,False,0.09599999999999999,0.0,rolling
novelty_2_quantile_provisioning,hybrid,1157,1016.0,637.4346462181945,669.6785278320312,529.2095947265625,669.6785278320312,795.358642578125,True,False,60,False,2,800,0.948563461634218,233.62846114241623,False,0.09599999999999999,0.0,rolling
novelty_2_quantile_provisioning,hybrid,1158,1080.0,677.588009759498,660.8912353515625,521.171630859375,660.8912353515625,791.8426513671875,True,False,60,False,2,800,1.0083154907135388,264.52780807264674,False,0.09599999999999999,0.0,rolling
novelty_2_quantile_provisioning,hybrid,1159,872.0,547.0895782502614,682.5169677734375,542.44775390625,682.5169677734375,813.0333251953125,True,False,60,False,2,800,0.8141213962057462,177.12700818391977,False,0.09599999999999999,0.0,rolling
novelty_2_quantile_provisioning,hybrid,1160,731.0,458.62669919832695,628.0446166992188,489.39300537109375,628.0446166992188,767.397705078125,True,False,60,False,3,600,0.60664907301366,120.18695680176339,False,0.1272,0.040799999999999996,rolling
novelty_2_quantile_provisioning,hybrid,1161,846.0,530.7772743116068,585.390869140625,447.3500061035156,585.390869140625,727.4688720703125,True,False,60,False,2,800,0.789847134392272,168.69551211817776,False,0.11759999999999998,0.040799999999999996,rolling
novelty_2_quantile_provisioning,hybrid,1162,893.0,560.2649006622516,608.2265625,469.1654357910156,608.2265625,742.773193359375,True,False,60,False,2,800,0.8337275307473982,184.31456063418744,False,0.09599999999999999,0.0,rolling
novelty_2_quantile_provisioning,hybrid,1163,857.0,537.6786336702684,618.2643432617188,479.0187683105469,618.2643432617188,749.7310791015625,True,False,60,False,2,800,0.8001170143902803,172.20044608867204,False,0.09599999999999999,0.0,rolling
novelty_2_quantile_provisioning,hybrid,1164,654.0,410.31718368769606,608.3208618164062,469.42877197265625,608.3208618164062,740.8687744140625,True,False,60,False,2,800,0.6105910471543096,120.97545657759115,False,0.09599999999999999,0.0,rolling
novelty_2_quantile_provisioning,hybrid,1165,727.0,456.1171139769955,552.3892822265625,414.80401611328125,552.3892822265625,690.80029296875,True,False,60,False,2,800,0.6787457053229099,136.285144980397,False,0.09599999999999999,0.0,rolling
novelty_2_quantile_provisioning,hybrid,1166,866.0,543.3252004182642,563.331787109375,425.033935546875,563.331787109375,695.659423828125,True,False,60,False,2,800,0.8085196434795598,175.13585652560687,False,0.09599999999999999,0.0,rolling
novelty_2_quantile_provisioning,hybrid,1167,590.0,370.1638201463925,596.6832275390625,457.5809631347656,596.6832275390625,722.4478759765625,True,False,60,False,2,800,0.5508390180749888,110.0847627824075,False,0.09599999999999999,0.0,rolling
novelty_2_quantile_provisioning,hybrid,1168,695.0,436.04043220634367,523.698486328125,386.69366455078125,523.698486328125,658.4012451171875,True,False,60,False,2,800,0.6488696907832495,129.17506812948648,False,0.09599999999999999,0.0,rolling
novelty_2_quantile_provisioning,hybrid,1169,819.0,513.8375740676194,542.7296142578125,404.80419921875,542.7296142578125,670.4244384765625,True,False,60,False,2,600,1.0195189961659115,270.7473317655864,False,0.0912,0.0336,rolling
novelty_2_quantile_provisioning,hybrid,1170,859.0,538.9334262809341,574.208251953125,435.5494384765625,574.208251953125,697.00341796875,True,False,60,False,2,800,0.8019842652990091,172.8474644110089,False,0.1104,0.0336,rolling
novelty_2_quantile_provisioning,hybrid,1171,954.0,598.5360752875566,588.6864013671875,449.9635009765625,588.6864013671875,711.77587890625,True,False,60,False,2,800,0.8906786834636259,207.184937418664,False,0.09599999999999999,0.0,rolling
novelty_2_quantile_provisioning,hybrid,1172,764.0,479.33077727431163,619.1534423828125,479.9263610839844,619.1534423828125,741.17236328125,True,False,60,False,2,800,0.7132898471343923,145.3236784312839,False,0.09599999999999999,0.0,rolling
novelty_2_quantile_provisioning,hybrid,1173,783.0,491.25130707563613,572.913330078125,435.07708740234375,572.913330078125,703.8873291015625,True,False,60,False,2,800,0.7310287307673157,150.3195111106841,False,0.09599999999999999,0.0,rolling
novelty_2_quantile_provisioning,hybrid,1174,817.0,512.5827814569536,575.8873291015625,437.689208984375,575.8873291015625,705.4617919921875,True,False,60,False,2,800,0.7627719962157048,159.8834340400715,False,0.09599999999999999,0.0,rolling
novelty_2_quantile_provisioning,hybrid,1175,908.0,569.6758452422447,584.7566528320312,446.24615478515625,584.7566528320312,713.0013427734375,True,False,60,False,2,800,0.8477319125628642,189.6599647835096,False,0.09599999999999999,0.0,rolling
novelty_2_quantile_provisioning,hybrid,1176,784.0,491.878703380969,610.8267211914062,471.7294616699219,610.8267211914062,736.533203125,True,False,60,False,2,800,0.73196235622168,150.58927876259128,False,0.09599999999999999,0.0,rolling
novelty_2_quantile_provisioning,hybrid,1177,972.0,609.8292087835483,580.2285766601562,442.0615234375,580.2285766601562,711.4281005859375,True,False,60,False,2,800,0.907483941642185,214.52077208495953,False,0.09599999999999999,0.0,rolling
novelty_2_quantile_provisioning,hybrid,1178,732.0,459.2540955036598,631.654541015625,492.0948486328125,631.654541015625,756.656494140625,True,False,60,False,2,800,0.6834138325947319,137.4544669466906,False,0.09599999999999999,0.0,rolling
novelty_2_quantile_provisioning,hybrid,1179,982.0,616.103171836877,571.0717163085938,433.2584228515625,571.0717163085938,706.1260986328125,True,False,60,False,2,800,0.9168201961858289,218.71550902110465,False,0.09599999999999999,0.0,rolling
novelty_2_quantile_provisioning,hybrid,1180,1137.0,713.3495991634716,635.5717163085938,495.871337890625,635.5717163085938,760.8172607421875,True,False,60,False,2,800,1.061532141612309,295.3138420627271,False,0.09599999999999999,0.0,rolling
novelty_2_quantile_provisioning,hybrid,1181,758.0,475.5663994423144,686.0541381835938,545.602294921875,686.0541381835938,808.7845458984375,True,False,60,False,2,800,0.7076880944082059,143.79669394451173,False,0.09599999999999999,0.0,rolling
novelty_2_quantile_provisioning,hybrid,1182,694.0,435.4130359010108,589.333740234375,451.5927429199219,589.333740234375,728.772216796875,True,False,60,False,3,600,0.5759431691812312,114.38835492961287,False,0.1272,0.040799999999999996,rolling
novelty_2_quantile_provisioning,hybrid,1183,776.0,486.859532938306,565.50048828125,427.707275390625,565.50048828125,704.1942138671875,True,False,60,False,2,800,0.724493352586765,148.45035743619843,False,0.11759999999999998,0.040799999999999996,rolling
novelty_2_quantile_provisioning,hybrid,1184,943.0,591.634715928895,580.2235107421875,441.6533203125,580.2235107421875,712.880126953125,True,False,60,False,2,800,0.8804088034656177,202.8359912258896,False,0.09599999999999999,0.0,rolling
novelty_2_quantile_provisioning,hybrid,1185,737.0,462.39107703032414,623.9105224609375,484.32147216796875,623.9105224609375,749.9290771484375,True,False,60,False,2,800,0.6880819598665537,138.63987286973486,False,0.09599999999999999,0.0,rolling
novelty_2_quantile_provisioning,hybrid,1186,729.0,457.3719065876612,570.9456787109375,432.97119140625,570.9456787109375,705.03125,True,False,60,False,2,800,0.6806129562316388,136.7509507233423,False,0.09599999999999999,0.0,rolling
novelty_2_quantile_provisioning,hybrid,1187,892.0,559.6375043569188,564.3826904296875,426.2822265625,564.3826904296875,696.8524169921875,True,False,60,False,2,800,0.832793905293034,183.96451206547567,False,0.09599999999999999,0.0,rolling
novelty_2_quantile_provisioning,hybrid,1188,862.0,540.8156151969328,604.95703125,465.7628479003906,604.95703125,730.470947265625,True,False,60,False,2,800,0.8047851416621024,173.82365643556653,False,0.09599999999999999,0.0,rolling
novelty_2_quantile_provisioning,hybrid,1189,1201.0,753.5029627047752,600.32373046875,461.5331726074219,600.32373046875,728.3656005859375,True,False,60,False,2,800,1.1212841706916297,333.7579041598748,False,0.09599999999999999,0.0,rolling
novelty_2_quantile_provisioning,hybrid,1190,947.0,594.1443011502266,698.3155517578125,557.3929443359375,698.3155517578125,815.9920654296875,True,False,60,False,2,800,0.8841433052830754,204.40576138136475,False,0.09599999999999999,0.0,rolling
novelty_2_quantile_provisioning,hybrid,1191,832.0,521.9937260369467,639.1429443359375,500.302734375,639.1429443359375,771.4622802734375,True,False,60,False,3,600,0.6904678915832628,139.25199370768118,False,0.1272,0.040799999999999996,rolling
novelty_2_quantile_provisioning,hybrid,1192,886.0,555.8731265249215,608.79248046875,470.4220275878906,608.79248046875,745.848388671875,True,False,60,False,2,800,0.8271921525668475,181.88065353513716,False,0.11759999999999998,0.040799999999999996,rolling
novelty_2_quantile_provisioning,hybrid,1193,820.0,514.4649703729523,620.8043212890625,481.7887878417969,620.8043212890625,754.8570556640625,True,False,60,False,2,800,0.765572872578798,160.76665815789568,False,0.09599999999999999,0.0,rolling
novelty_2_quantile_provisioning,hybrid,1194,753.0,472.42941791565005,601.8287353515625,463.20391845703125,601.8287353515625,737.465576171875,True,False,60,False,2,800,0.703019967136384,142.54253569814364,False,0.09599999999999999,0.0,rolling
novelty_2_quantile_provisioning,hybrid,1195,776.0,486.859532938306,579.8125610351562,441.5397033691406,579.8125610351562,715.7591552734375,True,False,60,False,2,800,0.724493352586765,148.45035743619843,False,0.09599999999999999,0.0,rolling
novelty_2_quantile_provisioning,hybrid,1196,760.0,476.82119205298017,581.4638671875,442.9241027832031,581.4638671875,714.514892578125,True,False,60,False,2,800,0.7095553453169348,144.30301455927878,False,0.09599999999999999,0.0,rolling
novelty_2_quantile_provisioning,hybrid,1197,814.0,510.70059254095503,574.357666015625,435.9427185058594,574.357666015625,706.518310546875,True,False,60,False,2,800,0.7599711198526117,159.00667250880406,False,0.09599999999999999,0.0,rolling
novelty_2_quantile_provisioning,hybrid,1198,892.0,559.6375043569188,585.87451171875,447.148681640625,585.87451171875,714.8621826171875,True,False,60,False,2,800,0.832793905293034,183.96451206547567,False,0.09599999999999999,0.0,rolling
novelty_2_quantile_provisioning,hybrid,1199,1123.0,704.5660508888114,607.1460571289062,468.03387451171875,607.1460571289062,733.5440673828125,True,False,60,False,2,800,1.0484613852512075,287.45782733281203,False,0.09599999999999999,0.0,rolling
novelty_2_quantile_provisioning,hybrid,1200,1079.0,676.9606134541652,674.7615356445312,534.3525390625,674.7615356445312,794.62841796875,True,False,60,False,2,800,1.0073818652591744,264.0157052900762,False,0.09599999999999999,0.0,rolling
novelty_2_quantile_provisioning,hybrid,1201,663.0,415.9637504356919,673.7620849609375,533.967041015625,673.7620849609375,800.426513671875,True,False,60,False,2,800,0.6189936762435891,122.69049020427869,False,0.09599999999999999,0.0,rolling
novelty_2_quantile_provisioning,hybrid,1202,787.0,493.7608922969676,564.9719848632812,427.87158203125,564.9719848632812,708.02734375,True,False,60,False,2,800,0.7347632325847732,151.40271960183105,False,0.09599999999999999,0.0,rolling
novelty_2_quantile_provisioning,hybrid,1203,675.0,423.4925060996863,587.8570556640625,449.3484191894531,587.8570556640625,722.552734375,True,False,60,False,2,800,0.6301971816959617,125.05073439273602,False,0.09599999999999999,0.0,rolling
novelty_2_quantile_provisioning,hybrid,1204,659.0,413.4541652143604,553.8956298828125,416.0898742675781,553.8956298828125,689.99169921875,True,False,60,False,2,800,0.6152591744261315,121.92246398430473,False,0.09599999999999999,0.0,rolling
novelty_2_quantile_provisioning,hybrid,1205,563.0,353.22411990240505,542.9481201171875,405.11749267578125,542.9481201171875,676.2869873046875,True,False,60,False,2,800,0.5256311308071504,106.14061140220865,False,0.09599999999999999,0.0,rolling
novelty_2_quantile_provisioning,hybrid,1206,839.0,526.3855001742768,511.7616271972656,374.5657653808594,511.7616271972656,645.0091552734375,True,False,60,False,2,800,0.7833117562117214,166.5120172843558,False,0.09599999999999999,0.0,rolling
novelty_2_quantile_provisioning,hybrid,1207,757.0,474.9390031369815,578.2569580078125,439.16925048828125,578.2569580078125,699.6707763671875,True,False,60,False,2,600,0.9423392919384553,230.6240791496782,False,0.0912,0.0336,rolling
novelty_2_quantile_provisioning,hybrid,1208,1090.0,683.8619728128268,559.96826171875,421.8253479003906,559.96826171875,685.6446533203125,True,False,60,False,2,800,1.0176517452571827,269.70118785921835,False,0.1104,0.0336,rolling
novelty_2_quantile_provisioning,hybrid,1209,882.0,553.3635413035901,653.181640625,512.9174194335938,653.181640625,768.5523681640625,True,False,60,False,2,800,0.82345765074939,180.50700042564267,False,0.09599999999999999,0.0,rolling
novelty_2_quantile_provisioning,hybrid,1210,602.0,377.6925758103869,606.463134765625,468.01641845703125,606.463134765625,734.1492919921875,True,False,60,False,2,800,0.5620425235273615,111.95803222130868,False,0.09599999999999999,0.0,rolling
novelty_2_quantile_provisioning,hybrid,1211,544.0,341.30359010108054,531.6590576171875,394.9154052734375,531.6590576171875,668.6683349609375,True,False,60,False,2,800,0.507892247174227,103.58235949718984,False,0.09599999999999999,0.0,rolling
novelty_2_quantile_provisioning,hybrid,1212,538.0,337.5392122690833,507.89886474609375,371.0753173828125,507.89886474609375,642.6984252929688,True,False,60,False,2,800,0.5022904944480406,102.81063543200446,False,0.09599999999999999,0.0,rolling
novelty_2_quantile_provisioning,hybrid,1213,861.0,540.1882188915998,497.4386901855469,360.46527099609375,497.4386901855469,627.9869384765625,True,False,60,False,2,600,1.0718020216103172,301.62370998526575,False,0.0912,0.0336,rolling
novelty_2_quantile_provisioning,hybrid,1214,900.0,564.6566747995818,577.6905517578125,438.5322570800781,577.6905517578125,695.3763427734375,True,False,60,False,2,600,1.1203505452372655,333.12456525740305,False,0.072,0.0,rolling
novelty_2_quantile_provisioning,hybrid,1215,811.0,508.81840362495643,595.79345703125,456.81298828125,595.79345703125,715.4002685546875,True,False,60,False,2,800,0.7571702434895184,158.13634983366535,False,0.1104,0.0336,rolling
novelty_2_quantile_provisioning,hybrid,1216,940.0,589.7525270128965,578.5321044921875,440.3082275390625,578.5321044921875,704.4774169921875,True,False,60,False,2,800,0.8776079271025246,201.66736916073774,False,0.09599999999999999,0.0,rolling
novelty_2_quantile_provisioning,hybrid,1217,487.0,305.542000697107,615.798095703125,476.6572265625,615.798095703125,738.650390625,True,False,60,False,2,800,0.4546755962754569,96.91910712299686,False,0.09599999999999999,0.0,rolling
novelty_2_quantile_provisioning,hybrid,1218,747.0,468.66504008365285,499.1830749511719,363.1923828125,499.1830749511719,638.1265258789062,True,False,60,False,2,800,0.6974182144101977,141.05937603844586,False,0.09599999999999999,0.0,rolling
novelty_2_quantile_provisioning,hybrid,1219,741.0,464.90066225165566,554.8516845703125,416.58935546875,554.8516845703125,680.4144287109375,True,False,60,False,2,600,0.9224219489120152,221.2737229867355,False,0.0912,0.0336,rolling
novelty_2_quantile_provisioning,hybrid,1220,684.0,429.13907284768214,553.372802734375,415.3227844238281,553.372802734375,678.827392578125,True,False,60,False,2,800,0.6385998107852413,126.87689761371423,False,0.1104,0.0336,rolling
novelty_2_quantile_provisioning,hybrid,1221,737.0,462.39107703032414,538.7914428710938,401.16143798828125,538.7914428710938,666.2108764648438,True,False,60,False,2,800,0.6880819598665537,138.63987286973486,False,0.09599999999999999,0.0,rolling
novelty_2_quantile_provisioning,hybrid,1222,766.0,480.58556988497736,551.74462890625,413.69281005859375,551.74462890625,676.9869995117188,True,False,60,False,2,800,0.7151570980431211,145.83803575099788,False,0.09599999999999999,0.0,rolling
novelty_2_quantile_provisioning,hybrid,1223,703.0,441.05960264900665,560.518310546875,422.32293701171875,560.518310546875,685.2723388671875,True,False,60,False,2,800,0.6563386944181646,130.89282181986167,False,0.09599999999999999,0.0,rolling
novelty_2_quantile_provisioning,hybrid,1224,803.0,503.7992331822935,544.253173828125,406.57257080078125,544.253173828125,671.2969970703125,True,False,60,False,2,800,0.7497012398546035,155.84678775037372,False,0.09599999999999999,0.0,rolling
novelty_2_quantile_provisioning,hybrid,1225,743.0,466.1554548623214,569.6143798828125,431.2309875488281,569.6143798828125,692.90966796875,True,False,60,False,2,800,0.6936837125927402,140.08374548753332,False,0.09599999999999999,0.0,rolling
novelty_2_quantile_provisioning,hybrid,1226,914.0,573.4402230742419,555.8671875,417.99554443359375,555.8671875,682.1563720703125,True,False,60,False,2,800,0.8533336652890504,191.8482371970167,False,0.09599999999999999,0.0,rolling
novelty_2_quantile_provisioning,hybrid,1227,757.0,474.9390031369815,602.5189208984375,463.4721374511719,602.5189208984375,723.4349365234375,True,False,60,False,2,800,0.7067544689538415,143.5445333912705,False,0.09599999999999999,0.0,rolling
novelty_2_quantile_provisioning,hybrid,1228,571.0,358.243290345068,566.4853515625,428.62164306640625,566.4853515625,695.5217895507812,True,False,60,False,2,800,0.5331001344420654,107.27086297662139,False,0.09599999999999999,0.0,rolling
novelty_2_quantile_provisioning,hybrid,1229,760.0,476.82119205298017,515.485595703125,378.7067565917969,515.485595703125,649.51904296875,True,False,60,False,2,800,0.7095553453169348,144.30301455927878,False,0.09599999999999999,0.0,rolling
novelty_2_quantile_provisioning,hybrid,1230,830.0,520.7389334262809,558.2332153320312,419.89306640625,558.2332153320312,683.142822265625,True,False,60,False,2,600,1.0332121694965892,278.53681178989666,False,0.0912,0.0336,rolling
novelty_2_quantile_provisioning,hybrid,1231,884.0,554.6183339142558,578.6468505859375,440.00347900390625,578.6468505859375,701.75830078125,True,False,60,False,2,800,0.8253249016581188,181.19227307680876,False,0.1104,0.0336,rolling
novelty_2_quantile_provisioning,hybrid,1232,882.0,553.3635413035901,597.1932983398438,458.3436584472656,597.1932983398438,720.2708740234375,True,False,60,False,2,800,0.82345765074939,180.50700042564267,False,0.09599999999999999,0.0,rolling
novelty_2_quantile_provisioning,hybrid,1233,764.0,479.33077727431163,601.4345703125,462.69854736328125,601.4345703125,726.8699951171875,True,False,60,False,2,800,0.7132898471343923,145.3236784312839,False,0.09599999999999999,0.0,rolling
novelty_2_quantile_provisioning,hybrid,1234,832.0,521.9937260369467,572.5701904296875,434.6065368652344,572.5701904296875,703.420166015625,True,False,60,False,2,800,0.7767763780311706,164.36465510331948,False,0.09599999999999999,0.0,rolling
novelty_2_quantile_provisioning,hybrid,1235,759.0,476.1937957476473,589.2088623046875,450.6252136230469,589.2088623046875,717.1654052734375,True,False,60,False,2,800,0.7086217198625704,144.04952070754626,False,0.09599999999999999,0.0,rolling
novelty_2_quantile_provisioning,hybrid,1236,807.0,506.30881840362497,570.2938232421875,432.2090148925781,570.2938232421875,700.8936767578125,True,False,60,False,2,800,0.753435741672061,156.985894583015,False,0.09599999999999999,0.0,rolling
novelty_2_quantile_provisioning,hybrid,1237,574.0,360.1254792610666,581.1011962890625,442.620849609375,581.1011962890625,709.1805419921875,True,False,60,False,2,800,0.5359010108051586,107.70296374815823,False,0.09599999999999999,0.0,rolling
novelty_2_quantile_provisioning,hybrid,1238,807.0,506.30881840362497,518.8102416992188,381.91082763671875,518.8102416992188,653.8277587890625,True,False,60,False,2,800,0.753435741672061,156.985894583015,False,0.09599999999999999,0.0,rolling
novelty_2_quantile_provisioning,hybrid,1239,575.0,360.75287556639944,573.665771484375,434.91656494140625,573.665771484375,698.2581787109375,True,False,60,False,2,600,0.7157795150126973,146.01008628015308,False,0.0912,0.0336,rolling
novelty_2_quantile_provisioning,hybrid,1240,760.0,476.82119205298017,513.3621826171875,376.41522216796875,513.3621826171875,645.4876708984375,True,False,60,False,2,800,0.7095553453169348,144.30301455927878,False,0.1104,0.0336,rolling
novelty_2_quantile_provisioning,hybrid,1241,900.0,564.6566747995818,555.68896484375,417.332275390625,555.68896484375,679.2025756835938,True,False,60,False,2,600,1.1203505452372655,333.12456525740305,False,0.0912,0.0336,rolling
novelty_2_quantile_provisioning,hybrid,1242,1047.0,656.8839316835134,595.535400390625,456.47344970703125,595.535400390625,715.2327880859375,True,False,60,False,2,800,0.977505850719514,248.12434352106266,False,0.1104,0.0336,rolling
novelty_2_quantile_provisioning,hybrid,1243,885.0,555.2457302195887,643.5914306640625,503.8209228515625,643.5914306640625,761.6387939453125,True,False,60,False,2,800,0.8262585271124833,181.53607439062534,False,0.09599999999999999,0.0,rolling
novelty_2_quantile_provisioning,hybrid,1244,844.0,529.5224817009411,608.94091796875,470.4513854980469,608.94091796875,737.3800048828125,True,False,60,False,2,800,0.7879798834835432,168.06795186789034,False,0.09599999999999999,0.0,rolling
novelty_2_quantile_provisioning,hybrid,1245,1238.0,776.7166260020913,599.5101318359375,461.09674072265625,599.5101318359375,730.3997802734375,True,False,60,False,2,800,1.1558283125031121,357.9409199008255,True,0.09599999999999999,0.0,rolling
novelty_2_quantile_provisioning,hybrid,1246,1148.0,720.2509585221331,712.6434326171875,571.5225830078125,712.6434326171875,830.8955078125,True,False,60,False,2,800,1.0718020216103172,301.62370998526575,False,0.09599999999999999,0.0,rolling
novelty_2_quantile_provisioning,hybrid,1247,875.0,548.9717671662601,702.4505615234375,562.325927734375,702.4505615234375,830.8272705078125,True,False,60,False,3,600,0.7261531311723016,148.92188522717035,False,0.1272,0.040799999999999996,rolling
novelty_2_quantile_provisioning,hybrid,1248,797.0,500.03485535029625,633.9312744140625,495.4735107421875,633.9312744140625,775.5792236328125,True,False,60,False,3,600,0.6614217663363707,132.08443451593922,False,0.108,0.0,rolling
novelty_2_quantile_provisioning,hybrid,1249,829.0,520.1115371209481,607.7271118164062,469.3170471191406,607.7271118164062,749.912109375,True,False,60,False,2,800,0.7739755016680776,163.45534333498853,False,0.11759999999999998,0.040799999999999996,rolling
novelty_2_quantile_provisioning,hybrid,1250,870.0,545.8347856395957,610.6734619140625,471.7547912597656,610.6734619140625,749.0565185546875,True,False,60,False,2,800,0.8122541452970173,176.46023471973123,False,0.09599999999999999,0.0,rolling
novelty_2_quantile_provisioning,hybrid,1251,1021.0,640.5716277448588,618.03515625,478.8212890625,618.03515625,753.0887451171875,True,False,60,False,2,800,0.9532315889060399,235.90777827260047,False,0.09599999999999999,0.0,rolling
novelty_2_quantile_provisioning,hybrid,1252,963.0,604.1826420355525,658.7952880859375,518.7071533203125,658.7952880859375,788.0849609375,True,False,60,False,2,800,0.8990813125529055,210.81857614857603,False,0.09599999999999999,0.0,rolling
novelty_2_quantile_provisioning,hybrid,1253,771.0,483.7225514116417,646.3221435546875,506.8688049316406,646.3221435546875,779.2489013671875,True,False,60,False,2,800,0.719825225314943,147.13572614916177,False,0.09599999999999999,0.0,rolling
novelty_2_quantile_provisioning,hybrid,1254,636.0,399.0240501917044,593.965576171875,455.7482604980469,593.965576171875,733.512939453125,True,False,60,False,2,800,0.5937857889757506,117.68442590182637,False,0.09599999999999999,0.0,rolling
novelty_2_quantile_provisioning,hybrid,1255,787.0,493.7608922969676,550.59765625,413.01629638671875,550.59765625,691.1265869140625,True,False,60,False,2,800,0.7347632325847732,151.40271960183105,False,0.09599999999999999,0.0,rolling
novelty_2_quantile_provisioning,hybrid,1256,901.0,565.2840711049146,579.7274169921875,440.98883056640625,579.7274169921875,710.358642578125,True,False,60,False,2,800,0.8411965343823133,187.1432780414774,False,0.09599999999999999,0.0,rolling
novelty_2_quantile_provisioning,hybrid,1257,994.0,623.6319275008714,608.6480712890625,469.37237548828125,608.6480712890625,734.322509765625,True,False,60,False,2,800,0.9280237016382015,223.86319783617557,False,0.09599999999999999,0.0,rolling
novelty_2_quantile_provisioning,hybrid,1258,757.0,474.9390031369815,638.4326782226562,498.780517578125,638.4326782226562,762.73046875,True,False,60,False,2,800,0.7067544689538415,143.5445333912705,False,0.09599999999999999,0.0,rolling
novelty_2_quantile_provisioning,hybrid,1259,763.0,478.70338096897876,578.9247436523438,440.9976806640625,578.9247436523438,713.6431884765625,True,False,60,False,2,800,0.7123562216800279,145.0675074357119,False,0.09599999999999999,0.0,rolling
novelty_2_quantile_provisioning,hybrid,1260,581.0,364.5172533983967,576.1875610351562,437.9589538574219,576.1875610351562,708.958984375,True,False,60,False,2,800,0.5424363889857093,108.7288970935349,False,0.09599999999999999,0.0,rolling
novelty_2_quantile_provisioning,hybrid,1261,652.0,409.0623910770303,523.793701171875,386.71722412109375,523.793701171875,660.1751098632812,True,False,60,False,2,800,0.6087237962455808,120.6006833931408,False,0.09599999999999999,0.0,rolling
novelty_2_quantile_provisioning,hybrid,1262,1180.0,740.327640292785,532.778564453125,395.03460693359375,532.778564453125,662.5166625976562,True,False,60,False,2,600,1.4689040481999702,650.49624239232,True,0.0912,0.0336,rolling
novelty_2_quantile_provisioning,hybrid,1263,770.0,483.0951551063088,675.8568115234375,534.7406005859375,675.8568115234375,786.7049560546875,True,False,60,False,2,800,0.7188915998605786,146.87483631403816,False,0.1104,0.0336,rolling
novelty_2_quantile_provisioning,hybrid,1264,753.0,472.42941791565005,577.6138916015625,439.8681945800781,577.6138916015625,709.4349365234375,True,False,60,False,3,600,0.6249066374545635,123.92562177976616,False,0.1272,0.040799999999999996,rolling
novelty_2_quantile_provisioning,hybrid,1265,646.0,405.29801324503313,571.0150756835938,433.0198974609375,571.0150756835938,702.92529296875,True,False,60,False,2,800,0.6031220435193946,119.49008881621708,False,0.11759999999999998,0.040799999999999996,rolling
novelty_2_quantile_provisioning,hybrid,1266,773.0,484.9773440223074,539.2084350585938,401.78179931640625,539.2084350585938,672.941162109375,True,False,60,False,2,800,0.7216924762236717,147.65953960497853,False,0.09599999999999999,0.0,rolling
novelty_2_quantile_provisioning,hybrid,1267,562.0,352.5967235970722,566.8917236328125,428.46893310546875,566.8917236328125,693.7637329101562,True,False,60,False,2,800,0.524697505352786,106.00156588906682,False,0.09599999999999999,0.0,rolling
novelty_2_quantile_provisioning,hybrid,1268,571.0,358.243290345068,509.90374755859375,373.056884765625,509.90374755859375,642.497314453125,True,False,60,False,2,800,0.5331001344420654,107.27086297662139,False,0.09599999999999999,0.0,rolling
novelty_2_quantile_provisioning,hybrid,1269,499.0,313.0707563611014,504.9272155761719,367.82330322265625,504.9272155761719,633.8551025390625,True,False,60,False,2,600,0.6211721356371059,123.14280749925325,False,0.0912,0.0336,rolling
novelty_2_quantile_provisioning,hybrid,1270,466.0,292.3666782851168,481.0060729980469,344.40216064453125,481.0060729980469,609.3490600585938,True,False,60,False,2,600,0.580092615645073,115.13698687428678,False,0.072,0.0,rolling
novelty_2_quantile_provisioning,hybrid,1271,590.0,370.1638201463925,466.5916442871094,330.1903076171875,466.5916442871094,592.923095703125,True,False,60,False,2,600,0.7344520240999851,151.31203029904,False,0.072,0.0,rolling
novelty_2_quantile_provisioning,hybrid,1272,648.0,406.55280585569886,492.899169921875,355.68731689453125,492.899169921875,612.9169921875,True,False,60,False,2,600,0.8066523925708311,174.47823773319516,False,0.072,0.0,rolling
novelty_2_quantile_provisioning,hybrid,1273,579.0,363.2624607877309,507.031494140625,369.7256164550781,507.031494140625,624.7945556640625,True,False,60,False,2,600,0.7207588507693073,147.39729361984035,False,0.072,0.0,rolling
novelty_2_quantile_provisioning,hybrid,1274,692.0,434.15824329034507,491.2060241699219,354.5543518066406,491.2060241699219,612.1506958007812,True,False,60,False,2,600,0.8614250858935418,195.06018016139276,False,0.072,0.0,rolling
novelty_2_quantile_provisioning,hybrid,1275,667.0,418.47333565702337,520.4302978515625,382.97479248046875,520.4302978515625,637.9561157226562,True,False,60,False,2,600,0.8303042374147289,183.03487963434583,False,0.072,0.0,rolling
novelty_2_quantile_provisioning,hybrid,1276,614.0,385.2213314743813,517.489501953125,380.3166198730469,517.489501953125,637.532958984375,True,False,60,False,2,600,0.7643280386396455,160.3733147362426,False,0.072,0.0,rolling
novelty_2_quantile_provisioning,hybrid,1277,630.0,395.2596723597072,505.09454345703125,368.27874755859375,505.09454345703125,627.563720703125,True,False,60,False,2,600,0.7842453816660858,166.82172588328922,False,0.072,0.0,rolling
novelty_2_quantile_provisioning,hybrid,1278,615.0,385.8487277797142,509.0769348144531,372.0417785644531,509.0769348144531,631.0070190429688,True,False,60,False,2,600,0.765572872578798,160.76665815789568,False,0.072,0.0,rolling
novelty_2_quantile_provisioning,hybrid,1279,563.0,353.22411990240505,505.4775390625,368.5115966796875,505.4775390625,627.9581298828125,True,False,60,False,2,600,0.7008415077428671,141.9629307311612,False,0.072,0.0,rolling
novelty_2_quantile_provisioning,hybrid,1280,749.0,469.9198326943186,491.7357177734375,355.0823974609375,491.7357177734375,615.60693359375,True,False,60,False,2,600,0.9323806204252353,225.8989678206341,False,0.072,0.0,rolling
novelty_2_quantile_provisioning,hybrid,1281,724.0,454.2349250609969,539.295654296875,401.2808837890625,539.295654296875,656.8260498046875,True,False,60,False,2,600,0.9012597719464224,211.77179590356084,False,0.072,0.0,rolling
novelty_2_quantile_provisioning,hybrid,1282,851.0,533.9142558382712,537.6004638671875,399.95782470703125,537.6004638671875,658.1578369140625,True,False,60,False,2,800,0.794515261664094,170.27744030941204,False,0.1104,0.0336,rolling
novelty_2_quantile_provisioning,hybrid,1283,952.0,597.2812826768909,575.0718994140625,436.58502197265625,575.0718994140625,693.219970703125,True,False,60,False,2,800,0.8888114325548971,206.3867079302518,False,0.09599999999999999,0.0,rolling
novelty_2_quantile_provisioning,hybrid,1284,1150.0,721.5057511327989,610.29443359375,471.2481689453125,610.29443359375,728.60498046875,True,False,60,False,2,800,1.073669272519046,302.7840411955166,False,0.09599999999999999,0.0,rolling
novelty_2_quantile_provisioning,hybrid,1285,838.0,525.7581038689439,676.1368408203125,535.903564453125,676.1368408203125,792.3056640625,True,False,60,False,2,800,0.782378130757357,166.20304608649957,False,0.09599999999999999,0.0,rolling
novelty_2_quantile_provisioning,hybrid,1286,840.0,527.0128964796096,602.403564453125,464.41357421875,602.403564453125,735.4552001953125,True,False,60,False,3,600,0.6971070059254095,140.97767304834576,False,0.1272,0.040799999999999996,rolling
novelty_2_quantile_provisioning,hybrid,1287,919.0,576.5772046009063,602.2804565429688,463.840087890625,602.2804565429688,735.25,True,False,60,False,2,800,0.8580017925608724,193.69388075563108,False,0.11759999999999998,0.040799999999999996,rolling
novelty_2_quantile_provisioning,hybrid,1288,1014.0,636.1798536075288,623.8070068359375,484.6549987792969,623.8070068359375,753.972900390625,True,False,60,False,2,800,0.9466962107254893,232.72299121318997,False,0.09599999999999999,0.0,rolling
novelty_2_quantile_provisioning,hybrid,1289,1005.0,630.533286859533,653.6392822265625,513.8800048828125,653.6392822265625,781.923828125,True,False,60,False,2,800,0.9382935816362098,228.69238988381306,False,0.09599999999999999,0.0,rolling
novelty_2_quantile_provisioning,hybrid,1290,799.0,501.28964796096204,657.4395141601562,517.8248291015625,657.4395141601562,788.8031005859375,True,False,60,False,2,800,0.7459667380371459,154.71897308583806,False,0.09599999999999999,0.0,rolling
novelty_2_quantile_provisioning,hybrid,1291,741.0,464.90066225165566,603.370849609375,465.06988525390625,603.370849609375,742.919921875,True,False,60,False,2,800,0.6918164616840115,139.59985188502904,False,0.09599999999999999,0.0,rolling
novelty_2_quantile_provisioning,hybrid,1292,968.0,607.3196235622169,582.1148071289062,443.886962890625,582.1148071289062,721.0777587890625,True,False,60,False,2,800,0.9037494398247274,212.86684680058372,False,0.09599999999999999,0.0,rolling
novelty_2_quantile_provisioning,hybrid,1293,938.0,588.4977344022308,638.383056640625,498.5433044433594,638.383056640625,767.1351318359375,True,False,60,False,2,800,0.8757406761937958,200.89242010109126,False,0.09599999999999999,0.0,rolling
novelty_2_quantile_provisioning,hybrid,1294,830.0,520.7389334262809,633.1524658203125,493.7976379394531,633.1524658203125,764.1190185546875,True,False,60,False,2,800,0.7749091271224419,163.75771747386264,False,0.09599999999999999,0.0,rolling
novelty_2_quantile_provisioning,hybrid,1295,838.0,525.7581038689439,603.6746826171875,465.104248046875,603.6746826171875,738.4132080078125,True,False,60,False,2,800,0.782378130757357,166.20304608649957,False,0.09599999999999999,0.0,rolling
novelty_2_quantile_provisioning,hybrid,1296,634.0,397.7692575810387,603.3099975585938,464.5505676269531,603.3099975585938,736.726806640625,True,False,60,False,2,800,0.5919185380670219,117.33002924487926,False,0.09599999999999999,0.0,rolling
novelty_2_quantile_provisioning,hybrid,1297,639.0,400.906239107703,545.822265625,408.3778991699219,545.822265625,684.3473510742188,True,False,60,False,2,800,0.5965866653388437,118.22021546012098,False,0.09599999999999999,0.0,rolling
novelty_2_quantile_provisioning,hybrid,1298,701.0,439.8048100383409,537.575927734375,399.8703918457031,537.575927734375,671.5499267578125,True,False,60,False,2,800,0.6544714435094359,130.45969375516736,False,0.09599999999999999,0.0,rolling
novelty_2_quantile_provisioning,hybrid,1299,726.0,455.4897176716626,546.8310546875,408.72503662109375,546.8310546875,675.4139404296875,True,False,60,False,2,800,0.6778120798685455,136.05320099399626,False,0.09599999999999999,0.0,rolling
novelty_2_quantile_provisioning,hybrid,1300,777.0,487.4869292436389,550.5045776367188,412.38922119140625,550.5045776367188,676.7821044921875,True,False,60,False,2,800,0.7254269780411293,148.7153262682226,False,0.09599999999999999,0.0,rolling
novelty_2_quantile_provisioning,hybrid,1301,819.0,513.8375740676194,563.689697265625,425.34906005859375,563.689697265625,688.114013671875,True,False,60,False,2,800,0.7646392471244335,160.47153058860675,False,0.09599999999999999,0.0,rolling
novelty_2_quantile_provisioning,hybrid,1302,723.0,453.607528755664,576.757080078125,438.2586669921875,576.757080078125,700.671630859375,True,False,60,False,2,800,0.6750112035054524,135.3611940282245,False,0.09599999999999999,0.0,rolling
novelty_2_quantile_provisioning,hybrid,1303,793.0,497.5252701289648,552.64306640625,414.908203125,552.64306640625,680.5126953125,True,False,60,False,2,800,0.7403649853109595,153.04830085756896,False,0.09599999999999999,0.0,rolling
novelty_2_quantile_provisioning,hybrid,1304,828.0,519.4841408156152,569.800048828125,431.51678466796875,569.800048828125,694.8294677734375,True,False,60,False,2,800,0.7730418762137131,163.1536978081442,False,0.09599999999999999,0.0,rolling
novelty_2_quantile_provisioning,hybrid,1305,798.0,500.6622516556292,580.9295043945312,442.46429443359375,580.9295043945312,705.560546875,True,False,60,False,2,800,0.7450331125827815,154.4387772291851,False,0.09599999999999999,0.0,rolling
novelty_2_quantile_provisioning,hybrid,1306,836.0,524.5033112582781,575.2186889648438,436.99847412109375,575.2186889648438,701.94287109375,True,False,60,False,2,800,0.7805108798486282,165.58731237840004,False,0.09599999999999999,0.0,rolling
novelty_2_quantile_provisioning,hybrid,1307,962.0,603.5552457302196,587.0745239257812,448.53741455078125,587.0745239257812,713.3123779296875,True,False,60,False,2,800,0.898147687098541,210.41146468958866,False,0.09599999999999999,0.0,rolling
novelty_2_quantile_provisioning,hybrid,1308,802.0,503.17183687696064,624.8348999023438,485.4720153808594,624.8348999023438,748.291015625,True,False,60,False,2,800,0.7487676144002391,155.56377764074176,False,0.09599999999999999,0.0,rolling
novelty_2_quantile_provisioning,hybrid,1309,1151.0,722.1331474381318,586.848388671875,448.6687927246094,586.848388671875,718.2891845703125,True,False,60,False,2,800,1.0746028979734104,303.365722471867,False,0.09599999999999999,0.0,rolling
novelty_2_quantile_provisioning,hybrid,1310,915.0,574.0676193795748,684.7275390625,544.091796875,684.7275390625,804.7135009765625,True,True,60,False,2,800,0.8542672907434149,192.21575575525503,False,0.09599999999999999,0.0,rolling
novelty_2_quantile_provisioning,hybrid,1311,666.0,417.8459393516905,629.9945068359375,491.23828125,629.9945068359375,763.29638671875,True,False,60,False,2,900,0.5527062689837176,110.39174780203433,False,0.1272,0.040799999999999996,rolling
novelty_2_quantile_provisioning,hybrid,1312,587.0,368.2816312303939,561.6619873046875,424.29083251953125,561.6619873046875,702.80712890625,True,False,60,False,2,800,0.5480381417118957,109.62817220918203,False,0.11759999999999998,0.040799999999999996,rolling
novelty_2_quantile_provisioning,hybrid,1313,706.0,442.94179156500525,531.2315063476562,393.94573974609375,531.2315063476562,670.384765625,True,False,60,False,2,800,0.6591395707812578,131.54715013940918,False,0.09599999999999999,0.0,rolling
novelty_2_quantile_provisioning,hybrid,1314,518.0,324.9912861624259,552.6766357421875,414.3953857421875,552.6766357421875,683.3720703125,True,False,60,False,2,800,0.48361798536075284,100.36009667206596,False,0.09599999999999999,0.0,rolling
novelty_2_quantile_provisioning,hybrid,1315,629.0,394.63227605437436,499.3077087402344,362.44915771484375,499.3077087402344,633.41162109375,True,False,60,False,2,800,0.5872504107951999,116.45377366977408,False,0.09599999999999999,0.0,rolling
novelty_2_quantile_provisioning,hybrid,1316,623.0,390.86789822237716,519.105224609375,381.3932189941406,519.105224609375,645.6736450195312,True,False,60,False,2,600,0.7755315440920182,163.95970545160017,False,0.0912,0.0336,rolling
novelty_2_quantile_provisioning,hybrid,1317,742.0,465.5280585569885,514.369873046875,376.90240478515625,514.369873046875,639.4879150390625,True,False,60,False,2,600,0.9236667828511677,221.8464536002902,False,0.072,0.0,rolling
novelty_2_quantile_provisioning,hybrid,1318,944.0,592.262112234228,543.3448486328125,405.22625732421875,543.3448486328125,663.6649169921875,True,False,60,False,2,600,1.1751232385599761,372.09407610486784,True,0.072,0.0,rolling
novelty_2_quantile_provisioning,hybrid,1319,945.0,592.8895085395608,601.68115234375,462.441650390625,601.68115234375,717.061767578125,True,False,60,False,2,800,0.8822760543743464,203.6192151736676,False,0.1104,0.0336,rolling
novelty_2_quantile_provisioning,hybrid,1320,905.0,567.793656326246,610.88134765625,471.9841003417969,610.88134765625,730.494873046875,True,False,60,False,2,800,0.8449310361997708,188.57661405627871,False,0.09599999999999999,0.0,rolling
novelty_2_quantile_provisioning,hybrid,1321,923.0,579.0867898222377,607.30810546875,468.71722412109375,607.30810546875,731.960205078125,True,False,60,False,2,800,0.86173629437833,195.18492917131115,False,0.09599999999999999,0.0,rolling
novelty_2_quantile_provisioning,hybrid,1322,902.0,565.9114674102475,617.2947998046875,478.4568786621094,617.2947998046875,743.7984619140625,True,False,60,False,2,800,0.8421301598366778,187.50042200815915,False,0.09599999999999999,0.0,rolling
novelty_2_quantile_provisioning,hybrid,1323,801.0,502.5444405716278,616.0931396484375,477.2994079589844,616.0931396484375,745.394287109375,True,False,60,False,2,800,0.7478339889458747,155.28147241271165,False,0.09599999999999999,0.0,rolling
novelty_2_quantile_provisioning,hybrid,1324,644.0,404.0432206343674,590.488037109375,452.2461853027344,590.488037109375,723.991455078125,True,False,60,False,2,800,0.6012547926106657,119.12444217859183,False,0.09599999999999999,0.0,rolling
novelty_2_quantile_provisioning,hybrid,1325,764.0,479.33077727431163,546.2760009765625,408.84588623046875,546.2760009765625,683.637451171875,True,False,60,False,2,800,0.7132898471343923,145.3236784312839,False,0.09599999999999999,0.0,rolling
novelty_2_quantile_provisioning,hybrid,1326,768.0,481.8403624956431,571.1971435546875,432.6949462890625,571.1971435546875,701.486572265625,True,False,60,False,2,800,0.7170243489518499,146.35508603483663,False,0.09599999999999999,0.0,rolling
novelty_2_quantile_provisioning,hybrid,1327,866.0,543.3252004182642,571.0752563476562,432.63580322265625,571.0752563476562,700.43603515625,True,False,60,False,2,800,0.8085196434795598,175.13585652560687,False,0.09599999999999999,0.0,rolling
novelty_2_quantile_provisioning,hybrid,1328,694.0,435.4130359010108,596.9505615234375,457.9454345703125,596.9505615234375,722.76123046875,True,False,60,False,2,800,0.6479360653288851,128.9631069212652,False,0.09599999999999999,0.0,rolling
novelty_2_quantile_provisioning,hybrid,1329,966.0,606.0648309515511,552.0348510742188,414.362060546875,552.0348510742188,684.033935546875,True,False,60,False,2,800,0.9018821889159987,212.04499235274753,False,0.09599999999999999,0.0,rolling
novelty_2_quantile_provisioning,hybrid,1330,744.0,466.78285116765426,622.318359375,482.7214660644531,622.318359375,743.952392578125,True,False,60,False,2,800,0.6946173380471046,140.32667138866634,False,0.09599999999999999,0.0,rolling
novelty_2_quantile_provisioning,hybrid,1331,792.0,496.8978738236319,567.5548095703125,429.7300109863281,567.5548095703125,699.054931640625,True,False,60,False,2,800,0.7394313598565951,152.77230001324233,False,0.09599999999999999,0.0,rolling
novelty_2_quantile_provisioning,hybrid,1332,877.0,550.2265597769258,577.3836669921875,439.052490234375,577.3836669921875,706.140869140625,True,False,60,False,2,800,0.8187895234775682,178.80736931156378,False,0.09599999999999999,0.0,rolling
novelty_2_quantile_provisioning,hybrid,1333,632.0,396.51446497037296,600.2750244140625,461.3813781738281,600.2750244140625,726.10595703125,True,False,60,False,2,800,0.5900512871582931,116.97786149035399,False,0.09599999999999999,0.0,rolling
novelty_2_quantile_provisioning,hybrid,1334,635.0,398.39665388637155,536.5619506835938,399.38885498046875,536.5619506835938,671.0509033203125,True,False,60,False,2,800,0.5928521635213863,117.50694852109771,False,0.09599999999999999,0.0,rolling
novelty_2_quantile_provisioning,hybrid,1335,744.0,466.78285116765426,530.8802490234375,393.38739013671875,530.8802490234375,662.3652954101562,True,False,60,False,2,800,0.6946173380471046,140.32667138866634,False,0.09599999999999999,0.0,rolling
novelty_2_quantile_provisioning,hybrid,1336,716.0,449.2157546183339,554.9631958007812,416.6865234375,554.9631958007812,680.6812133789062,True,False,60,False,2,800,0.6684758253249017,133.76871077699363,False,0.09599999999999999,0.0,rolling
novelty_2_quantile_provisioning,hybrid,1337,616.0,386.47612408504705,547.5062255859375,409.57879638671875,547.5062255859375,673.9600830078125,True,False,60,False,2,800,0.5751132798884628,114.23991619278752,False,0.09599999999999999,0.0,rolling
novelty_2_quantile_provisioning,hybrid,1338,787.0,493.7608922969676,519.5863037109375,382.3915710449219,519.5863037109375,648.4376220703125,True,False,60,False,2,800,0.7347632325847732,151.40271960183105,False,0.09599999999999999,0.0,rolling
novelty_2_quantile_provisioning,hybrid,1339,680.0,426.6294876263507,561.4686279296875,423.0310363769531,561.4686279296875,683.41455078125,True,False,60,False,2,600,0.8464870786237116,189.1775902647678,False,0.0912,0.0336,rolling
novelty_2_quantile_provisioning,hybrid,1340,597.0,374.55559428372254,534.98388671875,397.50115966796875,534.98388671875,661.1951904296875,True,False,60,False,2,800,0.5573743962555395,111.1683311850457,False,0.1104,0.0336,rolling
novelty_2_quantile_provisioning,hybrid,1341,806.0,505.6814220982921,511.4639587402344,374.4842529296875,511.4639587402344,639.4992065429688,True,False,60,False,2,800,0.7525021162176966,156.7000561579282,False,0.09599999999999999,0.0,rolling
novelty_2_quantile_provisioning,hybrid,1342,1023.0,641.8264203555245,563.346923828125,424.85162353515625,563.346923828125,683.2391357421875,True,False,60,False,2,600,1.273465119753025,451.73518341812434,True,0.0912,0.0336,rolling
novelty_2_quantile_provisioning,hybrid,1343,596.0,373.9281979783897,628.3245849609375,488.635986328125,628.3245849609375,743.3038330078125,True,False,60,False,2,800,0.5564407708011752,111.01196861180225,False,0.1104,0.0336,rolling
novelty_2_quantile_provisioning,hybrid,1344,766.0,480.58556988497736,523.3024291992188,386.7662353515625,523.3024291992188,656.96435546875,True,False,60,False,2,800,0.7151570980431211,145.83803575099788,False,0.09599999999999999,0.0,rolling
novelty_2_quantile_provisioning,hybrid,1345,589.0,369.5364238410596,562.1449584960938,423.967529296875,562.1449584960938,688.0442504882812,True,False,60,False,2,600,0.7332071901608326,150.95004099020275,False,0.0912,0.0336,rolling
novelty_2_quantile_provisioning,hybrid,1346,741.0,464.90066225165566,515.372314453125,378.4398193359375,515.372314453125,646.572021484375,True,False,60,False,2,800,0.6918164616840115,139.59985188502904,False,0.1104,0.0336,rolling
novelty_2_quantile_provisioning,hybrid,1347,716.0,449.2157546183339,550.1322021484375,411.97747802734375,550.1322021484375,674.1500244140625,True,False,60,False,2,600,0.8913011004332022,207.4517588787997,False,0.0912,0.0336,rolling
novelty_2_quantile_provisioning,hybrid,1348,747.0,468.66504008365285,544.8062744140625,406.9554443359375,544.8062744140625,670.0404052734375,True,False,60,False,2,800,0.6974182144101977,141.05937603844586,False,0.1104,0.0336,rolling
novelty_2_quantile_provisioning,hybrid,1349,846.0,530.7772743116068,552.9888916015625,414.9671630859375,552.9888916015625,677.2301025390625,True,False,60,False,2,800,0.789847134392272,168.69551211817776,False,0.09599999999999999,0.0,rolling
novelty_2_quantile_provisioning,hybrid,1350,777.0,487.4869292436389,581.4099731445312,442.77130126953125,581.4099731445312,703.2763671875,True,False,60,False,2,800,0.7254269780411293,148.7153262682226,False,0.09599999999999999,0.0,rolling
novelty_2_quantile_provisioning,hybrid,1351,774.0,485.6047403276403,567.356689453125,429.29608154296875,567.356689453125,693.613037109375,True,False,60,False,2,800,0.7226261016780361,147.92246498348112,False,0.09599999999999999,0.0,rolling
novelty_2_quantile_provisioning,hybrid,1352,747.0,468.66504008365285,567.037109375,428.94610595703125,567.037109375,693.7535400390625,True,False,60,False,2,800,0.6974182144101977,141.05937603844586,False,0.09599999999999999,0.0,rolling
novelty_2_quantile_provisioning,hybrid,1353,740.0,464.2732659463228,559.3865356445312,421.46307373046875,559.3865356445312,686.8226318359375,True,False,60,False,2,800,0.690882836229647,139.3588824258483,False,0.09599999999999999,0.0,rolling
novelty_2_quantile_provisioning,hybrid,1354,771.0,483.7225514116417,557.3986206054688,419.43878173828125,557.3986206054688,684.973388671875,True,False,60,False,2,800,0.719825225314943,147.13572614916177,False,0.09599999999999999,0.0,rolling
novelty_2_quantile_provisioning,hybrid,1355,745.0,467.4102474729871,565.0706787109375,426.87188720703125,565.0706787109375,691.3216552734375,True,False,60,False,2,800,0.6955509635014689,140.5702511949263,False,0.09599999999999999,0.0,rolling
novelty_2_quantile_provisioning,hybrid,1356,667.0,418.47333565702337,559.0595703125,421.04345703125,559.0595703125,686.523193359375,True,False,60,False,2,800,0.6227281780610466,123.46783984573963,False,0.09599999999999999,0.0,rolling
novelty_2_quantile_provisioning,hybrid,1357,994.0,623.6319275008714,537.4077758789062,399.894287109375,537.4077758789062,666.891845703125,True,False,60,False,2,800,0.9280237016382015,223.86319783617557,False,0.09599999999999999,0.0,rolling
novelty_2_quantile_provisioning,hybrid,1358,812.0,509.4457999302893,624.2454833984375,484.4696044921875,624.2454833984375,742.1942138671875,True,True,60,False,2,800,0.7581038689438829,158.42574342842744,False,0.09599999999999999,0.0,rolling
novelty_2_quantile_provisioning,hybrid,1359,794.0,498.15266643429766,583.282470703125,445.08544921875,583.282470703125,711.3302001953125,True,False,60,False,2,900,0.6589320984580657,131.49849015193098,False,0.1272,0.040799999999999996,rolling
novelty_2_quantile_provisioning,hybrid,1360,803.0,503.7992331822935,578.66162109375,440.4544372558594,578.66162109375,707.658935546875,True,False,60,False,2,800,0.7497012398546035,155.84678775037372,False,0.11759999999999998,0.040799999999999996,rolling
novelty_2_quantile_provisioning,hybrid,1361,648.0,406.55280585569886,580.8157348632812,442.45611572265625,580.8157348632812,709.43603515625,True,False,60,False,2,800,0.6049892944281233,119.8580065436917,False,0.09599999999999999,0.0,rolling
novelty_2_quantile_provisioning,hybrid,1362,550.0,345.06796793307774,538.8201904296875,401.463134765625,538.8201904296875,671.9925537109375,True,False,60,False,2,800,0.5134939999004133,104.37129603281275,False,0.09599999999999999,0.0,rolling
novelty_2_quantile_provisioning,hybrid,1363,765.0,479.9581735796445,507.1475524902344,370.2500305175781,507.1475524902344,640.4194946289062,True,False,60,False,2,800,0.7142234725887567,145.58052091007767,False,0.09599999999999999,0.0,rolling
novelty_2_quantile_provisioning,hybrid,1364,700.0,439.17741373300805,556.6196899414062,418.1247253417969,556.6196899414062,679.8289184570312,True,False,60,False,2,600,0.871383757406762,199.09701767255038,False,0.0912,0.0336,rolling
novelty_2_quantile_provisioning,hybrid,1365,590.0,370.1638201463925,540.935546875,403.14678955078125,540.935546875,666.7315673828125,True,False,60,False,2,800,0.5508390180749888,110.0847627824075,False,0.1104,0.0336,rolling
novelty_2_quantile_provisioning,hybrid,1366,540.0,338.794004879749,510.8177185058594,373.8085021972656,510.8177185058594,639.4772338867188,True,False,60,False,2,800,0.5041577453567694,103.06597600908084,False,0.09599999999999999,0.0,rolling
novelty_2_quantile_provisioning,hybrid,1367,589.0,369.5364238410596,493.21038818359375,356.44427490234375,493.21038818359375,621.2264404296875,True,False,60,False,2,600,0.7332071901608326,150.95004099020275,False,0.0912,0.0336,rolling
novelty_2_quantile_provisioning,hybrid,1368,505.0,316.83513419309867,499.9800109863281,362.8741149902344,499.9800109863281,623.7400512695312,True,False,60,False,2,600,0.6286411392720211,124.71784854411308,False,0.072,0.0,rolling
novelty_2_quantile_provisioning,hybrid,1369,567.0,355.7337051237365,475.9004211425781,339.48638916015625,475.9004211425781,600.867919921875,True,False,60,False,2,600,0.7058208434994772,143.29303816891783,False,0.072,0.0,rolling
novelty_2_quantile_provisioning,hybrid,1370,867.0,543.9525967235971,487.5114440917969,350.6556396484375,487.5114440917969,608.6237182617188,True,False,60,False,2,600,1.0792710252452324,306.28932072205805,False,0.072,0.0,rolling
novelty_2_quantile_provisioning,hybrid,1371,774.0,485.6047403276403,566.8917846679688,428.1020812988281,566.8917846679688,678.4718627929688,True,False,60,False,2,600,0.9635014689040482,241.00139847936268,False,0.072,0.0,rolling
novelty_2_quantile_provisioning,hybrid,1372,780.0,489.36911815963754,551.921630859375,414.1447448730469,551.921630859375,671.2455444335938,True,False,60,False,2,800,0.7282278544042226,149.51433373381428,False,0.1104,0.0336,rolling
novelty_2_quantile_provisioning,hybrid,1373,693.0,434.78563959567794,558.3001708984375,420.4298400878906,558.3001708984375,679.94580078125,True,False,60,False,2,800,0.6470024398745208,128.75175567293383,False,0.09599999999999999,0.0,rolling
novelty_2_quantile_provisioning,hybrid,1374,539.0,338.16660857441616,537.9481201171875,400.61944580078125,537.9481201171875,663.8263549804688,True,False,60,False,2,800,0.503224119902405,102.93806885571509,False,0.09599999999999999,0.0,rolling
novelty_2_quantile_provisioning,hybrid,1375,728.0,456.74451028232835,496.4687194824219,360.0289001464844,496.4687194824219,626.4749145507812,True,False,60,False,2,800,0.6796793307772744,136.51772793054414,False,0.09599999999999999,0.0,rolling
novelty_2_quantile_provisioning,hybrid,1376,945.0,592.8895085395608,540.7119140625,402.7165222167969,540.7119140625,662.4385986328125,True,False,60,False,2,600,1.1763680724991286,373.023324856101,True,0.0912,0.0336,rolling
novelty_2_quantile_provisioning,hybrid,1377,747.0,468.66504008365285,603.082763671875,463.7843017578125,603.082763671875,719.0946044921875,True,False,60,False,2,800,0.6974182144101977,141.05937603844586,False,0.1104,0.0336,rolling
novelty_2_quantile_provisioning,hybrid,1378,908.0,569.6758452422447,558.6048583984375,420.9190673828125,558.6048583984375,685.3934326171875,True,False,60,False,2,800,0.8477319125628642,189.6599647835096,False,0.09599999999999999,0.0,rolling
novelty_2_quantile_provisioning,hybrid,1379,957.0,600.4182642035553,603.5277099609375,464.55853271484375,603.5277099609375,725.8919677734375,True,False,60,False,2,800,0.8934795598267191,208.3885724119623,False,0.09599999999999999,0.0,rolling
novelty_2_quantile_provisioning,hybrid,1380,845.0,530.149878006274,623.623779296875,484.43182373046875,623.623779296875,747.322265625,True,False,60,False,2,800,0.7889135089379077,168.38136065578124,False,0.09599999999999999,0.0,rolling
novelty_2_quantile_provisioning,hybrid,1381,802.0,503.17183687696064,598.1948852539062,459.8133850097656,598.1948852539062,728.1756591796875,True,False,60,False,2,800,0.7487676144002391,155.56377764074176,False,0.09599999999999999,0.0,rolling
novelty_2_quantile_provisioning,hybrid,1382,763.0,478.70338096897876,586.744384765625,448.47515869140625,586.744384765625,718.3515625,True,False,60,False,2,800,0.7123562216800279,145.0675074357119,False,0.09599999999999999,0.0,rolling
novelty_2_quantile_provisioning,hybrid,1383,838.0,525.7581038689439,574.6642456054688,436.510498046875,574.6642456054688,706.77880859375,True,False,60,False,2,800,0.782378130757357,166.20304608649957,False,0.09599999999999999,0.0,rolling
novelty_2_quantile_provisioning,hybrid,1384,838.0,525.7581038689439,593.041015625,454.27850341796875,593.041015625,721.756103515625,True,False,60,False,2,800,0.782378130757357,166.20304608649957,False,0.09599999999999999,0.0,rolling
novelty_2_quantile_provisioning,hybrid,1385,673.0,422.23771348902056,594.6713256835938,455.94989013671875,594.6713256835938,723.9952392578125,True,False,60,False,2,800,0.628329930787233,124.6514687698828,False,0.09599999999999999,0.0,rolling
novelty_2_quantile_provisioning,hybrid,1386,794.0,498.15266643429766,550.200439453125,412.5936279296875,550.200439453125,684.6931762695312,True,False,60,False,2,800,0.7412986107653239,153.32499867335483,False,0.09599999999999999,0.0,rolling
novelty_2_quantile_provisioning,hybrid,1387,861.0,540.1882188915998,576.522705078125,437.94793701171875,576.522705078125,704.4927978515625,True,False,60,False,2,800,0.8038515162077379,173.497502650034,False,0.09599999999999999,0.0,rolling
novelty_2_quantile_provisioning,hybrid,1388,786.0,493.13349599163473,595.2102661132812,456.309326171875,595.2102661132812,721.085693359375,True,False,60,False,2,800,0.7338296071304088,151.13088212926002,False,0.09599999999999999,0.0,rolling
novelty_2_quantile_provisioning,hybrid,1389,1001.0,628.0237016382015,576.75341796875,438.50054931640625,576.75341796875,705.943603515625,True,False,60,False,2,800,0.9345590798187522,226.9240153819418,False,0.09599999999999999,0.0,rolling
novelty_2_quantile_provisioning,hybrid,1390,877.0,550.2265597769258,635.608642578125,495.912353515625,635.608642578125,757.6737060546875,True,False,60,False,2,800,0.8187895234775682,178.80736931156378,False,0.09599999999999999,0.0,rolling
novelty_2_quantile_provisioning,hybrid,1391,830.0,520.7389334262809,608.515625,469.8711242675781,608.515625,738.0245361328125,True,False,60,False,2,800,0.7749091271224419,163.75771747386264,False,0.09599999999999999,0.0,rolling
novelty_2_quantile_provisioning,hybrid,1392,538.0,337.5392122690833,596.7619018554688,458.3070983886719,596.7619018554688,728.4869384765625,True,False,60,False,2,800,0.5022904944480406,102.81063543200446,False,0.09599999999999999,0.0,rolling
novelty_2_quantile_provisioning,hybrid,1393,906.0,568.421052631579,517.1014404296875,380.4619140625,517.1014404296875,656.90576171875,True,False,60,False,2,800,0.8458646616541353,188.93693438469256,False,0.09599999999999999,0.0,rolling
novelty_2_quantile_provisioning,hybrid,1394,608.0,381.4569536423841,604.853759765625,465.37628173828125,604.853759765625,728.290283203125,True,False,60,False,2,600,0.7568590350047304,158.04004374364618,False,0.0912,0.0336,rolling
novelty_2_quantile_provisioning,hybrid,1395,715.0,448.58835831300104,528.419189453125,391.28814697265625,528.419189453125,662.5897216796875,True,False,60,False,2,800,0.6675421998705373,133.5437373840896,False,0.1104,0.0336,rolling
novelty_2_quantile_provisioning,hybrid,1396,791.0,496.27047751829906,550.0775146484375,411.98040771484375,550.0775146484375,678.0375366210938,True,False,60,False,2,800,0.7384977344022308,152.49699526147012,False,0.09599999999999999,0.0,rolling
novelty_2_quantile_provisioning,hybrid,1397,724.0,454.2349250609969,568.9908447265625,430.48974609375,568.9908447265625,693.7421264648438,True,False,60,False,2,800,0.6759448289598168,135.59122639681473,False,0.09599999999999999,0.0,rolling
novelty_2_quantile_provisioning,hybrid,1398,818.0,513.2101777622865,552.1017456054688,414.21722412109375,552.1017456054688,679.4627685546875,True,False,60,False,2,800,0.7637056216700693,160.1771228423003,False,0.09599999999999999,0.0,rolling
novelty_2_quantile_provisioning,hybrid,1399,622.0,390.2405019170443,576.4779052734375,437.95050048828125,576.4779052734375,700.5267333984375,True,False,60,False,2,800,0.5807150326146493,115.25021016072805,False,0.09599999999999999,0.0,rolling
novelty_2_quantile_provisioning,hybrid,1400,686.0,430.3938654583479,525.4058837890625,388.33905029296875,525.4058837890625,656.1591796875,True,False,60,False,2,800,0.64046706169397,127.28930198353284,False,0.09599999999999999,0.0,rolling
novelty_2_quantile_provisioning,hybrid,1401,810.0,508.19100731962357,537.065673828125,399.36895751953125,537.065673828125,663.5610961914062,True,False,60,False,2,800,0.7562366180351541,157.84766903064784,False,0.09599999999999999,0.0,rolling
novelty_2_quantile_provisioning,hybrid,1402,862.0,540.8156151969328,569.1212768554688,430.625,569.1212768554688,691.0527954101562,True,False,60,False,2,800,0.8047851416621024,173.82365643556653,False,0.09599999999999999,0.0,rolling
novelty_2_quantile_provisioning,hybrid,1403,722.0,452.98013245033115,587.73046875,449.0345458984375,587.73046875,709.946044921875,True,False,60,False,2,800,0.674077578051088,135.13179710776166,False,0.09599999999999999,0.0,rolling
novelty_2_quantile_provisioning,hybrid,1404,622.0,390.2405019170443,553.6590576171875,416.0193176269531,553.6590576171875,682.1774291992188,True,False,60,False,2,800,0.5807150326146493,115.25021016072805,False,0.09599999999999999,0.0,rolling
novelty_2_quantile_provisioning,hybrid,1405,553.0,346.95015684907634,525.5657958984375,388.41656494140625,525.5657958984375,656.5330810546875,True,False,60,False,2,800,0.5162948762635065,104.77227830310824,False,0.09599999999999999,0.0,rolling
novelty_2_quantile_provisioning,hybrid,1406,730.0,457.9993028929941,502.3089904785156,365.455322265625,502.3089904785156,632.8419799804688,True,False,60,False,2,800,0.6815465816860031,136.98481423769627,False,0.09599999999999999,0.0,rolling
novelty_2_quantile_provisioning,hybrid,1407,746.0,468.03764377832,542.8241577148438,404.6736145019531,542.8241577148438,665.0576171875,True,False,60,False,2,600,0.9286461186077778,224.15285519459056,False,0.0912,0.0336,rolling
novelty_2_quantile_provisioning,hybrid,1408,1057.0,663.1578947368421,548.9459838867188,410.9112854003906,548.9459838867188,671.3419189453125,True,False,60,False,2,800,0.9868421052631579,252.98781710161828,False,0.1104,0.0336,rolling
novelty_2_quantile_provisioning,hybrid,1409,1060.0,665.0400836528407,637.469970703125,497.485595703125,637.469970703125,751.0474853515625,True,False,60,False,2,800,0.9896429816262511,254.46493473067767,False,0.09599999999999999,0.0,rolling
novelty_2_quantile_provisioning,hybrid,1410,740.0,464.2732659463228,652.4439086914062,512.8203125,652.4439086914062,772.399658203125,True,False,60,False,2,800,0.690882836229647,139.3588824258483,False,0.09599999999999999,0.0,rolling
novelty_2_quantile_provisioning,hybrid,1411,713.0,447.3335657023353,573.5513305664062,436.09051513671875,573.5513305664062,708.6363525390625,True,False,60,False,2,800,0.6656749489618085,133.09567497004508,False,0.09599999999999999,0.0,rolling
novelty_2_quantile_provisioning,hybrid,1412,900.0,564.6566747995818,561.43603515625,423.70343017578125,561.43603515625,695.4251708984375,True,False,60,False,2,800,0.8402629089279491,186.78692596796688,False,0.09599999999999999,0.0,rolling
novelty_2_quantile_provisioning,hybrid,1413,805.0,505.05402579295924,608.03662109375,468.87567138671875,608.03662109375,733.976806640625,True,False,60,False,2,800,0.7515684907633322,156.4149261300622,False,0.09599999999999999,0.0,rolling
novelty_2_quantile_provisioning,hybrid,1414,836.0,524.5033112582781,585.6414184570312,447.262939453125,585.6414184570312,716.0577392578125,True,False,60,False,2,800,0.7805108798486282,165.58731237840004,False,0.09599999999999999,0.0,rolling
novelty_2_quantile_provisioning,hybrid,1415,657.0,412.19937260369466,594.0043334960938,455.3238220214844,594.0043334960938,723.4007568359375,True,False,60,False,2,800,0.6133919235174028,121.54192957928058,False,0.09599999999999999,0.0,rolling
novelty_2_quantile_provisioning,hybrid,1416,927.0,581.5963750435692,546.3599853515625,408.84674072265625,546.3599853515625,681.5477294921875,True,False,60,False,2,800,0.8654707961957875,196.68895725219852,False,0.09599999999999999,0.0,rolling
novelty_2_quantile_provisioning,hybrid,1417,891.0,559.0101080515859,613.9150390625,474.4147033691406,613.9150390625,737.990234375,True,False,60,False,2,800,0.8318602798386695,183.61524747979226,False,0.09599999999999999,0.0,rolling
novelty_2_quantile_provisioning,hybrid,1418,733.0,459.8814918089927,609.06298828125,470.098876953125,609.06298828125,736.472900390625,True,False,60,False,2,800,0.6843474580490962,137.69025789914042,False,0.09599999999999999,0.0,rolling
novelty_2_quantile_provisioning,hybrid,1419,659.0,413.4541652143604,567.128662109375,429.28814697265625,567.128662109375,700.2144775390625,True,False,60,False,2,800,0.6152591744261315,121.92246398430473,False,0.09599999999999999,0.0,rolling
novelty_2_quantile_provisioning,hybrid,1420,625.0,392.1226908330429,542.38818359375,404.87066650390625,542.38818359375,675.585205078125,True,False,60,False,2,800,0.5835159089777424,115.76272544259007,False,0.09599999999999999,0.0,rolling
novelty_2_quantile_provisioning,hybrid,1421,817.0,512.5827814569536,527.8236083984375,390.378662109375,527.8236083984375,659.3778076171875,True,False,60,False,2,800,0.7627719962157048,159.8834340400715,False,0.09599999999999999,0.0,rolling
novelty_2_quantile_provisioning,hybrid,1422,673.0,422.23771348902056,574.363525390625,435.5819396972656,574.363525390625,697.5985107421875,True,False,60,False,2,800,0.628329930787233,124.6514687698828,False,0.09599999999999999,0.0,rolling
novelty_2_quantile_provisioning,hybrid,1423,534.0,335.02962704775183,537.879638671875,400.339599609375,537.879638671875,666.4649658203125,True,False,60,False,2,800,0.4985559926305831,102.30562145561827,False,0.09599999999999999,0.0,rolling
novelty_2_quantile_provisioning,hybrid,1424,637.0,399.6514464970373,498.085693359375,361.4191589355469,498.085693359375,629.3240966796875,True,False,60,False,2,800,0.594719414430115,117.86246226596998,False,0.09599999999999999,0.0,rolling
novelty_2_quantile_provisioning,hybrid,1425,667.0,418.47333565702337,517.7106323242188,380.18951416015625,517.7106323242188,642.55615234375,True,False,60,False,2,600,0.8303042374147289,183.03487963434583,False,0.0912,0.0336,rolling
novelty_2_quantile_provisioning,hybrid,1426,727.0,456.1171139769955,524.2360229492188,386.6285705566406,524.2360229492188,647.3623046875,True,False,60,False,2,600,0.90499427376388,213.4166399535337,False,0.072,0.0,rolling
novelty_2_quantile_provisioning,hybrid,1427,727.0,456.1171139769955,539.69580078125,401.8250732421875,539.69580078125,660.754150390625,True,False,60,False,2,600,0.90499427376388,213.4166399535337,False,0.072,0.0,rolling
novelty_2_quantile_provisioning,hybrid,1428,675.0,423.4925060996863,541.620361328125,403.8868408203125,541.620361328125,663.6344604492188,True,False,60,False,2,800,0.6301971816959617,125.05073439273602,False,0.1104,0.0336,rolling
novelty_2_quantile_provisioning,hybrid,1429,781.0,489.9965144649704,529.5234985351562,392.1683349609375,529.5234985351562,654.04443359375,True,False,60,False,2,800,0.7291614798585869,149.78203947520035,False,0.09599999999999999,0.0,rolling
novelty_2_quantile_provisioning,hybrid,1430,694.0,435.4130359010108,557.8046264648438,419.6551513671875,557.8046264648438,679.082275390625,True,False,60,False,2,800,0.6479360653288851,128.9631069212652,False,0.09599999999999999,0.0,rolling
novelty_2_quantile_provisioning,hybrid,1431,659.0,413.4541652143604,537.94287109375,400.4678955078125,537.94287109375,663.4940185546875,True,False,60,False,2,800,0.6152591744261315,121.92246398430473,False,0.09599999999999999,0.0,rolling
novelty_2_quantile_provisioning,hybrid,1432,585.0,367.02683861972815,527.7005615234375,390.3811340332031,527.7005615234375,653.9531860351562,True,False,60,False,2,800,0.5461708908031669,109.32635954395292,False,0.09599999999999999,0.0,rolling
novelty_2_quantile_provisioning,hybrid,1433,586.0,367.654234925061,506.5057067871094,369.6039123535156,506.5057067871094,634.109375,True,False,60,False,2,800,0.5471045162575313,109.47700835747851,False,0.09599999999999999,0.0,rolling
novelty_2_quantile_provisioning,hybrid,1434,667.0,418.47333565702337,503.2115783691406,366.17962646484375,503.2115783691406,629.04443359375,True,False,60,False,2,600,0.8303042374147289,183.03487963434583,False,0.0912,0.0336,rolling
novelty_2_quantile_provisioning,hybrid,1435,777.0,487.4869292436389,521.7571411132812,384.1680908203125,521.7571411132812,643.7833251953125,True,False,60,False,2,600,0.9672359707215057,242.88077337652769,False,0.072,0.0,rolling
novelty_2_quantile_provisioning,hybrid,1436,764.0,479.33077727431163,552.109130859375,413.9033508300781,552.109130859375,671.11962890625,True,False,60,False,2,600,0.9510531295125231,234.84131183711742,False,0.072,0.0,rolling
novelty_2_quantile_provisioning,hybrid,1437,821.0,515.0923666782851,553.0701904296875,415.1374206542969,553.0701904296875,674.6039428710938,True,False,60,False,2,800,0.7665064980331623,161.06250642907176,False,0.1104,0.0336,rolling
novelty_2_quantile_provisioning,hybrid,1438,547.0,343.18577901707914,571.6028442382812,433.3094482421875,571.6028442382812,692.932861328125,True,False,60,False,2,800,0.5106931235373201,103.9746643409826,False,0.09599999999999999,0.0,rolling
novelty_2_quantile_provisioning,hybrid,1439,679.0,426.00209132101776,502.4787902832031,366.0888977050781,502.4787902832031,633.9395141601562,True,False,60,False,2,800,0.6339316835134193,125.85639179807825,False,0.09599999999999999,0.0,rolling
