variant,system,tick,actual_request_rate,scaled_demand,predicted_demand,p10,p50,p90,monitored,burst,next_interval_seconds,after_stretched_interval,replicas,cpu_millicores,utilization,response_ms,slo_violation,resource_cost,rolling_overlap_cost,execution_backend
paper_hybrid_bilstm_dtr_rolling_fixed_monitor,hybrid,0,839.0,526.3855001742768,575.1495589335168,575.1495589335168,575.1495589335168,575.1495589335168,True,False,60,False,1,600,1.5,687.5,True,0.036,0.0,rolling
paper_hybrid_bilstm_dtr_rolling_fixed_monitor,hybrid,1,721.0,452.3527361449983,589.7437435462625,589.7437435462625,589.7437435462625,589.7437435462625,True,False,60,False,2,800,0.6731439525967237,134.9030347565214,False,0.10319999999999999,0.026399999999999996,rolling
paper_hybrid_bilstm_dtr_rolling_fixed_monitor,hybrid,2,992.0,622.3771348902056,558.8374481110486,558.8374481110486,558.8374481110486,558.8374481110486,True,False,60,False,2,800,0.9261564507294727,222.99655440276464,False,0.09599999999999999,0.0,rolling
paper_hybrid_bilstm_dtr_rolling_fixed_monitor,hybrid,3,948.0,594.7716974555594,626.3139887608213,626.3139887608213,626.3139887608213,626.3139887608213,True,False,60,False,2,800,0.8850769307374396,204.8002825299447,False,0.09599999999999999,0.0,rolling
paper_hybrid_bilstm_dtr_rolling_fixed_monitor,hybrid,4,1047.0,656.8839316835134,626.1618814635913,626.1618814635913,626.1618814635913,626.1618814635913,True,False,60,False,2,800,0.977505850719514,248.12434352106266,False,0.09599999999999999,0.0,rolling
paper_hybrid_bilstm_dtr_rolling_fixed_monitor,hybrid,5,1145.0,718.3687696061346,659.3568185502245,659.3568185502245,659.3568185502245,659.3568185502245,True,False,60,False,2,800,1.0690011452472241,299.8907783424432,False,0.09599999999999999,0.0,rolling
paper_hybrid_bilstm_dtr_rolling_fixed_monitor,hybrid,6,904.0,567.1662600209132,697.8354853388328,697.8354853388328,697.8354853388328,697.8354853388328,True,False,60,False,2,800,0.8439974107454066,188.2170891366551,False,0.09599999999999999,0.0,rolling
paper_hybrid_bilstm_dtr_rolling_fixed_monitor,hybrid,7,1008.0,632.4154757755316,643.8118188326753,643.8118188326753,643.8118188326753,643.8118188326753,True,False,60,False,3,600,0.8365284071104916,185.36941902754154,False,0.1272,0.040799999999999996,rolling
paper_hybrid_bilstm_dtr_rolling_fixed_monitor,hybrid,8,965.0,605.4374346462182,667.1604816203062,667.1604816203062,667.1604816203062,667.1604816203062,True,False,60,False,2,800,0.9009485634616342,211.63533910125068,False,0.11759999999999998,0.040799999999999996,rolling
paper_hybrid_bilstm_dtr_rolling_fixed_monitor,hybrid,9,1099.0,689.5085395608226,658.2601817727282,658.2601817727282,658.2601817727282,658.2601817727282,True,False,60,False,2,800,1.026054374346462,274.4391141456363,False,0.09599999999999999,0.0,rolling
paper_hybrid_bilstm_dtr_rolling_fixed_monitor,hybrid,10,931.0,584.1059602649007,695.708824954223,695.708824954223,695.708824954223,695.708824954223,True,False,60,False,2,800,0.869205298013245,198.20602124819663,False,0.09599999999999999,0.0,rolling
paper_hybrid_bilstm_dtr_rolling_fixed_monitor,hybrid,11,1011.0,634.2976646915301,656.671050658887,656.671050658887,656.671050658887,656.671050658887,True,False,60,False,3,600,0.8390180749887964,186.31302018467994,False,0.1272,0.040799999999999996,rolling
paper_hybrid_bilstm_dtr_rolling_fixed_monitor,hybrid,12,1169.0,733.4262809341234,674.5241028070777,674.5241028070777,674.5241028070777,674.5241028070777,True,False,60,False,2,800,1.0914081561519693,314.0098240147927,False,0.11759999999999998,0.040799999999999996,rolling
paper_hybrid_bilstm_dtr_rolling_fixed_monitor,hybrid,13,1013.0,635.5524573021959,720.2669286010832,720.2669286010832,720.2669286010832,720.2669286010832,True,False,60,False,2,800,0.9457625852711248,232.27159350213944,False,0.09599999999999999,0.0,rolling
paper_hybrid_bilstm_dtr_rolling_fixed_monitor,hybrid,14,842.0,528.2676890902753,687.0491128044487,687.0491128044487,687.0491128044487,687.0491128044487,True,False,60,False,3,600,0.6987667845109462,141.41426571413373,False,0.1272,0.040799999999999996,rolling
paper_hybrid_bilstm_dtr_rolling_fixed_monitor,hybrid,15,1180.0,740.327640292785,637.0144818427161,637.0144818427161,637.0144818427161,637.0144818427161,True,False,60,False,3,600,0.9792693654666468,249.0359236717985,False,0.108,0.0,rolling
paper_hybrid_bilstm_dtr_rolling_fixed_monitor,hybrid,16,1164.0,730.2892994074591,718.9158324026666,718.9158324026666,718.9158324026666,718.9158324026666,True,False,60,False,2,800,1.0867400288801474,311.0199563471697,False,0.11759999999999998,0.040799999999999996,rolling
paper_hybrid_bilstm_dtr_rolling_fixed_monitor,hybrid,17,1061.0,665.6674799581735,727.6073339179165,727.6073339179165,727.6073339179165,727.6073339179165,True,False,60,False,3,600,0.8805125396272137,202.87941662893772,False,0.1272,0.040799999999999996,rolling
paper_hybrid_bilstm_dtr_rolling_fixed_monitor,hybrid,18,1163.0,729.6619031021262,706.5733222625486,706.5733222625486,706.5733222625486,706.5733222625486,True,False,60,False,2,900,0.9651612474895849,241.83488120423087,False,0.1296,0.0432,rolling
paper_hybrid_bilstm_dtr_rolling_fixed_monitor,hybrid,19,1290.0,809.3412338794005,735.2049922665756,735.2049922665756,735.2049922665756,735.2049922665756,True,False,60,False,3,600,1.0705571876711648,300.85239846277466,False,0.1296,0.0432,rolling
paper_hybrid_bilstm_dtr_rolling_fixed_monitor,hybrid,20,974.0,611.084001394214,777.9355348532454,777.9355348532454,777.9355348532454,777.9355348532454,True,False,60,False,2,900,0.8083121711563678,175.06263755253104,False,0.1296,0.0432,rolling
paper_hybrid_bilstm_dtr_rolling_fixed_monitor,hybrid,21,1143.0,717.1139769954689,700.8291765839358,700.8291765839358,700.8291765839358,700.8291765839358,True,False,60,False,3,700,0.8130543956864726,176.74561984478692,False,0.1476,0.046799999999999994,rolling
paper_hybrid_bilstm_dtr_rolling_fixed_monitor,hybrid,22,925.0,580.3415824329035,737.5179575991542,737.5179575991542,737.5179575991542,737.5179575991542,True,False,60,False,3,600,0.7676475958107188,161.42507877345446,False,0.13319999999999999,0.046799999999999994,rolling
paper_hybrid_bilstm_dtr_rolling_fixed_monitor,hybrid,23,805.0,505.05402579295924,678.0399584629695,678.0399584629695,678.0399584629695,678.0399584629695,True,False,60,False,2,900,0.6680608806785175,133.66864496377482,False,0.1296,0.0432,rolling
paper_hybrid_bilstm_dtr_rolling_fixed_monitor,hybrid,24,778.0,488.1143255489718,632.7782117331608,632.7782117331608,632.7782117331608,632.7782117331608,True,False,60,False,3,600,0.6456538697737723,128.4475455977035,False,0.1296,0.0432,rolling
paper_hybrid_bilstm_dtr_rolling_fixed_monitor,hybrid,25,767.0,481.2129661903102,609.4258401862244,609.4258401862244,609.4258401862244,609.4258401862244,True,False,60,False,2,800,0.7160907234974855,146.09622383294928,False,0.11759999999999998,0.040799999999999996,rolling
paper_hybrid_bilstm_dtr_rolling_fixed_monitor,hybrid,26,673.0,422.23771348902056,591.8179996435429,591.8179996435429,591.8179996435429,591.8179996435429,True,False,60,False,2,800,0.628329930787233,124.6514687698828,False,0.09599999999999999,0.0,rolling
paper_hybrid_bilstm_dtr_rolling_fixed_monitor,hybrid,27,746.0,468.03764377832,555.3142712679564,555.3142712679564,555.3142712679564,555.3142712679564,True,False,60,False,2,800,0.6964845889558333,140.81448578521787,False,0.09599999999999999,0.0,rolling
paper_hybrid_bilstm_dtr_rolling_fixed_monitor,hybrid,28,670.0,420.35552457302197,561.3419684534701,561.3419684534701,561.3419684534701,561.3419684534701,True,False,60,False,2,800,0.6255290544241399,124.05700441001869,False,0.09599999999999999,0.0,rolling
paper_hybrid_bilstm_dtr_rolling_fixed_monitor,hybrid,29,702.0,440.4322063436738,535.4057717303917,535.4057717303917,535.4057717303917,535.4057717303917,True,False,60,False,2,800,0.6554050689638002,130.67594929195062,False,0.09599999999999999,0.0,rolling
paper_hybrid_bilstm_dtr_rolling_fixed_monitor,hybrid,30,635.0,398.39665388637155,534.982563761072,534.982563761072,534.982563761072,534.982563761072,True,False,60,False,2,800,0.5928521635213863,117.50694852109771,False,0.09599999999999999,0.0,rolling
paper_hybrid_bilstm_dtr_rolling_fixed_monitor,hybrid,31,779.0,488.74172185430467,513.775709472357,513.775709472357,513.775709472357,513.775709472357,True,False,60,False,2,800,0.7272942289498582,149.24731353812584,False,0.09599999999999999,0.0,rolling
paper_hybrid_bilstm_dtr_rolling_fixed_monitor,hybrid,32,671.0,420.98292087835483,545.2607399391945,545.2607399391945,545.2607399391945,545.2607399391945,True,False,60,False,2,600,0.8352835731713389,184.89971948703038,False,0.0912,0.0336,rolling
paper_hybrid_bilstm_dtr_rolling_fixed_monitor,hybrid,33,650.0,407.8075984663646,520.8558032350802,520.8558032350802,520.8558032350802,520.8558032350802,True,False,60,False,2,800,0.6068565453368521,120.22820239225364,False,0.1104,0.0336,rolling
paper_hybrid_bilstm_dtr_rolling_fixed_monitor,hybrid,34,821.0,515.0923666782851,512.3150844601655,512.3150844601655,512.3150844601655,512.3150844601655,True,False,60,False,2,600,1.0220086640442165,272.14816338742946,False,0.0912,0.0336,rolling
paper_hybrid_bilstm_dtr_rolling_fixed_monitor,hybrid,35,626.0,392.75008713837576,554.7525387302917,554.7525387302917,554.7525387302917,554.7525387302917,True,False,60,False,2,600,0.7792660459094757,165.17845648338968,False,0.072,0.0,rolling
paper_hybrid_bilstm_dtr_rolling_fixed_monitor,hybrid,36,608.0,381.4569536423841,510.67027379103683,510.67027379103683,510.67027379103683,510.67027379103683,True,False,60,False,2,800,0.5676442762535479,112.92314345435074,False,0.1104,0.0336,rolling
paper_hybrid_bilstm_dtr_rolling_fixed_monitor,hybrid,37,366.0,229.6270477518299,500.1557725800267,500.1557725800267,500.1557725800267,500.1557725800267,True,False,60,False,2,600,0.45560922172982127,97.02354576198239,False,0.0912,0.0336,rolling
paper_hybrid_bilstm_dtr_rolling_fixed_monitor,hybrid,38,379.0,237.7831997211572,432.44201583181894,432.44201583181894,432.44201583181894,432.44201583181894,True,False,60,False,2,600,0.47179206293880394,98.90272413170717,False,0.072,0.0,rolling
paper_hybrid_bilstm_dtr_rolling_fixed_monitor,hybrid,39,421.0,264.13384454513766,418.08779276270843,418.08779276270843,418.08779276270843,418.08779276270843,True,False,60,False,2,600,0.5240750883832096,105.90914334815017,False,0.072,0.0,rolling
paper_hybrid_bilstm_dtr_rolling_fixed_monitor,hybrid,40,601.0,377.06517950505406,417.0007650434127,417.0007650434127,417.0007650434127,417.0007650434127,True,False,60,False,2,600,0.7481451974306628,155.37549588946374,False,0.072,0.0,rolling
paper_hybrid_bilstm_dtr_rolling_fixed_monitor,hybrid,41,665.0,417.21854304635764,457.520766669752,457.520766669752,457.520766669752,457.520766669752,True,False,60,False,2,600,0.8278145695364238,182.11080552700287,False,0.072,0.0,rolling
paper_hybrid_bilstm_dtr_rolling_fixed_monitor,hybrid,42,709.0,444.82398048100384,480.2773525254006,480.2773525254006,480.2773525254006,480.2773525254006,True,False,60,False,2,600,0.8825872628591346,203.7500753059026,False,0.072,0.0,rolling
paper_hybrid_bilstm_dtr_rolling_fixed_monitor,hybrid,43,622.0,390.2405019170443,500.1642738270061,500.1642738270061,500.1642738270061,500.1642738270061,True,False,60,False,2,600,0.7742867101528657,163.5560537143183,False,0.072,0.0,rolling
paper_hybrid_bilstm_dtr_rolling_fixed_monitor,hybrid,44,595.0,373.3008016730568,485.7305050956488,485.7305050956488,485.7305050956488,485.7305050956488,True,False,60,False,2,600,0.7406761937957477,153.140455978155,False,0.072,0.0,rolling
paper_hybrid_bilstm_dtr_rolling_fixed_monitor,hybrid,45,776.0,486.859532938306,479.1947319681367,479.1947319681367,479.1947319681367,479.1947319681367,True,False,60,False,2,600,0.9659911367823532,242.25269910802587,False,0.072,0.0,rolling
paper_hybrid_bilstm_dtr_rolling_fixed_monitor,hybrid,46,782.0,490.62391077030327,526.4003983967759,526.4003983967759,526.4003983967759,526.4003983967759,True,False,60,False,2,600,0.9734601404172684,246.04546759392872,False,0.072,0.0,rolling
paper_hybrid_bilstm_dtr_rolling_fixed_monitor,hybrid,47,777.0,487.4869292436389,538.4420173760973,538.4420173760973,538.4420173760973,538.4420173760973,True,False,60,False,2,800,0.7254269780411293,148.7153262682226,False,0.1104,0.0336,rolling
paper_hybrid_bilstm_dtr_rolling_fixed_monitor,hybrid,48,654.0,410.31718368769606,545.5283245147998,545.5283245147998,545.5283245147998,545.5283245147998,True,False,60,False,2,800,0.6105910471543096,120.97545657759115,False,0.09599999999999999,0.0,rolling
paper_hybrid_bilstm_dtr_rolling_fixed_monitor,hybrid,49,775.0,486.23213663297315,518.3707900032914,518.3707900032914,518.3707900032914,518.3707900032914,True,False,60,False,2,800,0.7235597271324006,148.18607063425287,False,0.09599999999999999,0.0,rolling
paper_hybrid_bilstm_dtr_rolling_fixed_monitor,hybrid,50,1009.0,633.0428720808644,547.1725812783179,547.1725812783179,547.1725812783179,547.1725812783179,True,False,60,False,2,600,1.2560374446048896,436.68123774556705,True,0.0912,0.0336,rolling
paper_hybrid_bilstm_dtr_rolling_fixed_monitor,hybrid,51,884.0,554.6183339142558,615.6171562725267,615.6171562725267,615.6171562725267,615.6171562725267,True,False,60,False,2,800,0.8253249016581188,181.19227307680876,False,0.1104,0.0336,rolling
paper_hybrid_bilstm_dtr_rolling_fixed_monitor,hybrid,52,613.0,384.59393516904845,598.6268000713553,598.6268000713553,598.6268000713553,598.6268000713553,True,False,60,False,2,800,0.5723124035253697,113.74209004585309,False,0.09599999999999999,0.0,rolling
paper_hybrid_bilstm_dtr_rolling_fixed_monitor,hybrid,53,1001.0,628.0237016382015,530.3260719559235,530.3260719559235,530.3260719559235,530.3260719559235,True,False,60,False,2,800,0.9345590798187522,226.9240153819418,False,0.09599999999999999,0.0,rolling
paper_hybrid_bilstm_dtr_rolling_fixed_monitor,hybrid,54,728.0,456.74451028232835,622.5403502503459,622.5403502503459,622.5403502503459,622.5403502503459,True,False,60,False,2,800,0.6796793307772744,136.51772793054414,False,0.09599999999999999,0.0,rolling
paper_hybrid_bilstm_dtr_rolling_fixed_monitor,hybrid,55,694.0,435.4130359010108,562.5173079933711,562.5173079933711,562.5173079933711,562.5173079933711,True,False,60,False,2,800,0.6479360653288851,128.9631069212652,False,0.09599999999999999,0.0,rolling
paper_hybrid_bilstm_dtr_rolling_fixed_monitor,hybrid,56,814.0,510.70059254095503,546.5253786966587,546.5253786966587,546.5253786966587,546.5253786966587,True,False,60,False,2,800,0.7599711198526117,159.00667250880406,False,0.09599999999999999,0.0,rolling
paper_hybrid_bilstm_dtr_rolling_fixed_monitor,hybrid,57,973.0,610.4566050888811,571.7871592146025,571.7871592146025,571.7871592146025,571.7871592146025,True,False,60,False,2,800,0.9084175670965493,214.93638694731092,False,0.09599999999999999,0.0,rolling
paper_hybrid_bilstm_dtr_rolling_fixed_monitor,hybrid,58,816.0,511.95538515162076,617.7621677908428,617.7621677908428,617.7621677908428,617.7621677908428,True,False,60,False,2,800,0.7618383707613404,159.59046330301572,False,0.09599999999999999,0.0,rolling
paper_hybrid_bilstm_dtr_rolling_fixed_monitor,hybrid,59,805.0,505.05402579295924,586.5398571633787,586.5398571633787,586.5398571633787,586.5398571633787,True,False,60,False,2,800,0.7515684907633322,156.4149261300622,False,0.09599999999999999,0.0,rolling
paper_hybrid_bilstm_dtr_rolling_fixed_monitor,hybrid,60,571.0,358.243290345068,581.9591300126135,581.9591300126135,581.9591300126135,581.9591300126135,True,False,60,False,2,800,0.5331001344420654,107.27086297662139,False,0.09599999999999999,0.0,rolling
paper_hybrid_bilstm_dtr_rolling_fixed_monitor,hybrid,61,580.0,363.88985709306377,516.9213876004269,516.9213876004269,516.9213876004269,516.9213876004269,True,False,60,False,2,800,0.5415027635313449,108.58081028732776,False,0.09599999999999999,0.0,rolling
paper_hybrid_bilstm_dtr_rolling_fixed_monitor,hybrid,62,796.0,499.4074590449634,503.6659687655497,503.6659687655497,503.6659687655497,503.6659687655497,True,False,60,False,2,600,0.9908878155654035,255.12412144574364,False,0.0912,0.0336,rolling
paper_hybrid_bilstm_dtr_rolling_fixed_monitor,hybrid,63,710.0,445.4513767863367,551.2643301892226,551.2643301892226,551.2643301892226,551.2643301892226,True,False,60,False,2,600,0.8838320967982871,204.27443933586056,False,0.072,0.0,rolling
paper_hybrid_bilstm_dtr_rolling_fixed_monitor,hybrid,64,836.0,524.5033112582781,533.0982009568029,533.0982009568029,533.0982009568029,533.0982009568029,True,False,60,False,2,800,0.7805108798486282,165.58731237840004,False,0.1104,0.0336,rolling
paper_hybrid_bilstm_dtr_rolling_fixed_monitor,hybrid,65,604.0,378.94736842105266,566.0973444515298,566.0973444515298,566.0973444515298,566.0973444515298,True,False,60,False,2,800,0.5639097744360902,112.27761018805707,False,0.09599999999999999,0.0,rolling
paper_hybrid_bilstm_dtr_rolling_fixed_monitor,hybrid,66,681.0,427.25688393168355,511.08989341531424,511.08989341531424,511.08989341531424,511.08989341531424,True,False,60,False,2,800,0.6357989344221482,126.26279764304311,False,0.09599999999999999,0.0,rolling
paper_hybrid_bilstm_dtr_rolling_fixed_monitor,hybrid,67,836.0,524.5033112582781,522.0693381792571,522.0693381792571,522.0693381792571,522.0693381792571,True,False,60,False,2,600,1.0406811731315042,282.87362934139264,False,0.0912,0.0336,rolling
paper_hybrid_bilstm_dtr_rolling_fixed_monitor,hybrid,68,625.0,392.1226908330429,561.2344385164638,561.2344385164638,561.2344385164638,561.2344385164638,True,False,60,False,2,600,0.7780212119703233,164.77090475280613,False,0.072,0.0,rolling
paper_hybrid_bilstm_dtr_rolling_fixed_monitor,hybrid,69,601.0,377.06517950505406,512.9089435232427,512.9089435232427,512.9089435232427,512.9089435232427,True,False,60,False,2,800,0.5611088980729971,111.79903732836752,False,0.1104,0.0336,rolling
paper_hybrid_bilstm_dtr_rolling_fixed_monitor,hybrid,70,519.0,325.6186824677588,499.7251711749486,499.7251711749486,499.7251711749486,499.7251711749486,True,False,60,False,2,600,0.6460688144201563,128.54101350558756,False,0.0912,0.0336,rolling
paper_hybrid_bilstm_dtr_rolling_fixed_monitor,hybrid,71,493.0,309.3063785291042,472.6413301924972,472.6413301924972,472.6413301924972,472.6413301924972,True,False,60,False,2,600,0.613703132002191,121.60519139011598,False,0.072,0.0,rolling
paper_hybrid_bilstm_dtr_rolling_fixed_monitor,hybrid,72,733.0,459.8814918089927,456.9980242705001,456.9980242705001,456.9980242705001,456.9980242705001,True,False,60,False,2,600,0.912463277398795,216.74727798314763,False,0.072,0.0,rolling
paper_hybrid_bilstm_dtr_rolling_fixed_monitor,hybrid,73,593.0,372.0460090623911,511.39348185560584,511.39348185560584,511.39348185560584,511.39348185560584,True,False,60,False,2,600,0.7381865259174426,152.40538154620424,False,0.072,0.0,rolling
paper_hybrid_bilstm_dtr_rolling_fixed_monitor,hybrid,74,569.0,356.98849773440224,482.87129249964846,482.87129249964846,482.87129249964846,482.87129249964846,True,False,60,False,2,600,0.7083105113777822,143.96517104230435,False,0.072,0.0,rolling
paper_hybrid_bilstm_dtr_rolling_fixed_monitor,hybrid,75,764.0,479.33077727431163,473.98132419585,473.98132419585,473.98132419585,473.98132419585,True,False,60,False,2,600,0.9510531295125231,234.84131183711742,False,0.072,0.0,rolling
paper_hybrid_bilstm_dtr_rolling_fixed_monitor,hybrid,76,531.0,333.14743813175323,522.7356384630543,522.7356384630543,522.7356384630543,522.7356384630543,True,False,60,False,2,600,0.6610068216899866,131.98647008800015,False,0.072,0.0,rolling
paper_hybrid_bilstm_dtr_rolling_fixed_monitor,hybrid,77,808.0,506.93621470895783,470.80636131897836,470.80636131897836,470.80636131897836,470.80636131897836,True,False,60,False,2,600,1.0058258228352337,263.1643076366871,False,0.072,0.0,rolling
paper_hybrid_bilstm_dtr_rolling_fixed_monitor,hybrid,78,684.0,429.13907284768214,536.5477806022486,536.5477806022486,536.5477806022486,536.5477806022486,True,False,60,False,2,600,0.8514664143803217,191.1156091584337,False,0.072,0.0,rolling
paper_hybrid_bilstm_dtr_rolling_fixed_monitor,hybrid,79,625.0,392.1226908330429,515.1824370603558,515.1824370603558,515.1824370603558,515.1824370603558,True,False,60,False,2,800,0.5835159089777424,115.76272544259007,False,0.1104,0.0336,rolling
paper_hybrid_bilstm_dtr_rolling_fixed_monitor,hybrid,80,762.0,478.0759846636459,500.6285189772125,500.6285189772125,500.6285189772125,500.6285189772125,True,False,60,False,2,600,0.948563461634218,233.62846114241623,False,0.0912,0.0336,rolling
paper_hybrid_bilstm_dtr_rolling_fixed_monitor,hybrid,81,567.0,355.7337051237365,534.4246844798286,534.4246844798286,534.4246844798286,534.4246844798286,True,False,60,False,2,600,0.7058208434994772,143.29303816891783,False,0.072,0.0,rolling
paper_hybrid_bilstm_dtr_rolling_fixed_monitor,hybrid,82,883.0,553.990937608923,489.23292251977136,489.23292251977136,489.23292251977136,489.23292251977136,True,False,60,False,2,800,0.8243912762037544,180.8492487147828,False,0.1104,0.0336,rolling
paper_hybrid_bilstm_dtr_rolling_fixed_monitor,hybrid,83,853.0,535.1690484489369,565.8427646163464,565.8427646163464,565.8427646163464,565.8427646163464,True,False,60,False,2,600,1.061843350097097,295.50326771937546,False,0.0912,0.0336,rolling
paper_hybrid_bilstm_dtr_rolling_fixed_monitor,hybrid,84,830.0,520.7389334262809,571.6736808129958,571.6736808129958,571.6736808129958,571.6736808129958,True,False,60,False,2,800,0.7749091271224419,163.75771747386264,False,0.1104,0.0336,rolling
paper_hybrid_bilstm_dtr_rolling_fixed_monitor,hybrid,85,794.0,498.15266643429766,573.7124869512004,573.7124869512004,573.7124869512004,573.7124869512004,True,False,60,False,2,800,0.7412986107653239,153.32499867335483,False,0.09599999999999999,0.0,rolling
paper_hybrid_bilstm_dtr_rolling_fixed_monitor,hybrid,86,651.0,408.43499477169746,567.9730615117037,567.9730615117037,567.9730615117037,567.9730615117037,True,False,60,False,2,800,0.6077901707912164,120.4141568092042,False,0.09599999999999999,0.0,rolling
paper_hybrid_bilstm_dtr_rolling_fixed_monitor,hybrid,87,977.0,612.9661903102126,530.9399920352439,530.9399920352439,530.9399920352439,530.9399920352439,True,False,60,False,2,800,0.9121520689140068,216.60740692888893,False,0.09599999999999999,0.0,rolling
paper_hybrid_bilstm_dtr_rolling_fixed_monitor,hybrid,88,868.0,544.57999302893,610.8082922587691,610.8082922587691,610.8082922587691,610.8082922587691,True,False,60,False,2,800,0.8103868943882886,175.79651984403958,False,0.09599999999999999,0.0,rolling
paper_hybrid_bilstm_dtr_rolling_fixed_monitor,hybrid,89,694.0,435.4130359010108,595.1544380473188,595.1544380473188,595.1544380473188,595.1544380473188,True,False,60,False,2,800,0.6479360653288851,128.9631069212652,False,0.09599999999999999,0.0,rolling
paper_hybrid_bilstm_dtr_rolling_fixed_monitor,hybrid,90,767.0,481.2129661903102,551.7764520504634,551.7764520504634,551.7764520504634,551.7764520504634,True,False,60,False,2,800,0.7160907234974855,146.09622383294928,False,0.09599999999999999,0.0,rolling
paper_hybrid_bilstm_dtr_rolling_fixed_monitor,hybrid,91,844.0,529.5224817009411,562.9113275452996,562.9113275452996,562.9113275452996,562.9113275452996,True,False,60,False,2,800,0.7879798834835432,168.06795186789034,False,0.09599999999999999,0.0,rolling
paper_hybrid_bilstm_dtr_rolling_fixed_monitor,hybrid,92,771.0,483.7225514116417,582.7227009381954,582.7227009381954,582.7227009381954,582.7227009381954,True,False,60,False,2,800,0.719825225314943,147.13572614916177,False,0.09599999999999999,0.0,rolling
paper_hybrid_bilstm_dtr_rolling_fixed_monitor,hybrid,93,570.0,357.6158940397351,565.9510411217843,565.9510411217843,565.9510411217843,565.9510411217843,True,False,60,False,2,800,0.532166508987701,107.12783426719572,False,0.09599999999999999,0.0,rolling
paper_hybrid_bilstm_dtr_rolling_fixed_monitor,hybrid,94,593.0,372.0460090623911,510.22753462823175,510.22753462823175,510.22753462823175,510.22753462823175,True,False,60,False,2,800,0.5536398944380819,110.5460203398049,False,0.09599999999999999,0.0,rolling
paper_hybrid_bilstm_dtr_rolling_fixed_monitor,hybrid,95,430.0,269.7804112931335,502.57253500745355,502.57253500745355,502.57253500745355,502.57253500745355,True,False,60,False,2,600,0.5352785938355824,107.60654980784683,False,0.0912,0.0336,rolling
paper_hybrid_bilstm_dtr_rolling_fixed_monitor,hybrid,96,437.0,274.17218543046357,452.12531661441244,452.12531661441244,452.12531661441244,452.12531661441244,True,False,60,False,2,600,0.5439924314096499,108.97684363491646,False,0.072,0.0,rolling
paper_hybrid_bilstm_dtr_rolling_fixed_monitor,hybrid,97,516.0,323.7364935517602,438.90195205638975,438.90195205638975,438.90195205638975,438.90195205638975,True,False,60,False,2,600,0.6423343126026988,127.70411806795931,False,0.072,0.0,rolling
paper_hybrid_bilstm_dtr_rolling_fixed_monitor,hybrid,98,523.0,328.1282676890903,448.09413607787974,448.09413607787974,448.09413607787974,448.09413607787974,True,False,60,False,2,600,0.6510481501767665,129.6720212852988,False,0.072,0.0,rolling
paper_hybrid_bilstm_dtr_rolling_fixed_monitor,hybrid,99,450.0,282.3283373997909,447.01125060923687,447.01125060923687,447.01125060923687,447.01125060923687,True,False,60,False,2,600,0.5601752726186328,111.64057065717537,False,0.072,0.0,rolling
paper_hybrid_bilstm_dtr_rolling_fixed_monitor,hybrid,100,726.0,455.4897176716626,427.1237272363155,427.1237272363155,427.1237272363155,427.1237272363155,True,False,60,False,2,600,0.9037494398247274,212.86684680058372,False,0.072,0.0,rolling
paper_hybrid_bilstm_dtr_rolling_fixed_monitor,hybrid,101,653.0,409.6897873823632,493.5942067173446,493.5942067173446,493.5942067173446,493.5942067173446,True,False,60,False,2,600,0.8128765622665937,176.6821523507395,False,0.072,0.0,rolling
paper_hybrid_bilstm_dtr_rolling_fixed_monitor,hybrid,102,618.0,387.7309166957128,486.5705390783405,486.5705390783405,486.5705390783405,486.5705390783405,True,False,60,False,2,600,0.7693073743962555,161.95438424297072,False,0.072,0.0,rolling
paper_hybrid_bilstm_dtr_rolling_fixed_monitor,hybrid,103,755.0,473.6842105263158,482.0056825274605,482.0056825274605,482.0056825274605,482.0056825274605,True,False,60,False,2,600,0.9398496240601504,229.43338050026418,False,0.072,0.0,rolling
paper_hybrid_bilstm_dtr_rolling_fixed_monitor,hybrid,104,729.0,457.3719065876612,519.9701081637963,519.9701081637963,519.9701081637963,519.9701081637963,True,False,60,False,2,600,0.9074839416421849,214.52077208495945,False,0.072,0.0,rolling
paper_hybrid_bilstm_dtr_rolling_fixed_monitor,hybrid,105,672.0,421.6103171836877,522.4038008366242,522.4038008366242,522.4038008366242,522.4038008366242,True,False,60,False,2,600,0.8365284071104915,185.3694190275415,False,0.072,0.0,rolling
paper_hybrid_bilstm_dtr_rolling_fixed_monitor,hybrid,106,540.0,338.794004879749,512.7840739323406,512.7840739323406,512.7840739323406,512.7840739323406,True,False,60,False,2,600,0.6722103271423592,134.67490609559903,False,0.072,0.0,rolling
paper_hybrid_bilstm_dtr_rolling_fixed_monitor,hybrid,107,662.0,415.33635413035904,478.6623805106842,478.6623805106842,478.6623805106842,478.6623805106842,True,False,60,False,2,600,0.8240800677189664,180.73507976481815,False,0.072,0.0,rolling
paper_hybrid_bilstm_dtr_rolling_fixed_monitor,hybrid,108,707.0,443.5691878703381,502.9426884524228,502.9426884524228,502.9426884524228,502.9426884524228,True,False,60,False,2,600,0.8800975949808296,202.70577640504632,False,0.072,0.0,rolling
paper_hybrid_bilstm_dtr_rolling_fixed_monitor,hybrid,109,708.0,444.196584175671,516.6396423074734,516.6396423074734,516.6396423074734,516.6396423074734,True,False,60,False,2,600,0.881342428919982,203.2271883567411,False,0.072,0.0,rolling
paper_hybrid_bilstm_dtr_rolling_fixed_monitor,hybrid,110,638.0,400.27884280237015,521.0250334405323,521.0250334405323,521.0250334405323,521.0250334405323,True,False,60,False,2,600,0.7942040531793059,170.17139790798998,False,0.072,0.0,rolling
paper_hybrid_bilstm_dtr_rolling_fixed_monitor,hybrid,111,561.0,351.96932729173926,504.7395582530762,504.7395582530762,504.7395582530762,504.7395582530762,True,False,60,False,2,600,0.6983518398645621,141.304922833515,False,0.072,0.0,rolling
paper_hybrid_bilstm_dtr_rolling_fixed_monitor,hybrid,112,756.0,474.31160683164865,482.1648220176594,482.1648220176594,482.1648220176594,482.1648220176594,True,False,60,False,2,600,0.9410944579993029,230.02794232632377,False,0.072,0.0,rolling
paper_hybrid_bilstm_dtr_rolling_fixed_monitor,hybrid,113,852.0,534.5416521436041,527.4531080510696,527.4531080510696,527.4531080510696,527.4531080510696,True,False,60,False,2,600,1.0605985161579445,294.74623117236706,False,0.072,0.0,rolling
paper_hybrid_bilstm_dtr_rolling_fixed_monitor,hybrid,114,733.0,459.8814918089927,560.2723767194807,560.2723767194807,560.2723767194807,560.2723767194807,True,False,60,False,2,800,0.6843474580490962,137.69025789914042,False,0.1104,0.0336,rolling
paper_hybrid_bilstm_dtr_rolling_fixed_monitor,hybrid,115,925.0,580.3415824329035,539.0604168660075,539.0604168660075,539.0604168660075,539.0604168660075,True,False,60,False,2,800,0.8636035452870587,195.93531723798495,False,0.09599999999999999,0.0,rolling
paper_hybrid_bilstm_dtr_rolling_fixed_monitor,hybrid,116,877.0,550.2265597769258,591.9009891537162,591.9009891537162,591.9009891537162,591.9009891537162,True,False,60,False,2,800,0.8187895234775682,178.80736931156378,False,0.09599999999999999,0.0,rolling
paper_hybrid_bilstm_dtr_rolling_fixed_monitor,hybrid,117,580.0,363.88985709306377,591.4464012274157,591.4464012274157,591.4464012274157,591.4464012274157,True,False,60,False,2,800,0.5415027635313449,108.58081028732776,False,0.09599999999999999,0.0,rolling
paper_hybrid_bilstm_dtr_rolling_fixed_monitor,hybrid,118,755.0,473.6842105263158,517.5422917070109,517.5422917070109,517.5422917070109,517.5422917070109,True,False,60,False,2,800,0.7048872180451128,143.04220739854895,False,0.09599999999999999,0.0,rolling
paper_hybrid_bilstm_dtr_rolling_fixed_monitor,hybrid,119,685.0,429.766469153015,549.9860605371682,549.9860605371682,549.9860605371682,549.9860605371682,True,False,60,False,2,600,0.8527112483194742,191.6036711674072,False,0.0912,0.0336,rolling
paper_hybrid_bilstm_dtr_rolling_fixed_monitor,hybrid,120,842.0,528.2676890902753,531.8265300063699,531.8265300063699,531.8265300063699,531.8265300063699,True,False,60,False,2,800,0.7861126325748145,167.44335880000682,False,0.1104,0.0336,rolling
paper_hybrid_bilstm_dtr_rolling_fixed_monitor,hybrid,121,730.0,457.9993028929941,570.4201924163008,570.4201924163008,570.4201924163008,570.4201924163008,True,False,60,False,2,800,0.6815465816860031,136.98481423769627,False,0.09599999999999999,0.0,rolling
paper_hybrid_bilstm_dtr_rolling_fixed_monitor,hybrid,122,699.0,438.55001742767513,547.3093477984207,547.3093477984207,547.3093477984207,547.3093477984207,True,False,60,False,2,800,0.652604192600707,130.02903013936532,False,0.09599999999999999,0.0,rolling
paper_hybrid_bilstm_dtr_rolling_fixed_monitor,hybrid,123,389.0,244.0571627744859,536.6844026252356,536.6844026252356,536.6844026252356,536.6844026252356,True,False,60,False,2,800,0.3631803017477469,88.62262225115377,False,0.09599999999999999,0.0,rolling
paper_hybrid_bilstm_dtr_rolling_fixed_monitor,hybrid,124,559.0,350.71453468107353,452.0482033202816,452.0482033202816,452.0482033202816,452.0482033202816,True,False,60,False,2,800,0.5218966289896928,105.58738950080729,False,0.09599999999999999,0.0,rolling
paper_hybrid_bilstm_dtr_rolling_fixed_monitor,hybrid,125,667.0,418.47333565702337,475.025942011659,475.025942011659,475.025942011659,475.025942011659,True,False,60,False,2,600,0.8303042374147289,183.03487963434583,False,0.0912,0.0336,rolling
paper_hybrid_bilstm_dtr_rolling_fixed_monitor,hybrid,126,394.0,247.19414430115023,498.1095248403585,498.1095248403585,498.1095248403585,498.1095248403585,True,False,60,False,2,600,0.4904645720260917,101.2371107473875,False,0.072,0.0,rolling
paper_hybrid_bilstm_dtr_rolling_fixed_monitor,hybrid,127,485.0,304.2872080864413,430.3378969972737,430.3378969972737,430.3378969972737,430.3378969972737,True,False,60,False,2,600,0.6037444604889708,119.6124753681704,False,0.072,0.0,rolling
paper_hybrid_bilstm_dtr_rolling_fixed_monitor,hybrid,128,470.0,294.87626350644825,440.39157282315136,440.39157282315136,440.39157282315136,440.39157282315136,True,False,60,False,2,600,0.585071951401683,116.0495908624408,False,0.072,0.0,rolling
paper_hybrid_bilstm_dtr_rolling_fixed_monitor,hybrid,129,463.0,290.4844893691182,432.0943076055037,432.0943076055037,432.0943076055037,432.0943076055037,True,False,60,False,2,600,0.5763581138276155,114.46273490731761,False,0.072,0.0,rolling
paper_hybrid_bilstm_dtr_rolling_fixed_monitor,hybrid,130,582.0,365.14464970372956,426.49234708883614,426.49234708883614,426.49234708883614,426.49234708883614,True,False,60,False,2,600,0.724493352586765,148.45035743619843,False,0.072,0.0,rolling
paper_hybrid_bilstm_dtr_rolling_fixed_monitor,hybrid,131,733.0,459.8814918089927,453.65527615933433,453.65527615933433,453.65527615933433,453.65527615933433,True,False,60,False,2,600,0.912463277398795,216.74727798314763,False,0.072,0.0,rolling
paper_hybrid_bilstm_dtr_rolling_fixed_monitor,hybrid,132,638.0,400.27884280237015,498.0596492525556,498.0596492525556,498.0596492525556,498.0596492525556,True,False,60,False,2,600,0.7942040531793059,170.17139790798998,False,0.072,0.0,rolling
paper_hybrid_bilstm_dtr_rolling_fixed_monitor,hybrid,133,526.0,330.0104566050889,485.3225415720458,485.3225415720458,485.3225415720458,485.3225415720458,True,False,60,False,2,600,0.654782651994224,130.53171043377876,False,0.072,0.0,rolling
paper_hybrid_bilstm_dtr_rolling_fixed_monitor,hybrid,134,700.0,439.17741373300805,459.9963635061613,459.9963635061613,459.9963635061613,459.9963635061613,True,False,60,False,2,600,0.871383757406762,199.09701767255038,False,0.072,0.0,rolling
paper_hybrid_bilstm_dtr_rolling_fixed_monitor,hybrid,135,642.0,402.78842802370167,501.28294641466164,501.28294641466164,501.28294641466164,501.28294641466164,True,False,60,False,2,600,0.799183388935916,171.87806719899993,False,0.072,0.0,rolling
paper_hybrid_bilstm_dtr_rolling_fixed_monitor,hybrid,136,583.0,365.7720460090624,493.0213960674687,493.0213960674687,493.0213960674687,493.0213960674687,True,False,60,False,2,600,0.7257381865259175,148.80380092637984,False,0.072,0.0,rolling
paper_hybrid_bilstm_dtr_rolling_fixed_monitor,hybrid,137,606.0,380.2021610317184,479.78984333955077,479.78984333955077,479.78984333955077,479.78984333955077,True,False,60,False,2,600,0.7543693671264253,157.2724422842274,False,0.072,0.0,rolling
paper_hybrid_bilstm_dtr_rolling_fixed_monitor,hybrid,138,657.0,412.19937260369466,483.67315516091685,483.67315516091685,483.67315516091685,483.67315516091685,True,False,60,False,2,600,0.8178558980232037,178.46975900273912,False,0.072,0.0,rolling
paper_hybrid_bilstm_dtr_rolling_fixed_monitor,hybrid,139,561.0,351.96932729173926,496.9432645359002,496.9432645359002,496.9432645359002,496.9432645359002,True,False,60,False,2,600,0.6983518398645621,141.304922833515,False,0.072,0.0,rolling
paper_hybrid_bilstm_dtr_rolling_fixed_monitor,hybrid,140,407.0,255.35029627047751,474.7230760569464,474.7230760569464,474.7230760569464,474.7230760569464,True,False,60,False,2,600,0.5066474132350745,103.40938444705306,False,0.072,0.0,rolling
paper_hybrid_bilstm_dtr_rolling_fixed_monitor,hybrid,141,696.0,436.66782851167653,431.26869925153915,431.26869925153915,431.26869925153915,431.26869925153915,True,False,60,False,2,600,0.8664044216501519,197.06699893689458,False,0.072,0.0,rolling
paper_hybrid_bilstm_dtr_rolling_fixed_monitor,hybrid,142,807.0,506.30881840362497,494.0524070715401,494.0524070715401,494.0524070715401,494.0524070715401,True,False,60,False,2,600,1.0045809888960813,262.4850834560356,False,0.072,0.0,rolling
paper_hybrid_bilstm_dtr_rolling_fixed_monitor,hybrid,143,588.0,368.90902753572675,532.3177961172305,532.3177961172305,532.3177961172305,532.3177961172305,True,False,60,False,2,600,0.73196235622168,150.58927876259128,False,0.072,0.0,rolling
paper_hybrid_bilstm_dtr_rolling_fixed_monitor,hybrid,144,561.0,351.96932729173926,487.2431490695276,487.2431490695276,487.2431490695276,487.2431490695276,True,False,60,False,2,800,0.5237638798984215,105.86301432038914,False,0.1104,0.0336,rolling
paper_hybrid_bilstm_dtr_rolling_fixed_monitor,hybrid,145,473.0,296.75845242244685,475.9903880110528,475.9903880110528,475.9903880110528,475.9903880110528,True,False,60,False,2,600,0.5888064532191406,116.74431779424413,False,0.0912,0.0336,rolling
paper_hybrid_bilstm_dtr_rolling_fixed_monitor,hybrid,146,841.0,527.6402927849425,448.85055439622965,448.85055439622965,448.85055439622965,448.85055439622965,True,False,60,False,2,600,1.046905342827267,286.5355206215222,False,0.072,0.0,rolling
paper_hybrid_bilstm_dtr_rolling_fixed_monitor,hybrid,147,686.0,430.3938654583479,537.6238024578911,537.6238024578911,537.6238024578911,537.6238024578911,True,False,60,False,2,600,0.8539560822586267,192.093160257263,False,0.072,0.0,rolling
paper_hybrid_bilstm_dtr_rolling_fixed_monitor,hybrid,148,716.0,449.2157546183339,512.1713339127991,512.1713339127991,512.1713339127991,512.1713339127991,True,False,60,False,2,800,0.6684758253249017,133.76871077699363,False,0.1104,0.0336,rolling
paper_hybrid_bilstm_dtr_rolling_fixed_monitor,hybrid,149,760.0,476.82119205298017,522.1798062242847,522.1798062242847,522.1798062242847,522.1798062242847,True,False,60,False,2,600,0.946073793755913,232.42196043680897,False,0.0912,0.0336,rolling
paper_hybrid_bilstm_dtr_rolling_fixed_monitor,hybrid,150,725.0,454.86232136632975,537.4301522398691,537.4301522398691,537.4301522398691,537.4301522398691,True,False,60,False,2,600,0.9025046058855749,212.31856614503602,False,0.072,0.0,rolling
paper_hybrid_bilstm_dtr_rolling_fixed_monitor,hybrid,151,476.0,298.64064133844545,533.5777868841365,533.5777868841365,533.5777868841365,533.5777868841365,True,False,60,False,2,800,0.44440571627744857,95.79833849128147,False,0.1104,0.0336,rolling
paper_hybrid_bilstm_dtr_rolling_fixed_monitor,hybrid,152,452.0,283.5831300104566,469.2826873985937,469.2826873985937,469.2826873985937,469.2826873985937,True,False,60,False,2,800,0.4219987053727033,93.52713614208189,False,0.09599999999999999,0.0,rolling
paper_hybrid_bilstm_dtr_rolling_fixed_monitor,hybrid,153,583.0,365.7720460090624,448.885835775337,448.885835775337,448.885835775337,448.885835775337,True,False,60,False,2,600,0.7257381865259175,148.80380092637984,False,0.0912,0.0336,rolling
paper_hybrid_bilstm_dtr_rolling_fixed_monitor,hybrid,154,460.0,288.60230045311954,471.8100623681639,471.8100623681639,471.8100623681639,471.8100623681639,True,False,60,False,2,600,0.5726236120101578,113.79716417543835,False,0.072,0.0,rolling
paper_hybrid_bilstm_dtr_rolling_fixed_monitor,hybrid,155,476.0,298.64064133844545,440.0757502937222,440.0757502937222,440.0757502937222,440.0757502937222,True,False,60,False,2,600,0.5925409550365981,117.44791346081536,False,0.072,0.0,rolling
paper_hybrid_bilstm_dtr_rolling_fixed_monitor,hybrid,156,605.0,379.5747647263855,437.20319579736315,437.20319579736315,437.20319579736315,437.20319579736315,True,False,60,False,2,600,0.7531245331872729,156.8905363429304,False,0.072,0.0,rolling
paper_hybrid_bilstm_dtr_rolling_fixed_monitor,hybrid,157,651.0,408.43499477169746,465.5778776809434,465.5778776809434,465.5778776809434,465.5778776809434,True,False,60,False,2,600,0.8103868943882886,175.79651984403958,False,0.072,0.0,rolling
paper_hybrid_bilstm_dtr_rolling_fixed_monitor,hybrid,158,484.0,303.65981178110843,482.01473768005053,482.01473768005053,482.01473768005053,482.01473768005053,True,False,60,False,2,600,0.6024996265498184,119.36795460758037,False,0.072,0.0,rolling
paper_hybrid_bilstm_dtr_rolling_fixed_monitor,hybrid,159,472.0,296.131056117114,444.3914697341138,444.3914697341138,444.3914697341138,444.3914697341138,True,False,60,False,2,600,0.5875616192799881,116.51175951310847,False,0.072,0.0,rolling
paper_hybrid_bilstm_dtr_rolling_fixed_monitor,hybrid,160,437.0,274.17218543046357,435.58646573440456,435.58646573440456,435.58646573440456,435.58646573440456,True,False,60,False,2,600,0.5439924314096499,108.97684363491646,False,0.072,0.0,rolling
paper_hybrid_bilstm_dtr_rolling_fixed_monitor,hybrid,161,654.0,410.31718368769606,422.0893273076499,422.0893273076499,422.0893273076499,422.0893273076499,True,False,60,False,2,600,0.8141213962057462,177.12700818391977,False,0.072,0.0,rolling
paper_hybrid_bilstm_dtr_rolling_fixed_monitor,hybrid,162,485.0,304.2872080864413,473.44608279608155,473.44608279608155,473.44608279608155,473.44608279608155,True,False,60,False,2,600,0.6037444604889708,119.6124753681704,False,0.072,0.0,rolling
paper_hybrid_bilstm_dtr_rolling_fixed_monitor,hybrid,163,573.0,359.4980829557337,438.9559217291403,438.9559217291403,438.9559217291403,438.9559217291403,True,False,60,False,2,600,0.7132898471343923,145.3236784312839,False,0.072,0.0,rolling
paper_hybrid_bilstm_dtr_rolling_fixed_monitor,hybrid,164,654.0,410.31718368769606,458.1154445498187,458.1154445498187,458.1154445498187,458.1154445498187,True,False,60,False,2,600,0.8141213962057462,177.12700818391977,False,0.072,0.0,rolling
paper_hybrid_bilstm_dtr_rolling_fixed_monitor,hybrid,165,784.0,491.878703380969,482.14531490702666,482.14531490702666,482.14531490702666,482.14531490702666,True,False,60,False,2,600,0.9759498082955734,247.32273484466083,False,0.072,0.0,rolling
paper_hybrid_bilstm_dtr_rolling_fixed_monitor,hybrid,166,836.0,524.5033112582781,523.423565148516,523.423565148516,523.423565148516,523.423565148516,True,False,60,False,2,600,1.0406811731315042,282.87362934139264,False,0.072,0.0,rolling
paper_hybrid_bilstm_dtr_rolling_fixed_monitor,hybrid,167,451.0,282.95573370512375,549.7514453868175,549.7514453868175,549.7514453868175,549.7514453868175,True,False,60,False,2,600,0.5614201065577852,111.8519768913064,False,0.072,0.0,rolling
paper_hybrid_bilstm_dtr_rolling_fixed_monitor,hybrid,168,640.0,401.5336354130359,460.00561132157236,460.00561132157236,460.00561132157236,460.00561132157236,True,False,60,False,2,800,0.5975202907932081,118.39993404793785,False,0.1104,0.0336,rolling
paper_hybrid_bilstm_dtr_rolling_fixed_monitor,hybrid,169,597.0,374.55559428372254,495.00919472379655,495.00919472379655,495.00919472379655,495.00919472379655,True,False,60,False,2,600,0.7431658616740526,153.88048873492312,False,0.0912,0.0336,rolling
paper_hybrid_bilstm_dtr_rolling_fixed_monitor,hybrid,170,700.0,439.17741373300805,484.9234405382117,484.9234405382117,484.9234405382117,484.9234405382117,True,False,60,False,2,600,0.871383757406762,199.09701767255038,False,0.072,0.0,rolling
paper_hybrid_bilstm_dtr_rolling_fixed_monitor,hybrid,171,611.0,383.3391425583827,510.45579190548733,510.45579190548733,510.45579190548733,510.45579190548733,True,False,60,False,2,600,0.7605935368221879,159.20095112478242,False,0.072,0.0,rolling
paper_hybrid_bilstm_dtr_rolling_fixed_monitor,hybrid,172,684.0,429.13907284768214,491.4031247019416,491.4031247019416,491.4031247019416,491.4031247019416,True,False,60,False,2,600,0.8514664143803217,191.1156091584337,False,0.072,0.0,rolling
paper_hybrid_bilstm_dtr_rolling_fixed_monitor,hybrid,173,543.0,340.6761937957477,508.89854648853225,508.89854648853225,508.89854648853225,508.89854648853225,True,False,60,False,2,600,0.6759448289598168,135.59122639681473,False,0.072,0.0,rolling
paper_hybrid_bilstm_dtr_rolling_fixed_monitor,hybrid,174,482.0,302.40501917044264,474.7427758304002,474.7427758304002,474.7427758304002,474.7427758304002,True,False,60,False,2,600,0.6000099586715132,118.88193599787509,False,0.072,0.0,rolling
paper_hybrid_bilstm_dtr_rolling_fixed_monitor,hybrid,175,545.0,341.9309864064134,452.4523135874633,452.4523135874633,452.4523135874633,452.4523135874633,True,False,60,False,2,600,0.6784344968381218,136.20775936569433,False,0.072,0.0,rolling
paper_hybrid_bilstm_dtr_rolling_fixed_monitor,hybrid,176,546.0,342.5583827117463,460.20935225484754,460.20935225484754,460.20935225484754,460.20935225484754,True,False,60,False,2,600,0.6796793307772744,136.51772793054414,False,0.072,0.0,rolling
paper_hybrid_bilstm_dtr_rolling_fixed_monitor,hybrid,177,752.0,471.8020216103172,458.074672280311,458.074672280311,458.074672280311,458.074672280311,True,False,60,False,2,600,0.9361151222426928,227.65912417255748,False,0.072,0.0,rolling
paper_hybrid_bilstm_dtr_rolling_fixed_monitor,hybrid,178,773.0,484.9773440223074,511.4973030333067,511.4973030333067,511.4973030333067,511.4973030333067,True,False,60,False,2,600,0.9622566349648957,240.37816795254173,False,0.072,0.0,rolling
paper_hybrid_bilstm_dtr_rolling_fixed_monitor,hybrid,179,804.0,504.42662948762637,528.3361780914165,528.3361780914165,528.3361780914165,528.3361780914165,True,False,60,False,2,600,1.0008464870786238,260.4574900634366,False,0.072,0.0,rolling
paper_hybrid_bilstm_dtr_rolling_fixed_monitor,hybrid,180,617.0,387.1035203903799,546.0652998799578,546.0652998799578,546.0652998799578,546.0652998799578,True,False,60,False,2,800,0.5760469053428272,114.40693988053295,False,0.1104,0.0336,rolling
paper_hybrid_bilstm_dtr_rolling_fixed_monitor,hybrid,181,509.0,319.34471941443013,504.54817182320176,504.54817182320176,504.54817182320176,504.54817182320176,True,False,60,False,2,800,0.47521535627147343,99.31718786756348,False,0.09599999999999999,0.0,rolling
paper_hybrid_bilstm_dtr_rolling_fixed_monitor,hybrid,182,680.0,426.6294876263507,471.3279718241565,471.3279718241565,471.3279718241565,471.3279718241565,True,False,60,False,2,600,0.8464870786237116,189.1775902647678,False,0.0912,0.0336,rolling
paper_hybrid_bilstm_dtr_rolling_fixed_monitor,hybrid,183,443.0,277.93656326246077,505.9352237205994,505.9352237205994,505.9352237205994,505.9352237205994,True,False,60,False,2,600,0.551461435044565,110.1868603067073,False,0.072,0.0,rolling
paper_hybrid_bilstm_dtr_rolling_fixed_monitor,hybrid,184,608.0,381.4569536423841,447.5753914321649,447.5753914321649,447.5753914321649,447.5753914321649,True,False,60,False,2,600,0.7568590350047304,158.04004374364618,False,0.072,0.0,rolling
paper_hybrid_bilstm_dtr_rolling_fixed_monitor,hybrid,185,584.0,366.3994423143953,478.78137388554387,478.78137388554387,478.78137388554387,478.78137388554387,True,False,60,False,2,600,0.72698302046507,149.15845899780857,False,0.072,0.0,rolling
paper_hybrid_bilstm_dtr_rolling_fixed_monitor,hybrid,186,729.0,457.3719065876612,473.87227703912777,473.87227703912777,473.87227703912777,473.87227703912777,True,False,60,False,2,600,0.9074839416421849,214.52077208495945,False,0.072,0.0,rolling
paper_hybrid_bilstm_dtr_rolling_fixed_monitor,hybrid,187,673.0,422.23771348902056,511.5675045487319,511.5675045487319,511.5675045487319,511.5675045487319,True,False,60,False,2,600,0.837773241049644,185.84051856564815,False,0.072,0.0,rolling
paper_hybrid_bilstm_dtr_rolling_fixed_monitor,hybrid,188,736.0,461.7636807249913,504.40957500629884,504.40957500629884,504.40957500629884,504.40957500629884,True,False,60,False,2,600,0.9161977792162526,218.43318446259556,False,0.072,0.0,rolling
paper_hybrid_bilstm_dtr_rolling_fixed_monitor,hybrid,189,438.0,274.79958173579644,523.2677250091278,523.2677250091278,523.2677250091278,523.2677250091278,True,False,60,False,2,600,0.5452372653488025,109.17622488970048,False,0.072,0.0,rolling
paper_hybrid_bilstm_dtr_rolling_fixed_monitor,hybrid,190,501.0,314.32554897176715,450.59603138936427,450.59603138936427,450.59603138936427,450.59603138936427,True,False,60,False,2,600,0.623661803515411,123.66364063249776,False,0.072,0.0,rolling
paper_hybrid_bilstm_dtr_rolling_fixed_monitor,hybrid,191,529.0,331.8926455210875,453.40681336871967,453.40681336871967,453.40681336871967,453.40681336871967,True,False,60,False,2,600,0.6585171538116815,131.40126206531983,False,0.072,0.0,rolling
paper_hybrid_bilstm_dtr_rolling_fixed_monitor,hybrid,192,785.0,492.50609968630187,455.13774431886395,455.13774431886395,455.13774431886395,455.13774431886395,True,False,60,False,2,600,0.977194642234726,247.96381742415414,False,0.072,0.0,rolling
paper_hybrid_bilstm_dtr_rolling_fixed_monitor,hybrid,193,709.0,444.82398048100384,519.8343772063567,519.8343772063567,519.8343772063567,519.8343772063567,True,False,60,False,2,600,0.8825872628591346,203.7500753059026,False,0.072,0.0,rolling
paper_hybrid_bilstm_dtr_rolling_fixed_monitor,hybrid,194,681.0,427.25688393168355,513.3938758438608,513.3938758438608,513.3938758438608,513.3938758438608,True,False,60,False,2,600,0.8477319125628642,189.6599647835096,False,0.072,0.0,rolling
paper_hybrid_bilstm_dtr_rolling_fixed_monitor,hybrid,195,688.0,431.6486580690136,510.83907050514154,510.83907050514154,510.83907050514154,510.83907050514154,True,False,60,False,2,600,0.8564457501369318,193.07642801294062,False,0.072,0.0,rolling
paper_hybrid_bilstm_dtr_rolling_fixed_monitor,hybrid,196,424.0,266.0160334611363,514.5302734110542,514.5302734110542,514.5302734110542,514.5302734110542,True,False,60,False,2,600,0.5278095902006673,106.46697676506874,False,0.072,0.0,rolling
paper_hybrid_bilstm_dtr_rolling_fixed_monitor,hybrid,197,726.0,455.4897176716626,447.18756117336306,447.18756117336306,447.18756117336306,447.18756117336306,True,False,60,False,2,600,0.9037494398247274,212.86684680058372,False,0.072,0.0,rolling
paper_hybrid_bilstm_dtr_rolling_fixed_monitor,hybrid,198,532.0,333.7748344370861,511.4577589892833,511.4577589892833,511.4577589892833,511.4577589892833,True,False,60,False,2,600,0.6622516556291391,132.28073242982546,False,0.072,0.0,rolling
paper_hybrid_bilstm_dtr_rolling_fixed_monitor,hybrid,199,430.0,269.7804112931335,467.98972720643314,467.98972720643314,467.98972720643314,467.98972720643314,True,False,60,False,2,600,0.5352785938355824,107.60654980784683,False,0.072,0.0,rolling
paper_hybrid_bilstm_dtr_rolling_fixed_monitor,hybrid,200,394.0,247.19414430115023,436.3979856195788,436.3979856195788,436.3979856195788,436.3979856195788,True,False,60,False,2,600,0.4904645720260917,101.2371107473875,False,0.072,0.0,rolling
paper_hybrid_bilstm_dtr_rolling_fixed_monitor,hybrid,201,572.0,358.87068665040084,417.37547014752954,417.37547014752954,417.37547014752954,417.37547014752954,True,False,60,False,2,600,0.7120450131952397,144.98226617043878,False,0.072,0.0,rolling
paper_hybrid_bilstm_dtr_rolling_fixed_monitor,hybrid,202,652.0,409.0623910770303,453.7792306018364,453.7792306018364,453.7792306018364,453.7792306018364,True,False,60,False,2,600,0.8116317283274411,176.23865693188932,False,0.072,0.0,rolling
paper_hybrid_bilstm_dtr_rolling_fixed_monitor,hybrid,203,621.0,389.61310561171143,477.84426192388855,477.84426192388855,477.84426192388855,477.84426192388855,True,False,60,False,2,600,0.7730418762137131,163.1536978081442,False,0.072,0.0,rolling
paper_hybrid_bilstm_dtr_rolling_fixed_monitor,hybrid,204,568.0,356.3611014290694,476.8584544342093,476.8584544342093,476.8584544342093,476.8584544342093,True,False,60,False,2,600,0.7070656774386297,143.62851293996061,False,0.072,0.0,rolling
paper_hybrid_bilstm_dtr_rolling_fixed_monitor,hybrid,205,512.0,321.2269083304287,466.346915414073,466.346915414073,466.346915414073,466.346915414073,True,False,60,False,2,600,0.6373549768460888,126.60329773640105,False,0.072,0.0,rolling
paper_hybrid_bilstm_dtr_rolling_fixed_monitor,hybrid,206,710.0,445.4513767863367,451.1051428940259,451.1051428940259,451.1051428940259,451.1051428940259,True,False,60,False,2,600,0.8838320967982871,204.27443933586056,False,0.072,0.0,rolling
paper_hybrid_bilstm_dtr_rolling_fixed_monitor,hybrid,207,648.0,406.55280585569886,499.6572816133762,499.6572816133762,499.6572816133762,499.6572816133762,True,False,60,False,2,600,0.8066523925708311,174.47823773319516,False,0.072,0.0,rolling
paper_hybrid_bilstm_dtr_rolling_fixed_monitor,hybrid,208,704.0,441.6869989543395,492.00151134131374,492.00151134131374,492.00151134131374,492.00151134131374,True,False,60,False,2,600,0.876363093163372,201.1503697014644,False,0.072,0.0,rolling
paper_hybrid_bilstm_dtr_rolling_fixed_monitor,hybrid,209,844.0,529.5224817009411,509.8193302761024,509.8193302761024,509.8193302761024,509.8193302761024,True,False,60,False,2,600,1.0506398446447243,288.75366368685116,False,0.072,0.0,rolling
paper_hybrid_bilstm_dtr_rolling_fixed_monitor,hybrid,210,596.0,373.9281979783897,553.1300528655538,553.1300528655538,553.1300528655538,553.1300528655538,True,False,60,False,2,600,0.7419210277349001,153.509851524272,False,0.072,0.0,rolling
paper_hybrid_bilstm_dtr_rolling_fixed_monitor,hybrid,211,506.0,317.46253049843153,499.5732083748344,499.5732083748344,499.5732083748344,499.5732083748344,True,False,60,False,2,800,0.47241447990838026,98.9776357651989,False,0.1104,0.0336,rolling
paper_hybrid_bilstm_dtr_rolling_fixed_monitor,hybrid,212,495.0,310.56117113976995,469.7898963578973,469.7898963578973,469.7898963578973,469.7898963578973,True,False,60,False,2,600,0.6161927998804959,122.1135995447004,False,0.0912,0.0336,rolling
paper_hybrid_bilstm_dtr_rolling_fixed_monitor,hybrid,213,429.0,269.15301498780065,456.96536792232973,456.96536792232973,456.96536792232973,456.96536792232973,True,False,60,False,2,600,0.5340337598964299,107.41439354065388,False,0.072,0.0,rolling
paper_hybrid_bilstm_dtr_rolling_fixed_monitor,hybrid,214,424.0,266.0160334611363,432.49976651243287,432.49976651243287,432.49976651243287,432.49976651243287,True,False,60,False,2,600,0.5278095902006673,106.46697676506874,False,0.072,0.0,rolling
paper_hybrid_bilstm_dtr_rolling_fixed_monitor,hybrid,215,640.0,401.5336354130359,422.22399861957365,422.22399861957365,422.22399861957365,422.22399861957365,True,False,60,False,2,600,0.7966937210576108,171.02206589140826,False,0.072,0.0,rolling
paper_hybrid_bilstm_dtr_rolling_fixed_monitor,hybrid,216,702.0,440.4322063436738,471.34851449745247,471.34851449745247,471.34851449745247,471.34851449745247,True,False,60,False,2,600,0.8738734252850671,200.1207686920311,False,0.072,0.0,rolling
paper_hybrid_bilstm_dtr_rolling_fixed_monitor,hybrid,217,644.0,404.0432206343674,495.07414617734776,495.07414617734776,495.07414617734776,495.07414617734776,True,False,60,False,2,600,0.8016730568142211,172.7394184974029,False,0.072,0.0,rolling
paper_hybrid_bilstm_dtr_rolling_fixed_monitor,hybrid,218,506.0,317.46253049843153,488.81262857562024,488.81262857562024,488.81262857562024,488.81262857562024,True,False,60,False,2,600,0.6298859732111737,124.98402551750848,False,0.072,0.0,rolling
paper_hybrid_bilstm_dtr_rolling_fixed_monitor,hybrid,219,596.0,373.9281979783897,455.73083273065686,455.73083273065686,455.73083273065686,455.73083273065686,True,False,60,False,2,600,0.7419210277349001,153.509851524272,False,0.072,0.0,rolling
paper_hybrid_bilstm_dtr_rolling_fixed_monitor,hybrid,220,694.0,435.4130359010108,472.70946058259597,472.70946058259597,472.70946058259597,472.70946058259597,True,False,60,False,2,600,0.8639147537718468,196.06069788744344,False,0.072,0.0,rolling
paper_hybrid_bilstm_dtr_rolling_fixed_monitor,hybrid,221,588.0,368.90902753572675,499.87426811559953,499.87426811559953,499.87426811559953,499.87426811559953,True,False,60,False,2,600,0.73196235622168,150.58927876259128,False,0.072,0.0,rolling
paper_hybrid_bilstm_dtr_rolling_fixed_monitor,hybrid,222,535.0,335.6570233530847,479.0337380982851,479.0337380982851,479.0337380982851,479.0337380982851,True,False,60,False,2,600,0.6659861574465966,133.170177777199,False,0.072,0.0,rolling
paper_hybrid_bilstm_dtr_rolling_fixed_monitor,hybrid,223,640.0,401.5336354130359,464.0099635602719,464.0099635602719,464.0099635602719,464.0099635602719,True,False,60,False,2,600,0.7966937210576108,171.02206589140826,False,0.072,0.0,rolling
paper_hybrid_bilstm_dtr_rolling_fixed_monitor,hybrid,224,583.0,365.7720460090624,487.52860312178655,487.52860312178655,487.52860312178655,487.52860312178655,True,False,60,False,2,600,0.7257381865259175,148.80380092637984,False,0.072,0.0,rolling
paper_hybrid_bilstm_dtr_rolling_fixed_monitor,hybrid,225,634.0,397.7692575810387,476.0340261400238,476.0340261400238,476.0340261400238,476.0340261400238,True,False,60,False,2,600,0.7892247174226958,168.4859952471212,False,0.072,0.0,rolling
paper_hybrid_bilstm_dtr_rolling_fixed_monitor,hybrid,226,648.0,406.55280585569886,487.9058610082825,487.9058610082825,487.9058610082825,487.9058610082825,True,False,60,False,2,600,0.8066523925708311,174.47823773319516,False,0.072,0.0,rolling
paper_hybrid_bilstm_dtr_rolling_fixed_monitor,hybrid,227,676.0,424.11990240501916,493.41209218573385,493.41209218573385,493.41209218573385,493.41209218573385,True,False,60,False,2,600,0.8415077428671015,187.2622379988385,False,0.072,0.0,rolling
paper_hybrid_bilstm_dtr_rolling_fixed_monitor,hybrid,228,653.0,409.6897873823632,503.085596099947,503.085596099947,503.085596099947,503.085596099947,True,False,60,False,2,600,0.8128765622665937,176.6821523507395,False,0.072,0.0,rolling
paper_hybrid_bilstm_dtr_rolling_fixed_monitor,hybrid,229,569.0,356.98849773440224,500.62996394837046,500.62996394837046,500.62996394837046,500.62996394837046,True,False,60,False,2,600,0.7083105113777822,143.96517104230435,False,0.072,0.0,rolling
paper_hybrid_bilstm_dtr_rolling_fixed_monitor,hybrid,230,403.0,252.84071104914605,479.581285835749,479.581285835749,479.581285835749,479.581285835749,True,False,60,False,2,600,0.5016680774784644,102.72594256531207,False,0.072,0.0,rolling
paper_hybrid_bilstm_dtr_rolling_fixed_monitor,hybrid,231,447.0,280.4461484837923,432.4163675937648,432.4163675937648,432.4163675937648,432.4163675937648,True,False,60,False,2,600,0.5564407708011752,111.01196861180225,False,0.072,0.0,rolling
paper_hybrid_bilstm_dtr_rolling_fixed_monitor,hybrid,232,527.0,330.63785291042177,431.0908955505497,431.0908955505497,431.0908955505497,431.0908955505497,True,False,60,False,2,600,0.6560274859333766,130.82046236840154,False,0.072,0.0,rolling
paper_hybrid_bilstm_dtr_rolling_fixed_monitor,hybrid,233,589.0,369.5364238410596,445.43100606801727,445.43100606801727,445.43100606801727,445.43100606801727,True,False,60,False,2,600,0.7332071901608326,150.95004099020275,False,0.072,0.0,rolling
paper_hybrid_bilstm_dtr_rolling_fixed_monitor,hybrid,234,628.0,394.0048797490415,461.49463001701815,461.49463001701815,461.49463001701815,461.49463001701815,True,False,60,False,2,600,0.7817557137877807,165.9974745211669,False,0.072,0.0,rolling
paper_hybrid_bilstm_dtr_rolling_fixed_monitor,hybrid,235,565.0,354.4789125130708,475.40112877282854,475.40112877282854,475.40112877282854,475.40112877282854,True,False,60,False,2,600,0.7033311756211722,142.62563028741616,False,0.072,0.0,rolling
paper_hybrid_bilstm_dtr_rolling_fixed_monitor,hybrid,236,710.0,445.4513767863367,463.75165088293033,463.75165088293033,463.75165088293033,463.75165088293033,True,False,60,False,2,600,0.8838320967982871,204.27443933586056,False,0.072,0.0,rolling
paper_hybrid_bilstm_dtr_rolling_fixed_monitor,hybrid,237,504.0,316.2077378877658,501.4537660883875,501.4537660883875,501.4537660883875,501.4537660883875,True,False,60,False,2,600,0.6273963053328686,124.45272365224407,False,0.072,0.0,rolling
paper_hybrid_bilstm_dtr_rolling_fixed_monitor,hybrid,238,457.0,286.72011153712094,455.84284207825294,455.84284207825294,455.84284207825294,455.84284207825294,True,False,60,False,2,600,0.5688891101927003,113.14021842874568,False,0.072,0.0,rolling
paper_hybrid_bilstm_dtr_rolling_fixed_monitor,hybrid,239,605.0,379.5747647263855,437.65592934401093,437.65592934401093,437.65592934401093,437.65592934401093,True,False,60,False,2,600,0.7531245331872729,156.8905363429304,False,0.072,0.0,rolling
paper_hybrid_bilstm_dtr_rolling_fixed_monitor,hybrid,240,466.0,292.3666782851168,469.019461819315,469.019461819315,469.019461819315,469.019461819315,True,False,60,False,2,600,0.580092615645073,115.13698687428678,False,0.072,0.0,rolling
paper_hybrid_bilstm_dtr_rolling_fixed_monitor,hybrid,241,459.0,287.9749041477867,437.28360844230474,437.28360844230474,437.28360844230474,437.28360844230474,True,False,60,False,2,600,0.5713787780710053,113.57722670595976,False,0.072,0.0,rolling
paper_hybrid_bilstm_dtr_rolling_fixed_monitor,hybrid,242,609.0,382.084349947717,430.2625176685324,430.2625176685324,430.2625176685324,430.2625176685324,True,False,60,False,2,600,0.7581038689438829,158.42574342842744,False,0.072,0.0,rolling
paper_hybrid_bilstm_dtr_rolling_fixed_monitor,hybrid,243,648.0,406.55280585569886,464.62542494216086,464.62542494216086,464.62542494216086,464.62542494216086,True,False,60,False,2,600,0.8066523925708311,174.47823773319516,False,0.072,0.0,rolling
paper_hybrid_bilstm_dtr_rolling_fixed_monitor,hybrid,244,667.0,418.47333565702337,480.32929923853,480.32929923853,480.32929923853,480.32929923853,True,False,60,False,2,600,0.8303042374147289,183.03487963434583,False,0.072,0.0,rolling
paper_hybrid_bilstm_dtr_rolling_fixed_monitor,hybrid,245,910.0,570.9306378529104,491.4234987952691,491.4234987952691,491.4234987952691,491.4234987952691,True,False,60,False,2,600,1.1327988846287904,341.65614782659304,False,0.072,0.0,rolling
paper_hybrid_bilstm_dtr_rolling_fixed_monitor,hybrid,246,616.0,386.47612408504705,562.2845231398205,562.2845231398205,562.2845231398205,562.2845231398205,True,False,60,False,2,600,0.7668177065179504,161.1612828273482,False,0.072,0.0,rolling
paper_hybrid_bilstm_dtr_rolling_fixed_monitor,hybrid,247,877.0,550.2265597769258,501.7734177913853,501.7734177913853,501.7734177913853,501.7734177913853,True,False,60,False,2,800,0.8187895234775682,178.80736931156378,False,0.1104,0.0336,rolling
paper_hybrid_bilstm_dtr_rolling_fixed_monitor,hybrid,248,728.0,456.74451028232835,567.5550795214053,567.5550795214053,567.5550795214053,567.5550795214053,True,False,60,False,2,600,0.9062391077030324,213.96794768721566,False,0.0912,0.0336,rolling
paper_hybrid_bilstm_dtr_rolling_fixed_monitor,hybrid,249,989.0,620.4949459742071,540.3149408253657,540.3149408253657,540.3149408253657,540.3149408253657,True,False,60,False,2,800,0.9233555743663796,221.70312610665553,False,0.1104,0.0336,rolling
paper_hybrid_bilstm_dtr_rolling_fixed_monitor,hybrid,250,1344.0,843.2206343673754,611.4008749306568,611.4008749306568,611.4008749306568,611.4008749306568,True,False,60,False,2,800,1.2547926106657372,435.6217892179526,True,0.09599999999999999,0.0,rolling
paper_hybrid_bilstm_dtr_rolling_fixed_monitor,hybrid,251,724.0,454.2349250609969,729.0037540449885,729.0037540449885,729.0037540449885,729.0037540449885,True,False,60,False,2,800,0.6759448289598168,135.59122639681473,False,0.09599999999999999,0.0,rolling
paper_hybrid_bilstm_dtr_rolling_fixed_monitor,hybrid,252,703.0,441.05960264900665,589.8555361481849,589.8555361481849,589.8555361481849,589.8555361481849,True,False,60,False,2,900,0.5834121728161463,115.74365537965593,False,0.1272,0.040799999999999996,rolling
paper_hybrid_bilstm_dtr_rolling_fixed_monitor,hybrid,253,610.0,382.71174625304985,569.6750207901305,569.6750207901305,569.6750207901305,569.6750207901305,True,False,60,False,2,800,0.5695115271622766,113.24911281637188,False,0.11759999999999998,0.040799999999999996,rolling
paper_hybrid_bilstm_dtr_rolling_fixed_monitor,hybrid,254,627.0,393.3774834437086,533.0085645793029,533.0085645793029,533.0085645793029,533.0085645793029,True,False,60,False,2,800,0.5853831598864712,116.10714740963752,False,0.09599999999999999,0.0,rolling
paper_hybrid_bilstm_dtr_rolling_fixed_monitor,hybrid,255,560.0,351.3419309864064,523.2493738754215,523.2493738754215,523.2493738754215,523.2493738754215,True,False,60,False,2,800,0.5228302544440572,105.72495581727088,False,0.09599999999999999,0.0,rolling
paper_hybrid_bilstm_dtr_rolling_fixed_monitor,hybrid,256,472.0,296.131056117114,495.78042399651576,495.78042399651576,495.78042399651576,495.78042399651576,True,False,60,False,2,600,0.5875616192799881,116.51175951310847,False,0.0912,0.0336,rolling
paper_hybrid_bilstm_dtr_rolling_fixed_monitor,hybrid,257,330.0,207.04078075984665,462.7685647555986,462.7685647555986,462.7685647555986,462.7685647555986,True,False,60,False,2,600,0.41079519992033064,92.47810356880012,False,0.072,0.0,rolling
paper_hybrid_bilstm_dtr_rolling_fixed_monitor,hybrid,258,568.0,356.3611014290694,413.54287681380856,413.54287681380856,413.54287681380856,413.54287681380856,True,False,60,False,2,600,0.7070656774386297,143.62851293996061,False,0.072,0.0,rolling
paper_hybrid_bilstm_dtr_rolling_fixed_monitor,hybrid,259,750.0,470.54722899965145,457.1012192940325,457.1012192940325,457.1012192940325,457.1012192940325,True,False,60,False,2,600,0.9336254543643878,226.48412341284893,False,0.072,0.0,rolling
paper_hybrid_bilstm_dtr_rolling_fixed_monitor,hybrid,260,497.0,311.8159637504357,505.8922358286495,505.8922358286495,505.8922358286495,505.8922358286495,True,False,60,False,2,600,0.618682467758801,122.62613269220017,False,0.072,0.0,rolling
paper_hybrid_bilstm_dtr_rolling_fixed_monitor,hybrid,261,516.0,323.7364935517602,450.2540067162704,450.2540067162704,450.2540067162704,450.2540067162704,True,False,60,False,2,600,0.6423343126026988,127.70411806795931,False,0.072,0.0,rolling
paper_hybrid_bilstm_dtr_rolling_fixed_monitor,hybrid,262,627.0,393.3774834437086,449.46538962395016,449.46538962395016,449.46538962395016,449.46538962395016,True,False,60,False,2,600,0.7805108798486282,165.58731237840004,False,0.072,0.0,rolling
paper_hybrid_bilstm_dtr_rolling_fixed_monitor,hybrid,263,632.0,396.51446497037296,475.4436350077258,475.4436350077258,475.4436350077258,475.4436350077258,True,False,60,False,2,600,0.7867350495443908,167.65122723639462,False,0.072,0.0,rolling
paper_hybrid_bilstm_dtr_rolling_fixed_monitor,hybrid,264,511.0,320.59951202509586,481.4831568738823,481.4831568738823,481.4831568738823,481.4831568738823,True,False,60,False,2,600,0.6361101429069362,126.33076452392251,False,0.072,0.0,rolling
paper_hybrid_bilstm_dtr_rolling_fixed_monitor,hybrid,265,714.0,447.9609620076682,453.6603576412399,453.6603576412399,453.6603576412399,453.6603576412399,True,False,60,False,2,600,0.8888114325548971,206.3867079302518,False,0.072,0.0,rolling
paper_hybrid_bilstm_dtr_rolling_fixed_monitor,hybrid,266,865.0,542.6978041129313,502.39971645695914,502.39971645695914,502.39971645695914,502.39971645695914,True,False,60,False,2,600,1.0767813573669271,304.72691437772016,False,0.072,0.0,rolling
paper_hybrid_bilstm_dtr_rolling_fixed_monitor,hybrid,267,672.0,421.6103171836877,552.0852423869237,552.0852423869237,552.0852423869237,552.0852423869237,True,False,60,False,2,600,0.8365284071104915,185.3694190275415,False,0.072,0.0,rolling
paper_hybrid_bilstm_dtr_rolling_fixed_monitor,hybrid,268,526.0,330.0104566050889,516.2358210345233,516.2358210345233,516.2358210345233,516.2358210345233,True,False,60,False,2,800,0.491086988995668,101.31806533925041,False,0.1104,0.0336,rolling
paper_hybrid_bilstm_dtr_rolling_fixed_monitor,hybrid,269,594.0,372.67340536772394,477.0952611241496,477.0952611241496,477.0952611241496,477.0952611241496,True,False,60,False,2,600,0.7394313598565951,152.77230001324233,False,0.0912,0.0336,rolling
paper_hybrid_bilstm_dtr_rolling_fixed_monitor,hybrid,270,515.0,323.1090972464273,485.1016295648433,485.1016295648433,485.1016295648433,485.1016295648433,True,False,60,False,2,600,0.6410894786635463,127.42730569616359,False,0.072,0.0,rolling
paper_hybrid_bilstm_dtr_rolling_fixed_monitor,hybrid,271,396.0,248.44893691181596,462.36021590635346,462.36021590635346,462.36021590635346,462.36021590635346,True,False,60,False,2,600,0.49295423990439674,101.5621629668866,False,0.072,0.0,rolling
paper_hybrid_bilstm_dtr_rolling_fixed_monitor,hybrid,272,361.0,226.49006622516558,425.70770366720035,425.70770366720035,425.70770366720035,425.70770366720035,True,False,60,False,2,600,0.4493850520340587,96.33534729118864,False,0.072,0.0,rolling
paper_hybrid_bilstm_dtr_rolling_fixed_monitor,hybrid,273,543.0,340.6761937957477,405.3850753957586,405.3850753957586,405.3850753957586,405.3850753957586,True,False,60,False,2,600,0.6759448289598168,135.59122639681473,False,0.072,0.0,rolling
paper_hybrid_bilstm_dtr_rolling_fixed_monitor,hybrid,274,633.0,397.1418612757058,441.5763769241371,441.5763769241371,441.5763769241371,441.5763769241371,True,False,60,False,2,600,0.7879798834835433,168.06795186789037,False,0.072,0.0,rolling
paper_hybrid_bilstm_dtr_rolling_fixed_monitor,hybrid,275,784.0,491.878703380969,468.51422765392726,468.51422765392726,468.51422765392726,468.51422765392726,True,False,60,False,2,600,0.9759498082955734,247.32273484466083,False,0.072,0.0,rolling
paper_hybrid_bilstm_dtr_rolling_fixed_monitor,hybrid,276,597.0,374.55559428372254,515.7420021412836,515.7420021412836,515.7420021412836,515.7420021412836,True,False,60,False,2,600,0.7431658616740526,153.88048873492312,False,0.072,0.0,rolling
paper_hybrid_bilstm_dtr_rolling_fixed_monitor,hybrid,277,622.0,390.2405019170443,480.01985866504856,480.01985866504856,480.01985866504856,480.01985866504856,True,False,60,False,2,600,0.7742867101528657,163.5560537143183,False,0.072,0.0,rolling
paper_hybrid_bilstm_dtr_rolling_fixed_monitor,hybrid,278,848.0,532.0320669222726,485.7503975319237,485.7503975319237,485.7503975319237,485.7503975319237,True,False,60,False,2,600,1.0556191804013346,291.7358141205499,False,0.072,0.0,rolling
paper_hybrid_bilstm_dtr_rolling_fixed_monitor,hybrid,279,647.0,405.925409550366,547.2717062997554,547.2717062997554,547.2717062997554,547.2717062997554,True,False,60,False,2,600,0.8054075586316786,174.0415131360494,False,0.072,0.0,rolling
paper_hybrid_bilstm_dtr_rolling_fixed_monitor,hybrid,280,579.0,363.2624607877309,507.8496178421019,507.8496178421019,507.8496178421019,507.8496178421019,True,False,60,False,2,800,0.5405691380769805,108.43323324587014,False,0.1104,0.0336,rolling
paper_hybrid_bilstm_dtr_rolling_fixed_monitor,hybrid,281,776.0,486.859532938306,488.3645911852359,488.3645911852359,488.3645911852359,488.3645911852359,True,False,60,False,2,600,0.9659911367823532,242.25269910802587,False,0.0912,0.0336,rolling
paper_hybrid_bilstm_dtr_rolling_fixed_monitor,hybrid,282,667.0,418.47333565702337,535.628080543047,535.628080543047,535.628080543047,535.628080543047,True,False,60,False,2,600,0.8303042374147289,183.03487963434583,False,0.072,0.0,rolling
paper_hybrid_bilstm_dtr_rolling_fixed_monitor,hybrid,283,786.0,493.13349599163473,514.9253285256459,514.9253285256459,514.9253285256459,514.9253285256459,True,False,60,False,2,800,0.7338296071304088,151.13088212926002,False,0.1104,0.0336,rolling
paper_hybrid_bilstm_dtr_rolling_fixed_monitor,hybrid,284,888.0,557.1279191355874,545.6431274733013,545.6431274733013,545.6431274733013,545.6431274733013,True,False,60,False,2,600,1.1054125379674353,323.1339824162747,False,0.0912,0.0336,rolling
paper_hybrid_bilstm_dtr_rolling_fixed_monitor,hybrid,285,767.0,481.2129661903102,579.5443664619552,579.5443664619552,579.5443664619552,579.5443664619552,True,False,60,False,2,800,0.7160907234974855,146.09622383294928,False,0.1104,0.0336,rolling
paper_hybrid_bilstm_dtr_rolling_fixed_monitor,hybrid,286,830.0,520.7389334262809,557.0164713749095,557.0164713749095,557.0164713749095,557.0164713749095,True,False,60,False,2,800,0.7749091271224419,163.75771747386264,False,0.09599999999999999,0.0,rolling
paper_hybrid_bilstm_dtr_rolling_fixed_monitor,hybrid,287,550.0,345.06796793307774,574.5711128961248,574.5711128961248,574.5711128961248,574.5711128961248,True,False,60,False,2,800,0.5134939999004133,104.37129603281275,False,0.09599999999999999,0.0,rolling
paper_hybrid_bilstm_dtr_rolling_fixed_monitor,hybrid,288,389.0,244.0571627744859,504.0136529090123,504.0136529090123,504.0136529090123,504.0136529090123,True,False,60,False,2,800,0.3631803017477469,88.62262225115377,False,0.09599999999999999,0.0,rolling
paper_hybrid_bilstm_dtr_rolling_fixed_monitor,hybrid,289,754.0,473.0568142209829,447.99197661701055,447.99197661701055,447.99197661701055,447.99197661701055,True,False,60,False,2,600,0.9386047901209978,228.84039158816978,False,0.0912,0.0336,rolling
paper_hybrid_bilstm_dtr_rolling_fixed_monitor,hybrid,290,571.0,358.243290345068,523.9061614324287,523.9061614324287,523.9061614324287,523.9061614324287,True,False,60,False,2,600,0.7108001792560873,144.64204557421368,False,0.072,0.0,rolling
paper_hybrid_bilstm_dtr_rolling_fixed_monitor,hybrid,291,463.0,290.4844893691182,483.65622491551585,483.65622491551585,483.65622491551585,483.65622491551585,True,False,60,False,2,600,0.5763581138276155,114.46273490731761,False,0.072,0.0,rolling
paper_hybrid_bilstm_dtr_rolling_fixed_monitor,hybrid,292,494.0,309.9337748344371,450.06765360259624,450.06765360259624,450.06765360259624,450.06765360259624,True,False,60,False,2,600,0.6149479659413434,121.85888088495864,False,0.072,0.0,rolling
paper_hybrid_bilstm_dtr_rolling_fixed_monitor,hybrid,293,619.0,388.35831300104564,447.95139701032394,447.95139701032394,447.95139701032394,447.95139701032394,True,False,60,False,2,600,0.770552208335408,162.35286515580015,False,0.072,0.0,rolling
paper_hybrid_bilstm_dtr_rolling_fixed_monitor,hybrid,294,517.0,324.36388985709306,474.7108901335141,474.7108901335141,474.7108901335141,474.7108901335141,True,False,60,False,2,600,0.6435791465418513,127.9820054379087,False,0.072,0.0,rolling
paper_hybrid_bilstm_dtr_rolling_fixed_monitor,hybrid,295,362.0,227.11746253049844,451.31666258870155,451.31666258870155,451.31666258870155,451.31666258870155,True,False,60,False,2,600,0.4506298859732112,96.4714744879451,False,0.072,0.0,rolling
paper_hybrid_bilstm_dtr_rolling_fixed_monitor,hybrid,296,518.0,324.9912861624259,408.48058894179394,408.48058894179394,408.48058894179394,408.48058894179394,True,False,60,False,2,600,0.6448239804810039,128.26096988934154,False,0.072,0.0,rolling
paper_hybrid_bilstm_dtr_rolling_fixed_monitor,hybrid,297,411.0,257.859881491809,436.7491136109679,436.7491136109679,436.7491136109679,436.7491136109679,True,False,60,False,2,600,0.5116267489916846,104.10639297215997,False,0.072,0.0,rolling
paper_hybrid_bilstm_dtr_rolling_fixed_monitor,hybrid,298,412.0,258.48727779714187,411.09726312892735,411.09726312892735,411.09726312892735,411.09726312892735,True,False,60,False,2,600,0.512871582930837,104.28278051643576,False,0.072,0.0,rolling
paper_hybrid_bilstm_dtr_rolling_fixed_monitor,hybrid,299,498.0,312.44336005576855,406.73388372317504,406.73388372317504,406.73388372317504,406.73388372317504,True,False,60,False,2,600,0.6199273016979535,122.88395134661768,False,0.072,0.0,rolling
paper_hybrid_bilstm_dtr_rolling_fixed_monitor,hybrid,300,472.0,296.131056117114,424.58399776334454,424.58399776334454,424.58399776334454,424.58399776334454,True,False,60,False,2,600,0.5875616192799881,116.51175951310847,False,0.072,0.0,rolling
paper_hybrid_bilstm_dtr_rolling_fixed_monitor,hybrid,301,415.0,260.36946671314047,420.46342167783814,420.46342167783814,420.46342167783814,420.46342167783814,True,False,60,False,2,600,0.5166060847482946,104.81710147373708,False,0.072,0.0,rolling
paper_hybrid_bilstm_dtr_rolling_fixed_monitor,hybrid,302,716.0,449.2157546183339,406.5190165119834,406.5190165119834,406.5190165119834,406.5190165119834,True,False,60,False,2,600,0.8913011004332022,207.4517588787997,False,0.072,0.0,rolling
paper_hybrid_bilstm_dtr_rolling_fixed_monitor,hybrid,303,603.0,378.3199721157198,481.3122408687459,481.3122408687459,481.3122408687459,481.3122408687459,True,False,60,False,2,600,0.7506348653089678,156.1305036205123,False,0.072,0.0,rolling
paper_hybrid_bilstm_dtr_rolling_fixed_monitor,hybrid,304,639.0,400.906239107703,466.7101089146313,466.7101089146313,466.7101089146313,466.7101089146313,True,False,60,False,2,600,0.7954488871184584,170.59606627584236,False,0.072,0.0,rolling
paper_hybrid_bilstm_dtr_rolling_fixed_monitor,hybrid,305,622.0,390.2405019170443,480.4204528357459,480.4204528357459,480.4204528357459,480.4204528357459,True,False,60,False,2,600,0.7742867101528657,163.5560537143183,False,0.072,0.0,rolling
paper_hybrid_bilstm_dtr_rolling_fixed_monitor,hybrid,306,573.0,359.4980829557337,481.4577494643545,481.4577494643545,481.4577494643545,481.4577494643545,True,False,60,False,2,600,0.7132898471343923,145.3236784312839,False,0.072,0.0,rolling
paper_hybrid_bilstm_dtr_rolling_fixed_monitor,hybrid,307,644.0,404.0432206343674,471.22530662338204,471.22530662338204,471.22530662338204,471.22530662338204,True,False,60,False,2,600,0.8016730568142211,172.7394184974029,False,0.072,0.0,rolling
paper_hybrid_bilstm_dtr_rolling_fixed_monitor,hybrid,308,582.0,365.14464970372956,488.9873737543253,488.9873737543253,488.9873737543253,488.9873737543253,True,False,60,False,2,600,0.724493352586765,148.45035743619843,False,0.072,0.0,rolling
paper_hybrid_bilstm_dtr_rolling_fixed_monitor,hybrid,309,656.0,411.5719762983618,476.36764589754875,476.36764589754875,476.36764589754875,476.36764589754875,True,False,60,False,2,600,0.8166110640840512,178.02080942658984,False,0.072,0.0,rolling
paper_hybrid_bilstm_dtr_rolling_fixed_monitor,hybrid,310,766.0,480.58556988497736,494.46653580541715,494.46653580541715,494.46653580541715,494.46653580541715,True,False,60,False,2,600,0.9535427973908281,236.06052918755051,False,0.072,0.0,rolling
paper_hybrid_bilstm_dtr_rolling_fixed_monitor,hybrid,311,552.0,346.32276054374347,527.2125926018239,527.2125926018239,527.2125926018239,527.2125926018239,True,False,60,False,2,600,0.6871483344121895,138.4014996951575,False,0.072,0.0,rolling
paper_hybrid_bilstm_dtr_rolling_fixed_monitor,hybrid,312,615.0,385.8487277797142,479.874085158061,479.874085158061,479.874085158061,479.874085158061,True,False,60,False,2,800,0.5741796544340985,114.07343391036224,False,0.1104,0.0336,rolling
paper_hybrid_bilstm_dtr_rolling_fixed_monitor,hybrid,313,637.0,399.6514464970373,489.3672807546109,489.3672807546109,489.3672807546109,489.3672807546109,True,False,60,False,2,600,0.7929592192401533,169.74805870452144,False,0.0912,0.0336,rolling
paper_hybrid_bilstm_dtr_rolling_fixed_monitor,hybrid,314,502.0,314.9529452771,494.21956615166573,494.21956615166573,494.21956615166573,494.21956615166573,True,False,60,False,2,600,0.6249066374545635,123.92562177976616,False,0.072,0.0,rolling
paper_hybrid_bilstm_dtr_rolling_fixed_monitor,hybrid,315,529.0,331.8926455210875,459.6324956857293,459.6324956857293,459.6324956857293,459.6324956857293,True,False,60,False,2,600,0.6585171538116815,131.40126206531983,False,0.072,0.0,rolling
paper_hybrid_bilstm_dtr_rolling_fixed_monitor,hybrid,316,480.0,301.1502265597769,459.12651495190994,459.12651495190994,459.12651495190994,459.12651495190994,True,False,60,False,2,600,0.5975202907932081,118.39993404793785,False,0.072,0.0,rolling
paper_hybrid_bilstm_dtr_rolling_fixed_monitor,hybrid,317,502.0,314.9529452771,442.92918300509064,442.92918300509064,442.92918300509064,442.92918300509064,True,False,60,False,2,600,0.6249066374545635,123.92562177976616,False,0.072,0.0,rolling
paper_hybrid_bilstm_dtr_rolling_fixed_monitor,hybrid,318,576.0,361.3802718717323,443.02500867571734,443.02500867571734,443.02500867571734,443.02500867571734,True,False,60,False,2,600,0.7170243489518499,146.35508603483663,False,0.072,0.0,rolling
paper_hybrid_bilstm_dtr_rolling_fixed_monitor,hybrid,319,346.0,217.07912164517253,459.62377769307614,459.62377769307614,459.62377769307614,459.62377769307614,True,False,60,False,2,600,0.4307125429467709,94.38252252017409,False,0.072,0.0,rolling
paper_hybrid_bilstm_dtr_rolling_fixed_monitor,hybrid,320,453.0,284.2105263157895,403.2801618270764,403.2801618270764,403.2801618270764,403.2801618270764,True,False,60,False,2,600,0.5639097744360902,112.27761018805707,False,0.072,0.0,rolling
paper_hybrid_bilstm_dtr_rolling_fixed_monitor,hybrid,321,441.0,276.68177065179503,418.53163973673463,418.53163973673463,418.53163973673463,418.53163973673463,True,False,60,False,2,600,0.54897176716626,109.77985197796818,False,0.072,0.0,rolling
paper_hybrid_bilstm_dtr_rolling_fixed_monitor,hybrid,322,458.0,287.3475078424538,413.8330029394783,413.8330029394783,413.8330029394783,413.8330029394783,True,False,60,False,2,600,0.5701339441318528,113.35824548483879,False,0.072,0.0,rolling
paper_hybrid_bilstm_dtr_rolling_fixed_monitor,hybrid,323,671.0,420.98292087835483,416.1796361000379,416.1796361000379,416.1796361000379,416.1796361000379,True,False,60,False,2,600,0.8352835731713389,184.89971948703038,False,0.072,0.0,rolling
paper_hybrid_bilstm_dtr_rolling_fixed_monitor,hybrid,324,598.0,375.1829905890554,470.75316229751206,470.75316229751206,470.75316229751206,470.75316229751206,True,False,60,False,2,600,0.7444106956132052,154.25236969343808,False,0.072,0.0,rolling
paper_hybrid_bilstm_dtr_rolling_fixed_monitor,hybrid,325,644.0,404.0432206343674,463.9545007506581,463.9545007506581,463.9545007506581,463.9545007506581,True,False,60,False,2,600,0.8016730568142211,172.7394184974029,False,0.072,0.0,rolling
paper_hybrid_bilstm_dtr_rolling_fixed_monitor,hybrid,326,477.0,299.2680376437783,480.3553809679315,480.3553809679315,480.3553809679315,480.3553809679315,True,False,60,False,2,600,0.5937857889757506,117.68442590182637,False,0.072,0.0,rolling
paper_hybrid_bilstm_dtr_rolling_fixed_monitor,hybrid,327,647.0,405.925409550366,442.93173578746973,442.93173578746973,442.93173578746973,442.93173578746973,True,False,60,False,2,600,0.8054075586316786,174.0415131360494,False,0.072,0.0,rolling
paper_hybrid_bilstm_dtr_rolling_fixed_monitor,hybrid,328,562.0,352.5967235970722,481.4157971350678,481.4157971350678,481.4157971350678,481.4157971350678,True,False,60,False,2,600,0.6995966738037146,141.6333413666769,False,0.072,0.0,rolling
paper_hybrid_bilstm_dtr_rolling_fixed_monitor,hybrid,329,490.0,307.4241896131056,465.0527510792808,465.0527510792808,465.0527510792808,465.0527510792808,True,False,60,False,2,600,0.6099686301847334,120.85027706168476,False,0.072,0.0,rolling
paper_hybrid_bilstm_dtr_rolling_fixed_monitor,hybrid,330,548.0,343.813175322412,446.14763951381747,446.14763951381747,446.14763951381747,446.14763951381747,True,False,60,False,2,600,0.6821689986555793,137.1410796377125,False,0.072,0.0,rolling
paper_hybrid_bilstm_dtr_rolling_fixed_monitor,hybrid,331,467.0,292.99407459044966,456.4241539751083,456.4241539751083,456.4241539751083,456.4241539751083,True,False,60,False,2,600,0.5813374495842255,115.363676415502,False,0.072,0.0,rolling
paper_hybrid_bilstm_dtr_rolling_fixed_monitor,hybrid,332,474.0,297.3858487277797,435.6794737112732,435.6794737112732,435.6794737112732,435.6794737112732,True,False,60,False,2,600,0.5900512871582931,116.97786149035399,False,0.072,0.0,rolling
paper_hybrid_bilstm_dtr_rolling_fixed_monitor,hybrid,333,531.0,333.14743813175323,432.7875566013972,432.7875566013972,432.7875566013972,432.7875566013972,True,False,60,False,2,600,0.6610068216899866,131.98647008800015,False,0.072,0.0,rolling
paper_hybrid_bilstm_dtr_rolling_fixed_monitor,hybrid,334,661.0,414.7089578250262,444.0118276452072,444.0118276452072,444.0118276452072,444.0118276452072,True,False,60,False,2,600,0.8228352337798138,180.27926561712547,False,0.072,0.0,rolling
paper_hybrid_bilstm_dtr_rolling_fixed_monitor,hybrid,335,544.0,341.30359010108054,478.90462992531957,478.90462992531957,478.90462992531957,478.90462992531957,True,False,60,False,2,600,0.6771896628989693,135.89892621556112,False,0.072,0.0,rolling
paper_hybrid_bilstm_dtr_rolling_fixed_monitor,hybrid,336,597.0,374.55559428372254,456.62522171174123,456.62522171174123,456.62522171174123,456.62522171174123,True,False,60,False,2,600,0.7431658616740526,153.88048873492312,False,0.072,0.0,rolling
paper_hybrid_bilstm_dtr_rolling_fixed_monitor,hybrid,337,566.0,355.10630881840365,469.74958166258966,469.74958166258966,469.74958166258966,469.74958166258966,True,False,60,False,2,600,0.7045760095603247,142.95874464584628,False,0.072,0.0,rolling
paper_hybrid_bilstm_dtr_rolling_fixed_monitor,hybrid,338,573.0,359.4980829557337,463.9402918676046,463.9402918676046,463.9402918676046,463.9402918676046,True,False,60,False,2,600,0.7132898471343923,145.3236784312839,False,0.072,0.0,rolling
paper_hybrid_bilstm_dtr_rolling_fixed_monitor,hybrid,339,454.0,284.83792262112235,465.7632433976596,465.7632433976596,465.7632433976596,465.7632433976596,True,False,60,False,2,600,0.5651546083752428,112.49184141733618,False,0.072,0.0,rolling
paper_hybrid_bilstm_dtr_rolling_fixed_monitor,hybrid,340,529.0,331.8926455210875,435.7038455581378,435.7038455581378,435.7038455581378,435.7038455581378,True,False,60,False,2,600,0.6585171538116815,131.40126206531983,False,0.072,0.0,rolling
paper_hybrid_bilstm_dtr_rolling_fixed_monitor,hybrid,341,495.0,310.56117113976995,448.3363854925151,448.3363854925151,448.3363854925151,448.3363854925151,True,False,60,False,2,600,0.6161927998804959,122.1135995447004,False,0.072,0.0,rolling
paper_hybrid_bilstm_dtr_rolling_fixed_monitor,hybrid,342,429.0,269.15301498780065,439.4568450639067,439.4568450639067,439.4568450639067,439.4568450639067,True,False,60,False,2,600,0.5340337598964299,107.41439354065388,False,0.072,0.0,rolling
paper_hybrid_bilstm_dtr_rolling_fixed_monitor,hybrid,343,512.0,321.2269083304287,420.53880100657943,420.53880100657943,420.53880100657943,420.53880100657943,True,False,60,False,2,600,0.6373549768460888,126.60329773640105,False,0.072,0.0,rolling
paper_hybrid_bilstm_dtr_rolling_fixed_monitor,hybrid,344,571.0,358.243290345068,436.3159835063634,436.3159835063634,436.3159835063634,436.3159835063634,True,False,60,False,2,600,0.7108001792560873,144.64204557421368,False,0.072,0.0,rolling
paper_hybrid_bilstm_dtr_rolling_fixed_monitor,hybrid,345,535.0,335.6570233530847,452.1913277134795,452.1913277134795,452.1913277134795,452.1913277134795,True,False,60,False,2,600,0.6659861574465966,133.170177777199,False,0.072,0.0,rolling
paper_hybrid_bilstm_dtr_rolling_fixed_monitor,hybrid,346,471.0,295.5036598117811,447.02832535175367,447.02832535175367,447.02832535175367,447.02832535175367,True,False,60,False,2,600,0.5863167853408355,116.2801845636173,False,0.072,0.0,rolling
paper_hybrid_bilstm_dtr_rolling_fixed_monitor,hybrid,347,601.0,377.06517950505406,431.3216574444791,431.3216574444791,431.3216574444791,431.3216574444791,True,False,60,False,2,600,0.7481451974306628,155.37549588946374,False,0.072,0.0,rolling
paper_hybrid_bilstm_dtr_rolling_fixed_monitor,hybrid,348,568.0,356.3611014290694,461.7327853467059,461.7327853467059,461.7327853467059,461.7327853467059,True,False,60,False,2,600,0.7070656774386297,143.62851293996061,False,0.072,0.0,rolling
paper_hybrid_bilstm_dtr_rolling_fixed_monitor,hybrid,349,428.0,268.5256186824678,458.4927506020199,458.4927506020199,458.4927506020199,458.4927506020199,True,False,60,False,2,600,0.5327889259572773,107.2231310219259,False,0.072,0.0,rolling
paper_hybrid_bilstm_dtr_rolling_fixed_monitor,hybrid,350,425.0,266.6434297664692,424.68341177901357,424.68341177901357,424.68341177901357,424.68341177901357,True,False,60,False,2,600,0.5290544241398198,106.65468512323434,False,0.072,0.0,rolling
paper_hybrid_bilstm_dtr_rolling_fixed_monitor,hybrid,351,620.0,388.9857093063785,417.2013270401403,417.2013270401403,417.2013270401403,417.2013270401403,True,False,60,False,2,600,0.7717970422745606,162.75263564974804,False,0.072,0.0,rolling
paper_hybrid_bilstm_dtr_rolling_fixed_monitor,hybrid,352,463.0,290.4844893691182,462.5087348585412,462.5087348585412,462.5087348585412,462.5087348585412,True,False,60,False,2,600,0.5763581138276155,114.46273490731761,False,0.072,0.0,rolling
paper_hybrid_bilstm_dtr_rolling_fixed_monitor,hybrid,353,470.0,294.87626350644825,429.98125403263157,429.98125403263157,429.98125403263157,429.98125403263157,True,False,60,False,2,600,0.585071951401683,116.0495908624408,False,0.072,0.0,rolling
paper_hybrid_bilstm_dtr_rolling_fixed_monitor,hybrid,354,429.0,269.15301498780065,428.1364111895332,428.1364111895332,428.1364111895332,428.1364111895332,True,False,60,False,2,600,0.5340337598964299,107.41439354065388,False,0.072,0.0,rolling
paper_hybrid_bilstm_dtr_rolling_fixed_monitor,hybrid,355,379.0,237.7831997211572,415.4278416893935,415.4278416893935,415.4278416893935,415.4278416893935,True,False,60,False,2,600,0.47179206293880394,98.90272413170717,False,0.072,0.0,rolling
paper_hybrid_bilstm_dtr_rolling_fixed_monitor,hybrid,356,366.0,229.6270477518299,398.97679689008555,398.97679689008555,398.97679689008555,398.97679689008555,True,False,60,False,2,600,0.45560922172982127,97.02354576198239,False,0.072,0.0,rolling
paper_hybrid_bilstm_dtr_rolling_fixed_monitor,hybrid,357,494.0,309.9337748344371,390.3585313296926,390.3585313296926,390.3585313296926,390.3585313296926,True,False,60,False,2,600,0.6149479659413434,121.85888088495864,False,0.072,0.0,rolling
paper_hybrid_bilstm_dtr_rolling_fixed_monitor,hybrid,358,523.0,328.1282676890903,417.94741381471067,417.94741381471067,417.94741381471067,417.94741381471067,True,False,60,False,2,600,0.6510481501767665,129.6720212852988,False,0.072,0.0,rolling
paper_hybrid_bilstm_dtr_rolling_fixed_monitor,hybrid,359,372.0,233.39142558382713,429.3568819952684,429.3568819952684,429.3568819952684,429.3568819952684,True,False,60,False,2,600,0.46307822536473636,97.87456930034558,False,0.072,0.0,rolling
paper_hybrid_bilstm_dtr_rolling_fixed_monitor,hybrid,360,412.0,258.48727779714187,395.7853372591603,395.7853372591603,395.7853372591603,395.7853372591603,True,False,60,False,2,600,0.512871582930837,104.28278051643576,False,0.072,0.0,rolling
paper_hybrid_bilstm_dtr_rolling_fixed_monitor,hybrid,361,472.0,296.131056117114,400.60089630594985,400.60089630594985,400.60089630594985,400.60089630594985,True,False,60,False,2,600,0.5875616192799881,116.51175951310847,False,0.072,0.0,rolling
paper_hybrid_bilstm_dtr_rolling_fixed_monitor,hybrid,362,561.0,351.96932729173926,413.97889686072904,413.97889686072904,413.97889686072904,413.97889686072904,True,False,60,False,2,600,0.6983518398645621,141.304922833515,False,0.072,0.0,rolling
paper_hybrid_bilstm_dtr_rolling_fixed_monitor,hybrid,363,390.0,244.68455907981877,439.2611959691162,439.2611959691162,439.2611959691162,439.2611959691162,True,False,60,False,2,600,0.4854852362694817,100.59683962483386,False,0.072,0.0,rolling
paper_hybrid_bilstm_dtr_rolling_fixed_monitor,hybrid,364,396.0,248.44893691181596,402.48371780765046,402.48371780765046,402.48371780765046,402.48371780765046,True,False,60,False,2,600,0.49295423990439674,101.5621629668866,False,0.072,0.0,rolling
paper_hybrid_bilstm_dtr_rolling_fixed_monitor,hybrid,365,402.0,252.21331474381319,399.142197921969,399.142197921969,399.142197921969,399.142197921969,True,False,60,False,2,600,0.5004232435393119,102.55718625792957,False,0.072,0.0,rolling
paper_hybrid_bilstm_dtr_rolling_fixed_monitor,hybrid,366,511.0,320.59951202509586,397.699586883547,397.699586883547,397.699586883547,397.699586883547,True,False,60,False,2,600,0.6361101429069362,126.33076452392251,False,0.072,0.0,rolling
paper_hybrid_bilstm_dtr_rolling_fixed_monitor,hybrid,367,541.0,339.4214011850819,423.65126888086843,423.65126888086843,423.65126888086843,423.65126888086843,True,False,60,False,2,600,0.6734551610815117,134.97921842016345,False,0.072,0.0,rolling
paper_hybrid_bilstm_dtr_rolling_fixed_monitor,hybrid,368,595.0,373.3008016730568,436.0667018987592,436.0667018987592,436.0667018987592,436.0667018987592,True,False,60,False,2,600,0.7406761937957477,153.140455978155,False,0.072,0.0,rolling
paper_hybrid_bilstm_dtr_rolling_fixed_monitor,hybrid,369,682.0,427.8842802370164,455.0142233677093,455.0142233677093,455.0142233677093,455.0142233677093,True,False,60,False,2,600,0.8489767465020167,190.1437580498147,False,0.072,0.0,rolling
paper_hybrid_bilstm_dtr_rolling_fixed_monitor,hybrid,370,584.0,366.3994423143953,484.7460221628644,484.7460221628644,484.7460221628644,484.7460221628644,True,False,60,False,2,600,0.72698302046507,149.15845899780857,False,0.072,0.0,rolling
paper_hybrid_bilstm_dtr_rolling_fixed_monitor,hybrid,371,567.0,355.7337051237365,468.99126079888174,468.99126079888174,468.99126079888174,468.99126079888174,True,False,60,False,2,600,0.7058208434994772,143.29303816891783,False,0.072,0.0,rolling
paper_hybrid_bilstm_dtr_rolling_fixed_monitor,hybrid,372,609.0,382.084349947717,465.72196538824664,465.72196538824664,465.72196538824664,465.72196538824664,True,False,60,False,2,600,0.7581038689438829,158.42574342842744,False,0.072,0.0,rolling
paper_hybrid_bilstm_dtr_rolling_fixed_monitor,hybrid,373,733.0,459.8814918089927,476.3136039762403,476.3136039762403,476.3136039762403,476.3136039762403,True,False,60,False,2,600,0.912463277398795,216.74727798314763,False,0.072,0.0,rolling
paper_hybrid_bilstm_dtr_rolling_fixed_monitor,hybrid,374,827.0,518.8567445102823,511.6603439456321,511.6603439456321,511.6603439456321,511.6603439456321,True,False,60,False,2,600,1.0294776676791315,276.39177484900733,False,0.072,0.0,rolling
paper_hybrid_bilstm_dtr_rolling_fixed_monitor,hybrid,375,777.0,487.4869292436389,546.1502401011944,546.1502401011944,546.1502401011944,546.1502401011944,True,False,60,False,2,600,0.9672359707215057,242.88077337652769,False,0.072,0.0,rolling
paper_hybrid_bilstm_dtr_rolling_fixed_monitor,hybrid,376,684.0,429.13907284768214,544.9539243966501,544.9539243966501,544.9539243966501,544.9539243966501,True,False,60,False,2,800,0.6385998107852413,126.87689761371423,False,0.1104,0.0336,rolling
paper_hybrid_bilstm_dtr_rolling_fixed_monitor,hybrid,377,601.0,377.06517950505406,525.5519354156627,525.5519354156627,525.5519354156627,525.5519354156627,True,False,60,False,2,800,0.5611088980729971,111.79903732836752,False,0.09599999999999999,0.0,rolling
paper_hybrid_bilstm_dtr_rolling_fixed_monitor,hybrid,378,819.0,513.8375740676194,501.8285675239149,501.8285675239149,501.8285675239149,501.8285675239149,True,False,60,False,2,800,0.7646392471244335,160.47153058860675,False,0.09599999999999999,0.0,rolling
paper_hybrid_bilstm_dtr_rolling_fixed_monitor,hybrid,379,820.0,514.4649703729523,553.5392446146411,553.5392446146411,553.5392446146411,553.5392446146411,True,False,60,False,2,600,1.020763830105064,271.44689341130834,False,0.0912,0.0336,rolling
paper_hybrid_bilstm_dtr_rolling_fixed_monitor,hybrid,380,756.0,474.31160683164865,562.2435582074918,562.2435582074918,562.2435582074918,562.2435582074918,True,False,60,False,2,800,0.7058208434994772,143.29303816891783,False,0.1104,0.0336,rolling
paper_hybrid_bilstm_dtr_rolling_fixed_monitor,hybrid,381,852.0,534.5416521436041,551.3401911750166,551.3401911750166,551.3401911750166,551.3401911750166,True,False,60,False,2,800,0.7954488871184585,170.59606627584236,False,0.09599999999999999,0.0,rolling
paper_hybrid_bilstm_dtr_rolling_fixed_monitor,hybrid,382,837.0,525.130707563611,578.0219207670548,578.0219207670548,578.0219207670548,578.0219207670548,True,False,60,False,2,800,0.7814445053029926,165.89481141081592,False,0.09599999999999999,0.0,rolling
paper_hybrid_bilstm_dtr_rolling_fixed_monitor,hybrid,383,748.0,469.2924363889857,580.2031288128783,580.2031288128783,580.2031288128783,580.2031288128783,True,False,60,False,2,800,0.6983518398645621,141.304922833515,False,0.09599999999999999,0.0,rolling
paper_hybrid_bilstm_dtr_rolling_fixed_monitor,hybrid,384,769.0,482.46775880097596,559.3297016188671,559.3297016188671,559.3297016188671,559.3297016188671,True,False,60,False,2,800,0.7179579744062142,146.6146232355647,False,0.09599999999999999,0.0,rolling
paper_hybrid_bilstm_dtr_rolling_fixed_monitor,hybrid,385,553.0,346.95015684907634,561.5847958565687,561.5847958565687,561.5847958565687,561.5847958565687,True,False,60,False,2,800,0.5162948762635065,104.77227830310824,False,0.09599999999999999,0.0,rolling
paper_hybrid_bilstm_dtr_rolling_fixed_monitor,hybrid,386,790.0,495.6430812129662,503.2077684113542,503.2077684113542,503.2077684113542,503.2077684113542,True,False,60,False,2,800,0.7375641089478664,152.22238572334763,False,0.09599999999999999,0.0,rolling
paper_hybrid_bilstm_dtr_rolling_fixed_monitor,hybrid,387,766.0,480.58556988497736,552.6116212969232,552.6116212969232,552.6116212969232,552.6116212969232,True,False,60,False,2,600,0.9535427973908281,236.06052918755051,False,0.0912,0.0336,rolling
paper_hybrid_bilstm_dtr_rolling_fixed_monitor,hybrid,388,676.0,424.11990240501916,551.0118214793656,551.0118214793656,551.0118214793656,551.0118214793656,True,False,60,False,2,800,0.6311308071503261,125.25125665575999,False,0.1104,0.0336,rolling
paper_hybrid_bilstm_dtr_rolling_fixed_monitor,hybrid,389,635.0,398.39665388637155,528.3113005046466,528.3113005046466,528.3113005046466,528.3113005046466,True,False,60,False,2,800,0.5928521635213863,117.50694852109771,False,0.09599999999999999,0.0,rolling
paper_hybrid_bilstm_dtr_rolling_fixed_monitor,hybrid,390,644.0,404.0432206343674,512.9603844964668,512.9603844964668,512.9603844964668,512.9603844964668,True,False,60,False,2,800,0.6012547926106657,119.12444217859183,False,0.09599999999999999,0.0,rolling
paper_hybrid_bilstm_dtr_rolling_fixed_monitor,hybrid,391,576.0,361.3802718717323,509.83426164473485,509.83426164473485,509.83426164473485,509.83426164473485,True,False,60,False,2,600,0.7170243489518499,146.35508603483663,False,0.0912,0.0336,rolling
paper_hybrid_bilstm_dtr_rolling_fixed_monitor,hybrid,392,716.0,449.2157546183339,488.3487446682034,488.3487446682034,488.3487446682034,488.3487446682034,True,False,60,False,2,600,0.8913011004332022,207.4517588787997,False,0.072,0.0,rolling
paper_hybrid_bilstm_dtr_rolling_fixed_monitor,hybrid,393,674.0,422.86510979435343,518.7097079883956,518.7097079883956,518.7097079883956,518.7097079883956,True,False,60,False,2,600,0.8390180749887964,186.31302018467994,False,0.072,0.0,rolling
paper_hybrid_bilstm_dtr_rolling_fixed_monitor,hybrid,394,535.0,335.6570233530847,511.49689362481195,511.49689362481195,511.49689362481195,511.49689362481195,True,False,60,False,2,600,0.6659861574465966,133.170177777199,False,0.072,0.0,rolling
paper_hybrid_bilstm_dtr_rolling_fixed_monitor,hybrid,395,676.0,424.11990240501916,475.2962961153171,475.2962961153171,475.2962961153171,475.2962961153171,True,False,60,False,2,600,0.8415077428671015,187.2622379988385,False,0.072,0.0,rolling
paper_hybrid_bilstm_dtr_rolling_fixed_monitor,hybrid,396,693.0,434.78563959567794,504.69382491592614,504.69382491592614,504.69382491592614,504.69382491592614,True,False,60,False,2,600,0.8626699198326944,195.55971715065795,False,0.072,0.0,rolling
paper_hybrid_bilstm_dtr_rolling_fixed_monitor,hybrid,397,549.0,344.4405716277449,511.5918763955965,511.5918763955965,511.5918763955965,511.5918763955965,True,False,60,False,2,600,0.6834138325947319,137.4544669466906,False,0.072,0.0,rolling
paper_hybrid_bilstm_dtr_rolling_fixed_monitor,hybrid,398,552.0,346.32276054374347,476.5795268350139,476.5795268350139,476.5795268350139,476.5795268350139,True,False,60,False,2,600,0.6871483344121895,138.4014996951575,False,0.072,0.0,rolling
paper_hybrid_bilstm_dtr_rolling_fixed_monitor,hybrid,399,621.0,389.61310561171143,471.0691052412044,471.0691052412044,471.0691052412044,471.0691052412044,True,False,60,False,2,600,0.7730418762137131,163.1536978081442,False,0.072,0.0,rolling
paper_hybrid_bilstm_dtr_rolling_fixed_monitor,hybrid,400,754.0,473.0568142209829,484.89165117273615,484.89165117273615,484.89165117273615,484.89165117273615,True,False,60,False,2,600,0.9386047901209978,228.84039158816978,False,0.072,0.0,rolling
paper_hybrid_bilstm_dtr_rolling_fixed_monitor,hybrid,401,699.0,438.55001742767513,521.1880502700051,521.1880502700051,521.1880502700051,521.1880502700051,True,False,60,False,2,600,0.8701389234676093,198.5873307007178,False,0.072,0.0,rolling
paper_hybrid_bilstm_dtr_rolling_fixed_monitor,hybrid,402,717.0,449.84315092366677,515.4011334451161,515.4011334451161,515.4011334451161,515.4011334451161,True,False,60,False,2,600,0.8925459343723547,207.98652080756588,False,0.072,0.0,rolling
paper_hybrid_bilstm_dtr_rolling_fixed_monitor,hybrid,403,648.0,406.55280585569886,522.8694668751359,522.8694668751359,522.8694668751359,522.8694668751359,True,False,60,False,2,600,0.8066523925708311,174.47823773319516,False,0.072,0.0,rolling
paper_hybrid_bilstm_dtr_rolling_fixed_monitor,hybrid,404,682.0,427.8842802370164,507.6702246728387,507.6702246728387,507.6702246728387,507.6702246728387,True,False,60,False,2,600,0.8489767465020167,190.1437580498147,False,0.072,0.0,rolling
paper_hybrid_bilstm_dtr_rolling_fixed_monitor,hybrid,405,545.0,341.9309864064134,515.0984601532246,515.0984601532246,515.0984601532246,515.0984601532246,True,False,60,False,2,600,0.6784344968381218,136.20775936569433,False,0.072,0.0,rolling
paper_hybrid_bilstm_dtr_rolling_fixed_monitor,hybrid,406,473.0,296.75845242244685,479.6858776647341,479.6858776647341,479.6858776647341,479.6858776647341,True,False,60,False,2,600,0.5888064532191406,116.74431779424413,False,0.072,0.0,rolling
paper_hybrid_bilstm_dtr_rolling_fixed_monitor,hybrid,407,812.0,509.4457999302893,453.36380139391713,453.36380139391713,453.36380139391713,453.36380139391713,True,False,60,False,2,600,1.0108051585918438,265.89805849701315,False,0.072,0.0,rolling
paper_hybrid_bilstm_dtr_rolling_fixed_monitor,hybrid,408,732.0,459.2540955036598,533.1523392095219,533.1523392095219,533.1523392095219,533.1523392095219,True,False,60,False,2,600,0.9112184434596425,216.18836609585915,False,0.072,0.0,rolling
paper_hybrid_bilstm_dtr_rolling_fixed_monitor,hybrid,409,901.0,565.2840711049146,525.1804574137986,525.1804574137986,525.1804574137986,525.1804574137986,True,False,60,False,2,800,0.8411965343823133,187.1432780414774,False,0.1104,0.0336,rolling
paper_hybrid_bilstm_dtr_rolling_fixed_monitor,hybrid,410,726.0,455.4897176716626,575.5028543816429,575.5028543816429,575.5028543816429,575.5028543816429,True,False,60,False,2,800,0.6778120798685455,136.05320099399626,False,0.09599999999999999,0.0,rolling
paper_hybrid_bilstm_dtr_rolling_fixed_monitor,hybrid,411,880.0,552.1087486929243,541.3922149893451,541.3922149893451,541.3922149893451,541.3922149893451,True,False,60,False,2,800,0.8215903998406612,179.82482855040092,False,0.09599999999999999,0.0,rolling
paper_hybrid_bilstm_dtr_rolling_fixed_monitor,hybrid,412,695.0,436.04043220634367,582.060157579409,582.060157579409,582.060157579409,582.060157579409,True,False,60,False,2,800,0.6488696907832495,129.17506812948648,False,0.09599999999999999,0.0,rolling
paper_hybrid_bilstm_dtr_rolling_fixed_monitor,hybrid,413,570.0,357.6158940397351,540.7676021234556,540.7676021234556,540.7676021234556,540.7676021234556,True,False,60,False,2,800,0.532166508987701,107.12783426719572,False,0.09599999999999999,0.0,rolling
paper_hybrid_bilstm_dtr_rolling_fixed_monitor,hybrid,414,689.0,432.2760543743465,502.86480450700765,502.86480450700765,502.86480450700765,502.86480450700765,True,False,60,False,2,800,0.6432679380570632,127.91243270041235,False,0.09599999999999999,0.0,rolling
paper_hybrid_bilstm_dtr_rolling_fixed_monitor,hybrid,415,865.0,542.6978041129313,523.1905635492917,523.1905635492917,523.1905635492917,523.1905635492917,True,False,60,False,2,600,1.0767813573669271,304.72691437772016,False,0.0912,0.0336,rolling
paper_hybrid_bilstm_dtr_rolling_fixed_monitor,hybrid,416,617.0,387.1035203903799,570.1878651369502,570.1878651369502,570.1878651369502,570.1878651369502,True,False,60,False,2,600,0.768062540457103,161.55719082792996,False,0.072,0.0,rolling
paper_hybrid_bilstm_dtr_rolling_fixed_monitor,hybrid,417,673.0,422.23771348902056,514.2619422670173,514.2619422670173,514.2619422670173,514.2619422670173,True,False,60,False,2,800,0.628329930787233,124.6514687698828,False,0.1104,0.0336,rolling
paper_hybrid_bilstm_dtr_rolling_fixed_monitor,hybrid,418,801.0,502.5444405716278,520.6071718644971,520.6071718644971,520.6071718644971,520.6071718644971,True,False,60,False,2,600,0.9971119852611662,258.4449716449461,False,0.0912,0.0336,rolling
paper_hybrid_bilstm_dtr_rolling_fixed_monitor,hybrid,419,594.0,372.67340536772394,552.4025821360688,552.4025821360688,552.4025821360688,552.4025821360688,True,False,60,False,2,600,0.7394313598565951,152.77230001324233,False,0.072,0.0,rolling
paper_hybrid_bilstm_dtr_rolling_fixed_monitor,hybrid,420,733.0,459.8814918089927,502.8073909863306,502.8073909863306,502.8073909863306,502.8073909863306,True,False,60,False,2,800,0.6843474580490962,137.69025789914042,False,0.1104,0.0336,rolling
paper_hybrid_bilstm_dtr_rolling_fixed_monitor,hybrid,421,816.0,511.95538515162076,531.5937933185246,531.5937933185246,531.5937933185246,531.5937933185246,True,False,60,False,2,600,1.015784494348454,268.65887597751873,False,0.0912,0.0336,rolling
paper_hybrid_bilstm_dtr_rolling_fixed_monitor,hybrid,422,745.0,467.4102474729871,556.178990174597,556.178990174597,556.178990174597,556.178990174597,True,False,60,False,2,800,0.6955509635014689,140.5702511949263,False,0.1104,0.0336,rolling
paper_hybrid_bilstm_dtr_rolling_fixed_monitor,hybrid,423,527.0,330.63785291042177,544.234401008534,544.234401008534,544.234401008534,544.234401008534,True,False,60,False,2,800,0.4920206144500324,101.43988256166939,False,0.09599999999999999,0.0,rolling
paper_hybrid_bilstm_dtr_rolling_fixed_monitor,hybrid,424,618.0,387.7309166957128,487.768155256927,487.768155256927,487.768155256927,487.768155256927,True,False,60,False,2,800,0.5769805307971916,114.57450585250325,False,0.09599999999999999,0.0,rolling
paper_hybrid_bilstm_dtr_rolling_fixed_monitor,hybrid,425,846.0,530.7772743116068,498.94804160333433,498.94804160333433,498.94804160333433,498.94804160333433,True,False,60,False,2,600,1.0531295125230293,290.2412139097547,False,0.0912,0.0336,rolling
paper_hybrid_bilstm_dtr_rolling_fixed_monitor,hybrid,426,682.0,427.8842802370164,555.8435160374192,555.8435160374192,555.8435160374192,555.8435160374192,True,False,60,False,2,600,0.8489767465020167,190.1437580498147,False,0.072,0.0,rolling
paper_hybrid_bilstm_dtr_rolling_fixed_monitor,hybrid,427,583.0,365.7720460090624,523.3806013394187,523.3806013394187,523.3806013394187,523.3806013394187,True,False,60,False,2,800,0.5443036398944381,109.02660351581649,False,0.1104,0.0336,rolling
paper_hybrid_bilstm_dtr_rolling_fixed_monitor,hybrid,428,639.0,400.906239107703,495.45012767265416,495.45012767265416,495.45012767265416,495.45012767265416,True,False,60,False,2,600,0.7954488871184584,170.59606627584236,False,0.0912,0.0336,rolling
paper_hybrid_bilstm_dtr_rolling_fixed_monitor,hybrid,429,649.0,407.18020216103173,502.59553413171807,502.59553413171807,502.59553413171807,502.59553413171807,True,False,60,False,2,600,0.8078972265099836,174.91631232802226,False,0.072,0.0,rolling
paper_hybrid_bilstm_dtr_rolling_fixed_monitor,hybrid,430,625.0,392.1226908330429,503.7281747739007,503.7281747739007,503.7281747739007,503.7281747739007,True,False,60,False,2,600,0.7780212119703233,164.77090475280613,False,0.072,0.0,rolling
paper_hybrid_bilstm_dtr_rolling_fixed_monitor,hybrid,431,470.0,294.87626350644825,496.5653323295305,496.5653323295305,496.5653323295305,496.5653323295305,True,False,60,False,2,600,0.585071951401683,116.0495908624408,False,0.072,0.0,rolling
paper_hybrid_bilstm_dtr_rolling_fixed_monitor,hybrid,432,434.0,272.289996514465,454.0912239576969,454.0912239576969,454.0912239576969,454.0912239576969,True,False,60,False,2,600,0.5402579295921924,108.38415402786359,False,0.072,0.0,rolling
paper_hybrid_bilstm_dtr_rolling_fixed_monitor,hybrid,433,678.0,425.3746950156849,434.46933444931756,434.46933444931756,434.46933444931756,434.46933444931756,True,False,60,False,2,600,0.8439974107454066,188.2170891366551,False,0.072,0.0,rolling
paper_hybrid_bilstm_dtr_rolling_fixed_monitor,hybrid,434,619.0,388.35831300104564,488.7678826354281,488.7678826354281,488.7678826354281,488.7678826354281,True,False,60,False,2,600,0.770552208335408,162.35286515580015,False,0.072,0.0,rolling
paper_hybrid_bilstm_dtr_rolling_fixed_monitor,hybrid,435,816.0,511.95538515162076,480.9560313954512,480.9560313954512,480.9560313954512,480.9560313954512,True,False,60,False,2,600,1.015784494348454,268.65887597751873,False,0.072,0.0,rolling
paper_hybrid_bilstm_dtr_rolling_fixed_monitor,hybrid,436,671.0,420.98292087835483,534.7350161188574,534.7350161188574,534.7350161188574,534.7350161188574,True,False,60,False,2,600,0.8352835731713389,184.89971948703038,False,0.072,0.0,rolling
paper_hybrid_bilstm_dtr_rolling_fixed_monitor,hybrid,437,544.0,341.30359010108054,509.21306854391923,509.21306854391923,509.21306854391923,509.21306854391923,True,False,60,False,2,800,0.507892247174227,103.58235949718984,False,0.1104,0.0336,rolling
paper_hybrid_bilstm_dtr_rolling_fixed_monitor,hybrid,438,500.0,313.6981526664343,476.87285598008384,476.87285598008384,476.87285598008384,476.87285598008384,True,False,60,False,2,600,0.6224169695762585,123.40270323343671,False,0.0912,0.0336,rolling
paper_hybrid_bilstm_dtr_rolling_fixed_monitor,hybrid,439,304.0,190.72847682119206,458.54139796433856,458.54139796433856,458.54139796433856,458.54139796433856,True,False,60,False,2,600,0.3784295175023652,89.75500546795577,False,0.072,0.0,rolling
paper_hybrid_bilstm_dtr_rolling_fixed_monitor,hybrid,440,770.0,483.0951551063088,401.43413892419903,401.43413892419903,401.43413892419903,401.43413892419903,True,False,60,False,2,600,0.9585221331474382,238.51813052216454,False,0.072,0.0,rolling
paper_hybrid_bilstm_dtr_rolling_fixed_monitor,hybrid,441,751.0,471.1746253049843,505.23947010803204,505.23947010803204,505.23947010803204,505.23947010803204,True,False,60,False,2,600,0.9348702883035404,227.07084150238015,False,0.072,0.0,rolling
paper_hybrid_bilstm_dtr_rolling_fixed_monitor,hybrid,442,620.0,388.9857093063785,516.1060867073893,516.1060867073893,516.1060867073893,516.1060867073893,True,False,60,False,2,600,0.7717970422745606,162.75263564974804,False,0.072,0.0,rolling
paper_hybrid_bilstm_dtr_rolling_fixed_monitor,hybrid,443,710.0,445.4513767863367,491.6710223546311,491.6710223546311,491.6710223546311,491.6710223546311,True,False,60,False,2,600,0.8838320967982871,204.27443933586056,False,0.072,0.0,rolling
paper_hybrid_bilstm_dtr_rolling_fixed_monitor,hybrid,444,788.0,494.38828860230046,514.2875664222188,514.2875664222188,514.2875664222188,514.2875664222188,True,False,60,False,2,600,0.9809291440521835,249.89688597910003,False,0.072,0.0,rolling
paper_hybrid_bilstm_dtr_rolling_fixed_monitor,hybrid,445,448.0,281.07354478912515,539.8597508277494,539.8597508277494,539.8597508277494,539.8597508277494,True,False,60,False,2,600,0.5576856047403277,111.22056860075304,False,0.072,0.0,rolling
paper_hybrid_bilstm_dtr_rolling_fixed_monitor,hybrid,446,671.0,420.98292087835483,458.08257145597463,458.08257145597463,458.08257145597463,458.08257145597463,True,False,60,False,2,800,0.6264626798785042,124.25456915859095,False,0.1104,0.0336,rolling
paper_hybrid_bilstm_dtr_rolling_fixed_monitor,hybrid,447,560.0,351.3419309864064,501.7329826818145,501.7329826818145,501.7329826818145,501.7329826818145,True,False,60,False,2,600,0.6971070059254095,140.97767304834576,False,0.0912,0.0336,rolling
paper_hybrid_bilstm_dtr_rolling_fixed_monitor,hybrid,448,642.0,402.78842802370167,475.92293194082777,475.92293194082777,475.92293194082777,475.92293194082777,True,False,60,False,2,600,0.799183388935916,171.87806719899993,False,0.072,0.0,rolling
paper_hybrid_bilstm_dtr_rolling_fixed_monitor,hybrid,449,699.0,438.55001742767513,493.2527600327139,493.2527600327139,493.2527600327139,493.2527600327139,True,False,60,False,2,600,0.8701389234676093,198.5873307007178,False,0.072,0.0,rolling
paper_hybrid_bilstm_dtr_rolling_fixed_monitor,hybrid,450,518.0,324.9912861624259,510.6776190610899,510.6776190610899,510.6776190610899,510.6776190610899,True,False,60,False,2,600,0.6448239804810039,128.26096988934154,False,0.072,0.0,rolling
paper_hybrid_bilstm_dtr_rolling_fixed_monitor,hybrid,451,716.0,449.2157546183339,467.08816153526413,467.08816153526413,467.08816153526413,467.08816153526413,True,False,60,False,2,600,0.8913011004332022,207.4517588787997,False,0.072,0.0,rolling
paper_hybrid_bilstm_dtr_rolling_fixed_monitor,hybrid,452,841.0,527.6402927849425,511.08122358836636,511.08122358836636,511.08122358836636,511.08122358836636,True,False,60,False,2,600,1.046905342827267,286.5355206215222,False,0.072,0.0,rolling
paper_hybrid_bilstm_dtr_rolling_fixed_monitor,hybrid,453,751.0,471.1746253049843,551.1137401117085,551.1137401117085,551.1137401117085,551.1137401117085,True,False,60,False,2,600,0.9348702883035404,227.07084150238015,False,0.072,0.0,rolling
paper_hybrid_bilstm_dtr_rolling_fixed_monitor,hybrid,454,680.0,426.6294876263507,538.8327857429204,538.8327857429204,538.8327857429204,538.8327857429204,True,False,60,False,2,800,0.6348653089677837,126.05929589294891,False,0.1104,0.0336,rolling
paper_hybrid_bilstm_dtr_rolling_fixed_monitor,hybrid,455,659.0,413.4541652143604,522.8280443686072,522.8280443686072,522.8280443686072,522.8280443686072,True,False,60,False,2,800,0.6152591744261315,121.92246398430473,False,0.09599999999999999,0.0,rolling
paper_hybrid_bilstm_dtr_rolling_fixed_monitor,hybrid,456,451.0,282.95573370512375,515.9388553787057,515.9388553787057,515.9388553787057,515.9388553787057,True,False,60,False,2,600,0.5614201065577852,111.8519768913064,False,0.0912,0.0336,rolling
paper_hybrid_bilstm_dtr_rolling_fixed_monitor,hybrid,457,464.0,291.11188567445106,458.9716140437745,458.9716140437745,458.9716140437745,458.9716140437745,True,False,60,False,2,600,0.577602947766768,114.68651820352434,False,0.072,0.0,rolling
paper_hybrid_bilstm_dtr_rolling_fixed_monitor,hybrid,458,429.0,269.15301498780065,448.38233557533886,448.38233557533886,448.38233557533886,448.38233557533886,True,False,60,False,2,600,0.5340337598964299,107.41439354065388,False,0.072,0.0,rolling
paper_hybrid_bilstm_dtr_rolling_fixed_monitor,hybrid,459,482.0,302.40501917044264,430.1922679874019,430.1922679874019,430.1922679874019,430.1922679874019,True,False,60,False,2,600,0.6000099586715132,118.88193599787509,False,0.072,0.0,rolling
paper_hybrid_bilstm_dtr_rolling_fixed_monitor,hybrid,460,697.0,437.2952248170094,435.0310669869823,435.0310669869823,435.0310669869823,435.0310669869823,True,False,60,False,2,600,0.8676492555893044,197.57232341621972,False,0.072,0.0,rolling
paper_hybrid_bilstm_dtr_rolling_fixed_monitor,hybrid,461,809.0,507.5636110142907,488.2617814873456,488.2617814873456,488.2617814873456,488.2617814873456,True,False,60,False,2,600,1.0070706567743863,263.845215147781,False,0.072,0.0,rolling
paper_hybrid_bilstm_dtr_rolling_fixed_monitor,hybrid,462,885.0,555.2457302195887,528.299788901088,528.299788901088,528.299788901088,528.299788901088,True,False,60,False,2,600,1.1016780361499776,320.67810225925996,False,0.072,0.0,rolling
paper_hybrid_bilstm_dtr_rolling_fixed_monitor,hybrid,463,648.0,406.55280585569886,562.5841619922803,562.5841619922803,562.5841619922803,562.5841619922803,True,False,60,False,2,800,0.6049892944281233,119.8580065436917,False,0.1104,0.0336,rolling
paper_hybrid_bilstm_dtr_rolling_fixed_monitor,hybrid,464,552.0,346.32276054374347,513.5947990833779,513.5947990833779,513.5947990833779,513.5947990833779,True,False,60,False,2,800,0.5153612508091421,104.63813268389458,False,0.09599999999999999,0.0,rolling
paper_hybrid_bilstm_dtr_rolling_fixed_monitor,hybrid,465,458.0,287.3475078424538,484.782074193256,484.782074193256,484.782074193256,484.782074193256,True,False,60,False,2,600,0.5701339441318528,113.35824548483879,False,0.0912,0.0336,rolling
paper_hybrid_bilstm_dtr_rolling_fixed_monitor,hybrid,466,678.0,425.3746950156849,452.35330898028906,452.35330898028906,452.35330898028906,452.35330898028906,True,False,60,False,2,600,0.8439974107454066,188.2170891366551,False,0.072,0.0,rolling
paper_hybrid_bilstm_dtr_rolling_fixed_monitor,hybrid,467,555.0,348.20494945974207,498.84354610575974,498.84354610575974,498.84354610575974,498.84354610575974,True,False,60,False,2,600,0.690882836229647,139.3588824258483,False,0.072,0.0,rolling
paper_hybrid_bilstm_dtr_rolling_fixed_monitor,hybrid,468,719.0,451.09794353433256,471.90538229888534,471.90538229888534,471.90538229888534,471.90538229888534,True,False,60,False,2,600,0.8950356022506598,209.06052799073143,False,0.072,0.0,rolling
paper_hybrid_bilstm_dtr_rolling_fixed_monitor,hybrid,469,500.0,313.6981526664343,511.5488885036466,511.5488885036466,511.5488885036466,511.5488885036466,True,False,60,False,2,600,0.6224169695762585,123.40270323343671,False,0.072,0.0,rolling
paper_hybrid_bilstm_dtr_rolling_fixed_monitor,hybrid,470,618.0,387.7309166957128,461.2240110019811,461.2240110019811,461.2240110019811,461.2240110019811,True,False,60,False,2,600,0.7693073743962555,161.95438424297072,False,0.072,0.0,rolling
paper_hybrid_bilstm_dtr_rolling_fixed_monitor,hybrid,471,742.0,465.5280585569885,483.3696630520358,483.3696630520358,483.3696630520358,483.3696630520358,True,False,60,False,2,600,0.9236667828511677,221.8464536002902,False,0.072,0.0,rolling
paper_hybrid_bilstm_dtr_rolling_fixed_monitor,hybrid,472,693.0,434.78563959567794,516.7876073540506,516.7876073540506,516.7876073540506,516.7876073540506,True,False,60,False,2,600,0.8626699198326944,195.55971715065795,False,0.072,0.0,rolling
paper_hybrid_bilstm_dtr_rolling_fixed_monitor,hybrid,473,625.0,392.1226908330429,511.4697040841893,511.4697040841893,511.4697040841893,511.4697040841893,True,False,60,False,2,600,0.7780212119703233,164.77090475280613,False,0.072,0.0,rolling
paper_hybrid_bilstm_dtr_rolling_fixed_monitor,hybrid,474,486.0,304.91460439177416,496.70217109819123,496.70217109819123,496.70217109819123,496.70217109819123,True,False,60,False,2,600,0.6049892944281233,119.8580065436917,False,0.072,0.0,rolling
paper_hybrid_bilstm_dtr_rolling_fixed_monitor,hybrid,475,622.0,390.2405019170443,459.00624518586073,459.00624518586073,459.00624518586073,459.00624518586073,True,False,60,False,2,600,0.7742867101528657,163.5560537143183,False,0.072,0.0,rolling
paper_hybrid_bilstm_dtr_rolling_fixed_monitor,hybrid,476,551.0,345.6953642384106,485.26960746195846,485.26960746195846,485.26960746195846,485.26960746195846,True,False,60,False,2,600,0.6859035004730369,138.08467489208334,False,0.072,0.0,rolling
paper_hybrid_bilstm_dtr_rolling_fixed_monitor,hybrid,477,593.0,372.0460090623911,467.78656426162115,467.78656426162115,467.78656426162115,467.78656426162115,True,False,60,False,2,600,0.7381865259174426,152.40538154620424,False,0.072,0.0,rolling
paper_hybrid_bilstm_dtr_rolling_fixed_monitor,hybrid,478,648.0,406.55280585569886,475.58030519641807,475.58030519641807,475.58030519641807,475.58030519641807,True,False,60,False,2,600,0.8066523925708311,174.47823773319516,False,0.072,0.0,rolling
paper_hybrid_bilstm_dtr_rolling_fixed_monitor,hybrid,479,454.0,284.83792262112235,489.824517794701,489.824517794701,489.824517794701,489.824517794701,True,False,60,False,2,600,0.5651546083752428,112.49184141733618,False,0.072,0.0,rolling
paper_hybrid_bilstm_dtr_rolling_fixed_monitor,hybrid,480,484.0,303.65981178110843,443.1407749483242,443.1407749483242,443.1407749483242,443.1407749483242,True,False,60,False,2,600,0.6024996265498184,119.36795460758037,False,0.072,0.0,rolling
paper_hybrid_bilstm_dtr_rolling_fixed_monitor,hybrid,481,603.0,378.3199721157198,441.76718536554836,441.76718536554836,441.76718536554836,441.76718536554836,True,False,60,False,2,600,0.7506348653089678,156.1305036205123,False,0.072,0.0,rolling
paper_hybrid_bilstm_dtr_rolling_fixed_monitor,hybrid,482,759.0,476.1937957476473,467.5890367043253,467.5890367043253,467.5890367043253,467.5890367043253,True,False,60,False,2,600,0.9448289598167605,231.82108612159112,False,0.072,0.0,rolling
paper_hybrid_bilstm_dtr_rolling_fixed_monitor,hybrid,483,789.0,495.01568490763333,512.3514254847887,512.3514254847887,512.3514254847887,512.3514254847887,True,False,60,False,2,600,0.982173977991336,250.54452271400322,False,0.072,0.0,rolling
paper_hybrid_bilstm_dtr_rolling_fixed_monitor,hybrid,484,883.0,553.990937608923,532.3973899451826,532.3973899451826,532.3973899451826,532.3973899451826,True,False,60,False,2,600,1.0991883682716725,319.0500710276333,False,0.072,0.0,rolling
paper_hybrid_bilstm_dtr_rolling_fixed_monitor,hybrid,485,899.0,564.0292784942488,568.6065127845095,568.6065127845095,568.6065127845095,568.6065127845095,True,False,60,False,2,800,0.8393292834735846,186.4313649087227,False,0.1104,0.0336,rolling
paper_hybrid_bilstm_dtr_rolling_fixed_monitor,hybrid,486,855.0,536.4238410596026,586.144272226029,586.144272226029,586.144272226029,586.144272226029,True,False,60,False,2,800,0.7982497634815515,171.55644065178558,False,0.09599999999999999,0.0,rolling
paper_hybrid_bilstm_dtr_rolling_fixed_monitor,hybrid,487,799.0,501.28964796096204,584.7951989872336,584.7951989872336,584.7951989872336,584.7951989872336,True,False,60,False,2,800,0.7459667380371459,154.71897308583806,False,0.09599999999999999,0.0,rolling
paper_hybrid_bilstm_dtr_rolling_fixed_monitor,hybrid,488,957.0,600.4182642035553,574.4658708301185,574.4658708301185,574.4658708301185,574.4658708301185,True,False,60,False,2,800,0.8934795598267191,208.3885724119623,False,0.09599999999999999,0.0,rolling
paper_hybrid_bilstm_dtr_rolling_fixed_monitor,hybrid,489,887.0,556.5005228302545,617.7697779722748,617.7697779722748,617.7697779722748,617.7697779722748,True,False,60,False,2,800,0.828125778021212,182.22601138924912,False,0.09599999999999999,0.0,rolling
paper_hybrid_bilstm_dtr_rolling_fixed_monitor,hybrid,490,646.0,405.29801324503313,608.8832535164029,608.8832535164029,608.8832535164029,608.8832535164029,True,False,60,False,2,800,0.6031220435193946,119.49008881621708,False,0.09599999999999999,0.0,rolling
paper_hybrid_bilstm_dtr_rolling_fixed_monitor,hybrid,491,773.0,484.9773440223074,546.7068429912483,546.7068429912483,546.7068429912483,546.7068429912483,True,False,60,False,2,800,0.7216924762236717,147.65953960497853,False,0.09599999999999999,0.0,rolling
paper_hybrid_bilstm_dtr_rolling_fixed_monitor,hybrid,492,630.0,395.2596723597072,567.63423985801,567.63423985801,567.63423985801,567.63423985801,True,False,60,False,2,800,0.5881840362495643,116.62791560701262,False,0.09599999999999999,0.0,rolling
paper_hybrid_bilstm_dtr_rolling_fixed_monitor,hybrid,493,692.0,434.15824329034507,527.2591206731108,527.2591206731108,527.2591206731108,527.2591206731108,True,False,60,False,2,800,0.6460688144201564,128.54101350558759,False,0.09599999999999999,0.0,rolling
paper_hybrid_bilstm_dtr_rolling_fixed_monitor,hybrid,494,772.0,484.34994771697455,533.3612579561131,533.3612579561131,533.3612579561131,533.3612579561131,True,False,60,False,2,800,0.7207588507693073,147.39729361984035,False,0.09599999999999999,0.0,rolling
paper_hybrid_bilstm_dtr_rolling_fixed_monitor,hybrid,495,686.0,430.3938654583479,550.8335602041761,550.8335602041761,550.8335602041761,550.8335602041761,True,False,60,False,2,800,0.64046706169397,127.28930198353284,False,0.09599999999999999,0.0,rolling
paper_hybrid_bilstm_dtr_rolling_fixed_monitor,hybrid,496,552.0,346.32276054374347,529.7859176542179,529.7859176542179,529.7859176542179,529.7859176542179,True,False,60,False,2,800,0.5153612508091421,104.63813268389458,False,0.09599999999999999,0.0,rolling
paper_hybrid_bilstm_dtr_rolling_fixed_monitor,hybrid,497,581.0,364.5172533983967,490.80724267924325,490.80724267924325,490.80724267924325,490.80724267924325,True,False,60,False,2,800,0.5424363889857093,108.7288970935349,False,0.09599999999999999,0.0,rolling
paper_hybrid_bilstm_dtr_rolling_fixed_monitor,hybrid,498,754.0,473.0568142209829,487.90239307750335,487.90239307750335,487.90239307750335,487.90239307750335,True,False,60,False,2,600,0.9386047901209978,228.84039158816978,False,0.0912,0.0336,rolling
paper_hybrid_bilstm_dtr_rolling_fixed_monitor,hybrid,499,790.0,495.6430812129662,527.5294747767689,527.5294747767689,527.5294747767689,527.5294747767689,True,False,60,False,2,600,0.9834188119304885,251.19380319608325,False,0.072,0.0,rolling
paper_hybrid_bilstm_dtr_rolling_fixed_monitor,hybrid,500,816.0,511.95538515162076,543.4529365234457,543.4529365234457,543.4529365234457,543.4529365234457,True,False,60,False,2,800,0.7618383707613404,159.59046330301572,False,0.1104,0.0336,rolling
paper_hybrid_bilstm_dtr_rolling_fixed_monitor,hybrid,501,696.0,436.66782851167653,557.7946846748923,557.7946846748923,557.7946846748923,557.7946846748923,True,False,60,False,2,800,0.6498033162376139,129.3876401765024,False,0.09599999999999999,0.0,rolling
paper_hybrid_bilstm_dtr_rolling_fixed_monitor,hybrid,502,862.0,540.8156151969328,532.0413972175616,532.0413972175616,532.0413972175616,532.0413972175616,True,False,60,False,2,800,0.8047851416621024,173.82365643556653,False,0.09599999999999999,0.0,rolling
paper_hybrid_bilstm_dtr_rolling_fixed_monitor,hybrid,503,579.0,363.2624607877309,574.5235974278798,574.5235974278798,574.5235974278798,574.5235974278798,True,False,60,False,2,800,0.5405691380769805,108.43323324587014,False,0.09599999999999999,0.0,rolling
paper_hybrid_bilstm_dtr_rolling_fixed_monitor,hybrid,504,563.0,353.22411990240505,507.1388124466389,507.1388124466389,507.1388124466389,507.1388124466389,True,False,60,False,2,800,0.5256311308071504,106.14061140220865,False,0.09599999999999999,0.0,rolling
paper_hybrid_bilstm_dtr_rolling_fixed_monitor,hybrid,505,756.0,474.31160683164865,491.61153770862757,491.61153770862757,491.61153770862757,491.61153770862757,True,False,60,False,2,600,0.9410944579993029,230.02794232632377,False,0.0912,0.0336,rolling
paper_hybrid_bilstm_dtr_rolling_fixed_monitor,hybrid,506,648.0,406.55280585569886,533.8715254377012,533.8715254377012,533.8715254377012,533.8715254377012,True,False,60,False,2,600,0.8066523925708311,174.47823773319516,False,0.072,0.0,rolling
paper_hybrid_bilstm_dtr_rolling_fixed_monitor,hybrid,507,725.0,454.86232136632975,510.77924869920116,510.77924869920116,510.77924869920116,510.77924869920116,True,False,60,False,2,800,0.6768784544141812,135.82189509243707,False,0.1104,0.0336,rolling
paper_hybrid_bilstm_dtr_rolling_fixed_monitor,hybrid,508,641.0,402.1610317183688,528.6424397283504,528.6424397283504,528.6424397283504,528.6424397283504,True,False,60,False,2,600,0.7979385549967635,171.44939883801754,False,0.0912,0.0336,rolling
paper_hybrid_bilstm_dtr_rolling_fixed_monitor,hybrid,509,502.0,314.9529452771,508.6141761646418,508.6141761646418,508.6141761646418,508.6141761646418,True,False,60,False,2,800,0.46867997809092266,98.53112168833886,False,0.1104,0.0336,rolling
paper_hybrid_bilstm_dtr_rolling_fixed_monitor,hybrid,510,677.0,424.747298710352,468.81328851792387,468.81328851792387,468.81328851792387,468.81328851792387,True,False,60,False,2,600,0.842752576806254,187.73895836062465,False,0.0912,0.0336,rolling
paper_hybrid_bilstm_dtr_rolling_fixed_monitor,hybrid,511,657.0,412.19937260369466,503.7789655101037,503.7789655101037,503.7789655101037,503.7789655101037,True,False,60,False,2,600,0.8178558980232037,178.46975900273912,False,0.072,0.0,rolling
paper_hybrid_bilstm_dtr_rolling_fixed_monitor,hybrid,512,718.0,450.47054722899964,501.54210199184536,501.54210199184536,501.54210199184536,501.54210199184536,True,False,60,False,2,600,0.8937907683115072,208.5227764837665,False,0.072,0.0,rolling
paper_hybrid_bilstm_dtr_rolling_fixed_monitor,hybrid,513,584.0,366.3994423143953,518.3036951758559,518.3036951758559,518.3036951758559,518.3036951758559,True,False,60,False,2,600,0.72698302046507,149.15845899780857,False,0.072,0.0,rolling
paper_hybrid_bilstm_dtr_rolling_fixed_monitor,hybrid,514,468.0,293.6214708957825,487.724517127956,487.724517127956,487.724517127956,487.724517127956,True,False,60,False,2,600,0.582582283523378,115.59133887171292,False,0.072,0.0,rolling
paper_hybrid_bilstm_dtr_rolling_fixed_monitor,hybrid,515,590.0,370.1638201463925,453.13845814183014,453.13845814183014,453.13845814183014,453.13845814183014,True,False,60,False,2,600,0.7344520240999851,151.31203029904,False,0.072,0.0,rolling
paper_hybrid_bilstm_dtr_rolling_fixed_monitor,hybrid,516,761.0,477.44858835831303,474.1845834720725,474.1845834720725,474.1845834720725,474.1845834720725,True,False,60,False,2,600,0.9473186276950656,233.02441808264078,False,0.072,0.0,rolling
paper_hybrid_bilstm_dtr_rolling_fixed_monitor,hybrid,517,632.0,396.51446497037296,519.3403415674434,519.3403415674434,519.3403415674434,519.3403415674434,True,False,60,False,2,600,0.7867350495443908,167.65122723639462,False,0.072,0.0,rolling
paper_hybrid_bilstm_dtr_rolling_fixed_monitor,hybrid,518,489.0,306.79679330777276,495.10990921350776,495.10990921350776,495.10990921350776,495.10990921350776,True,False,60,False,2,600,0.6087237962455808,120.6006833931408,False,0.072,0.0,rolling
paper_hybrid_bilstm_dtr_rolling_fixed_monitor,hybrid,519,472.0,296.131056117114,457.53444573004754,457.53444573004754,457.53444573004754,457.53444573004754,True,False,60,False,2,600,0.5875616192799881,116.51175951310847,False,0.072,0.0,rolling
paper_hybrid_bilstm_dtr_rolling_fixed_monitor,hybrid,520,471.0,295.5036598117811,444.8421080725825,444.8421080725825,444.8421080725825,444.8421080725825,True,False,60,False,2,600,0.5863167853408355,116.2801845636173,False,0.072,0.0,rolling
paper_hybrid_bilstm_dtr_rolling_fixed_monitor,hybrid,521,483.0,303.03241547577557,437.30908810039045,437.30908810039045,437.30908810039045,437.30908810039045,True,False,60,False,2,600,0.6012547926106658,119.12444217859186,False,0.072,0.0,rolling
paper_hybrid_bilstm_dtr_rolling_fixed_monitor,hybrid,522,629.0,394.63227605437436,435.2737739758177,435.2737739758177,435.2737739758177,435.2737739758177,True,False,60,False,2,600,0.7830005477269333,166.40894499502005,False,0.072,0.0,rolling
paper_hybrid_bilstm_dtr_rolling_fixed_monitor,hybrid,523,614.0,385.2213314743813,470.00717185435224,470.00717185435224,470.00717185435224,470.00717185435224,True,False,60,False,2,600,0.7643280386396455,160.3733147362426,False,0.072,0.0,rolling
paper_hybrid_bilstm_dtr_rolling_fixed_monitor,hybrid,524,792.0,496.8978738236319,472.7424059249979,472.7424059249979,472.7424059249979,472.7424059249979,True,False,60,False,2,600,0.9859084798087935,252.49730373509286,False,0.072,0.0,rolling
paper_hybrid_bilstm_dtr_rolling_fixed_monitor,hybrid,525,716.0,449.2157546183339,523.977735670454,523.977735670454,523.977735670454,523.977735670454,True,False,60,False,2,600,0.8913011004332022,207.4517588787997,False,0.072,0.0,rolling
paper_hybrid_bilstm_dtr_rolling_fixed_monitor,hybrid,526,672.0,421.6103171836877,516.8625050257392,516.8625050257392,516.8625050257392,516.8625050257392,True,False,60,False,2,600,0.8365284071104915,185.3694190275415,False,0.072,0.0,rolling
paper_hybrid_bilstm_dtr_rolling_fixed_monitor,hybrid,527,626.0,392.75008713837576,509.65970912885086,509.65970912885086,509.65970912885086,509.65970912885086,True,False,60,False,2,600,0.7792660459094757,165.17845648338968,False,0.072,0.0,rolling
paper_hybrid_bilstm_dtr_rolling_fixed_monitor,hybrid,528,546.0,342.5583827117463,498.4345470194935,498.4345470194935,498.4345470194935,498.4345470194935,True,False,60,False,2,600,0.6796793307772744,136.51772793054414,False,0.072,0.0,rolling
paper_hybrid_bilstm_dtr_rolling_fixed_monitor,hybrid,529,645.0,404.67061693970027,475.8062746026735,475.8062746026735,475.8062746026735,475.8062746026735,True,False,60,False,2,600,0.8029178907533735,173.17210560148305,False,0.072,0.0,rolling
paper_hybrid_bilstm_dtr_rolling_fixed_monitor,hybrid,530,609.0,382.084349947717,495.7939344768429,495.7939344768429,495.7939344768429,495.7939344768429,True,False,60,False,2,600,0.7581038689438829,158.42574342842744,False,0.072,0.0,rolling
paper_hybrid_bilstm_dtr_rolling_fixed_monitor,hybrid,531,652.0,409.0623910770303,487.99682194267734,487.99682194267734,487.99682194267734,487.99682194267734,True,False,60,False,2,600,0.8116317283274411,176.23865693188932,False,0.072,0.0,rolling
paper_hybrid_bilstm_dtr_rolling_fixed_monitor,hybrid,532,820.0,514.4649703729523,498.27974244276857,498.27974244276857,498.27974244276857,498.27974244276857,True,False,60,False,2,600,1.020763830105064,271.44689341130834,False,0.072,0.0,rolling
paper_hybrid_bilstm_dtr_rolling_fixed_monitor,hybrid,533,803.0,503.7992331822935,544.5478634184051,544.5478634184051,544.5478634184051,544.5478634184051,True,False,60,False,2,600,0.9996016531394712,259.7849783712562,False,0.072,0.0,rolling
paper_hybrid_bilstm_dtr_rolling_fixed_monitor,hybrid,534,739.0,463.64586964098993,551.1373653901414,551.1373653901414,551.1373653901414,551.1373653901414,True,False,60,False,2,800,0.6899492107752826,139.1185633561755,False,0.1104,0.0336,rolling
paper_hybrid_bilstm_dtr_rolling_fixed_monitor,hybrid,535,663.0,415.9637504356919,540.4419056244469,540.4419056244469,540.4419056244469,540.4419056244469,True,False,60,False,2,800,0.6189936762435891,122.69049020427869,False,0.09599999999999999,0.0,rolling
paper_hybrid_bilstm_dtr_rolling_fixed_monitor,hybrid,536,729.0,457.3719065876612,521.1861718074997,521.1861718074997,521.1861718074997,521.1861718074997,True,False,60,False,2,800,0.6806129562316388,136.7509507233423,False,0.09599999999999999,0.0,rolling
paper_hybrid_bilstm_dtr_rolling_fixed_monitor,hybrid,537,474.0,297.3858487277797,535.0275505297905,535.0275505297905,535.0275505297905,535.0275505297905,True,False,60,False,2,600,0.5900512871582931,116.97786149035399,False,0.0912,0.0336,rolling
paper_hybrid_bilstm_dtr_rolling_fixed_monitor,hybrid,538,897.0,562.7744858835831,469.5190124314813,469.5190124314813,469.5190124314813,469.5190124314813,True,False,60,False,2,800,0.8374620325648559,185.7226123174148,False,0.1104,0.0336,rolling
paper_hybrid_bilstm_dtr_rolling_fixed_monitor,hybrid,539,834.0,523.2485186476124,567.7550394468171,567.7550394468171,567.7550394468171,567.7550394468171,True,False,60,False,2,600,1.0381915052531991,281.4210790583766,False,0.0912,0.0336,rolling
paper_hybrid_bilstm_dtr_rolling_fixed_monitor,hybrid,540,733.0,459.8814918089927,565.8555285282418,565.8555285282418,565.8555285282418,565.8555285282418,True,False,60,False,2,800,0.6843474580490962,137.69025789914042,False,0.1104,0.0336,rolling
paper_hybrid_bilstm_dtr_rolling_fixed_monitor,hybrid,541,767.0,481.2129661903102,545.76421605634,545.76421605634,545.76421605634,545.76421605634,True,False,60,False,2,800,0.7160907234974855,146.09622383294928,False,0.09599999999999999,0.0,rolling
paper_hybrid_bilstm_dtr_rolling_fixed_monitor,hybrid,542,771.0,483.7225514116417,553.705801623451,553.705801623451,553.705801623451,553.705801623451,True,False,60,False,2,800,0.719825225314943,147.13572614916177,False,0.09599999999999999,0.0,rolling
paper_hybrid_bilstm_dtr_rolling_fixed_monitor,hybrid,543,760.0,476.82119205298017,555.5478749384965,555.5478749384965,555.5478749384965,555.5478749384965,True,False,60,False,2,800,0.7095553453169348,144.30301455927878,False,0.09599999999999999,0.0,rolling
paper_hybrid_bilstm_dtr_rolling_fixed_monitor,hybrid,544,897.0,562.7744858835831,553.4692598448896,553.4692598448896,553.4692598448896,553.4692598448896,True,False,60,False,2,800,0.8374620325648559,185.7226123174148,False,0.09599999999999999,0.0,rolling
paper_hybrid_bilstm_dtr_rolling_fixed_monitor,hybrid,545,833.0,522.6211223422796,590.87862389374,590.87862389374,590.87862389374,590.87862389374,True,False,60,False,2,800,0.7777100034855351,164.6692203517117,False,0.09599999999999999,0.0,rolling
paper_hybrid_bilstm_dtr_rolling_fixed_monitor,hybrid,546,833.0,522.6211223422796,582.2000789532067,582.2000789532067,582.2000789532067,582.2000789532067,True,False,60,False,2,800,0.7777100034855351,164.6692203517117,False,0.09599999999999999,0.0,rolling
paper_hybrid_bilstm_dtr_rolling_fixed_monitor,hybrid,547,932.0,584.7333565702336,584.4030097321051,584.4030097321051,584.4030097321051,584.4030097321051,True,False,60,False,2,800,0.8701389234676095,198.58733070071784,False,0.09599999999999999,0.0,rolling
paper_hybrid_bilstm_dtr_rolling_fixed_monitor,hybrid,548,974.0,611.084001394214,613.8638282694337,613.8638282694337,613.8638282694337,613.8638282694337,True,False,60,False,2,800,0.9093511925509138,215.3528569839749,False,0.09599999999999999,0.0,rolling
paper_hybrid_bilstm_dtr_rolling_fixed_monitor,hybrid,549,782.0,490.62391077030327,632.1480116454604,632.1480116454604,632.1480116454604,632.1480116454604,True,False,60,False,2,800,0.7300951053129513,150.0504316411887,False,0.09599999999999999,0.0,rolling
paper_hybrid_bilstm_dtr_rolling_fixed_monitor,hybrid,550,783.0,491.25130707563613,587.0478126911139,587.0478126911139,587.0478126911139,587.0478126911139,True,False,60,False,2,800,0.7310287307673157,150.3195111106841,False,0.09599999999999999,0.0,rolling
paper_hybrid_bilstm_dtr_rolling_fixed_monitor,hybrid,551,882.0,553.3635413035901,581.1308484620067,581.1308484620067,581.1308484620067,581.1308484620067,True,False,60,False,2,800,0.82345765074939,180.50700042564267,False,0.09599999999999999,0.0,rolling
paper_hybrid_bilstm_dtr_rolling_fixed_monitor,hybrid,552,904.0,567.1662600209132,603.633047145293,603.633047145293,603.633047145293,603.633047145293,True,False,60,False,2,800,0.8439974107454066,188.2170891366551,False,0.09599999999999999,0.0,rolling
paper_hybrid_bilstm_dtr_rolling_fixed_monitor,hybrid,553,674.0,422.86510979435343,612.5957697468957,612.5957697468957,612.5957697468957,612.5957697468957,True,False,60,False,2,800,0.6292635562415974,124.85080539041186,False,0.09599999999999999,0.0,rolling
paper_hybrid_bilstm_dtr_rolling_fixed_monitor,hybrid,554,700.0,439.17741373300805,553.6394774472997,553.6394774472997,553.6394774472997,553.6394774472997,True,False,60,False,2,800,0.6535378180550715,130.24405433060718,False,0.09599999999999999,0.0,rolling
paper_hybrid_bilstm_dtr_rolling_fixed_monitor,hybrid,555,927.0,581.5963750435692,548.3996026199693,548.3996026199693,548.3996026199693,548.3996026199693,True,False,60,False,2,800,0.8654707961957875,196.68895725219852,False,0.09599999999999999,0.0,rolling
paper_hybrid_bilstm_dtr_rolling_fixed_monitor,hybrid,556,600.0,376.43778319972114,603.0486044775953,603.0486044775953,603.0486044775953,603.0486044775953,True,False,60,False,2,800,0.5601752726186326,111.64057065717536,False,0.09599999999999999,0.0,rolling
paper_hybrid_bilstm_dtr_rolling_fixed_monitor,hybrid,557,594.0,372.67340536772394,523.7827849783898,523.7827849783898,523.7827849783898,523.7827849783898,True,False,60,False,2,800,0.5545735198924463,110.7008140680866,False,0.09599999999999999,0.0,rolling
paper_hybrid_bilstm_dtr_rolling_fixed_monitor,hybrid,558,530.0,332.52004182642037,508.3290111066144,508.3290111066144,508.3290111066144,508.3290111066144,True,False,60,False,2,600,0.6597619877508341,131.69331399427486,False,0.0912,0.0336,rolling
paper_hybrid_bilstm_dtr_rolling_fixed_monitor,hybrid,559,613.0,384.59393516904845,481.2892417444814,481.2892417444814,481.2892417444814,481.2892417444814,True,False,60,False,2,600,0.763083204700493,159.98125047905916,False,0.072,0.0,rolling
paper_hybrid_bilstm_dtr_rolling_fixed_monitor,hybrid,560,730.0,457.9993028929941,492.36983448948286,492.36983448948286,492.36983448948286,492.36983448948286,True,False,60,False,2,600,0.9087287755813375,215.0751152300948,False,0.072,0.0,rolling
paper_hybrid_bilstm_dtr_rolling_fixed_monitor,hybrid,561,849.0,532.6594632276054,520.6988071187657,520.6988071187657,520.6988071187657,520.6988071187657,True,False,60,False,2,600,1.056864014340487,292.4857631797312,False,0.072,0.0,rolling
paper_hybrid_bilstm_dtr_rolling_fixed_monitor,hybrid,562,967.0,606.6922272568839,557.6094393724393,557.6094393724393,557.6094393724393,557.6094393724393,True,False,60,False,2,600,1.203754419160484,393.9685798547522,True,0.072,0.0,rolling
paper_hybrid_bilstm_dtr_rolling_fixed_monitor,hybrid,563,860.0,539.560822586267,600.6941684727826,600.6941684727826,600.6941684727826,600.6941684727826,True,False,60,False,2,800,0.8029178907533735,173.17210560148305,False,0.1104,0.0336,rolling
paper_hybrid_bilstm_dtr_rolling_fixed_monitor,hybrid,564,834.0,523.2485186476124,586.9687246030671,586.9687246030671,586.9687246030671,586.9687246030671,True,False,60,False,2,800,0.7786436289398994,164.97451772775264,False,0.09599999999999999,0.0,rolling
paper_hybrid_bilstm_dtr_rolling_fixed_monitor,hybrid,565,782.0,490.62391077030327,584.4858788280153,584.4858788280153,584.4858788280153,584.4858788280153,True,False,60,False,2,800,0.7300951053129513,150.0504316411887,False,0.09599999999999999,0.0,rolling
paper_hybrid_bilstm_dtr_rolling_fixed_monitor,hybrid,566,673.0,422.23771348902056,571.5277146431872,571.5277146431872,571.5277146431872,571.5277146431872,True,False,60,False,2,800,0.628329930787233,124.6514687698828,False,0.09599999999999999,0.0,rolling
paper_hybrid_bilstm_dtr_rolling_fixed_monitor,hybrid,567,361.0,226.49006622516558,540.8257381297117,540.8257381297117,540.8257381297117,540.8257381297117,True,False,60,False,2,800,0.337038789025544,86.8914746384702,False,0.09599999999999999,0.0,rolling
paper_hybrid_bilstm_dtr_rolling_fixed_monitor,hybrid,568,682.0,427.8842802370164,452.04256793276545,452.04256793276545,452.04256793276545,452.04256793276545,True,False,60,False,2,800,0.6367325598765126,126.46689792726556,False,0.09599999999999999,0.0,rolling
paper_hybrid_bilstm_dtr_rolling_fixed_monitor,hybrid,569,699.0,438.55001742767513,511.4232241786076,511.4232241786076,511.4232241786076,511.4232241786076,True,False,60,False,2,600,0.8701389234676093,198.5873307007178,False,0.0912,0.0336,rolling
paper_hybrid_bilstm_dtr_rolling_fixed_monitor,hybrid,570,726.0,455.4897176716626,517.7199268280319,517.7199268280319,517.7199268280319,517.7199268280319,True,False,60,False,2,600,0.9037494398247274,212.86684680058372,False,0.072,0.0,rolling
paper_hybrid_bilstm_dtr_rolling_fixed_monitor,hybrid,571,731.0,458.62669919832695,526.8147438763267,526.8147438763267,526.8147438763267,526.8147438763267,True,False,60,False,2,600,0.90997360952049,215.63097920595146,False,0.072,0.0,rolling
paper_hybrid_bilstm_dtr_rolling_fixed_monitor,hybrid,572,657.0,412.19937260369466,530.7530850159592,530.7530850159592,530.7530850159592,530.7530850159592,True,False,60,False,2,800,0.6133919235174028,121.54192957928058,False,0.1104,0.0336,rolling
paper_hybrid_bilstm_dtr_rolling_fixed_monitor,hybrid,573,728.0,456.74451028232835,512.9269334141595,512.9269334141595,512.9269334141595,512.9269334141595,True,False,60,False,2,800,0.6796793307772744,136.51772793054414,False,0.09599999999999999,0.0,rolling
paper_hybrid_bilstm_dtr_rolling_fixed_monitor,hybrid,574,857.0,537.6786336702684,529.0131470789302,529.0131470789302,529.0131470789302,529.0131470789302,True,False,60,False,2,600,1.066822685853707,298.54920554351895,False,0.0912,0.0336,rolling
paper_hybrid_bilstm_dtr_rolling_fixed_monitor,hybrid,575,437.0,274.17218543046357,566.2268861158427,566.2268861158427,566.2268861158427,566.2268861158427,True,False,60,False,2,800,0.40799432355723747,92.22460590848038,False,0.1104,0.0336,rolling
paper_hybrid_bilstm_dtr_rolling_fixed_monitor,hybrid,576,648.0,406.55280585569886,464.9085429577144,464.9085429577144,464.9085429577144,464.9085429577144,True,False,60,False,2,800,0.6049892944281233,119.8580065436917,False,0.09599999999999999,0.0,rolling
paper_hybrid_bilstm_dtr_rolling_fixed_monitor,hybrid,577,926.0,580.9689787382364,501.8915682664028,501.8915682664028,501.8915682664028,501.8915682664028,True,False,60,False,2,600,1.152716227655231,355.70187925854094,True,0.0912,0.0336,rolling
paper_hybrid_bilstm_dtr_rolling_fixed_monitor,hybrid,578,647.0,405.925409550366,577.2702467706736,577.2702467706736,577.2702467706736,577.2702467706736,True,False,60,False,2,600,0.8054075586316786,174.0415131360494,False,0.072,0.0,rolling
paper_hybrid_bilstm_dtr_rolling_fixed_monitor,hybrid,579,807.0,506.30881840362497,518.4844851505718,518.4844851505718,518.4844851505718,518.4844851505718,True,False,60,False,2,800,0.753435741672061,156.985894583015,False,0.1104,0.0336,rolling
paper_hybrid_bilstm_dtr_rolling_fixed_monitor,hybrid,580,854.0,535.7964447542698,556.0224757153351,556.0224757153351,556.0224757153351,556.0224757153351,True,False,60,False,2,600,1.0630881840362496,296.26208134666524,False,0.0912,0.0336,rolling
paper_hybrid_bilstm_dtr_rolling_fixed_monitor,hybrid,581,661.0,414.7089578250262,574.6761863821625,574.6761863821625,574.6761863821625,574.6761863821625,True,False,60,False,2,800,0.6171264253348604,122.30531518222482,False,0.1104,0.0336,rolling
paper_hybrid_bilstm_dtr_rolling_fixed_monitor,hybrid,582,814.0,510.70059254095503,529.853036564506,529.853036564506,529.853036564506,529.853036564506,True,False,60,False,2,800,0.7599711198526117,159.00667250880406,False,0.09599999999999999,0.0,rolling
paper_hybrid_bilstm_dtr_rolling_fixed_monitor,hybrid,583,993.0,623.0045311955386,564.4152535265252,564.4152535265252,564.4152535265252,564.4152535265252,True,False,60,False,2,800,0.9270900761838371,223.42943974326644,False,0.09599999999999999,0.0,rolling
paper_hybrid_bilstm_dtr_rolling_fixed_monitor,hybrid,584,874.0,548.3443708609271,618.1064562520842,618.1064562520842,618.1064562520842,618.1064562520842,True,False,60,False,2,800,0.8159886471144749,177.7968472678431,False,0.09599999999999999,0.0,rolling
paper_hybrid_bilstm_dtr_rolling_fixed_monitor,hybrid,585,853.0,535.1690484489369,599.3925866193795,599.3925866193795,599.3925866193795,599.3925866193795,True,False,60,False,2,800,0.7963825125728228,170.91544106911152,False,0.09599999999999999,0.0,rolling
paper_hybrid_bilstm_dtr_rolling_fixed_monitor,hybrid,586,657.0,412.19937260369466,597.5830010725358,597.5830010725358,597.5830010725358,597.5830010725358,True,False,60,False,2,800,0.6133919235174028,121.54192957928058,False,0.09599999999999999,0.0,rolling
paper_hybrid_bilstm_dtr_rolling_fixed_monitor,hybrid,587,822.0,515.719762983618,545.5428223920849,545.5428223920849,545.5428223920849,545.5428223920849,True,False,60,False,2,800,0.7674401234875268,161.35907628103985,False,0.09599999999999999,0.0,rolling
paper_hybrid_bilstm_dtr_rolling_fixed_monitor,hybrid,588,951.0,596.6538863715581,577.6764040803291,577.6764040803291,577.6764040803291,577.6764040803291,True,False,60,False,2,800,0.8878778071005329,205.98884870146753,False,0.09599999999999999,0.0,rolling
paper_hybrid_bilstm_dtr_rolling_fixed_monitor,hybrid,589,834.0,523.2485186476124,615.2545648432842,615.2545648432842,615.2545648432842,615.2545648432842,True,False,60,False,2,800,0.7786436289398994,164.97451772775264,False,0.09599999999999999,0.0,rolling
paper_hybrid_bilstm_dtr_rolling_fixed_monitor,hybrid,590,917.0,575.3224119902405,592.2435918152732,592.2435918152732,592.2435918152732,592.2435918152732,True,False,60,False,2,800,0.8561345416521436,192.95320634414904,False,0.09599999999999999,0.0,rolling
paper_hybrid_bilstm_dtr_rolling_fixed_monitor,hybrid,591,933.0,585.3607528755664,614.179843461684,614.179843461684,614.179843461684,614.179843461684,True,False,60,False,2,800,0.8710725489219738,198.9694592924571,False,0.09599999999999999,0.0,rolling
paper_hybrid_bilstm_dtr_rolling_fixed_monitor,hybrid,592,582.0,365.14464970372956,623.7566788054282,623.7566788054282,623.7566788054282,623.7566788054282,True,False,60,False,2,800,0.5433700144400737,108.87749454339621,False,0.09599999999999999,0.0,rolling
paper_hybrid_bilstm_dtr_rolling_fixed_monitor,hybrid,593,540.0,338.794004879749,533.0574286872952,533.0574286872952,533.0574286872952,533.0574286872952,True,False,60,False,2,800,0.5041577453567694,103.06597600908084,False,0.09599999999999999,0.0,rolling
paper_hybrid_bilstm_dtr_rolling_fixed_monitor,hybrid,594,633.0,397.1418612757058,502.9348374424644,502.9348374424644,502.9348374424644,502.9348374424644,True,False,60,False,2,800,0.5909849126126575,117.15366719426626,False,0.09599999999999999,0.0,rolling
paper_hybrid_bilstm_dtr_rolling_fixed_monitor,hybrid,595,688.0,431.6486580690136,511.5782455010062,511.5782455010062,511.5782455010062,511.5782455010062,True,False,60,False,2,600,0.8564457501369318,193.07642801294062,False,0.0912,0.0336,rolling
paper_hybrid_bilstm_dtr_rolling_fixed_monitor,hybrid,596,840.0,527.0128964796096,520.5538042630624,520.5538042630624,520.5538042630624,520.5538042630624,True,False,60,False,2,600,1.0456605088881143,285.799646538167,False,0.072,0.0,rolling
paper_hybrid_bilstm_dtr_rolling_fixed_monitor,hybrid,597,719.0,451.09794353433256,561.2141125888415,561.2141125888415,561.2141125888415,561.2141125888415,True,False,60,False,2,600,0.8950356022506598,209.06052799073143,False,0.072,0.0,rolling
paper_hybrid_bilstm_dtr_rolling_fixed_monitor,hybrid,598,1045.0,655.6291390728477,537.1933214670762,537.1933214670762,537.1933214670762,537.1933214670762,True,False,60,False,2,800,0.9756385998107853,247.16271948906257,False,0.1104,0.0336,rolling
paper_hybrid_bilstm_dtr_rolling_fixed_monitor,hybrid,599,952.0,597.2812826768909,624.741667478118,624.741667478118,624.741667478118,624.741667478118,True,False,60,False,2,800,0.8888114325548971,206.3867079302518,False,0.09599999999999999,0.0,rolling
paper_hybrid_bilstm_dtr_rolling_fixed_monitor,hybrid,600,803.0,503.7992331822935,618.3653469178889,618.3653469178889,618.3653469178889,618.3653469178889,True,False,60,False,2,800,0.7497012398546035,155.84678775037372,False,0.09599999999999999,0.0,rolling
paper_hybrid_bilstm_dtr_rolling_fixed_monitor,hybrid,601,751.0,471.1746253049843,585.5652482001738,585.5652482001738,585.5652482001738,585.5652482001738,True,False,60,False,2,800,0.7011527162276552,142.04551125881662,False,0.09599999999999999,0.0,rolling
paper_hybrid_bilstm_dtr_rolling_fixed_monitor,hybrid,602,748.0,469.2924363889857,568.0717289589411,568.0717289589411,568.0717289589411,568.0717289589411,True,False,60,False,2,800,0.6983518398645621,141.304922833515,False,0.09599999999999999,0.0,rolling
paper_hybrid_bilstm_dtr_rolling_fixed_monitor,hybrid,603,934.0,585.9881491808993,562.606823956608,562.606823956608,562.606823956608,562.606823956608,True,False,60,False,2,800,0.8720061743763383,199.35240790231927,False,0.09599999999999999,0.0,rolling
paper_hybrid_bilstm_dtr_rolling_fixed_monitor,hybrid,604,968.0,607.3196235622169,609.9223322761063,609.9223322761063,609.9223322761063,609.9223322761063,True,False,60,False,2,800,0.9037494398247274,212.86684680058372,False,0.09599999999999999,0.0,rolling
paper_hybrid_bilstm_dtr_rolling_fixed_monitor,hybrid,605,896.0,562.1470895782503,628.1941852315849,628.1941852315849,628.1941852315849,628.1941852315849,True,False,60,False,2,800,0.8365284071104915,185.3694190275415,False,0.09599999999999999,0.0,rolling
paper_hybrid_bilstm_dtr_rolling_fixed_monitor,hybrid,606,902.0,565.9114674102475,616.6283952545864,616.6283952545864,616.6283952545864,616.6283952545864,True,False,60,False,2,800,0.8421301598366778,187.50042200815915,False,0.09599999999999999,0.0,rolling
paper_hybrid_bilstm_dtr_rolling_fixed_monitor,hybrid,607,802.0,503.17183687696064,619.2987501202388,619.2987501202388,619.2987501202388,619.2987501202388,True,False,60,False,2,800,0.7487676144002391,155.56377764074176,False,0.09599999999999999,0.0,rolling
paper_hybrid_bilstm_dtr_rolling_fixed_monitor,hybrid,608,843.0,528.8950853956082,593.3416253982223,593.3416253982223,593.3416253982223,593.3416253982223,True,False,60,False,2,800,0.7870462580291789,167.7552848756005,False,0.09599999999999999,0.0,rolling
paper_hybrid_bilstm_dtr_rolling_fixed_monitor,hybrid,609,637.0,399.6514464970373,598.3131931643684,598.3131931643684,598.3131931643684,598.3131931643684,True,False,60,False,2,800,0.594719414430115,117.86246226596998,False,0.09599999999999999,0.0,rolling
paper_hybrid_bilstm_dtr_rolling_fixed_monitor,hybrid,610,737.0,462.39107703032414,541.2036703360814,541.2036703360814,541.2036703360814,541.2036703360814,True,False,60,False,2,800,0.6880819598665537,138.63987286973486,False,0.09599999999999999,0.0,rolling
paper_hybrid_bilstm_dtr_rolling_fixed_monitor,hybrid,611,1073.0,673.196235622168,554.5374547734264,554.5374547734264,554.5374547734264,554.5374547734264,True,False,60,False,2,800,1.0017801125329882,260.96297293550174,False,0.09599999999999999,0.0,rolling
paper_hybrid_bilstm_dtr_rolling_fixed_monitor,hybrid,612,839.0,526.3855001742768,643.524414069353,643.524414069353,643.524414069353,643.524414069353,True,False,60,False,2,800,0.7833117562117214,166.5120172843558,False,0.09599999999999999,0.0,rolling
paper_hybrid_bilstm_dtr_rolling_fixed_monitor,hybrid,613,767.0,481.2129661903102,597.2117879820507,597.2117879820507,597.2117879820507,597.2117879820507,True,False,60,False,2,800,0.7160907234974855,146.09622383294928,False,0.09599999999999999,0.0,rolling
paper_hybrid_bilstm_dtr_rolling_fixed_monitor,hybrid,614,574.0,360.1254792610666,575.7490293012575,575.7490293012575,575.7490293012575,575.7490293012575,True,False,60,False,2,800,0.5359010108051586,107.70296374815823,False,0.09599999999999999,0.0,rolling
paper_hybrid_bilstm_dtr_rolling_fixed_monitor,hybrid,615,661.0,414.7089578250262,518.3712234946388,518.3712234946388,518.3712234946388,518.3712234946388,True,False,60,False,2,800,0.6171264253348604,122.30531518222482,False,0.09599999999999999,0.0,rolling
paper_hybrid_bilstm_dtr_rolling_fixed_monitor,hybrid,616,607.0,380.82955733705126,525.6022685776657,525.6022685776657,525.6022685776657,525.6022685776657,True,False,60,False,2,600,0.7556142010655779,157.6556107233561,False,0.0912,0.0336,rolling
paper_hybrid_bilstm_dtr_rolling_fixed_monitor,hybrid,617,850.0,533.2868595329384,505.38213692702993,505.38213692702993,505.38213692702993,505.38213692702993,True,False,60,False,2,800,0.7935816362097297,169.95956229091587,False,0.1104,0.0336,rolling
paper_hybrid_bilstm_dtr_rolling_fixed_monitor,hybrid,618,969.0,607.9470198675497,563.1362613888919,563.1362613888919,563.1362613888919,563.1362613888919,True,False,60,False,2,600,1.206244087038789,395.92071052973654,True,0.0912,0.0336,rolling
paper_hybrid_bilstm_dtr_rolling_fixed_monitor,hybrid,619,886.0,555.8731265249215,605.2946194798542,605.2946194798542,605.2946194798542,605.2946194798542,True,False,60,False,2,800,0.8271921525668475,181.88065353513716,False,0.1104,0.0336,rolling
paper_hybrid_bilstm_dtr_rolling_fixed_monitor,hybrid,620,747.0,468.66504008365285,597.229223967357,597.229223967357,597.229223967357,597.229223967357,True,False,60,False,2,800,0.6974182144101977,141.05937603844586,False,0.09599999999999999,0.0,rolling
paper_hybrid_bilstm_dtr_rolling_fixed_monitor,hybrid,621,938.0,588.4977344022308,564.5974884723992,564.5974884723992,564.5974884723992,564.5974884723992,True,False,60,False,2,800,0.8757406761937958,200.89242010109126,False,0.09599999999999999,0.0,rolling
paper_hybrid_bilstm_dtr_rolling_fixed_monitor,hybrid,622,854.0,535.7964447542698,610.9154127872807,610.9154127872807,610.9154127872807,610.9154127872807,True,False,60,False,2,800,0.7973161380271873,171.2355655681244,False,0.09599999999999999,0.0,rolling
paper_hybrid_bilstm_dtr_rolling_fixed_monitor,hybrid,623,881.0,552.7361449982573,596.301407986818,596.301407986818,596.301407986818,596.301407986818,True,False,60,False,2,800,0.8225240252950257,180.16552733048366,False,0.09599999999999999,0.0,rolling
paper_hybrid_bilstm_dtr_rolling_fixed_monitor,hybrid,624,900.0,564.6566747995818,604.8512059971754,604.8512059971754,604.8512059971754,604.8512059971754,True,False,60,False,2,800,0.8402629089279491,186.78692596796688,False,0.09599999999999999,0.0,rolling
paper_hybrid_bilstm_dtr_rolling_fixed_monitor,hybrid,625,729.0,457.3719065876612,613.1617649494765,613.1617649494765,613.1617649494765,613.1617649494765,True,False,60,False,2,800,0.6806129562316388,136.7509507233423,False,0.09599999999999999,0.0,rolling
paper_hybrid_bilstm_dtr_rolling_fixed_monitor,hybrid,626,859.0,538.9334262809341,569.7012229337952,569.7012229337952,569.7012229337952,569.7012229337952,True,False,60,False,2,800,0.8019842652990091,172.8474644110089,False,0.09599999999999999,0.0,rolling
paper_hybrid_bilstm_dtr_rolling_fixed_monitor,hybrid,627,748.0,469.2924363889857,596.7031581344418,596.7031581344418,596.7031581344418,596.7031581344418,True,False,60,False,2,800,0.6983518398645621,141.304922833515,False,0.09599999999999999,0.0,rolling
paper_hybrid_bilstm_dtr_rolling_fixed_monitor,hybrid,628,834.0,523.2485186476124,567.8548869538336,567.8548869538336,567.8548869538336,567.8548869538336,True,False,60,False,2,800,0.7786436289398994,164.97451772775264,False,0.09599999999999999,0.0,rolling
paper_hybrid_bilstm_dtr_rolling_fixed_monitor,hybrid,629,701.0,439.8048100383409,584.8806449483754,584.8806449483754,584.8806449483754,584.8806449483754,True,False,60,False,2,800,0.6544714435094359,130.45969375516736,False,0.09599999999999999,0.0,rolling
paper_hybrid_bilstm_dtr_rolling_fixed_monitor,hybrid,630,638.0,400.27884280237015,550.0066032104642,550.0066032104642,550.0066032104642,550.0066032104642,True,False,60,False,2,800,0.5956530398844794,118.04105849243327,False,0.09599999999999999,0.0,rolling
paper_hybrid_bilstm_dtr_rolling_fixed_monitor,hybrid,631,668.0,419.10073196235624,526.2054477047118,526.2054477047118,526.2054477047118,526.2054477047118,True,False,60,False,2,800,0.6236618035154111,123.66364063249779,False,0.09599999999999999,0.0,rolling
paper_hybrid_bilstm_dtr_rolling_fixed_monitor,hybrid,632,664.0,416.5911467410248,524.7219198996663,524.7219198996663,524.7219198996663,524.7219198996663,True,False,60,False,2,800,0.6199273016979535,122.88395134661768,False,0.09599999999999999,0.0,rolling
paper_hybrid_bilstm_dtr_rolling_fixed_monitor,hybrid,633,750.0,470.54722899965145,518.9884910904752,518.9884910904752,518.9884910904752,518.9884910904752,True,False,60,False,2,600,0.9336254543643878,226.48412341284893,False,0.0912,0.0336,rolling
paper_hybrid_bilstm_dtr_rolling_fixed_monitor,hybrid,634,663.0,415.9637504356919,538.2664292975501,538.2664292975501,538.2664292975501,538.2664292975501,True,False,60,False,2,600,0.8253249016581189,181.1922730768088,False,0.072,0.0,rolling
paper_hybrid_bilstm_dtr_rolling_fixed_monitor,hybrid,635,699.0,438.55001742767513,517.6267021054896,517.6267021054896,517.6267021054896,517.6267021054896,True,False,60,False,2,800,0.652604192600707,130.02903013936532,False,0.1104,0.0336,rolling
paper_hybrid_bilstm_dtr_rolling_fixed_monitor,hybrid,636,893.0,560.2649006622516,524.2277879293424,524.2277879293424,524.2277879293424,524.2277879293424,True,False,60,False,2,600,1.1116367076631977,327.2641437254814,False,0.0912,0.0336,rolling
paper_hybrid_bilstm_dtr_rolling_fixed_monitor,hybrid,637,888.0,557.1279191355874,576.2907249055315,576.2907249055315,576.2907249055315,576.2907249055315,True,False,60,False,2,600,1.1054125379674353,323.1339824162747,False,0.072,0.0,rolling
paper_hybrid_bilstm_dtr_rolling_fixed_monitor,hybrid,638,868.0,544.57999302893,586.935923757781,586.935923757781,586.935923757781,586.935923757781,True,False,60,False,2,800,0.8103868943882886,175.79651984403958,False,0.1104,0.0336,rolling
paper_hybrid_bilstm_dtr_rolling_fixed_monitor,hybrid,639,1000.0,627.3963053328686,589.6228957917501,589.6228957917501,589.6228957917501,589.6228957917501,True,False,60,False,2,800,0.9336254543643877,226.48412341284887,False,0.09599999999999999,0.0,rolling
paper_hybrid_bilstm_dtr_rolling_fixed_monitor,hybrid,640,893.0,560.2649006622516,631.1513668720963,631.1513668720963,631.1513668720963,631.1513668720963,True,False,60,False,2,800,0.8337275307473982,184.31456063418744,False,0.09599999999999999,0.0,rolling
paper_hybrid_bilstm_dtr_rolling_fixed_monitor,hybrid,641,786.0,493.13349599163473,613.6828215490441,613.6828215490441,613.6828215490441,613.6828215490441,True,False,60,False,2,800,0.7338296071304088,151.13088212926002,False,0.09599999999999999,0.0,rolling
paper_hybrid_bilstm_dtr_rolling_fixed_monitor,hybrid,642,716.0,449.2157546183339,586.4278718986352,586.4278718986352,586.4278718986352,586.4278718986352,True,False,60,False,2,800,0.6684758253249017,133.76871077699363,False,0.09599999999999999,0.0,rolling
paper_hybrid_bilstm_dtr_rolling_fixed_monitor,hybrid,643,729.0,457.3719065876612,562.2993581770424,562.2993581770424,562.2993581770424,562.2993581770424,True,False,60,False,2,800,0.6806129562316388,136.7509507233423,False,0.09599999999999999,0.0,rolling
paper_hybrid_bilstm_dtr_rolling_fixed_monitor,hybrid,644,886.0,555.8731265249215,557.4473136085139,557.4473136085139,557.4473136085139,557.4473136085139,True,False,60,False,2,800,0.8271921525668475,181.88065353513716,False,0.09599999999999999,0.0,rolling
paper_hybrid_bilstm_dtr_rolling_fixed_monitor,hybrid,645,685.0,429.766469153015,595.0923524532309,595.0923524532309,595.0923524532309,595.0923524532309,True,False,60,False,2,800,0.6395334362396057,127.08279877374991,False,0.09599999999999999,0.0,rolling
paper_hybrid_bilstm_dtr_rolling_fixed_monitor,hybrid,646,933.0,585.3607528755664,546.6318489881492,546.6318489881492,546.6318489881492,546.6318489881492,True,False,60,False,2,800,0.8710725489219738,198.9694592924571,False,0.09599999999999999,0.0,rolling
paper_hybrid_bilstm_dtr_rolling_fixed_monitor,hybrid,647,695.0,436.04043220634367,605.1963132754063,605.1963132754063,605.1963132754063,605.1963132754063,True,False,60,False,2,800,0.6488696907832495,129.17506812948648,False,0.09599999999999999,0.0,rolling
paper_hybrid_bilstm_dtr_rolling_fixed_monitor,hybrid,648,671.0,420.98292087835483,549.5527859354479,549.5527859354479,549.5527859354479,549.5527859354479,True,False,60,False,2,800,0.6264626798785042,124.25456915859095,False,0.09599999999999999,0.0,rolling
paper_hybrid_bilstm_dtr_rolling_fixed_monitor,hybrid,649,853.0,535.1690484489369,535.0281285182537,535.0281285182537,535.0281285182537,535.0281285182537,True,False,60,False,2,800,0.7963825125728228,170.91544106911152,False,0.09599999999999999,0.0,rolling
paper_hybrid_bilstm_dtr_rolling_fixed_monitor,hybrid,650,730.0,457.9993028929941,576.3935105205692,576.3935105205692,576.3935105205692,576.3935105205692,True,False,60,False,2,800,0.6815465816860031,136.98481423769627,False,0.09599999999999999,0.0,rolling
paper_hybrid_bilstm_dtr_rolling_fixed_monitor,hybrid,651,675.0,423.4925060996863,549.1599223604458,549.1599223604458,549.1599223604458,549.1599223604458,True,False,60,False,2,800,0.6301971816959617,125.05073439273602,False,0.09599999999999999,0.0,rolling
paper_hybrid_bilstm_dtr_rolling_fixed_monitor,hybrid,652,629.0,394.63227605437436,531.576381416071,531.576381416071,531.576381416071,531.576381416071,True,False,60,False,2,800,0.5872504107951999,116.45377366977408,False,0.09599999999999999,0.0,rolling
paper_hybrid_bilstm_dtr_rolling_fixed_monitor,hybrid,653,629.0,394.63227605437436,514.1549421527689,514.1549421527689,514.1549421527689,514.1549421527689,True,False,60,False,2,800,0.5872504107951999,116.45377366977408,False,0.09599999999999999,0.0,rolling
paper_hybrid_bilstm_dtr_rolling_fixed_monitor,hybrid,654,536.0,336.28441965841756,507.59212398174986,507.59212398174986,507.59212398174986,507.59212398174986,True,False,60,False,2,600,0.6672309913857492,133.46888594472193,False,0.0912,0.0336,rolling
paper_hybrid_bilstm_dtr_rolling_fixed_monitor,hybrid,655,585.0,367.02683861972815,478.1700547543078,478.1700547543078,478.1700547543078,478.1700547543078,True,False,60,False,2,600,0.7282278544042226,149.51433373381428,False,0.072,0.0,rolling
paper_hybrid_bilstm_dtr_rolling_fixed_monitor,hybrid,656,598.0,375.1829905890554,482.34351678419625,482.34351678419625,482.34351678419625,482.34351678419625,True,False,60,False,2,600,0.7444106956132052,154.25236969343808,False,0.072,0.0,rolling
paper_hybrid_bilstm_dtr_rolling_fixed_monitor,hybrid,657,697.0,437.2952248170094,481.8962018793909,481.8962018793909,481.8962018793909,481.8962018793909,True,False,60,False,2,600,0.8676492555893044,197.57232341621972,False,0.072,0.0,rolling
paper_hybrid_bilstm_dtr_rolling_fixed_monitor,hybrid,658,606.0,380.2021610317184,506.63268721570375,506.63268721570375,506.63268721570375,506.63268721570375,True,False,60,False,2,600,0.7543693671264253,157.2724422842274,False,0.072,0.0,rolling
paper_hybrid_bilstm_dtr_rolling_fixed_monitor,hybrid,659,789.0,495.01568490763333,487.61645736819173,487.61645736819173,487.61645736819173,487.61645736819173,True,False,60,False,2,600,0.982173977991336,250.54452271400322,False,0.072,0.0,rolling
paper_hybrid_bilstm_dtr_rolling_fixed_monitor,hybrid,660,661.0,414.7089578250262,533.8533188011106,533.8533188011106,533.8533188011106,533.8533188011106,True,False,60,False,2,600,0.8228352337798138,180.27926561712547,False,0.072,0.0,rolling
paper_hybrid_bilstm_dtr_rolling_fixed_monitor,hybrid,661,769.0,482.46775880097596,509.36072051341216,509.36072051341216,509.36072051341216,509.36072051341216,True,False,60,False,2,800,0.7179579744062142,146.6146232355647,False,0.1104,0.0336,rolling
paper_hybrid_bilstm_dtr_rolling_fixed_monitor,hybrid,662,911.0,571.5580341582433,537.5014134008102,537.5014134008102,537.5014134008102,537.5014134008102,True,False,60,False,2,600,1.134043718567943,342.51969877399597,False,0.0912,0.0336,rolling
paper_hybrid_bilstm_dtr_rolling_fixed_monitor,hybrid,663,761.0,477.44858835831303,582.2668366207054,582.2668366207054,582.2668366207054,582.2668366207054,True,False,60,False,2,800,0.7104889707712991,144.55717637861406,False,0.1104,0.0336,rolling
paper_hybrid_bilstm_dtr_rolling_fixed_monitor,hybrid,664,849.0,532.6594632276054,554.700808762836,554.700808762836,554.700808762836,554.700808762836,True,False,60,False,2,800,0.7926480107553653,169.64243134144908,False,0.09599999999999999,0.0,rolling
paper_hybrid_bilstm_dtr_rolling_fixed_monitor,hybrid,665,657.0,412.19937260369466,579.0713310705378,579.0713310705378,579.0713310705378,579.0713310705378,True,False,60,False,2,800,0.6133919235174028,121.54192957928058,False,0.09599999999999999,0.0,rolling
paper_hybrid_bilstm_dtr_rolling_fixed_monitor,hybrid,666,744.0,466.78285116765426,533.0408596846837,533.0408596846837,533.0408596846837,533.0408596846837,True,False,60,False,2,800,0.6946173380471046,140.32667138866634,False,0.09599999999999999,0.0,rolling
paper_hybrid_bilstm_dtr_rolling_fixed_monitor,hybrid,667,772.0,484.34994771697455,548.5460745296832,548.5460745296832,548.5460745296832,548.5460745296832,True,False,60,False,2,800,0.7207588507693073,147.39729361984035,False,0.09599999999999999,0.0,rolling
paper_hybrid_bilstm_dtr_rolling_fixed_monitor,hybrid,668,777.0,487.4869292436389,555.5668040606661,555.5668040606661,555.5668040606661,555.5668040606661,True,False,60,False,2,800,0.7254269780411293,148.7153262682226,False,0.09599999999999999,0.0,rolling
paper_hybrid_bilstm_dtr_rolling_fixed_monitor,hybrid,669,727.0,456.1171139769955,558.5009143283551,558.5009143283551,558.5009143283551,558.5009143283551,True,False,60,False,2,800,0.6787457053229099,136.285144980397,False,0.09599999999999999,0.0,rolling
paper_hybrid_bilstm_dtr_rolling_fixed_monitor,hybrid,670,610.0,382.71174625304985,545.9579385229199,545.9579385229199,545.9579385229199,545.9579385229199,True,False,60,False,2,800,0.5695115271622766,113.24911281637188,False,0.09599999999999999,0.0,rolling
paper_hybrid_bilstm_dtr_rolling_fixed_monitor,hybrid,671,579.0,363.2624607877309,512.7945740560885,512.7945740560885,512.7945740560885,512.7945740560885,True,False,60,False,2,800,0.5405691380769805,108.43323324587014,False,0.09599999999999999,0.0,rolling
paper_hybrid_bilstm_dtr_rolling_fixed_monitor,hybrid,672,580.0,363.88985709306377,495.7865651239372,495.7865651239372,495.7865651239372,495.7865651239372,True,False,60,False,2,600,0.7220036847084599,147.74710586625844,False,0.0912,0.0336,rolling
paper_hybrid_bilstm_dtr_rolling_fixed_monitor,hybrid,673,798.0,500.6622516556292,487.5194275549334,487.5194275549334,487.5194275549334,487.5194275549334,True,False,60,False,2,600,0.9933774834437087,256.447471950661,False,0.072,0.0,rolling
paper_hybrid_bilstm_dtr_rolling_fixed_monitor,hybrid,674,1238.0,776.7166260020913,539.7697532074599,539.7697532074599,539.7697532074599,539.7697532074599,True,False,60,False,2,600,1.5,687.5,True,0.072,0.0,rolling
paper_hybrid_bilstm_dtr_rolling_fixed_monitor,hybrid,675,901.0,565.2840711049146,670.9657649991414,670.9657649991414,670.9657649991414,670.9657649991414,True,False,60,False,2,800,0.8411965343823133,187.1432780414774,False,0.1104,0.0336,rolling
paper_hybrid_bilstm_dtr_rolling_fixed_monitor,hybrid,676,796.0,499.4074590449634,610.9596770704202,610.9596770704202,610.9596770704202,610.9596770704202,True,False,60,False,2,800,0.7431658616740526,153.88048873492312,False,0.09599999999999999,0.0,rolling
paper_hybrid_bilstm_dtr_rolling_fixed_monitor,hybrid,677,696.0,436.66782851167653,585.7760213264178,585.7760213264178,585.7760213264178,585.7760213264178,True,False,60,False,2,800,0.6498033162376139,129.3876401765024,False,0.09599999999999999,0.0,rolling
paper_hybrid_bilstm_dtr_rolling_fixed_monitor,hybrid,678,669.0,419.7281282676891,554.7484446453441,554.7484446453441,554.7484446453441,554.7484446453441,True,False,60,False,2,800,0.6245954289697755,123.86002852762255,False,0.09599999999999999,0.0,rolling
paper_hybrid_bilstm_dtr_rolling_fixed_monitor,hybrid,679,535.0,335.6570233530847,538.5153496623648,538.5153496623648,538.5153496623648,538.5153496623648,True,False,60,False,2,800,0.49948961808494746,102.43116874975584,False,0.09599999999999999,0.0,rolling
paper_hybrid_bilstm_dtr_rolling_fixed_monitor,hybrid,680,819.0,513.8375740676194,495.3164437576884,495.3164437576884,495.3164437576884,495.3164437576884,True,False,60,False,2,800,0.7646392471244335,160.47153058860675,False,0.09599999999999999,0.0,rolling
paper_hybrid_bilstm_dtr_rolling_fixed_monitor,hybrid,681,1021.0,640.5716277448588,557.339687340097,557.339687340097,557.339687340097,557.339687340097,True,False,60,False,2,600,1.2709754518747198,449.5591781276456,True,0.0912,0.0336,rolling
paper_hybrid_bilstm_dtr_rolling_fixed_monitor,hybrid,682,783.0,491.25130707563613,620.5217737083531,620.5217737083531,620.5217737083531,620.5217737083531,True,False,60,False,2,800,0.7310287307673157,150.3195111106841,False,0.1104,0.0336,rolling
paper_hybrid_bilstm_dtr_rolling_fixed_monitor,hybrid,683,823.0,516.3471592889508,573.1096931497964,573.1096931497964,573.1096931497964,573.1096931497964,True,False,60,False,2,800,0.7683737489418911,161.65636859270455,False,0.09599999999999999,0.0,rolling
paper_hybrid_bilstm_dtr_rolling_fixed_monitor,hybrid,684,725.0,454.86232136632975,581.4072473616757,581.4072473616757,581.4072473616757,581.4072473616757,True,False,60,False,2,800,0.6768784544141812,135.82189509243707,False,0.09599999999999999,0.0,rolling
paper_hybrid_bilstm_dtr_rolling_fixed_monitor,hybrid,685,661.0,414.7089578250262,554.3171930032449,554.3171930032449,554.3171930032449,554.3171930032449,True,False,60,False,2,800,0.6171264253348604,122.30531518222482,False,0.09599999999999999,0.0,rolling
paper_hybrid_bilstm_dtr_rolling_fixed_monitor,hybrid,686,549.0,344.4405716277449,531.869373401204,531.869373401204,531.869373401204,531.869373401204,True,False,60,False,2,800,0.512560374446049,104.23860324313509,False,0.09599999999999999,0.0,rolling
paper_hybrid_bilstm_dtr_rolling_fixed_monitor,hybrid,687,760.0,476.82119205298017,495.0145411170811,495.0145411170811,495.0145411170811,495.0145411170811,True,False,60,False,2,800,0.7095553453169348,144.30301455927878,False,0.09599999999999999,0.0,rolling
paper_hybrid_bilstm_dtr_rolling_fixed_monitor,hybrid,688,916.0,574.6950156849076,539.142274482107,539.142274482107,539.142274482107,539.142274482107,True,False,60,False,2,600,1.1402678882637056,346.86596387871026,False,0.0912,0.0336,rolling
paper_hybrid_bilstm_dtr_rolling_fixed_monitor,hybrid,689,666.0,417.8459393516905,585.9188326425315,585.9188326425315,585.9188326425315,585.9188326425315,True,False,60,False,2,800,0.6217945526066823,123.27262528844341,False,0.1104,0.0336,rolling
paper_hybrid_bilstm_dtr_rolling_fixed_monitor,hybrid,690,655.0,410.9445799930289,531.4008655860816,531.4008655860816,531.4008655860816,531.4008655860816,True,False,60,False,2,800,0.611524672608674,121.16370493591438,False,0.09599999999999999,0.0,rolling
paper_hybrid_bilstm_dtr_rolling_fixed_monitor,hybrid,691,690.0,432.90345067967934,521.692417452698,521.692417452698,521.692417452698,521.692417452698,True,False,60,False,2,800,0.6442015635114275,128.12135289823158,False,0.09599999999999999,0.0,rolling
paper_hybrid_bilstm_dtr_rolling_fixed_monitor,hybrid,692,585.0,367.02683861972815,524.9403513730476,524.9403513730476,524.9403513730476,524.9403513730476,True,False,60,False,2,600,0.7282278544042226,149.51433373381428,False,0.0912,0.0336,rolling
paper_hybrid_bilstm_dtr_rolling_fixed_monitor,hybrid,693,558.0,350.08713837574066,495.7387606614607,495.7387606614607,495.7387606614607,495.7387606614607,True,False,60,False,2,600,0.6946173380471045,140.3266713886663,False,0.072,0.0,rolling
paper_hybrid_bilstm_dtr_rolling_fixed_monitor,hybrid,694,444.0,278.5639595677937,481.28994014720774,481.28994014720774,481.28994014720774,481.28994014720774,True,False,60,False,2,600,0.5527062689837177,110.39174780203433,False,0.072,0.0,rolling
paper_hybrid_bilstm_dtr_rolling_fixed_monitor,hybrid,695,506.0,317.46253049843153,445.3373237712749,445.3373237712749,445.3373237712749,445.3373237712749,True,False,60,False,2,600,0.6298859732111737,124.98402551750848,False,0.072,0.0,rolling
paper_hybrid_bilstm_dtr_rolling_fixed_monitor,hybrid,696,462.0,289.85709306378527,450.1142057567358,450.1142057567358,450.1142057567358,450.1142057567358,True,False,60,False,2,600,0.5751132798884628,114.23991619278752,False,0.072,0.0,rolling
paper_hybrid_bilstm_dtr_rolling_fixed_monitor,hybrid,697,671.0,420.98292087835483,434.8409569482974,434.8409569482974,434.8409569482974,434.8409569482974,True,False,60,False,2,600,0.8352835731713389,184.89971948703038,False,0.072,0.0,rolling
paper_hybrid_bilstm_dtr_rolling_fixed_monitor,hybrid,698,648.0,406.55280585569886,483.0992366998198,483.0992366998198,483.0992366998198,483.0992366998198,True,False,60,False,2,600,0.8066523925708311,174.47823773319516,False,0.072,0.0,rolling
paper_hybrid_bilstm_dtr_rolling_fixed_monitor,hybrid,699,780.0,489.36911815963754,484.6987475231458,484.6987475231458,484.6987475231458,484.6987475231458,True,False,60,False,2,600,0.9709704725389634,244.77471699867093,False,0.072,0.0,rolling
paper_hybrid_bilstm_dtr_rolling_fixed_monitor,hybrid,700,817.0,512.5827814569536,524.4629810681563,524.4629810681563,524.4629810681563,524.4629810681563,True,False,60,False,2,600,1.0170293282876064,269.3533251320214,False,0.072,0.0,rolling
paper_hybrid_bilstm_dtr_rolling_fixed_monitor,hybrid,701,684.0,429.13907284768214,545.7283807716221,545.7283807716221,545.7283807716221,545.7283807716221,True,False,60,False,2,600,0.8514664143803217,191.1156091584337,False,0.072,0.0,rolling
paper_hybrid_bilstm_dtr_rolling_fixed_monitor,hybrid,702,497.0,311.8159637504357,520.3623696674827,520.3623696674827,520.3623696674827,520.3623696674827,True,False,60,False,2,800,0.46401185081910074,97.98289972952195,False,0.1104,0.0336,rolling
paper_hybrid_bilstm_dtr_rolling_fixed_monitor,hybrid,703,491.0,308.0515859184385,470.96908915421955,470.96908915421955,470.96908915421955,470.96908915421955,True,False,60,False,2,600,0.6112134641238859,121.10089156180878,False,0.0912,0.0336,rolling
paper_hybrid_bilstm_dtr_rolling_fixed_monitor,hybrid,704,515.0,323.1090972464273,458.1608407270319,458.1608407270319,458.1608407270319,458.1608407270319,True,False,60,False,2,600,0.6410894786635463,127.42730569616359,False,0.072,0.0,rolling
paper_hybrid_bilstm_dtr_rolling_fixed_monitor,hybrid,705,666.0,417.8459393516905,456.32647392482886,456.32647392482886,456.32647392482886,456.32647392482886,True,False,60,False,2,600,0.8290594034755764,182.57214883186586,False,0.072,0.0,rolling
paper_hybrid_bilstm_dtr_rolling_fixed_monitor,hybrid,706,691.0,433.5308469850122,491.25400367843804,491.25400367843804,491.25400367843804,491.25400367843804,True,False,60,False,2,600,0.8601802519543893,194.5620848363182,False,0.072,0.0,rolling
paper_hybrid_bilstm_dtr_rolling_fixed_monitor,hybrid,707,722.0,452.98013245033115,503.6623322548021,503.6623322548021,503.6623322548021,503.6623322548021,True,False,60,False,2,600,0.8987701040681174,210.6827783295091,False,0.072,0.0,rolling
paper_hybrid_bilstm_dtr_rolling_fixed_monitor,hybrid,708,799.0,501.28964796096204,516.9378602716279,516.9378602716279,516.9378602716279,516.9378602716279,True,False,60,False,2,600,0.9946223173828612,257.1116399071717,False,0.072,0.0,rolling
paper_hybrid_bilstm_dtr_rolling_fixed_monitor,hybrid,709,738.0,463.018473335657,543.0650099332333,543.0650099332333,543.0650099332333,543.0650099332333,True,False,60,False,2,600,0.9186874470945575,219.5647852968437,False,0.072,0.0,rolling
paper_hybrid_bilstm_dtr_rolling_fixed_monitor,hybrid,710,935.0,586.6155454862321,534.9376251580588,534.9376251580588,534.9376251580588,534.9376251580588,True,False,60,False,2,800,0.8729397998307026,199.736177409209,False,0.1104,0.0336,rolling
paper_hybrid_bilstm_dtr_rolling_fixed_monitor,hybrid,711,769.0,482.46775880097596,590.6198295593458,590.6198295593458,590.6198295593458,590.6198295593458,True,False,60,False,2,800,0.7179579744062142,146.6146232355647,False,0.09599999999999999,0.0,rolling
paper_hybrid_bilstm_dtr_rolling_fixed_monitor,hybrid,712,904.0,567.1662600209132,559.4735966633493,559.4735966633493,559.4735966633493,559.4735966633493,True,False,60,False,2,800,0.8439974107454066,188.2170891366551,False,0.09599999999999999,0.0,rolling
paper_hybrid_bilstm_dtr_rolling_fixed_monitor,hybrid,713,638.0,400.27884280237015,596.65576308046,596.65576308046,596.65576308046,596.65576308046,True,False,60,False,2,800,0.5956530398844794,118.04105849243327,False,0.09599999999999999,0.0,rolling
paper_hybrid_bilstm_dtr_rolling_fixed_monitor,hybrid,714,824.0,516.9745555942837,533.4736526293514,533.4736526293514,533.4736526293514,533.4736526293514,True,False,60,False,2,800,0.7693073743962555,161.95438424297072,False,0.09599999999999999,0.0,rolling
paper_hybrid_bilstm_dtr_rolling_fixed_monitor,hybrid,715,763.0,478.70338096897876,573.1930920684645,573.1930920684645,573.1930920684645,573.1930920684645,True,False,60,False,2,800,0.7123562216800279,145.0675074357119,False,0.09599999999999999,0.0,rolling
paper_hybrid_bilstm_dtr_rolling_fixed_monitor,hybrid,716,749.0,469.9198326943186,560.3184712994203,560.3184712994203,560.3184712994203,560.3184712994203,True,False,60,False,2,800,0.6992854653189264,141.55112704933,False,0.09599999999999999,0.0,rolling
paper_hybrid_bilstm_dtr_rolling_fixed_monitor,hybrid,717,595.0,373.3008016730568,555.323422751957,555.323422751957,555.323422751957,555.323422751957,True,False,60,False,2,800,0.5555071453468108,110.85612986578414,False,0.09599999999999999,0.0,rolling
paper_hybrid_bilstm_dtr_rolling_fixed_monitor,hybrid,718,684.0,429.13907284768214,512.4929122440076,512.4929122440076,512.4929122440076,512.4929122440076,True,False,60,False,2,800,0.6385998107852413,126.87689761371423,False,0.09599999999999999,0.0,rolling
paper_hybrid_bilstm_dtr_rolling_fixed_monitor,hybrid,719,759.0,476.1937957476473,525.1207801049741,525.1207801049741,525.1207801049741,525.1207801049741,True,False,60,False,2,600,0.9448289598167605,231.82108612159112,False,0.0912,0.0336,rolling
paper_hybrid_bilstm_dtr_rolling_fixed_monitor,hybrid,720,631.0,395.8870686650401,542.8899275945914,542.8899275945914,542.8899275945914,542.8899275945914,True,False,60,False,2,800,0.5891176617039287,116.80261125423768,False,0.1104,0.0336,rolling
paper_hybrid_bilstm_dtr_rolling_fixed_monitor,hybrid,721,637.0,399.6514464970373,511.1773864189299,511.1773864189299,511.1773864189299,511.1773864189299,True,False,60,False,2,800,0.594719414430115,117.86246226596998,False,0.09599999999999999,0.0,rolling
paper_hybrid_bilstm_dtr_rolling_fixed_monitor,hybrid,722,693.0,434.78563959567794,507.2071114167061,507.2071114167061,507.2071114167061,507.2071114167061,True,False,60,False,2,600,0.8626699198326944,195.55971715065795,False,0.0912,0.0336,rolling
paper_hybrid_bilstm_dtr_rolling_fixed_monitor,hybrid,723,704.0,441.6869989543395,518.0807602090322,518.0807602090322,518.0807602090322,518.0807602090322,True,False,60,False,2,600,0.876363093163372,201.1503697014644,False,0.072,0.0,rolling
paper_hybrid_bilstm_dtr_rolling_fixed_monitor,hybrid,724,753.0,472.42941791565005,522.2671306479319,522.2671306479319,522.2671306479319,522.2671306479319,True,False,60,False,2,600,0.9373599561818453,228.2489735067108,False,0.072,0.0,rolling
paper_hybrid_bilstm_dtr_rolling_fixed_monitor,hybrid,725,866.0,543.3252004182642,536.4298950386101,536.4298950386101,536.4298950386101,536.4298950386101,True,False,60,False,2,600,1.0780261913060798,305.50721546810513,False,0.072,0.0,rolling
paper_hybrid_bilstm_dtr_rolling_fixed_monitor,hybrid,726,685.0,429.766469153015,570.9147097122668,570.9147097122668,570.9147097122668,570.9147097122668,True,False,60,False,2,800,0.6395334362396057,127.08279877374991,False,0.1104,0.0336,rolling
paper_hybrid_bilstm_dtr_rolling_fixed_monitor,hybrid,727,763.0,478.70338096897876,531.9116869732802,531.9116869732802,531.9116869732802,531.9116869732802,True,False,60,False,2,800,0.7123562216800279,145.0675074357119,False,0.09599999999999999,0.0,rolling
paper_hybrid_bilstm_dtr_rolling_fixed_monitor,hybrid,728,645.0,404.67061693970027,549.1619694029196,549.1619694029196,549.1619694029196,549.1619694029196,True,False,60,False,2,800,0.6021884180650302,119.30698205062566,False,0.09599999999999999,0.0,rolling
paper_hybrid_bilstm_dtr_rolling_fixed_monitor,hybrid,729,729.0,457.3719065876612,519.5791471341522,519.5791471341522,519.5791471341522,519.5791471341522,True,False,60,False,2,800,0.6806129562316388,136.7509507233423,False,0.09599999999999999,0.0,rolling
paper_hybrid_bilstm_dtr_rolling_fixed_monitor,hybrid,730,740.0,464.2732659463228,535.9657703026669,535.9657703026669,535.9657703026669,535.9657703026669,True,False,60,False,2,600,0.9211771149728627,220.70253612052932,False,0.0912,0.0336,rolling
paper_hybrid_bilstm_dtr_rolling_fixed_monitor,hybrid,731,757.0,474.9390031369815,540.0783749639518,540.0783749639518,540.0783749639518,540.0783749639518,True,False,60,False,2,800,0.7067544689538415,143.5445333912705,False,0.1104,0.0336,rolling
paper_hybrid_bilstm_dtr_rolling_fixed_monitor,hybrid,732,874.0,548.3443708609271,546.1128875967606,546.1128875967606,546.1128875967606,546.1128875967606,True,False,60,False,2,800,0.8159886471144749,177.7968472678431,False,0.09599999999999999,0.0,rolling
paper_hybrid_bilstm_dtr_rolling_fixed_monitor,hybrid,733,834.0,523.2485186476124,579.7429536647669,579.7429536647669,579.7429536647669,579.7429536647669,True,False,60,False,2,800,0.7786436289398994,164.97451772775264,False,0.09599999999999999,0.0,rolling
paper_hybrid_bilstm_dtr_rolling_fixed_monitor,hybrid,734,861.0,540.1882188915998,577.3744532740166,577.3744532740166,577.3744532740166,577.3744532740166,True,False,60,False,2,800,0.8038515162077379,173.497502650034,False,0.09599999999999999,0.0,rolling
paper_hybrid_bilstm_dtr_rolling_fixed_monitor,hybrid,735,914.0,573.4402230742419,588.2891392472293,588.2891392472293,588.2891392472293,588.2891392472293,True,False,60,False,2,800,0.8533336652890504,191.8482371970167,False,0.09599999999999999,0.0,rolling
paper_hybrid_bilstm_dtr_rolling_fixed_monitor,hybrid,736,756.0,474.31160683164865,606.7994124437746,606.7994124437746,606.7994124437746,606.7994124437746,True,False,60,False,2,800,0.7058208434994772,143.29303816891783,False,0.09599999999999999,0.0,rolling
paper_hybrid_bilstm_dtr_rolling_fixed_monitor,hybrid,737,925.0,580.3415824329035,570.3991440030995,570.3991440030995,570.3991440030995,570.3991440030995,True,False,60,False,2,800,0.8636035452870587,195.93531723798495,False,0.09599999999999999,0.0,rolling
paper_hybrid_bilstm_dtr_rolling_fixed_monitor,hybrid,738,845.0,530.149878006274,611.3373443654109,611.3373443654109,611.3373443654109,611.3373443654109,True,False,60,False,2,800,0.7889135089379077,168.38136065578124,False,0.09599999999999999,0.0,rolling
paper_hybrid_bilstm_dtr_rolling_fixed_monitor,hybrid,739,803.0,503.7992331822935,596.49551577904,596.49551577904,596.49551577904,596.49551577904,True,False,60,False,2,800,0.7497012398546035,155.84678775037372,False,0.09599999999999999,0.0,rolling
paper_hybrid_bilstm_dtr_rolling_fixed_monitor,hybrid,740,1068.0,670.0592540955037,584.9380825519052,584.9380825519052,584.9380825519052,584.9380825519052,True,False,60,False,2,800,0.9971119852611662,258.4449716449461,False,0.09599999999999999,0.0,rolling
paper_hybrid_bilstm_dtr_rolling_fixed_monitor,hybrid,741,790.0,495.6430812129662,655.5035621289444,655.5035621289444,655.5035621289444,655.5035621289444,True,False,60,False,2,800,0.7375641089478664,152.22238572334763,False,0.09599999999999999,0.0,rolling
paper_hybrid_bilstm_dtr_rolling_fixed_monitor,hybrid,742,610.0,382.71174625304985,593.2157684103622,593.2157684103622,593.2157684103622,593.2157684103622,True,False,60,False,2,800,0.5695115271622766,113.24911281637188,False,0.09599999999999999,0.0,rolling
paper_hybrid_bilstm_dtr_rolling_fixed_monitor,hybrid,743,577.0,362.00766817706517,537.6552064977245,537.6552064977245,537.6552064977245,537.6552064977245,True,False,60,False,2,800,0.5387018871682517,108.13960494158435,False,0.09599999999999999,0.0,rolling
paper_hybrid_bilstm_dtr_rolling_fixed_monitor,hybrid,744,618.0,387.7309166957128,512.8077232936262,512.8077232936262,512.8077232936262,512.8077232936262,True,False,60,False,2,800,0.5769805307971916,114.57450585250325,False,0.09599999999999999,0.0,rolling
paper_hybrid_bilstm_dtr_rolling_fixed_monitor,hybrid,745,688.0,431.6486580690136,509.98954787851244,509.98954787851244,509.98954787851244,509.98954787851244,True,False,60,False,2,600,0.8564457501369318,193.07642801294062,False,0.0912,0.0336,rolling
paper_hybrid_bilstm_dtr_rolling_fixed_monitor,hybrid,746,555.0,348.20494945974207,521.1223763308749,521.1223763308749,521.1223763308749,521.1223763308749,True,False,60,False,2,600,0.690882836229647,139.3588824258483,False,0.072,0.0,rolling
paper_hybrid_bilstm_dtr_rolling_fixed_monitor,hybrid,747,413.0,259.11467410247474,485.48445059029746,485.48445059029746,485.48445059029746,485.48445059029746,True,False,60,False,2,600,0.5141164168699895,104.46002639257071,False,0.072,0.0,rolling
paper_hybrid_bilstm_dtr_rolling_fixed_monitor,hybrid,748,737.0,462.39107703032414,440.08849012276505,440.08849012276505,440.08849012276505,440.08849012276505,True,False,60,False,2,600,0.9174426131554051,218.99821717270487,False,0.072,0.0,rolling
paper_hybrid_bilstm_dtr_rolling_fixed_monitor,hybrid,749,756.0,474.31160683164865,510.06406022455894,510.06406022455894,510.06406022455894,510.06406022455894,True,False,60,False,2,600,0.9410944579993029,230.02794232632377,False,0.072,0.0,rolling
paper_hybrid_bilstm_dtr_rolling_fixed_monitor,hybrid,750,554.0,347.5775531544092,524.1810671952344,524.1810671952344,524.1810671952344,524.1810671952344,True,False,60,False,2,600,0.6896380022904944,139.0386013787102,False,0.072,0.0,rolling
paper_hybrid_bilstm_dtr_rolling_fixed_monitor,hybrid,751,586.0,367.654234925061,477.82863215252974,477.82863215252974,477.82863215252974,477.82863215252974,True,False,60,False,2,600,0.7294726883433751,149.87142721772685,False,0.072,0.0,rolling
paper_hybrid_bilstm_dtr_rolling_fixed_monitor,hybrid,752,592.0,371.4186127570582,479.8834293048826,479.8834293048826,479.8834293048826,479.8834293048826,True,False,60,False,2,600,0.7369416919782901,152.039698493711,False,0.072,0.0,rolling
paper_hybrid_bilstm_dtr_rolling_fixed_monitor,hybrid,753,777.0,487.4869292436389,479.34233577192435,479.34233577192435,479.34233577192435,479.34233577192435,True,False,60,False,2,600,0.9672359707215057,242.88077337652769,False,0.072,0.0,rolling
paper_hybrid_bilstm_dtr_rolling_fixed_monitor,hybrid,754,841.0,527.6402927849425,527.2525701371947,527.2525701371947,527.2525701371947,527.2525701371947,True,False,60,False,2,600,1.046905342827267,286.5355206215222,False,0.072,0.0,rolling
paper_hybrid_bilstm_dtr_rolling_fixed_monitor,hybrid,755,601.0,377.06517950505406,554.7577406264604,554.7577406264604,554.7577406264604,554.7577406264604,True,False,60,False,2,800,0.5611088980729971,111.79903732836752,False,0.1104,0.0336,rolling
paper_hybrid_bilstm_dtr_rolling_fixed_monitor,hybrid,756,710.0,445.4513767863367,501.71773823609783,501.71773823609783,501.71773823609783,501.71773823609783,True,False,60,False,2,800,0.6628740725987153,132.42827909481616,False,0.09599999999999999,0.0,rolling
paper_hybrid_bilstm_dtr_rolling_fixed_monitor,hybrid,757,606.0,380.2021610317184,524.2860443498616,524.2860443498616,524.2860443498616,524.2860443498616,True,False,60,False,2,600,0.7543693671264253,157.2724422842274,False,0.0912,0.0336,rolling
paper_hybrid_bilstm_dtr_rolling_fixed_monitor,hybrid,758,712.0,446.70616939700244,499.1889905439275,499.1889905439275,499.1889905439275,499.1889905439275,True,False,60,False,2,600,0.8863217646765922,205.32760697148478,False,0.072,0.0,rolling
paper_hybrid_bilstm_dtr_rolling_fixed_monitor,hybrid,759,437.0,274.17218543046357,521.881275183046,521.881275183046,521.881275183046,521.881275183046,True,False,60,False,2,600,0.5439924314096499,108.97684363491646,False,0.072,0.0,rolling
paper_hybrid_bilstm_dtr_rolling_fixed_monitor,hybrid,760,585.0,367.02683861972815,452.5957510577455,452.5957510577455,452.5957510577455,452.5957510577455,True,False,60,False,2,600,0.7282278544042226,149.51433373381428,False,0.072,0.0,rolling
paper_hybrid_bilstm_dtr_rolling_fixed_monitor,hybrid,761,547.0,343.18577901707914,476.8775762191999,476.8775762191999,476.8775762191999,476.8775762191999,True,False,60,False,2,600,0.6809241647164269,136.82883399344027,False,0.072,0.0,rolling
paper_hybrid_bilstm_dtr_rolling_fixed_monitor,hybrid,762,578.0,362.63506448239804,465.6930418822344,465.6930418822344,465.6930418822344,465.6930418822344,True,False,60,False,2,600,0.7195140168301548,147.0486876213505,False,0.072,0.0,rolling
paper_hybrid_bilstm_dtr_rolling_fixed_monitor,hybrid,763,779.0,488.74172185430467,470.5470130789736,470.5470130789736,470.5470130789736,470.5470130789736,True,False,60,False,2,600,0.9697256385998109,244.14178023852048,False,0.072,0.0,rolling
paper_hybrid_bilstm_dtr_rolling_fixed_monitor,hybrid,764,741.0,464.90066225165566,522.7038731804314,522.7038731804314,522.7038731804314,522.7038731804314,True,False,60,False,2,600,0.9224219489120152,221.2737229867355,False,0.072,0.0,rolling
paper_hybrid_bilstm_dtr_rolling_fixed_monitor,hybrid,765,532.0,333.7748344370861,523.7079113895538,523.7079113895538,523.7079113895538,523.7079113895538,True,False,60,False,2,600,0.6622516556291391,132.28073242982546,False,0.072,0.0,rolling
paper_hybrid_bilstm_dtr_rolling_fixed_monitor,hybrid,766,699.0,438.55001742767513,474.95313954814947,474.95313954814947,474.95313954814947,474.95313954814947,True,False,60,False,2,600,0.8701389234676093,198.5873307007178,False,0.072,0.0,rolling
paper_hybrid_bilstm_dtr_rolling_fixed_monitor,hybrid,767,677.0,424.747298710352,510.5460303543032,510.5460303543032,510.5460303543032,510.5460303543032,True,False,60,False,2,600,0.842752576806254,187.73895836062465,False,0.072,0.0,rolling
paper_hybrid_bilstm_dtr_rolling_fixed_monitor,hybrid,768,601.0,377.06517950505406,509.07791557494284,509.07791557494284,509.07791557494284,509.07791557494284,True,False,60,False,2,600,0.7481451974306628,155.37549588946374,False,0.072,0.0,rolling
paper_hybrid_bilstm_dtr_rolling_fixed_monitor,hybrid,769,662.0,415.33635413035904,490.62955939251697,490.62955939251697,490.62955939251697,490.62955939251697,True,False,60,False,2,600,0.8240800677189664,180.73507976481815,False,0.072,0.0,rolling
paper_hybrid_bilstm_dtr_rolling_fixed_monitor,hybrid,770,441.0,276.68177065179503,503.94434245913453,503.94434245913453,503.94434245913453,503.94434245913453,True,False,60,False,2,600,0.54897176716626,109.77985197796818,False,0.072,0.0,rolling
paper_hybrid_bilstm_dtr_rolling_fixed_monitor,hybrid,771,521.0,326.8734750784245,447.79989178440974,447.79989178440974,447.79989178440974,447.79989178440974,True,False,60,False,2,600,0.6485584822984614,129.10434656583823,False,0.072,0.0,rolling
paper_hybrid_bilstm_dtr_rolling_fixed_monitor,hybrid,772,544.0,341.30359010108054,456.3732909903474,456.3732909903474,456.3732909903474,456.3732909903474,True,False,60,False,2,600,0.6771896628989693,135.89892621556112,False,0.072,0.0,rolling
paper_hybrid_bilstm_dtr_rolling_fixed_monitor,hybrid,773,1193.0,748.4837922621123,458.41537239651007,458.41537239651007,458.41537239651007,458.41537239651007,True,False,60,False,2,600,1.4850868894089528,669.5601183305814,True,0.072,0.0,rolling
paper_hybrid_bilstm_dtr_rolling_fixed_monitor,hybrid,774,723.0,453.607528755664,632.3923081025696,632.3923081025696,632.3923081025696,632.3923081025696,True,False,60,False,2,600,0.9000149380072698,211.22653399282842,False,0.072,0.0,rolling
paper_hybrid_bilstm_dtr_rolling_fixed_monitor,hybrid,775,864.0,542.0704078075985,541.136960834288,541.136960834288,541.136960834288,541.136960834288,True,False,60,False,2,800,0.8066523925708311,174.47823773319516,False,0.1104,0.0336,rolling
paper_hybrid_bilstm_dtr_rolling_fixed_monitor,hybrid,776,915.0,574.0676193795748,578.3384416992103,578.3384416992103,578.3384416992103,578.3384416992103,True,False,60,False,2,800,0.8542672907434149,192.21575575525503,False,0.09599999999999999,0.0,rolling
paper_hybrid_bilstm_dtr_rolling_fixed_monitor,hybrid,777,543.0,340.6761937957477,599.9230836971792,599.9230836971792,599.9230836971792,599.9230836971792,True,False,60,False,2,800,0.5069586217198626,103.45254863615622,False,0.09599999999999999,0.0,rolling
paper_hybrid_bilstm_dtr_rolling_fixed_monitor,hybrid,778,808.0,506.93621470895783,508.7697273097983,508.7697273097983,508.7697273097983,508.7697273097983,True,False,60,False,2,800,0.7543693671264253,157.2724422842274,False,0.09599999999999999,0.0,rolling
paper_hybrid_bilstm_dtr_rolling_fixed_monitor,hybrid,779,666.0,417.8459393516905,563.0499725279078,563.0499725279078,563.0499725279078,563.0499725279078,True,False,60,False,2,600,0.8290594034755764,182.57214883186586,False,0.0912,0.0336,rolling
paper_hybrid_bilstm_dtr_rolling_fixed_monitor,hybrid,780,788.0,494.38828860230046,529.3095347462845,529.3095347462845,529.3095347462845,529.3095347462845,True,False,60,False,2,800,0.7356968580391376,151.67524877243284,False,0.1104,0.0336,rolling
paper_hybrid_bilstm_dtr_rolling_fixed_monitor,hybrid,781,806.0,505.6814220982921,557.0335942831316,557.0335942831316,557.0335942831316,557.0335942831316,True,False,60,False,2,800,0.7525021162176966,156.7000561579282,False,0.09599999999999999,0.0,rolling
paper_hybrid_bilstm_dtr_rolling_fixed_monitor,hybrid,782,940.0,589.7525270128965,565.501823671621,565.501823671621,565.501823671621,565.501823671621,True,False,60,False,2,800,0.8776079271025246,201.66736916073774,False,0.09599999999999999,0.0,rolling
paper_hybrid_bilstm_dtr_rolling_fixed_monitor,hybrid,783,940.0,589.7525270128965,605.7217047884478,605.7217047884478,605.7217047884478,605.7217047884478,True,False,60,False,2,800,0.8776079271025246,201.66736916073774,False,0.09599999999999999,0.0,rolling
paper_hybrid_bilstm_dtr_rolling_fixed_monitor,hybrid,784,1053.0,660.6483095155106,614.7611553585393,614.7611553585393,614.7611553585393,614.7611553585393,True,False,60,False,2,800,0.9831076034457004,251.03132886033333,False,0.09599999999999999,0.0,rolling
paper_hybrid_bilstm_dtr_rolling_fixed_monitor,hybrid,785,712.0,446.70616939700244,654.2852587799462,654.2852587799462,654.2852587799462,654.2852587799462,True,False,60,False,2,800,0.6647413235074441,132.87258419109514,False,0.09599999999999999,0.0,rolling
paper_hybrid_bilstm_dtr_rolling_fixed_monitor,hybrid,786,653.0,409.6897873823632,573.0164202615488,573.0164202615488,573.0164202615488,573.0164202615488,True,False,60,False,2,800,0.6096574216999452,120.78778302296821,False,0.09599999999999999,0.0,rolling
paper_hybrid_bilstm_dtr_rolling_fixed_monitor,hybrid,787,773.0,484.9773440223074,544.861277662571,544.861277662571,544.861277662571,544.861277662571,True,False,60,False,2,800,0.7216924762236717,147.65953960497853,False,0.09599999999999999,0.0,rolling
paper_hybrid_bilstm_dtr_rolling_fixed_monitor,hybrid,788,766.0,480.58556988497736,565.5900391608156,565.5900391608156,565.5900391608156,565.5900391608156,True,False,60,False,2,800,0.7151570980431211,145.83803575099788,False,0.09599999999999999,0.0,rolling
paper_hybrid_bilstm_dtr_rolling_fixed_monitor,hybrid,789,635.0,398.39665388637155,562.0630813098601,562.0630813098601,562.0630813098601,562.0630813098601,True,False,60,False,2,800,0.5928521635213863,117.50694852109771,False,0.09599999999999999,0.0,rolling
paper_hybrid_bilstm_dtr_rolling_fixed_monitor,hybrid,790,718.0,450.47054722899964,525.8227470935208,525.8227470935208,525.8227470935208,525.8227470935208,True,False,60,False,2,800,0.6703430762336304,134.22054632908902,False,0.09599999999999999,0.0,rolling
paper_hybrid_bilstm_dtr_rolling_fixed_monitor,hybrid,791,806.0,505.6814220982921,538.6126925527074,538.6126925527074,538.6126925527074,538.6126925527074,True,False,60,False,2,800,0.7525021162176966,156.7000561579282,False,0.09599999999999999,0.0,rolling
paper_hybrid_bilstm_dtr_rolling_fixed_monitor,hybrid,792,843.0,528.8950853956082,560.5674157470876,560.5674157470876,560.5674157470876,560.5674157470876,True,False,60,False,2,800,0.7870462580291789,167.7552848756005,False,0.09599999999999999,0.0,rolling
paper_hybrid_bilstm_dtr_rolling_fixed_monitor,hybrid,793,832.0,521.9937260369467,574.3639040320704,574.3639040320704,574.3639040320704,574.3639040320704,True,False,60,False,2,800,0.7767763780311706,164.36465510331948,False,0.09599999999999999,0.0,rolling
paper_hybrid_bilstm_dtr_rolling_fixed_monitor,hybrid,794,531.0,333.14743813175323,576.3888866128636,576.3888866128636,576.3888866128636,576.3888866128636,True,False,60,False,2,800,0.4957551162674899,101.93179206837506,False,0.09599999999999999,0.0,rolling
paper_hybrid_bilstm_dtr_rolling_fixed_monitor,hybrid,795,614.0,385.2213314743813,498.8568639232658,498.8568639232658,498.8568639232658,498.8568639232658,True,False,60,False,2,800,0.5732460289797341,113.90749215435233,False,0.09599999999999999,0.0,rolling
paper_hybrid_bilstm_dtr_rolling_fixed_monitor,hybrid,796,606.0,380.2021610317184,505.26757479705475,505.26757479705475,505.26757479705475,505.26757479705475,True,False,60,False,2,600,0.7543693671264253,157.2724422842274,False,0.0912,0.0336,rolling
paper_hybrid_bilstm_dtr_rolling_fixed_monitor,hybrid,797,570.0,357.6158940397351,497.3777673631048,497.3777673631048,497.3777673631048,497.3777673631048,True,False,60,False,2,600,0.7095553453169348,144.30301455927878,False,0.072,0.0,rolling
paper_hybrid_bilstm_dtr_rolling_fixed_monitor,hybrid,798,577.0,362.00766817706517,483.0539127711645,483.0539127711645,483.0539127711645,483.0539127711645,True,False,60,False,2,600,0.7182691828910023,146.7012857874592,False,0.072,0.0,rolling
paper_hybrid_bilstm_dtr_rolling_fixed_monitor,hybrid,799,782.0,490.62391077030327,479.282971540184,479.282971540184,479.282971540184,479.282971540184,True,False,60,False,2,600,0.9734601404172684,246.04546759392872,False,0.072,0.0,rolling
paper_hybrid_bilstm_dtr_rolling_fixed_monitor,hybrid,800,410.0,257.23248518647614,530.2715242947097,530.2715242947097,530.2715242947097,530.2715242947097,True,False,60,False,2,600,0.510381915052532,103.93086167641354,False,0.072,0.0,rolling
paper_hybrid_bilstm_dtr_rolling_fixed_monitor,hybrid,801,626.0,392.75008713837576,442.5782235936699,442.5782235936699,442.5782235936699,442.5782235936699,True,False,60,False,2,800,0.5844495344321068,115.93466132893002,False,0.1104,0.0336,rolling
paper_hybrid_bilstm_dtr_rolling_fixed_monitor,hybrid,802,885.0,555.2457302195887,483.03344234642645,483.03344234642645,483.03344234642645,483.03344234642645,True,False,60,False,2,600,1.1016780361499776,320.67810225925996,False,0.0912,0.0336,rolling
paper_hybrid_bilstm_dtr_rolling_fixed_monitor,hybrid,803,695.0,436.04043220634367,553.9901478644888,553.9901478644888,553.9901478644888,553.9901478644888,True,False,60,False,2,600,0.8651595877109993,196.56312445507905,False,0.072,0.0,rolling
paper_hybrid_bilstm_dtr_rolling_fixed_monitor,hybrid,804,571.0,358.243290345068,519.7806965278378,519.7806965278378,519.7806965278378,519.7806965278378,True,False,60,False,2,800,0.5331001344420654,107.27086297662139,False,0.1104,0.0336,rolling
paper_hybrid_bilstm_dtr_rolling_fixed_monitor,hybrid,805,431.0,270.4078075984664,488.47279544211597,488.47279544211597,488.47279544211597,488.47279544211597,True,False,60,False,2,600,0.5365234277747348,107.79960190683451,False,0.0912,0.0336,rolling
paper_hybrid_bilstm_dtr_rolling_fixed_monitor,hybrid,806,700.0,439.17741373300805,445.7273214868137,445.7273214868137,445.7273214868137,445.7273214868137,True,False,60,False,2,600,0.871383757406762,199.09701767255038,False,0.072,0.0,rolling
paper_hybrid_bilstm_dtr_rolling_fixed_monitor,hybrid,807,550.0,345.06796793307774,502.8169759616785,502.8169759616785,502.8169759616785,502.8169759616785,True,False,60,False,2,600,0.6846586665338844,137.76899800370427,False,0.072,0.0,rolling
paper_hybrid_bilstm_dtr_rolling_fixed_monitor,hybrid,808,860.0,539.560822586267,470.27136074773625,470.27136074773625,470.27136074773625,470.27136074773625,True,False,60,False,2,600,1.0705571876711648,300.85239846277466,False,0.072,0.0,rolling
paper_hybrid_bilstm_dtr_rolling_fixed_monitor,hybrid,809,866.0,543.3252004182642,548.4863972208586,548.4863972208586,548.4863972208586,548.4863972208586,True,False,60,False,2,600,1.0780261913060798,305.50721546810513,False,0.072,0.0,rolling
paper_hybrid_bilstm_dtr_rolling_fixed_monitor,hybrid,810,720.0,451.7253398396654,565.3291977839476,565.3291977839476,565.3291977839476,565.3291977839476,True,False,60,False,2,800,0.6722103271423593,134.67490609559906,False,0.1104,0.0336,rolling
paper_hybrid_bilstm_dtr_rolling_fixed_monitor,hybrid,811,773.0,484.9773440223074,538.1226305844784,538.1226305844784,538.1226305844784,538.1226305844784,True,False,60,False,2,800,0.7216924762236717,147.65953960497853,False,0.09599999999999999,0.0,rolling
paper_hybrid_bilstm_dtr_rolling_fixed_monitor,hybrid,812,623.0,390.86789822237716,551.6032240914742,551.6032240914742,551.6032240914742,551.6032240914742,True,False,60,False,2,800,0.5816486580690137,115.42050073739382,False,0.09599999999999999,0.0,rolling
paper_hybrid_bilstm_dtr_rolling_fixed_monitor,hybrid,813,864.0,542.0704078075985,513.6702747435297,513.6702747435297,513.6702747435297,513.6702747435297,True,False,60,False,2,800,0.8066523925708311,174.47823773319516,False,0.09599999999999999,0.0,rolling
paper_hybrid_bilstm_dtr_rolling_fixed_monitor,hybrid,814,740.0,464.2732659463228,571.2409360340334,571.2409360340334,571.2409360340334,571.2409360340334,True,False,60,False,2,600,0.9211771149728627,220.70253612052932,False,0.0912,0.0336,rolling
paper_hybrid_bilstm_dtr_rolling_fixed_monitor,hybrid,815,784.0,491.878703380969,547.6755998212634,547.6755998212634,547.6755998212634,547.6755998212634,True,False,60,False,2,800,0.73196235622168,150.58927876259128,False,0.1104,0.0336,rolling
paper_hybrid_bilstm_dtr_rolling_fixed_monitor,hybrid,816,588.0,368.90902753572675,559.4471536911583,559.4471536911583,559.4471536911583,559.4471536911583,True,False,60,False,2,800,0.5489717671662601,109.7798519779682,False,0.09599999999999999,0.0,rolling
paper_hybrid_bilstm_dtr_rolling_fixed_monitor,hybrid,817,591.0,370.79121645172535,509.0833582996379,509.0833582996379,509.0833582996379,509.0833582996379,True,False,60,False,2,800,0.5517726435293532,110.2379955758701,False,0.09599999999999999,0.0,rolling
paper_hybrid_bilstm_dtr_rolling_fixed_monitor,hybrid,818,631.0,395.8870686650401,499.72037868727466,499.72037868727466,499.72037868727466,499.72037868727466,True,False,60,False,2,600,0.7854902156052382,167.23581926930416,False,0.0912,0.0336,rolling
paper_hybrid_bilstm_dtr_rolling_fixed_monitor,hybrid,819,791.0,496.27047751829906,502.31164546488026,502.31164546488026,502.31164546488026,502.31164546488026,True,False,60,False,2,600,0.984663645869641,251.84472950866987,False,0.072,0.0,rolling
paper_hybrid_bilstm_dtr_rolling_fixed_monitor,hybrid,820,839.0,526.3855001742768,541.6866037799309,541.6866037799309,541.6866037799309,541.6866037799309,True,False,60,False,2,600,1.044415674948962,285.0655224518063,False,0.072,0.0,rolling
paper_hybrid_bilstm_dtr_rolling_fixed_monitor,hybrid,821,756.0,474.31160683164865,562.4264193075342,562.4264193075342,562.4264193075342,562.4264193075342,True,False,60,False,2,800,0.7058208434994772,143.29303816891783,False,0.1104,0.0336,rolling
paper_hybrid_bilstm_dtr_rolling_fixed_monitor,hybrid,822,555.0,348.20494945974207,548.341418448008,548.341418448008,548.341418448008,548.341418448008,True,False,60,False,2,800,0.5181621271722352,105.04202852340475,False,0.09599999999999999,0.0,rolling
paper_hybrid_bilstm_dtr_rolling_fixed_monitor,hybrid,823,571.0,358.243290345068,496.3578585540972,496.3578585540972,496.3578585540972,496.3578585540972,True,False,60,False,2,800,0.5331001344420654,107.27086297662139,False,0.09599999999999999,0.0,rolling
paper_hybrid_bilstm_dtr_rolling_fixed_monitor,hybrid,824,702.0,440.4322063436738,488.7470509679006,488.7470509679006,488.7470509679006,488.7470509679006,True,False,60,False,2,600,0.8738734252850671,200.1207686920311,False,0.0912,0.0336,rolling
paper_hybrid_bilstm_dtr_rolling_fixed_monitor,hybrid,825,540.0,338.794004879749,516.1952414278367,516.1952414278367,516.1952414278367,516.1952414278367,True,False,60,False,2,600,0.6722103271423592,134.67490609559903,False,0.072,0.0,rolling
paper_hybrid_bilstm_dtr_rolling_fixed_monitor,hybrid,826,338.0,212.05995120250958,476.33568795210476,476.33568795210476,476.33568795210476,476.33568795210476,True,False,60,False,2,600,0.42075387143355075,93.40777974985481,False,0.072,0.0,rolling
paper_hybrid_bilstm_dtr_rolling_fixed_monitor,hybrid,827,563.0,353.22411990240505,417.60440174465884,417.60440174465884,417.60440174465884,417.60440174465884,True,False,60,False,2,600,0.7008415077428671,141.9629307311612,False,0.072,0.0,rolling
paper_hybrid_bilstm_dtr_rolling_fixed_monitor,hybrid,828,547.0,343.18577901707914,458.22131276999335,458.22131276999335,458.22131276999335,458.22131276999335,True,False,60,False,2,600,0.6809241647164269,136.82883399344027,False,0.072,0.0,rolling
paper_hybrid_bilstm_dtr_rolling_fixed_monitor,hybrid,829,632.0,396.51446497037296,455.10898939282015,455.10898939282015,455.10898939282015,455.10898939282015,True,False,60,False,2,600,0.7867350495443908,167.65122723639462,False,0.072,0.0,rolling
paper_hybrid_bilstm_dtr_rolling_fixed_monitor,hybrid,830,682.0,427.8842802370164,476.62540466927976,476.62540466927976,476.62540466927976,476.62540466927976,True,False,60,False,2,600,0.8489767465020167,190.1437580498147,False,0.072,0.0,rolling
paper_hybrid_bilstm_dtr_rolling_fixed_monitor,hybrid,831,612.0,383.9665388637156,494.2343530231824,494.2343530231824,494.2343530231824,494.2343530231824,True,False,60,False,2,600,0.7618383707613404,159.59046330301572,False,0.072,0.0,rolling
paper_hybrid_bilstm_dtr_rolling_fixed_monitor,hybrid,832,614.0,385.2213314743813,482.17500906432315,482.17500906432315,482.17500906432315,482.17500906432315,True,False,60,False,2,600,0.7643280386396455,160.3733147362426,False,0.072,0.0,rolling
paper_hybrid_bilstm_dtr_rolling_fixed_monitor,hybrid,833,699.0,438.55001742767513,483.5570035626679,483.5570035626679,483.5570035626679,483.5570035626679,True,False,60,False,2,600,0.8701389234676093,198.5873307007178,False,0.072,0.0,rolling
paper_hybrid_bilstm_dtr_rolling_fixed_monitor,hybrid,834,734.0,460.50888811432554,506.66069557331593,506.66069557331593,506.66069557331593,506.66069557331593,True,False,60,False,2,600,0.9137081113379475,217.3077169511467,False,0.072,0.0,rolling
paper_hybrid_bilstm_dtr_rolling_fixed_monitor,hybrid,835,804.0,504.42662948762637,521.2621050418516,521.2621050418516,521.2621050418516,521.2621050418516,True,False,60,False,2,600,1.0008464870786238,260.4574900634366,False,0.072,0.0,rolling
paper_hybrid_bilstm_dtr_rolling_fixed_monitor,hybrid,836,743.0,466.1554548623214,546.3570154739014,546.3570154739014,546.3570154739014,546.3570154739014,True,False,60,False,2,600,0.9249116167903202,222.42073004452337,False,0.072,0.0,rolling
paper_hybrid_bilstm_dtr_rolling_fixed_monitor,hybrid,837,721.0,452.3527361449983,539.1931133840153,539.1931133840153,539.1931133840153,539.1931133840153,True,False,60,False,2,800,0.6731439525967237,134.9030347565214,False,0.1104,0.0336,rolling
paper_hybrid_bilstm_dtr_rolling_fixed_monitor,hybrid,838,491.0,308.0515859184385,535.6408444549425,535.6408444549425,535.6408444549425,535.6408444549425,True,False,60,False,2,800,0.45841009809291444,97.33943862763809,False,0.09599999999999999,0.0,rolling
paper_hybrid_bilstm_dtr_rolling_fixed_monitor,hybrid,839,431.0,270.4078075984664,475.5451442315739,475.5451442315739,475.5451442315739,475.5451442315739,True,False,60,False,2,800,0.4023925708310512,91.72795705444582,False,0.09599999999999999,0.0,rolling
paper_hybrid_bilstm_dtr_rolling_fixed_monitor,hybrid,840,572.0,358.87068665040084,446.52316343492384,446.52316343492384,446.52316343492384,446.52316343492384,True,False,60,False,2,600,0.7120450131952397,144.98226617043878,False,0.0912,0.0336,rolling
paper_hybrid_bilstm_dtr_rolling_fixed_monitor,hybrid,841,624.0,391.49529452771003,469.5909479122961,469.5909479122961,469.5909479122961,469.5909479122961,True,False,60,False,2,600,0.7767763780311707,164.36465510331954,False,0.072,0.0,rolling
paper_hybrid_bilstm_dtr_rolling_fixed_monitor,hybrid,842,588.0,368.90902753572675,482.19509416341907,482.19509416341907,482.19509416341907,482.19509416341907,True,False,60,False,2,600,0.73196235622168,150.58927876259128,False,0.072,0.0,rolling
paper_hybrid_bilstm_dtr_rolling_fixed_monitor,hybrid,843,885.0,555.2457302195887,475.10724572214804,475.10724572214804,475.10724572214804,475.10724572214804,True,False,60,False,2,600,1.1016780361499776,320.67810225925996,False,0.072,0.0,rolling
paper_hybrid_bilstm_dtr_rolling_fixed_monitor,hybrid,844,780.0,489.36911815963754,553.5186296927873,553.5186296927873,553.5186296927873,553.5186296927873,True,False,60,False,2,600,0.9709704725389634,244.77471699867093,False,0.072,0.0,rolling
paper_hybrid_bilstm_dtr_rolling_fixed_monitor,hybrid,845,702.0,440.4322063436738,542.3322650590217,542.3322650590217,542.3322650590217,542.3322650590217,True,False,60,False,2,800,0.6554050689638002,130.67594929195062,False,0.1104,0.0336,rolling
paper_hybrid_bilstm_dtr_rolling_fixed_monitor,hybrid,846,624.0,391.49529452771003,527.2566883049949,527.2566883049949,527.2566883049949,527.2566883049949,True,False,60,False,2,800,0.582582283523378,115.59133887171292,False,0.09599999999999999,0.0,rolling
paper_hybrid_bilstm_dtr_rolling_fixed_monitor,hybrid,847,567.0,355.7337051237365,506.2309129852274,506.2309129852274,506.2309129852274,506.2309129852274,True,False,60,False,2,800,0.5293656326246079,106.7017504775122,False,0.09599999999999999,0.0,rolling
paper_hybrid_bilstm_dtr_rolling_fixed_monitor,hybrid,848,597.0,374.55559428372254,486.47692903015604,486.47692903015604,486.47692903015604,486.47692903015604,True,False,60,False,2,600,0.7431658616740526,153.88048873492312,False,0.0912,0.0336,rolling
paper_hybrid_bilstm_dtr_rolling_fixed_monitor,hybrid,849,630.0,395.2596723597072,488.10709732488385,488.10709732488385,488.10709732488385,488.10709732488385,True,False,60,False,2,600,0.7842453816660858,166.82172588328922,False,0.072,0.0,rolling
paper_hybrid_bilstm_dtr_rolling_fixed_monitor,hybrid,850,618.0,387.7309166957128,494.2646492517947,494.2646492517947,494.2646492517947,494.2646492517947,True,False,60,False,2,600,0.7693073743962555,161.95438424297072,False,0.072,0.0,rolling
paper_hybrid_bilstm_dtr_rolling_fixed_monitor,hybrid,851,720.0,451.7253398396654,490.89940775626974,490.89940775626974,490.89940775626974,490.89940775626974,True,False,60,False,2,600,0.8962804361898123,209.59977741179034,False,0.072,0.0,rolling
paper_hybrid_bilstm_dtr_rolling_fixed_monitor,hybrid,852,810.0,508.19100731962357,516.819733879463,516.819733879463,516.819733879463,516.819733879463,True,False,60,False,2,600,1.0083154907135388,264.52780807264674,False,0.072,0.0,rolling
paper_hybrid_bilstm_dtr_rolling_fixed_monitor,hybrid,853,725.0,454.86232136632975,546.3720913396496,546.3720913396496,546.3720913396496,546.3720913396496,True,False,60,False,2,600,0.9025046058855749,212.31856614503602,False,0.072,0.0,rolling
paper_hybrid_bilstm_dtr_rolling_fixed_monitor,hybrid,854,848.0,532.0320669222726,532.0835903753746,532.0835903753746,532.0835903753746,532.0835903753746,True,False,60,False,2,800,0.7917143853010009,169.32604658210698,False,0.1104,0.0336,rolling
paper_hybrid_bilstm_dtr_rolling_fixed_monitor,hybrid,855,880.0,552.1087486929243,566.53738633484,566.53738633484,566.53738633484,566.53738633484,True,False,60,False,2,800,0.8215903998406612,179.82482855040092,False,0.09599999999999999,0.0,rolling
paper_hybrid_bilstm_dtr_rolling_fixed_monitor,hybrid,856,744.0,466.78285116765426,583.9777788031643,583.9777788031643,583.9777788031643,583.9777788031643,True,False,60,False,2,800,0.6946173380471046,140.32667138866634,False,0.09599999999999999,0.0,rolling
paper_hybrid_bilstm_dtr_rolling_fixed_monitor,hybrid,857,873.0,547.7169745555943,555.5566892625602,555.5566892625602,555.5566892625602,555.5566892625602,True,False,60,False,2,800,0.8150550216601106,177.46154408396222,False,0.09599999999999999,0.0,rolling
paper_hybrid_bilstm_dtr_rolling_fixed_monitor,hybrid,858,718.0,450.47054722899964,588.4378267793854,588.4378267793854,588.4378267793854,588.4378267793854,True,False,60,False,2,800,0.6703430762336304,134.22054632908902,False,0.09599999999999999,0.0,rolling
paper_hybrid_bilstm_dtr_rolling_fixed_monitor,hybrid,859,859.0,538.9334262809341,552.8017795013134,552.8017795013134,552.8017795013134,552.8017795013134,True,False,60,False,2,800,0.8019842652990091,172.8474644110089,False,0.09599999999999999,0.0,rolling
paper_hybrid_bilstm_dtr_rolling_fixed_monitor,hybrid,860,832.0,521.9937260369467,585.8893552309087,585.8893552309087,585.8893552309087,585.8893552309087,True,False,60,False,2,800,0.7767763780311706,164.36465510331948,False,0.09599999999999999,0.0,rolling
paper_hybrid_bilstm_dtr_rolling_fixed_monitor,hybrid,861,1119.0,702.05646566748,583.5952467719417,583.5952467719417,583.5952467719417,583.5952467719417,True,False,60,False,2,800,1.04472688343375,285.24888952511037,False,0.09599999999999999,0.0,rolling
paper_hybrid_bilstm_dtr_rolling_fixed_monitor,hybrid,862,965.0,605.4374346462182,665.015277439169,665.015277439169,665.015277439169,665.015277439169,True,False,60,False,2,800,0.9009485634616342,211.63533910125068,False,0.09599999999999999,0.0,rolling
paper_hybrid_bilstm_dtr_rolling_fixed_monitor,hybrid,863,1061.0,665.6674799581735,640.9400349876005,640.9400349876005,640.9400349876005,640.9400349876005,True,False,60,False,2,800,0.9905766070806153,254.95916937987423,False,0.09599999999999999,0.0,rolling
paper_hybrid_bilstm_dtr_rolling_fixed_monitor,hybrid,864,837.0,525.130707563611,672.24480530248,672.24480530248,672.24480530248,672.24480530248,True,False,60,False,2,800,0.7814445053029926,165.89481141081592,False,0.09599999999999999,0.0,rolling
paper_hybrid_bilstm_dtr_rolling_fixed_monitor,hybrid,865,1016.0,637.4346462181945,618.8878003229092,618.8878003229092,618.8878003229092,618.8878003229092,True,False,60,False,2,800,0.948563461634218,233.62846114241623,False,0.09599999999999999,0.0,rolling
paper_hybrid_bilstm_dtr_rolling_fixed_monitor,hybrid,866,1014.0,636.1798536075288,660.7231351115051,660.7231351115051,660.7231351115051,660.7231351115051,True,False,60,False,2,800,0.9466962107254893,232.72299121318997,False,0.09599999999999999,0.0,rolling
paper_hybrid_bilstm_dtr_rolling_fixed_monitor,hybrid,867,871.0,546.4621819449286,666.3693117456069,666.3693117456069,666.3693117456069,666.3693117456069,True,False,60,False,2,800,0.8131877707513818,176.79323868881107,False,0.09599999999999999,0.0,rolling
paper_hybrid_bilstm_dtr_rolling_fixed_monitor,hybrid,868,750.0,470.54722899965145,630.5642269249038,630.5642269249038,630.5642269249038,630.5642269249038,True,False,60,False,2,800,0.7002190907732908,141.7979895647956,False,0.09599999999999999,0.0,rolling
paper_hybrid_bilstm_dtr_rolling_fixed_monitor,hybrid,869,821.0,515.0923666782851,591.7164663368421,591.7164663368421,591.7164663368421,591.7164663368421,True,False,60,False,2,800,0.7665064980331623,161.06250642907176,False,0.09599999999999999,0.0,rolling
paper_hybrid_bilstm_dtr_rolling_fixed_monitor,hybrid,870,540.0,338.794004879749,598.6862365516536,598.6862365516536,598.6862365516536,598.6862365516536,True,False,60,False,2,800,0.5041577453567694,103.06597600908084,False,0.09599999999999999,0.0,rolling
paper_hybrid_bilstm_dtr_rolling_fixed_monitor,hybrid,871,510.0,319.972115719763,519.0722753347854,519.0722753347854,519.0722753347854,519.0722753347854,True,False,60,False,2,800,0.4761489817258378,99.43126545483783,False,0.09599999999999999,0.0,rolling
paper_hybrid_bilstm_dtr_rolling_fixed_monitor,hybrid,872,759.0,476.1937957476473,489.98136941389976,489.98136941389976,489.98136941389976,489.98136941389976,True,False,60,False,2,600,0.9448289598167605,231.82108612159112,False,0.0912,0.0336,rolling
paper_hybrid_bilstm_dtr_rolling_fixed_monitor,hybrid,873,859.0,538.9334262809341,539.2312847054386,539.2312847054386,539.2312847054386,539.2312847054386,True,False,60,False,2,600,1.0693123537320122,300.0828786038729,False,0.072,0.0,rolling
paper_hybrid_bilstm_dtr_rolling_fixed_monitor,hybrid,874,618.0,387.7309166957128,569.2295602649779,569.2295602649779,569.2295602649779,569.2295602649779,True,False,60,False,2,800,0.5769805307971916,114.57450585250325,False,0.1104,0.0336,rolling
paper_hybrid_bilstm_dtr_rolling_fixed_monitor,hybrid,875,561.0,351.96932729173926,513.4859445894767,513.4859445894767,513.4859445894767,513.4859445894767,True,False,60,False,2,800,0.5237638798984215,105.86301432038914,False,0.09599999999999999,0.0,rolling
paper_hybrid_bilstm_dtr_rolling_fixed_monitor,hybrid,876,626.0,392.75008713837576,489.76850107947666,489.76850107947666,489.76850107947666,489.76850107947666,True,False,60,False,2,600,0.7792660459094757,165.17845648338968,False,0.0912,0.0336,rolling
paper_hybrid_bilstm_dtr_rolling_fixed_monitor,hybrid,877,722.0,452.98013245033115,497.23943545758084,497.23943545758084,497.23943545758084,497.23943545758084,True,False,60,False,2,600,0.8987701040681174,210.6827783295091,False,0.072,0.0,rolling
paper_hybrid_bilstm_dtr_rolling_fixed_monitor,hybrid,878,705.0,442.3143952596724,520.187070583167,520.187070583167,520.187070583167,520.187070583167,True,False,60,False,2,600,0.8776079271025246,201.66736916073774,False,0.072,0.0,rolling
paper_hybrid_bilstm_dtr_rolling_fixed_monitor,hybrid,879,694.0,435.4130359010108,520.0107600190408,520.0107600190408,520.0107600190408,520.0107600190408,True,False,60,False,2,600,0.8639147537718468,196.06069788744344,False,0.072,0.0,rolling
paper_hybrid_bilstm_dtr_rolling_fixed_monitor,hybrid,880,912.0,572.1854304635762,519.0162827024137,519.0162827024137,519.0162827024137,519.0162827024137,True,False,60,False,2,600,1.1352885525070955,343.3851476348058,False,0.072,0.0,rolling
paper_hybrid_bilstm_dtr_rolling_fixed_monitor,hybrid,881,777.0,487.4869292436389,579.3105219628887,579.3105219628887,579.3105219628887,579.3105219628887,True,False,60,False,2,600,0.9672359707215057,242.88077337652769,False,0.072,0.0,rolling
paper_hybrid_bilstm_dtr_rolling_fixed_monitor,hybrid,882,574.0,360.1254792610666,557.0014918405718,557.0014918405718,557.0014918405718,557.0014918405718,True,False,60,False,2,800,0.5359010108051586,107.70296374815823,False,0.1104,0.0336,rolling
paper_hybrid_bilstm_dtr_rolling_fixed_monitor,hybrid,883,808.0,506.93621470895783,504.3982560655613,504.3982560655613,504.3982560655613,504.3982560655613,True,False,60,False,2,800,0.7543693671264253,157.2724422842274,False,0.09599999999999999,0.0,rolling
paper_hybrid_bilstm_dtr_rolling_fixed_monitor,hybrid,884,895.0,561.5196932729174,555.1691239151373,555.1691239151373,555.1691239151373,555.1691239151373,True,False,60,False,2,600,1.1141263755415027,328.9292165601556,False,0.0912,0.0336,rolling
paper_hybrid_bilstm_dtr_rolling_fixed_monitor,hybrid,885,983.0,616.7305681422098,585.5040777544859,585.5040777544859,585.5040777544859,585.5040777544859,True,False,60,False,2,800,0.9177538216401931,219.1397151772942,False,0.1104,0.0336,rolling
paper_hybrid_bilstm_dtr_rolling_fixed_monitor,hybrid,886,917.0,575.3224119902405,620.1457440473414,620.1457440473414,620.1457440473414,620.1457440473414,True,False,60,False,2,800,0.8561345416521436,192.95320634414904,False,0.09599999999999999,0.0,rolling
paper_hybrid_bilstm_dtr_rolling_fixed_monitor,hybrid,887,827.0,518.8567445102823,614.6921820685984,614.6921820685984,614.6921820685984,614.6921820685984,True,False,60,False,2,800,0.7721082507593486,162.85278001442498,False,0.09599999999999999,0.0,rolling
paper_hybrid_bilstm_dtr_rolling_fixed_monitor,hybrid,888,810.0,508.19100731962357,594.8391935063528,594.8391935063528,594.8391935063528,594.8391935063528,True,False,60,False,2,800,0.7562366180351541,157.84766903064784,False,0.09599999999999999,0.0,rolling
paper_hybrid_bilstm_dtr_rolling_fixed_monitor,hybrid,889,925.0,580.3415824329035,588.1221969127773,588.1221969127773,588.1221969127773,588.1221969127773,True,False,60,False,2,800,0.8636035452870587,195.93531723798495,False,0.09599999999999999,0.0,rolling
paper_hybrid_bilstm_dtr_rolling_fixed_monitor,hybrid,890,1094.0,686.3715580341583,617.1324493601951,617.1324493601951,617.1324493601951,617.1324493601951,True,False,60,False,2,800,1.0213862470746402,271.79731472786085,False,0.09599999999999999,0.0,rolling
paper_hybrid_bilstm_dtr_rolling_fixed_monitor,hybrid,891,817.0,512.5827814569536,669.181225619036,669.181225619036,669.181225619036,669.181225619036,True,False,60,False,2,800,0.7627719962157048,159.8834340400715,False,0.09599999999999999,0.0,rolling
paper_hybrid_bilstm_dtr_rolling_fixed_monitor,hybrid,892,668.0,419.10073196235624,606.838956487798,606.838956487798,606.838956487798,606.838956487798,True,False,60,False,2,800,0.6236618035154111,123.66364063249779,False,0.09599999999999999,0.0,rolling
paper_hybrid_bilstm_dtr_rolling_fixed_monitor,hybrid,893,507.0,318.0899268037644,560.226884210857,560.226884210857,560.226884210857,560.226884210857,True,False,60,False,2,800,0.47334810536274463,99.09037390164875,False,0.09599999999999999,0.0,rolling
paper_hybrid_bilstm_dtr_rolling_fixed_monitor,hybrid,894,642.0,402.78842802370167,503.2024220180697,503.2024220180697,503.2024220180697,503.2024220180697,True,False,60,False,2,800,0.599387541701937,118.76105959957809,False,0.09599999999999999,0.0,rolling
paper_hybrid_bilstm_dtr_rolling_fixed_monitor,hybrid,895,713.0,447.3335657023353,518.1787051706906,518.1787051706906,518.1787051706906,518.1787051706906,True,False,60,False,2,600,0.8875665986157446,205.85641474381052,False,0.0912,0.0336,rolling
paper_hybrid_bilstm_dtr_rolling_fixed_monitor,hybrid,896,528.0,331.26524921575464,530.32183337386,530.32183337386,530.32183337386,530.32183337386,True,False,60,False,2,600,0.657272319872529,131.1103122178053,False,0.072,0.0,rolling
paper_hybrid_bilstm_dtr_rolling_fixed_monitor,hybrid,897,867.0,543.9525967235971,481.30491968154547,481.30491968154547,481.30491968154547,481.30491968154547,True,False,60,False,2,800,0.8094532689339243,175.46580717961825,False,0.1104,0.0336,rolling
paper_hybrid_bilstm_dtr_rolling_fixed_monitor,hybrid,898,668.0,419.10073196235624,560.3401940324952,560.3401940324952,560.3401940324952,560.3401940324952,True,False,60,False,2,600,0.8315490713538815,183.4990000177725,False,0.0912,0.0336,rolling
paper_hybrid_bilstm_dtr_rolling_fixed_monitor,hybrid,899,687.0,431.02126176368074,519.3917102921096,519.3917102921096,519.3917102921096,519.3917102921096,True,False,60,False,2,800,0.6414006871483344,127.49640812196772,False,0.1104,0.0336,rolling
paper_hybrid_bilstm_dtr_rolling_fixed_monitor,hybrid,900,650.0,407.8075984663646,521.0313913136274,521.0313913136274,521.0313913136274,521.0313913136274,True,False,60,False,2,600,0.8091420604491361,175.35573900386044,False,0.0912,0.0336,rolling
paper_hybrid_bilstm_dtr_rolling_fixed_monitor,hybrid,901,671.0,420.98292087835483,509.57941689817244,509.57941689817244,509.57941689817244,509.57941689817244,True,False,60,False,2,600,0.8352835731713389,184.89971948703038,False,0.072,0.0,rolling
paper_hybrid_bilstm_dtr_rolling_fixed_monitor,hybrid,902,801.0,502.5444405716278,512.5684601527173,512.5684601527173,512.5684601527173,512.5684601527173,True,False,60,False,2,600,0.9971119852611662,258.4449716449461,False,0.072,0.0,rolling
paper_hybrid_bilstm_dtr_rolling_fixed_monitor,hybrid,903,687.0,431.02126176368074,547.1732555981916,547.1732555981916,547.1732555981916,547.1732555981916,True,False,60,False,2,600,0.8552009161977793,192.58407851133092,False,0.072,0.0,rolling
paper_hybrid_bilstm_dtr_rolling_fixed_monitor,hybrid,904,886.0,555.8731265249215,524.7897612955335,524.7897612955335,524.7897612955335,524.7897612955335,True,False,60,False,2,800,0.8271921525668475,181.88065353513716,False,0.1104,0.0336,rolling
paper_hybrid_bilstm_dtr_rolling_fixed_monitor,hybrid,905,747.0,468.66504008365285,577.0129937388479,577.0129937388479,577.0129937388479,577.0129937388479,True,False,60,False,2,600,0.9298909525469302,224.73333579483463,False,0.0912,0.0336,rolling
paper_hybrid_bilstm_dtr_rolling_fixed_monitor,hybrid,906,877.0,550.2265597769258,550.2729354777325,550.2729354777325,550.2729354777325,550.2729354777325,True,False,60,False,2,800,0.8187895234775682,178.80736931156378,False,0.1104,0.0336,rolling
paper_hybrid_bilstm_dtr_rolling_fixed_monitor,hybrid,907,721.0,452.3527361449983,585.3504291546874,585.3504291546874,585.3504291546874,585.3504291546874,True,False,60,False,2,800,0.6731439525967237,134.9030347565214,False,0.09599999999999999,0.0,rolling
paper_hybrid_bilstm_dtr_rolling_fixed_monitor,hybrid,908,811.0,508.81840362495643,550.0542150101196,550.0542150101196,550.0542150101196,550.0542150101196,True,False,60,False,2,800,0.7571702434895184,158.13634983366535,False,0.09599999999999999,0.0,rolling
paper_hybrid_bilstm_dtr_rolling_fixed_monitor,hybrid,909,972.0,609.8292087835483,570.3099411169469,570.3099411169469,570.3099411169469,570.3099411169469,True,False,60,False,2,800,0.907483941642185,214.52077208495953,False,0.09599999999999999,0.0,rolling
paper_hybrid_bilstm_dtr_rolling_fixed_monitor,hybrid,910,775.0,486.23213663297315,617.1021531315828,617.1021531315828,617.1021531315828,617.1021531315828,True,False,60,False,2,800,0.7235597271324006,148.18607063425287,False,0.09599999999999999,0.0,rolling
paper_hybrid_bilstm_dtr_rolling_fixed_monitor,hybrid,911,636.0,399.0240501917044,575.1327972680842,575.1327972680842,575.1327972680842,575.1327972680842,True,False,60,False,2,800,0.5937857889757506,117.68442590182637,False,0.09599999999999999,0.0,rolling
paper_hybrid_bilstm_dtr_rolling_fixed_monitor,hybrid,912,570.0,357.6158940397351,534.2199320667428,534.2199320667428,534.2199320667428,534.2199320667428,True,False,60,False,2,800,0.532166508987701,107.12783426719572,False,0.09599999999999999,0.0,rolling
paper_hybrid_bilstm_dtr_rolling_fixed_monitor,hybrid,913,864.0,542.0704078075985,505.3180283733209,505.3180283733209,505.3180283733209,505.3180283733209,True,False,60,False,2,800,0.8066523925708311,174.47823773319516,False,0.09599999999999999,0.0,rolling
paper_hybrid_bilstm_dtr_rolling_fixed_monitor,hybrid,914,598.0,375.1829905890554,571.9784011473612,571.9784011473612,571.9784011473612,571.9784011473612,True,False,60,False,2,600,0.7444106956132052,154.25236969343808,False,0.0912,0.0336,rolling
paper_hybrid_bilstm_dtr_rolling_fixed_monitor,hybrid,915,565.0,354.4789125130708,509.48614400992483,509.48614400992483,509.48614400992483,509.48614400992483,True,False,60,False,2,800,0.5274983817158791,106.42018777750368,False,0.1104,0.0336,rolling
paper_hybrid_bilstm_dtr_rolling_fixed_monitor,hybrid,916,623.0,390.86789822237716,491.3851107281721,491.3851107281721,491.3851107281721,491.3851107281721,True,False,60,False,2,600,0.7755315440920182,163.95970545160017,False,0.0912,0.0336,rolling
paper_hybrid_bilstm_dtr_rolling_fixed_monitor,hybrid,917,660.0,414.0815615196933,497.50266103685954,497.50266103685954,497.50266103685954,497.50266103685954,True,False,60,False,2,600,0.8215903998406613,179.82482855040098,False,0.072,0.0,rolling
paper_hybrid_bilstm_dtr_rolling_fixed_monitor,hybrid,918,575.0,360.75287556639944,504.6665631267456,504.6665631267456,504.6665631267456,504.6665631267456,True,False,60,False,2,600,0.7157795150126973,146.01008628015308,False,0.072,0.0,rolling
paper_hybrid_bilstm_dtr_rolling_fixed_monitor,hybrid,919,614.0,385.2213314743813,482.4660021726877,482.4660021726877,482.4660021726877,482.4660021726877,True,False,60,False,2,600,0.7643280386396455,160.3733147362426,False,0.072,0.0,rolling
paper_hybrid_bilstm_dtr_rolling_fixed_monitor,hybrid,920,662.0,415.33635413035904,487.3304253274696,487.3304253274696,487.3304253274696,487.3304253274696,True,False,60,False,2,600,0.8240800677189664,180.73507976481815,False,0.072,0.0,rolling
paper_hybrid_bilstm_dtr_rolling_fixed_monitor,hybrid,921,849.0,532.6594632276054,499.0285746625391,499.0285746625391,499.0285746625391,499.0285746625391,True,False,60,False,2,600,1.056864014340487,292.4857631797312,False,0.072,0.0,rolling
paper_hybrid_bilstm_dtr_rolling_fixed_monitor,hybrid,922,814.0,510.70059254095503,551.6258860558019,551.6258860558019,551.6258860558019,551.6258860558019,True,False,60,False,2,600,1.013294826470149,267.27507557642446,False,0.072,0.0,rolling
paper_hybrid_bilstm_dtr_rolling_fixed_monitor,hybrid,923,760.0,476.82119205298017,555.4443909207325,555.4443909207325,555.4443909207325,555.4443909207325,True,False,60,False,2,800,0.7095553453169348,144.30301455927878,False,0.1104,0.0336,rolling
paper_hybrid_bilstm_dtr_rolling_fixed_monitor,hybrid,924,900.0,564.6566747995818,547.5542222439931,547.5542222439931,547.5542222439931,547.5542222439931,True,False,60,False,2,800,0.8402629089279491,186.78692596796688,False,0.09599999999999999,0.0,rolling
paper_hybrid_bilstm_dtr_rolling_fixed_monitor,hybrid,925,574.0,360.1254792610666,587.7972951479055,587.7972951479055,587.7972951479055,587.7972951479055,True,False,60,False,2,800,0.5359010108051586,107.70296374815823,False,0.09599999999999999,0.0,rolling
paper_hybrid_bilstm_dtr_rolling_fixed_monitor,hybrid,926,845.0,530.149878006274,510.5679457501992,510.5679457501992,510.5679457501992,510.5679457501992,True,False,60,False,2,800,0.7889135089379077,168.38136065578124,False,0.09599999999999999,0.0,rolling
paper_hybrid_bilstm_dtr_rolling_fixed_monitor,hybrid,927,955.0,599.1634715928896,570.3212600576844,570.3212600576844,570.3212600576844,570.3212600576844,True,False,60,False,2,600,1.188816411890654,382.42443718187,True,0.0912,0.0336,rolling
paper_hybrid_bilstm_dtr_rolling_fixed_monitor,hybrid,928,827.0,518.8567445102823,607.9079943161769,607.9079943161769,607.9079943161769,607.9079943161769,True,False,60,False,2,800,0.7721082507593486,162.85278001442498,False,0.1104,0.0336,rolling
paper_hybrid_bilstm_dtr_rolling_fixed_monitor,hybrid,929,983.0,616.7305681422098,585.1989239287732,585.1989239287732,585.1989239287732,585.1989239287732,True,False,60,False,2,800,0.9177538216401931,219.1397151772942,False,0.09599999999999999,0.0,rolling
paper_hybrid_bilstm_dtr_rolling_fixed_monitor,hybrid,930,1172.0,735.308469850122,629.0196009227284,629.0196009227284,629.0196009227284,629.0196009227284,True,False,60,False,2,800,1.0942090325150626,315.8160668598281,False,0.09599999999999999,0.0,rolling
paper_hybrid_bilstm_dtr_rolling_fixed_monitor,hybrid,931,739.0,463.64586964098993,692.650495332653,692.650495332653,692.650495332653,692.650495332653,True,False,60,False,2,800,0.6899492107752826,139.1185633561755,False,0.09599999999999999,0.0,rolling
paper_hybrid_bilstm_dtr_rolling_fixed_monitor,hybrid,932,789.0,495.01568490763333,591.2379882207297,591.2379882207297,591.2379882207297,591.2379882207297,True,False,60,False,3,600,0.654782651994224,130.53171043377876,False,0.1272,0.040799999999999996,rolling
paper_hybrid_bilstm_dtr_rolling_fixed_monitor,hybrid,933,578.0,362.63506448239804,591.2888512054906,591.2888512054906,591.2888512054906,591.2888512054906,True,False,60,False,2,800,0.5396355126226161,108.28616509025724,False,0.11759999999999998,0.040799999999999996,rolling
paper_hybrid_bilstm_dtr_rolling_fixed_monitor,hybrid,934,682.0,427.8842802370164,528.3660649115341,528.3660649115341,528.3660649115341,528.3660649115341,True,False,60,False,2,800,0.6367325598765126,126.46689792726556,False,0.09599999999999999,0.0,rolling
paper_hybrid_bilstm_dtr_rolling_fixed_monitor,hybrid,935,564.0,353.8515162077379,537.9393359930887,537.9393359930887,537.9393359930887,537.9393359930887,True,False,60,False,2,800,0.5265647562615148,106.28015173871935,False,0.09599999999999999,0.0,rolling
paper_hybrid_bilstm_dtr_rolling_fixed_monitor,hybrid,936,616.0,386.47612408504705,501.16585558516,501.16585558516,501.16585558516,501.16585558516,True,False,60,False,2,800,0.5751132798884628,114.23991619278752,False,0.09599999999999999,0.0,rolling
paper_hybrid_bilstm_dtr_rolling_fixed_monitor,hybrid,937,552.0,346.32276054374347,502.8167351331522,502.8167351331522,502.8167351331522,502.8167351331522,True,False,60,False,2,600,0.6871483344121895,138.4014996951575,False,0.0912,0.0336,rolling
paper_hybrid_bilstm_dtr_rolling_fixed_monitor,hybrid,938,766.0,480.58556988497736,480.2979192815492,480.2979192815492,480.2979192815492,480.2979192815492,True,False,60,False,2,600,0.9535427973908281,236.06052918755051,False,0.072,0.0,rolling
paper_hybrid_bilstm_dtr_rolling_fixed_monitor,hybrid,939,831.0,521.3663297316139,529.2342758318064,529.2342758318064,529.2342758318064,529.2342758318064,True,False,60,False,2,600,1.0344570034357419,279.2552796531471,False,0.072,0.0,rolling
paper_hybrid_bilstm_dtr_rolling_fixed_monitor,hybrid,940,971.0,609.2018124782154,553.7365554262633,553.7365554262633,553.7365554262633,553.7365554262633,True,False,60,False,2,800,0.9065503161878206,214.10601151801575,False,0.1104,0.0336,rolling
paper_hybrid_bilstm_dtr_rolling_fixed_monitor,hybrid,941,663.0,415.9637504356919,600.6581886909489,600.6581886909489,600.6581886909489,600.6581886909489,True,False,60,False,2,800,0.6189936762435891,122.69049020427869,False,0.09599999999999999,0.0,rolling
paper_hybrid_bilstm_dtr_rolling_fixed_monitor,hybrid,942,686.0,430.3938654583479,533.1312185477627,533.1312185477627,533.1312185477627,533.1312185477627,True,False,60,False,2,800,0.64046706169397,127.28930198353284,False,0.09599999999999999,0.0,rolling
paper_hybrid_bilstm_dtr_rolling_fixed_monitor,hybrid,943,432.0,271.03520390379924,531.779279449504,531.779279449504,531.779279449504,531.779279449504,True,False,60,False,2,800,0.40332619628541555,91.80977971664939,False,0.09599999999999999,0.0,rolling
paper_hybrid_bilstm_dtr_rolling_fixed_monitor,hybrid,944,561.0,351.96932729173926,462.0737503742839,462.0737503742839,462.0737503742839,462.0737503742839,True,False,60,False,2,800,0.5237638798984215,105.86301432038914,False,0.09599999999999999,0.0,rolling
paper_hybrid_bilstm_dtr_rolling_fixed_monitor,hybrid,945,958.0,601.0456605088881,477.67539296122595,477.67539296122595,477.67539296122595,477.67539296122595,True,False,60,False,2,600,1.1925509137081114,385.2834728964631,True,0.0912,0.0336,rolling
paper_hybrid_bilstm_dtr_rolling_fixed_monitor,hybrid,946,721.0,452.3527361449983,579.2871375129821,579.2871375129821,579.2871375129821,579.2871375129821,True,False,60,False,2,600,0.8975252701289649,210.14052683027296,False,0.072,0.0,rolling
paper_hybrid_bilstm_dtr_rolling_fixed_monitor,hybrid,947,782.0,490.62391077030327,535.4879183407229,535.4879183407229,535.4879183407229,535.4879183407229,True,False,60,False,2,800,0.7300951053129513,150.0504316411887,False,0.1104,0.0336,rolling
paper_hybrid_bilstm_dtr_rolling_fixed_monitor,hybrid,948,481.0,301.7776228651098,552.2148081340893,552.2148081340893,552.2148081340893,552.2148081340893,True,False,60,False,2,800,0.4490738435492705,96.30143308619859,False,0.09599999999999999,0.0,rolling
paper_hybrid_bilstm_dtr_rolling_fixed_monitor,hybrid,949,756.0,474.31160683164865,476.06128792920435,476.06128792920435,476.06128792920435,476.06128792920435,True,False,60,False,2,800,0.7058208434994772,143.29303816891783,False,0.09599999999999999,0.0,rolling
paper_hybrid_bilstm_dtr_rolling_fixed_monitor,hybrid,950,777.0,487.4869292436389,532.5492323310336,532.5492323310336,532.5492323310336,532.5492323310336,True,False,60,False,2,600,0.9672359707215057,242.88077337652769,False,0.0912,0.0336,rolling
paper_hybrid_bilstm_dtr_rolling_fixed_monitor,hybrid,951,525.0,329.38306029975604,543.0879608917926,543.0879608917926,543.0879608917926,543.0879608917926,True,False,60,False,2,800,0.4901533635413036,101.19671042072491,False,0.1104,0.0336,rolling
paper_hybrid_bilstm_dtr_rolling_fixed_monitor,hybrid,952,533.0,334.40223074241896,482.08291623585455,482.08291623585455,482.08291623585455,482.08291623585455,True,False,60,False,2,800,0.4976223671762187,102.1805434966121,False,0.09599999999999999,0.0,rolling
paper_hybrid_bilstm_dtr_rolling_fixed_monitor,hybrid,953,504.0,316.2077378877658,473.0524004040899,473.0524004040899,473.0524004040899,473.0524004040899,True,False,60,False,2,600,0.6273963053328686,124.45272365224407,False,0.0912,0.0336,rolling
paper_hybrid_bilstm_dtr_rolling_fixed_monitor,hybrid,954,533.0,334.40223074241896,458.77709684305773,458.77709684305773,458.77709684305773,458.77709684305773,True,False,60,False,2,600,0.6634964895682915,132.57610310308053,False,0.072,0.0,rolling
paper_hybrid_bilstm_dtr_rolling_fixed_monitor,hybrid,955,717.0,449.84315092366677,459.3959057414627,459.3959057414627,459.3959057414627,459.3959057414627,True,False,60,False,2,600,0.8925459343723547,207.98652080756588,False,0.072,0.0,rolling
paper_hybrid_bilstm_dtr_rolling_fixed_monitor,hybrid,956,666.0,417.8459393516905,503.4177949691666,503.4177949691666,503.4177949691666,503.4177949691666,True,False,60,False,2,600,0.8290594034755764,182.57214883186586,False,0.072,0.0,rolling
paper_hybrid_bilstm_dtr_rolling_fixed_monitor,hybrid,957,691.0,433.5308469850122,498.4422776151887,498.4422776151887,498.4422776151887,498.4422776151887,True,False,60,False,2,600,0.8601802519543893,194.5620848363182,False,0.072,0.0,rolling
paper_hybrid_bilstm_dtr_rolling_fixed_monitor,hybrid,958,670.0,420.35552457302197,507.94999517187625,507.94999517187625,507.94999517187625,507.94999517187625,True,False,60,False,2,600,0.8340387392321864,184.43141786078502,False,0.072,0.0,rolling
paper_hybrid_bilstm_dtr_rolling_fixed_monitor,hybrid,959,872.0,547.0895782502614,506.6674628549058,506.6674628549058,506.6674628549058,506.6674628549058,True,False,60,False,2,600,1.0854951949409948,310.22698236188387,False,0.072,0.0,rolling
paper_hybrid_bilstm_dtr_rolling_fixed_monitor,hybrid,960,854.0,535.7964447542698,562.0190337723943,562.0190337723943,562.0190337723943,562.0190337723943,True,False,60,False,2,600,1.0630881840362496,296.26208134666524,False,0.072,0.0,rolling
paper_hybrid_bilstm_dtr_rolling_fixed_monitor,hybrid,961,954.0,598.5360752875566,570.2208104793522,570.2208104793522,570.2208104793522,570.2208104793522,True,False,60,False,2,800,0.8906786834636259,207.184937418664,False,0.1104,0.0336,rolling
paper_hybrid_bilstm_dtr_rolling_fixed_monitor,hybrid,962,876.0,549.5991634715929,606.6921955838525,606.6921955838525,606.6921955838525,606.6921955838525,True,False,60,False,2,800,0.8178558980232037,178.46975900273912,False,0.09599999999999999,0.0,rolling
paper_hybrid_bilstm_dtr_rolling_fixed_monitor,hybrid,963,719.0,451.09794353433256,597.9637028069583,597.9637028069583,597.9637028069583,597.9637028069583,True,False,60,False,2,800,0.6712767016879949,134.44741024608985,False,0.09599999999999999,0.0,rolling
paper_hybrid_bilstm_dtr_rolling_fixed_monitor,hybrid,964,987.0,619.2401533635414,559.7662274056929,559.7662274056929,559.7662274056929,559.7662274056929,True,False,60,False,2,800,0.9214883234576509,220.84518822469903,False,0.09599999999999999,0.0,rolling
paper_hybrid_bilstm_dtr_rolling_fixed_monitor,hybrid,965,919.0,576.5772046009063,626.3906685636048,626.3906685636048,626.3906685636048,626.3906685636048,True,False,60,False,2,800,0.8580017925608724,193.69388075563108,False,0.09599999999999999,0.0,rolling
paper_hybrid_bilstm_dtr_rolling_fixed_monitor,hybrid,966,796.0,499.4074590449634,619.0089370716532,619.0089370716532,619.0089370716532,619.0089370716532,True,False,60,False,2,800,0.7431658616740526,153.88048873492312,False,0.09599999999999999,0.0,rolling
paper_hybrid_bilstm_dtr_rolling_fixed_monitor,hybrid,967,708.0,444.196584175671,589.4662609182251,589.4662609182251,589.4662609182251,589.4662609182251,True,False,60,False,2,800,0.6610068216899866,131.98647008800015,False,0.09599999999999999,0.0,rolling
paper_hybrid_bilstm_dtr_rolling_fixed_monitor,hybrid,968,841.0,527.6402927849425,560.9014689959599,560.9014689959599,560.9014689959599,560.9014689959599,True,False,60,False,2,800,0.7851790071204502,167.13217276220468,False,0.09599999999999999,0.0,rolling
paper_hybrid_bilstm_dtr_rolling_fixed_monitor,hybrid,969,756.0,474.31160683164865,587.9945096281172,587.9945096281172,587.9945096281172,587.9945096281172,True,False,60,False,2,800,0.7058208434994772,143.29303816891783,False,0.09599999999999999,0.0,rolling
paper_hybrid_bilstm_dtr_rolling_fixed_monitor,hybrid,970,789.0,495.01568490763333,566.1129019743307,566.1129019743307,566.1129019743307,566.1129019743307,True,False,60,False,2,800,0.736630483493502,151.9484705199701,False,0.09599999999999999,0.0,rolling
paper_hybrid_bilstm_dtr_rolling_fixed_monitor,hybrid,971,755.0,473.6842105263158,570.6688719525891,570.6688719525891,570.6688719525891,570.6688719525891,True,False,60,False,2,800,0.7048872180451128,143.04220739854895,False,0.09599999999999999,0.0,rolling
paper_hybrid_bilstm_dtr_rolling_fixed_monitor,hybrid,972,666.0,417.8459393516905,560.0792081585114,560.0792081585114,560.0792081585114,560.0792081585114,True,False,60,False,2,800,0.6217945526066823,123.27262528844341,False,0.09599999999999999,0.0,rolling
paper_hybrid_bilstm_dtr_rolling_fixed_monitor,hybrid,973,663.0,415.9637504356919,533.3963948381047,533.3963948381047,533.3963948381047,533.3963948381047,True,False,60,False,2,800,0.6189936762435891,122.69049020427869,False,0.09599999999999999,0.0,rolling
paper_hybrid_bilstm_dtr_rolling_fixed_monitor,hybrid,974,907.0,569.0484489369119,525.5563907433998,525.5563907433998,525.5563907433998,525.5563907433998,True,False,60,False,2,800,0.8467982871084998,189.2980510008013,False,0.09599999999999999,0.0,rolling
paper_hybrid_bilstm_dtr_rolling_fixed_monitor,hybrid,975,896.0,562.1470895782503,585.3908160985529,585.3908160985529,585.3908160985529,585.3908160985529,True,False,60,False,2,800,0.8365284071104915,185.3694190275415,False,0.09599999999999999,0.0,rolling
paper_hybrid_bilstm_dtr_rolling_fixed_monitor,hybrid,976,909.0,570.3032415475776,593.3025148455463,593.3025148455463,593.3025148455463,593.3025148455463,True,False,60,False,2,800,0.8486655380172285,190.02267661172226,False,0.09599999999999999,0.0,rolling
paper_hybrid_bilstm_dtr_rolling_fixed_monitor,hybrid,977,1086.0,681.3523875914954,604.469251954416,604.469251954416,604.469251954416,604.469251954416,True,False,60,False,2,800,1.0139172434397252,267.6203890892497,False,0.09599999999999999,0.0,rolling
paper_hybrid_bilstm_dtr_rolling_fixed_monitor,hybrid,978,1209.0,758.5221331474381,660.3963789669806,660.3963789669806,660.3963789669806,660.3963789669806,True,False,60,False,2,800,1.1287531743265449,338.86268953300765,False,0.09599999999999999,0.0,rolling
paper_hybrid_bilstm_dtr_rolling_fixed_monitor,hybrid,979,1289.0,808.7138375740676,711.1933767116634,711.1933767116634,711.1933767116634,711.1933767116634,True,False,60,False,2,800,1.2034432106756958,393.7251304627647,True,0.09599999999999999,0.0,rolling
paper_hybrid_bilstm_dtr_rolling_fixed_monitor,hybrid,980,956.0,599.7908678982224,754.3046210327557,754.3046210327557,754.3046210327557,754.3046210327557,True,False,60,False,3,600,0.7933741638865375,169.88902421601333,False,0.1272,0.040799999999999996,rolling
paper_hybrid_bilstm_dtr_rolling_fixed_monitor,hybrid,981,997.0,625.51411641687,679.1791737239209,679.1791737239209,679.1791737239209,679.1791737239209,True,False,60,False,2,900,0.8273996248900397,181.95733239810397,False,0.1296,0.0432,rolling
paper_hybrid_bilstm_dtr_rolling_fixed_monitor,hybrid,982,1003.0,629.2784942488672,683.6468318815741,683.6468318815741,683.6468318815741,683.6468318815741,True,False,60,False,3,600,0.8323789606466497,183.80918662494327,False,0.1296,0.0432,rolling
paper_hybrid_bilstm_dtr_rolling_fixed_monitor,hybrid,983,951.0,596.6538863715581,683.1567458304926,683.1567458304926,683.1567458304926,683.1567458304926,True,False,60,False,3,600,0.7892247174226958,168.4859952471212,False,0.108,0.0,rolling
paper_hybrid_bilstm_dtr_rolling_fixed_monitor,hybrid,984,913.0,572.8128267689091,667.3583463375389,667.3583463375389,667.3583463375389,667.3583463375389,True,False,60,False,3,600,0.7576889242974988,158.29703599773407,False,0.108,0.0,rolling
paper_hybrid_bilstm_dtr_rolling_fixed_monitor,hybrid,985,844.0,529.5224817009411,651.5894724219133,651.5894724219133,651.5894724219133,651.5894724219133,True,False,60,False,2,800,0.7879798834835432,168.06795186789034,False,0.11759999999999998,0.040799999999999996,rolling
paper_hybrid_bilstm_dtr_rolling_fixed_monitor,hybrid,986,779.0,488.74172185430467,626.2454489622278,626.2454489622278,626.2454489622278,626.2454489622278,True,False,60,False,2,800,0.7272942289498582,149.24731353812584,False,0.09599999999999999,0.0,rolling
paper_hybrid_bilstm_dtr_rolling_fixed_monitor,hybrid,987,832.0,521.9937260369467,599.347599850661,599.347599850661,599.347599850661,599.347599850661,True,False,60,False,2,800,0.7767763780311706,164.36465510331948,False,0.09599999999999999,0.0,rolling
paper_hybrid_bilstm_dtr_rolling_fixed_monitor,hybrid,988,871.0,546.4621819449286,602.3815576253664,602.3815576253664,602.3815576253664,602.3815576253664,True,False,60,False,2,800,0.8131877707513818,176.79323868881107,False,0.09599999999999999,0.0,rolling
paper_hybrid_bilstm_dtr_rolling_fixed_monitor,hybrid,989,810.0,508.19100731962357,607.7210150483343,607.7210150483343,607.7210150483343,607.7210150483343,True,False,60,False,2,800,0.7562366180351541,157.84766903064784,False,0.09599999999999999,0.0,rolling
paper_hybrid_bilstm_dtr_rolling_fixed_monitor,hybrid,990,654.0,410.31718368769606,589.4566277771719,589.4566277771719,589.4566277771719,589.4566277771719,True,False,60,False,2,800,0.6105910471543096,120.97545657759115,False,0.09599999999999999,0.0,rolling
paper_hybrid_bilstm_dtr_rolling_fixed_monitor,hybrid,991,969.0,607.9470198675497,543.631534958572,543.631534958572,543.631534958572,543.631534958572,True,False,60,False,2,800,0.9046830652790918,213.27904975473263,False,0.09599999999999999,0.0,rolling
paper_hybrid_bilstm_dtr_rolling_fixed_monitor,hybrid,992,902.0,565.9114674102475,616.6857124438529,616.6857124438529,616.6857124438529,616.6857124438529,True,False,60,False,2,800,0.8421301598366778,187.50042200815915,False,0.09599999999999999,0.0,rolling
paper_hybrid_bilstm_dtr_rolling_fixed_monitor,hybrid,993,905.0,567.793656326246,608.7415500115103,608.7415500115103,608.7415500115103,608.7415500115103,True,False,60,False,2,800,0.8449310361997708,188.57661405627871,False,0.09599999999999999,0.0,rolling
paper_hybrid_bilstm_dtr_rolling_fixed_monitor,hybrid,994,798.0,500.6622516556292,613.2239950406802,613.2239950406802,613.2239950406802,613.2239950406802,True,False,60,False,2,800,0.7450331125827815,154.4387772291851,False,0.09599999999999999,0.0,rolling
paper_hybrid_bilstm_dtr_rolling_fixed_monitor,hybrid,995,940.0,589.7525270128965,586.8978728506208,586.8978728506208,586.8978728506208,586.8978728506208,True,False,60,False,2,800,0.8776079271025246,201.66736916073774,False,0.09599999999999999,0.0,rolling
paper_hybrid_bilstm_dtr_rolling_fixed_monitor,hybrid,996,890.0,558.3827117462531,621.5338315074023,621.5338315074023,621.5338315074023,621.5338315074023,True,False,60,False,2,800,0.8309266543843052,183.26676599823273,False,0.09599999999999999,0.0,rolling
paper_hybrid_bilstm_dtr_rolling_fixed_monitor,hybrid,997,747.0,468.66504008365285,613.7263633466046,613.7263633466046,613.7263633466046,613.7263633466046,True,False,60,False,2,800,0.6974182144101977,141.05937603844586,False,0.09599999999999999,0.0,rolling
paper_hybrid_bilstm_dtr_rolling_fixed_monitor,hybrid,998,780.0,489.36911815963754,575.7618172960056,575.7618172960056,575.7618172960056,575.7618172960056,True,False,60,False,2,800,0.7282278544042226,149.51433373381428,False,0.09599999999999999,0.0,rolling
paper_hybrid_bilstm_dtr_rolling_fixed_monitor,hybrid,999,821.0,515.0923666782851,576.3992422394958,576.3992422394958,576.3992422394958,576.3992422394958,True,False,60,False,2,800,0.7665064980331623,161.06250642907176,False,0.09599999999999999,0.0,rolling
paper_hybrid_bilstm_dtr_rolling_fixed_monitor,hybrid,1000,757.0,474.9390031369815,583.7828762768054,583.7828762768054,583.7828762768054,583.7828762768054,True,False,60,False,2,800,0.7067544689538415,143.5445333912705,False,0.09599999999999999,0.0,rolling
paper_hybrid_bilstm_dtr_rolling_fixed_monitor,hybrid,1001,757.0,474.9390031369815,566.7028114495761,566.7028114495761,566.7028114495761,566.7028114495761,True,False,60,False,2,800,0.7067544689538415,143.5445333912705,False,0.09599999999999999,0.0,rolling
paper_hybrid_bilstm_dtr_rolling_fixed_monitor,hybrid,1002,927.0,581.5963750435692,561.9448826691373,561.9448826691373,561.9448826691373,561.9448826691373,True,False,60,False,2,800,0.8654707961957875,196.68895725219852,False,0.09599999999999999,0.0,rolling
paper_hybrid_bilstm_dtr_rolling_fixed_monitor,hybrid,1003,669.0,419.7281282676891,605.0857729818208,605.0857729818208,605.0857729818208,605.0857729818208,True,False,60,False,2,800,0.6245954289697755,123.86002852762255,False,0.09599999999999999,0.0,rolling
paper_hybrid_bilstm_dtr_rolling_fixed_monitor,hybrid,1004,806.0,505.6814220982921,543.3313662833543,543.3313662833543,543.3313662833543,543.3313662833543,True,False,60,False,2,800,0.7525021162176966,156.7000561579282,False,0.09599999999999999,0.0,rolling
paper_hybrid_bilstm_dtr_rolling_fixed_monitor,hybrid,1005,639.0,400.906239107703,570.4582433234609,570.4582433234609,570.4582433234609,570.4582433234609,True,False,60,False,2,800,0.5965866653388437,118.22021546012098,False,0.09599999999999999,0.0,rolling
paper_hybrid_bilstm_dtr_rolling_fixed_monitor,hybrid,1006,666.0,417.8459393516905,526.7271786241531,526.7271786241531,526.7271786241531,526.7271786241531,True,False,60,False,2,800,0.6217945526066823,123.27262528844341,False,0.09599999999999999,0.0,rolling
paper_hybrid_bilstm_dtr_rolling_fixed_monitor,hybrid,1007,957.0,600.4182642035553,524.6388340580825,524.6388340580825,524.6388340580825,524.6388340580825,True,False,60,False,2,800,0.8934795598267191,208.3885724119623,False,0.09599999999999999,0.0,rolling
paper_hybrid_bilstm_dtr_rolling_fixed_monitor,hybrid,1008,851.0,533.9142558382712,598.8503371094948,598.8503371094948,598.8503371094948,598.8503371094948,True,False,60,False,2,600,1.0593536822187921,293.99096962231,False,0.0912,0.0336,rolling
paper_hybrid_bilstm_dtr_rolling_fixed_monitor,hybrid,1009,801.0,502.5444405716278,584.2717581852553,584.2717581852553,584.2717581852553,584.2717581852553,True,False,60,False,2,800,0.7478339889458747,155.28147241271165,False,0.1104,0.0336,rolling
paper_hybrid_bilstm_dtr_rolling_fixed_monitor,hybrid,1010,1078.0,676.3332171488323,574.4397650178644,574.4397650178644,574.4397650178644,574.4397650178644,True,False,60,False,2,800,1.00644823980481,263.5045508457207,False,0.09599999999999999,0.0,rolling
paper_hybrid_bilstm_dtr_rolling_fixed_monitor,hybrid,1011,935.0,586.6155454862321,650.8081283510883,650.8081283510883,650.8081283510883,650.8081283510883,True,False,60,False,2,800,0.8729397998307026,199.736177409209,False,0.09599999999999999,0.0,rolling
paper_hybrid_bilstm_dtr_rolling_fixed_monitor,hybrid,1012,675.0,423.4925060996863,628.220820866597,628.220820866597,628.220820866597,628.220820866597,True,False,60,False,2,800,0.6301971816959617,125.05073439273602,False,0.09599999999999999,0.0,rolling
paper_hybrid_bilstm_dtr_rolling_fixed_monitor,hybrid,1013,816.0,511.95538515162076,560.4629684152183,560.4629684152183,560.4629684152183,560.4629684152183,True,False,60,False,2,800,0.7618383707613404,159.59046330301572,False,0.09599999999999999,0.0,rolling
paper_hybrid_bilstm_dtr_rolling_fixed_monitor,hybrid,1014,916.0,574.6950156849076,585.2685956214405,585.2685956214405,585.2685956214405,585.2685956214405,True,False,60,False,2,800,0.8552009161977792,192.58407851133086,False,0.09599999999999999,0.0,rolling
paper_hybrid_bilstm_dtr_rolling_fixed_monitor,hybrid,1015,627.0,393.3774834437086,611.4835754465985,611.4835754465985,611.4835754465985,611.4835754465985,True,False,60,False,2,800,0.5853831598864712,116.10714740963752,False,0.09599999999999999,0.0,rolling
paper_hybrid_bilstm_dtr_rolling_fixed_monitor,hybrid,1016,887.0,556.5005228302545,539.1273671963272,539.1273671963272,539.1273671963272,539.1273671963272,True,False,60,False,2,800,0.828125778021212,182.22601138924912,False,0.09599999999999999,0.0,rolling
paper_hybrid_bilstm_dtr_rolling_fixed_monitor,hybrid,1017,956.0,599.7908678982224,595.4428542904516,595.4428542904516,595.4428542904516,595.4428542904516,True,False,60,False,2,800,0.8925459343723547,207.98652080756588,False,0.09599999999999999,0.0,rolling
paper_hybrid_bilstm_dtr_rolling_fixed_monitor,hybrid,1018,818.0,513.2101777622865,619.6905781325777,619.6905781325777,619.6905781325777,619.6905781325777,True,False,60,False,2,800,0.7637056216700693,160.1771228423003,False,0.09599999999999999,0.0,rolling
paper_hybrid_bilstm_dtr_rolling_fixed_monitor,hybrid,1019,930.0,583.4785639595679,590.1840744238043,590.1840744238043,590.1840744238043,590.1840744238043,True,False,60,False,2,800,0.8682716725588807,197.82553005598893,False,0.09599999999999999,0.0,rolling
paper_hybrid_bilstm_dtr_rolling_fixed_monitor,hybrid,1020,1033.0,648.1003834088533,618.5018003609075,618.5018003609075,618.5018003609075,618.5018003609075,True,False,60,False,2,800,0.9644350943584127,241.46987946185388,False,0.09599999999999999,0.0,rolling
paper_hybrid_bilstm_dtr_rolling_fixed_monitor,hybrid,1021,980.0,614.8483792262113,651.6839735356452,651.6839735356452,651.6839735356452,651.6839735356452,True,False,60,False,2,800,0.9149529452771,217.86968508318608,False,0.09599999999999999,0.0,rolling
paper_hybrid_bilstm_dtr_rolling_fixed_monitor,hybrid,1022,1016.0,637.4346462181945,647.2122694587497,647.2122694587497,647.2122694587497,647.2122694587497,True,False,60,False,2,800,0.948563461634218,233.62846114241623,False,0.09599999999999999,0.0,rolling
paper_hybrid_bilstm_dtr_rolling_fixed_monitor,hybrid,1023,1093.0,685.7441617288254,662.2697840733017,662.2697840733017,662.2697840733017,662.2697840733017,True,False,60,False,2,800,1.0204526216202758,271.2718429252829,False,0.09599999999999999,0.0,rolling
paper_hybrid_bilstm_dtr_rolling_fixed_monitor,hybrid,1024,1014.0,636.1798536075288,689.5352820131639,689.5352820131639,689.5352820131639,689.5352820131639,True,False,60,False,2,800,0.9466962107254893,232.72299121318997,False,0.09599999999999999,0.0,rolling
paper_hybrid_bilstm_dtr_rolling_fixed_monitor,hybrid,1025,990.0,621.1223422795399,675.9946981202593,675.9946981202593,675.9946981202593,675.9946981202593,True,False,60,False,3,600,0.8215903998406613,179.82482855040098,False,0.1272,0.040799999999999996,rolling
paper_hybrid_bilstm_dtr_rolling_fixed_monitor,hybrid,1026,784.0,491.878703380969,671.4838834906877,671.4838834906877,671.4838834906877,671.4838834906877,True,False,60,False,3,600,0.6506332055303823,129.57710662064025,False,0.108,0.0,rolling
paper_hybrid_bilstm_dtr_rolling_fixed_monitor,hybrid,1027,840.0,527.0128964796096,613.660713490327,613.660713490327,613.660713490327,613.660713490327,True,False,60,False,2,800,0.7842453816660857,166.8217258832892,False,0.11759999999999998,0.040799999999999996,rolling
paper_hybrid_bilstm_dtr_rolling_fixed_monitor,hybrid,1028,1312.0,823.1439525967236,614.9945663662584,614.9945663662584,614.9945663662584,614.9945663662584,True,False,60,False,2,800,1.2249165961260768,410.8202318147408,True,0.09599999999999999,0.0,rolling
paper_hybrid_bilstm_dtr_rolling_fixed_monitor,hybrid,1029,1357.0,851.3767863367027,742.1592531242914,742.1592531242914,742.1592531242914,742.1592531242914,True,False,60,False,2,800,1.2669297415724743,446.0413087735521,True,0.09599999999999999,0.0,rolling
paper_hybrid_bilstm_dtr_rolling_fixed_monitor,hybrid,1030,961.0,602.9278494248867,781.1866717929952,781.1866717929952,781.1866717929952,781.1866717929952,True,False,60,False,2,900,0.7975236103503793,171.30680624598682,False,0.1272,0.040799999999999996,rolling
paper_hybrid_bilstm_dtr_rolling_fixed_monitor,hybrid,1031,1196.0,750.3659811781108,689.1996633788704,689.1996633788704,689.1996633788704,689.1996633788704,True,False,60,False,3,700,0.850755080700806,190.8373565103216,False,0.1476,0.046799999999999994,rolling
paper_hybrid_bilstm_dtr_rolling_fixed_monitor,hybrid,1032,968.0,607.3196235622169,746.0483929959946,746.0483929959946,746.0483929959946,746.0483929959946,True,False,60,False,3,600,0.8033328353997577,173.3166331438942,False,0.13319999999999999,0.046799999999999994,rolling
paper_hybrid_bilstm_dtr_rolling_fixed_monitor,hybrid,1033,912.0,572.1854304635762,689.179867274006,689.179867274006,689.179867274006,689.179867274006,True,False,60,False,2,900,0.7568590350047304,158.04004374364618,False,0.1296,0.0432,rolling
paper_hybrid_bilstm_dtr_rolling_fixed_monitor,hybrid,1034,1040.0,652.4921575461833,664.2248300500487,664.2248300500487,664.2248300500487,664.2248300500487,True,False,60,False,3,600,0.8630848644790784,195.72655021031477,False,0.1296,0.0432,rolling
paper_hybrid_bilstm_dtr_rolling_fixed_monitor,hybrid,1035,996.0,624.8867201115371,689.9666059038209,689.9666059038209,689.9666059038209,689.9666059038209,True,False,60,False,2,800,0.9298909525469302,224.73333579483463,False,0.11759999999999998,0.040799999999999996,rolling
paper_hybrid_bilstm_dtr_rolling_fixed_monitor,hybrid,1036,1044.0,655.0017427675149,678.5338014390618,678.5338014390618,678.5338014390618,678.5338014390618,True,False,60,False,3,600,0.866404421650152,197.0669989368946,False,0.1272,0.040799999999999996,rolling
paper_hybrid_bilstm_dtr_rolling_fixed_monitor,hybrid,1037,899.0,564.0292784942488,690.5452686868866,690.5452686868866,690.5452686868866,690.5452686868866,True,False,60,False,3,600,0.7460704741987418,154.75014929117424,False,0.108,0.0,rolling
paper_hybrid_bilstm_dtr_rolling_fixed_monitor,hybrid,1038,940.0,589.7525270128965,651.5875457937027,651.5875457937027,651.5875457937027,651.5875457937027,True,False,60,False,3,600,0.7800959352022441,165.45088204430414,False,0.108,0.0,rolling
paper_hybrid_bilstm_dtr_rolling_fixed_monitor,hybrid,1039,885.0,555.2457302195887,653.0229319763348,653.0229319763348,653.0229319763348,653.0229319763348,True,False,60,False,2,800,0.8262585271124833,181.53607439062534,False,0.11759999999999998,0.040799999999999996,rolling
paper_hybrid_bilstm_dtr_rolling_fixed_monitor,hybrid,1040,881.0,552.7361449982573,633.1119519049489,633.1119519049489,633.1119519049489,633.1119519049489,True,False,60,False,2,800,0.8225240252950257,180.16552733048366,False,0.09599999999999999,0.0,rolling
paper_hybrid_bilstm_dtr_rolling_fixed_monitor,hybrid,1041,801.0,502.5444405716278,626.535213845108,626.535213845108,626.535213845108,626.535213845108,True,False,60,False,2,800,0.7478339889458747,155.28147241271165,False,0.09599999999999999,0.0,rolling
paper_hybrid_bilstm_dtr_rolling_fixed_monitor,hybrid,1042,748.0,469.2924363889857,599.593485776044,599.593485776044,599.593485776044,599.593485776044,True,False,60,False,2,800,0.6983518398645621,141.304922833515,False,0.09599999999999999,0.0,rolling
paper_hybrid_bilstm_dtr_rolling_fixed_monitor,hybrid,1043,741.0,464.90066225165566,577.335053727109,577.335053727109,577.335053727109,577.335053727109,True,False,60,False,2,800,0.6918164616840115,139.59985188502904,False,0.09599999999999999,0.0,rolling
paper_hybrid_bilstm_dtr_rolling_fixed_monitor,hybrid,1044,824.0,516.9745555942837,566.6079490930547,566.6079490930547,566.6079490930547,566.6079490930547,True,False,60,False,2,800,0.7693073743962555,161.95438424297072,False,0.09599999999999999,0.0,rolling
paper_hybrid_bilstm_dtr_rolling_fixed_monitor,hybrid,1045,927.0,581.5963750435692,581.8549475921232,581.8549475921232,581.8549475921232,581.8549475921232,True,False,60,False,2,800,0.8654707961957875,196.68895725219852,False,0.09599999999999999,0.0,rolling
paper_hybrid_bilstm_dtr_rolling_fixed_monitor,hybrid,1046,699.0,438.55001742767513,610.1787183252372,610.1787183252372,610.1787183252372,610.1787183252372,True,False,60,False,2,800,0.652604192600707,130.02903013936532,False,0.09599999999999999,0.0,rolling
paper_hybrid_bilstm_dtr_rolling_fixed_monitor,hybrid,1047,549.0,344.4405716277449,554.522186244857,554.522186244857,554.522186244857,554.522186244857,True,False,60,False,2,800,0.512560374446049,104.23860324313509,False,0.09599999999999999,0.0,rolling
paper_hybrid_bilstm_dtr_rolling_fixed_monitor,hybrid,1048,842.0,528.2676890902753,505.77791452720066,505.77791452720066,505.77791452720066,505.77791452720066,True,False,60,False,2,800,0.7861126325748145,167.44335880000682,False,0.09599999999999999,0.0,rolling
paper_hybrid_bilstm_dtr_rolling_fixed_monitor,hybrid,1049,738.0,463.018473335657,568.2142994465285,568.2142994465285,568.2142994465285,568.2142994465285,True,False,60,False,2,600,0.9186874470945575,219.5647852968437,False,0.0912,0.0336,rolling
paper_hybrid_bilstm_dtr_rolling_fixed_monitor,hybrid,1050,754.0,473.0568142209829,546.9041297200179,546.9041297200179,546.9041297200179,546.9041297200179,True,False,60,False,2,800,0.7039535925907484,142.79204020125914,False,0.1104,0.0336,rolling
paper_hybrid_bilstm_dtr_rolling_fixed_monitor,hybrid,1051,595.0,373.3008016730568,549.7463398220593,549.7463398220593,549.7463398220593,549.7463398220593,True,False,60,False,2,800,0.5555071453468108,110.85612986578414,False,0.09599999999999999,0.0,rolling
paper_hybrid_bilstm_dtr_rolling_fixed_monitor,hybrid,1052,727.0,456.1171139769955,507.6319088542996,507.6319088542996,507.6319088542996,507.6319088542996,True,False,60,False,2,800,0.6787457053229099,136.285144980397,False,0.09599999999999999,0.0,rolling
paper_hybrid_bilstm_dtr_rolling_fixed_monitor,hybrid,1053,876.0,549.5991634715929,533.246695826138,533.246695826138,533.246695826138,533.246695826138,True,False,60,False,2,600,1.090474530697605,313.4097991176038,False,0.0912,0.0336,rolling
paper_hybrid_bilstm_dtr_rolling_fixed_monitor,hybrid,1054,704.0,441.6869989543395,574.7923861461168,574.7923861461168,574.7923861461168,574.7923861461168,True,False,60,False,2,800,0.657272319872529,131.1103122178053,False,0.1104,0.0336,rolling
paper_hybrid_bilstm_dtr_rolling_fixed_monitor,hybrid,1055,831.0,521.3663297316139,538.1461595315009,538.1461595315009,538.1461595315009,538.1461595315009,True,False,60,False,2,800,0.7758427525768063,164.06082110367143,False,0.09599999999999999,0.0,rolling
paper_hybrid_bilstm_dtr_rolling_fixed_monitor,hybrid,1056,789.0,495.01568490763333,568.6334133309006,568.6334133309006,568.6334133309006,568.6334133309006,True,False,60,False,2,800,0.736630483493502,151.9484705199701,False,0.09599999999999999,0.0,rolling
paper_hybrid_bilstm_dtr_rolling_fixed_monitor,hybrid,1057,859.0,538.9334262809341,563.0047930963683,563.0047930963683,563.0047930963683,563.0047930963683,True,False,60,False,2,800,0.8019842652990091,172.8474644110089,False,0.09599999999999999,0.0,rolling
paper_hybrid_bilstm_dtr_rolling_fixed_monitor,hybrid,1058,781.0,489.9965144649704,583.9903018865334,583.9903018865334,583.9903018865334,583.9903018865334,True,False,60,False,2,800,0.7291614798585869,149.78203947520035,False,0.09599999999999999,0.0,rolling
paper_hybrid_bilstm_dtr_rolling_fixed_monitor,hybrid,1059,689.0,432.2760543743465,567.7138336859621,567.7138336859621,567.7138336859621,567.7138336859621,True,False,60,False,2,800,0.6432679380570632,127.91243270041235,False,0.09599999999999999,0.0,rolling
paper_hybrid_bilstm_dtr_rolling_fixed_monitor,hybrid,1060,559.0,350.71453468107353,542.0373223628253,542.0373223628253,542.0373223628253,542.0373223628253,True,False,60,False,2,800,0.5218966289896928,105.58738950080729,False,0.09599999999999999,0.0,rolling
paper_hybrid_bilstm_dtr_rolling_fixed_monitor,hybrid,1061,823.0,516.3471592889508,501.35105272190776,501.35105272190776,501.35105272190776,501.35105272190776,True,False,60,False,2,800,0.7683737489418911,161.65636859270455,False,0.09599999999999999,0.0,rolling
paper_hybrid_bilstm_dtr_rolling_fixed_monitor,hybrid,1062,848.0,532.0320669222726,559.6607204283077,559.6607204283077,559.6607204283077,559.6607204283077,True,False,60,False,2,600,1.0556191804013346,291.7358141205499,False,0.0912,0.0336,rolling
paper_hybrid_bilstm_dtr_rolling_fixed_monitor,hybrid,1063,841.0,527.6402927849425,573.5191979759679,573.5191979759679,573.5191979759679,573.5191979759679,True,False,60,False,2,800,0.7851790071204502,167.13217276220468,False,0.1104,0.0336,rolling
paper_hybrid_bilstm_dtr_rolling_fixed_monitor,hybrid,1064,995.0,624.2593238062043,577.8172646853795,577.8172646853795,577.8172646853795,577.8172646853795,True,False,60,False,2,800,0.928957327092566,224.29782956039676,False,0.09599999999999999,0.0,rolling
paper_hybrid_bilstm_dtr_rolling_fixed_monitor,hybrid,1065,881.0,552.7361449982573,624.7586218063716,624.7586218063716,624.7586218063716,624.7586218063716,True,False,60,False,2,800,0.8225240252950257,180.16552733048366,False,0.09599999999999999,0.0,rolling
paper_hybrid_bilstm_dtr_rolling_fixed_monitor,hybrid,1066,796.0,499.4074590449634,605.7950129918627,605.7950129918627,605.7950129918627,605.7950129918627,True,False,60,False,2,800,0.7431658616740526,153.88048873492312,False,0.09599999999999999,0.0,rolling
paper_hybrid_bilstm_dtr_rolling_fixed_monitor,hybrid,1067,832.0,521.9937260369467,584.6473061892143,584.6473061892143,584.6473061892143,584.6473061892143,True,False,60,False,2,800,0.7767763780311706,164.36465510331948,False,0.09599999999999999,0.0,rolling
paper_hybrid_bilstm_dtr_rolling_fixed_monitor,hybrid,1068,822.0,515.719762983618,590.4806306711271,590.4806306711271,590.4806306711271,590.4806306711271,True,False,60,False,2,800,0.7674401234875268,161.35907628103985,False,0.09599999999999999,0.0,rolling
paper_hybrid_bilstm_dtr_rolling_fixed_monitor,hybrid,1069,899.0,564.0292784942488,587.4065026982298,587.4065026982298,587.4065026982298,587.4065026982298,True,False,60,False,2,800,0.8393292834735846,186.4313649087227,False,0.09599999999999999,0.0,rolling
paper_hybrid_bilstm_dtr_rolling_fixed_monitor,hybrid,1070,886.0,555.8731265249215,607.8972051981973,607.8972051981973,607.8972051981973,607.8972051981973,True,False,60,False,2,800,0.8271921525668475,181.88065353513716,False,0.09599999999999999,0.0,rolling
paper_hybrid_bilstm_dtr_rolling_fixed_monitor,hybrid,1071,872.0,547.0895782502614,609.0577097008763,609.0577097008763,609.0577097008763,609.0577097008763,True,False,60,False,2,800,0.8141213962057462,177.12700818391977,False,0.09599999999999999,0.0,rolling
paper_hybrid_bilstm_dtr_rolling_fixed_monitor,hybrid,1072,803.0,503.7992331822935,606.9739649596586,606.9739649596586,606.9739649596586,606.9739649596586,True,False,60,False,2,800,0.7497012398546035,155.84678775037372,False,0.09599999999999999,0.0,rolling
paper_hybrid_bilstm_dtr_rolling_fixed_monitor,hybrid,1073,917.0,575.3224119902405,588.4099870017417,588.4099870017417,588.4099870017417,588.4099870017417,True,False,60,False,2,800,0.8561345416521436,192.95320634414904,False,0.09599999999999999,0.0,rolling
paper_hybrid_bilstm_dtr_rolling_fixed_monitor,hybrid,1074,1014.0,636.1798536075288,615.5567564781231,615.5567564781231,615.5567564781231,615.5567564781231,True,False,60,False,2,800,0.9466962107254893,232.72299121318997,False,0.09599999999999999,0.0,rolling
paper_hybrid_bilstm_dtr_rolling_fixed_monitor,hybrid,1075,983.0,616.7305681422098,646.2802630618526,646.2802630618526,646.2802630618526,646.2802630618526,True,False,60,False,2,800,0.9177538216401931,219.1397151772942,False,0.09599999999999999,0.0,rolling
paper_hybrid_bilstm_dtr_rolling_fixed_monitor,hybrid,1076,928.0,582.2237713489021,646.9206742790693,646.9206742790693,646.9206742790693,646.9206742790693,True,False,60,False,2,800,0.866404421650152,197.0669989368946,False,0.09599999999999999,0.0,rolling
paper_hybrid_bilstm_dtr_rolling_fixed_monitor,hybrid,1077,949.0,595.3990937608924,636.6804526766964,636.6804526766964,636.6804526766964,636.6804526766964,True,False,60,False,2,800,0.8860105561918041,205.1956368802187,False,0.09599999999999999,0.0,rolling
paper_hybrid_bilstm_dtr_rolling_fixed_monitor,hybrid,1078,1154.0,724.0153363541303,642.5745381958022,642.5745381958022,642.5745381958022,642.5745381958022,True,False,60,False,2,800,1.0774037743365035,305.1168395326748,False,0.09599999999999999,0.0,rolling
paper_hybrid_bilstm_dtr_rolling_fixed_monitor,hybrid,1079,990.0,621.1223422795399,701.7957177915087,701.7957177915087,701.7957177915087,701.7957177915087,True,False,60,False,2,800,0.9242891998207439,222.13339846336387,False,0.09599999999999999,0.0,rolling
paper_hybrid_bilstm_dtr_rolling_fixed_monitor,hybrid,1080,1004.0,629.9058905542,669.4788896775799,669.4788896775799,669.4788896775799,669.4788896775799,True,False,60,False,3,600,0.833208849939418,184.11999236685313,False,0.1272,0.040799999999999996,rolling
paper_hybrid_bilstm_dtr_rolling_fixed_monitor,hybrid,1081,972.0,609.8292087835483,673.1480567733333,673.1480567733333,673.1480567733333,673.1480567733333,True,False,60,False,2,800,0.907483941642185,214.52077208495953,False,0.11759999999999998,0.040799999999999996,rolling
paper_hybrid_bilstm_dtr_rolling_fixed_monitor,hybrid,1082,973.0,610.4566050888811,664.9379714822171,664.9379714822171,664.9379714822171,664.9379714822171,True,False,60,False,2,800,0.9084175670965493,214.93638694731092,False,0.09599999999999999,0.0,rolling
paper_hybrid_bilstm_dtr_rolling_fixed_monitor,hybrid,1083,932.0,584.7333565702336,663.9142094167883,663.9142094167883,663.9142094167883,663.9142094167883,True,False,60,False,2,800,0.8701389234676095,198.58733070071784,False,0.09599999999999999,0.0,rolling
paper_hybrid_bilstm_dtr_rolling_fixed_monitor,hybrid,1084,730.0,457.9993028929941,651.1651325585199,651.1651325585199,651.1651325585199,651.1651325585199,True,False,60,False,2,800,0.6815465816860031,136.98481423769627,False,0.09599999999999999,0.0,rolling
paper_hybrid_bilstm_dtr_rolling_fixed_monitor,hybrid,1085,698.0,437.92262112234226,591.8084146681949,591.8084146681949,591.8084146681949,591.8084146681949,True,False,60,False,2,800,0.6516705671463426,129.81462030253707,False,0.09599999999999999,0.0,rolling
paper_hybrid_bilstm_dtr_rolling_fixed_monitor,hybrid,1086,1049.0,658.1387242941792,567.6759272759177,567.6759272759177,567.6759272759177,567.6759272759177,True,False,60,False,2,800,0.9793731016282428,249.08964840611586,False,0.09599999999999999,0.0,rolling
paper_hybrid_bilstm_dtr_rolling_fixed_monitor,hybrid,1087,953.0,597.9086789822238,650.979742758951,650.979742758951,650.979742758951,650.979742758951,True,False,60,False,2,800,0.8897450580092616,206.7854038763491,False,0.09599999999999999,0.0,rolling
paper_hybrid_bilstm_dtr_rolling_fixed_monitor,hybrid,1088,974.0,611.084001394214,636.7020309126556,636.7020309126556,636.7020309126556,636.7020309126556,True,False,60,False,2,800,0.9093511925509138,215.3528569839749,False,0.09599999999999999,0.0,rolling
paper_hybrid_bilstm_dtr_rolling_fixed_monitor,hybrid,1089,936.0,587.242941791565,644.8954027040445,644.8954027040445,644.8954027040445,644.8954027040445,True,False,60,False,2,800,0.8738734252850671,200.1207686920311,False,0.09599999999999999,0.0,rolling
paper_hybrid_bilstm_dtr_rolling_fixed_monitor,hybrid,1090,883.0,553.990937608923,637.9337243277178,637.9337243277178,637.9337243277178,637.9337243277178,True,False,60,False,2,800,0.8243912762037544,180.8492487147828,False,0.09599999999999999,0.0,rolling
paper_hybrid_bilstm_dtr_rolling_fixed_monitor,hybrid,1091,784.0,491.878703380969,623.4579069356632,623.4579069356632,623.4579069356632,623.4579069356632,True,False,60,False,2,800,0.73196235622168,150.58927876259128,False,0.09599999999999999,0.0,rolling
paper_hybrid_bilstm_dtr_rolling_fixed_monitor,hybrid,1092,868.0,544.57999302893,593.2736154223867,593.2736154223867,593.2736154223867,593.2736154223867,True,False,60,False,2,800,0.8103868943882886,175.79651984403958,False,0.09599999999999999,0.0,rolling
paper_hybrid_bilstm_dtr_rolling_fixed_monitor,hybrid,1093,962.0,603.5552457302196,607.8063165123604,607.8063165123604,607.8063165123604,607.8063165123604,True,False,60,False,2,800,0.898147687098541,210.41146468958866,False,0.09599999999999999,0.0,rolling
paper_hybrid_bilstm_dtr_rolling_fixed_monitor,hybrid,1094,885.0,555.2457302195887,633.1263534508234,633.1263534508234,633.1263534508234,633.1263534508234,True,False,60,False,2,800,0.8262585271124833,181.53607439062534,False,0.09599999999999999,0.0,rolling
paper_hybrid_bilstm_dtr_rolling_fixed_monitor,hybrid,1095,984.0,617.3579644475427,617.9018001704089,617.9018001704089,617.9018001704089,617.9018001704089,True,False,60,False,2,800,0.9186874470945576,219.56478529684375,False,0.09599999999999999,0.0,rolling
paper_hybrid_bilstm_dtr_rolling_fixed_monitor,hybrid,1096,1046.0,656.2565353781806,644.9234351445093,644.9234351445093,644.9234351445093,644.9234351445093,True,False,60,False,2,800,0.9765722252651498,247.6430718378834,False,0.09599999999999999,0.0,rolling
paper_hybrid_bilstm_dtr_rolling_fixed_monitor,hybrid,1097,956.0,599.7908678982224,667.1461282401369,667.1461282401369,667.1461282401369,667.1461282401369,True,False,60,False,2,800,0.8925459343723547,207.98652080756588,False,0.09599999999999999,0.0,rolling
paper_hybrid_bilstm_dtr_rolling_fixed_monitor,hybrid,1098,981.0,615.4757755315441,649.8015132767341,649.8015132767341,649.8015132767341,649.8015132767341,True,False,60,False,2,800,0.9158865707314644,218.29216594937014,False,0.09599999999999999,0.0,rolling
paper_hybrid_bilstm_dtr_rolling_fixed_monitor,hybrid,1099,1033.0,648.1003834088533,656.7088125718155,656.7088125718155,656.7088125718155,656.7088125718155,True,False,60,False,2,800,0.9644350943584127,241.46987946185388,False,0.09599999999999999,0.0,rolling
paper_hybrid_bilstm_dtr_rolling_fixed_monitor,hybrid,1100,944.0,592.262112234228,673.024319076505,673.024319076505,673.024319076505,673.024319076505,True,False,60,False,2,800,0.881342428919982,203.2271883567411,False,0.09599999999999999,0.0,rolling
paper_hybrid_bilstm_dtr_rolling_fixed_monitor,hybrid,1101,945.0,592.8895085395608,652.9153297907706,652.9153297907706,652.9153297907706,652.9153297907706,True,False,60,False,2,800,0.8822760543743464,203.6192151736676,False,0.09599999999999999,0.0,rolling
paper_hybrid_bilstm_dtr_rolling_fixed_monitor,hybrid,1102,948.0,594.7716974555594,651.287569781306,651.287569781306,651.287569781306,651.287569781306,True,False,60,False,2,800,0.8850769307374396,204.8002825299447,False,0.09599999999999999,0.0,rolling
paper_hybrid_bilstm_dtr_rolling_fixed_monitor,hybrid,1103,906.0,568.421052631579,650.482335520669,650.482335520669,650.482335520669,650.482335520669,True,False,60,False,2,800,0.8458646616541353,188.93693438469256,False,0.09599999999999999,0.0,rolling
paper_hybrid_bilstm_dtr_rolling_fixed_monitor,hybrid,1104,1135.0,712.0948065528058,637.4786065786593,637.4786065786593,637.4786065786593,637.4786065786593,True,False,60,False,2,800,1.0596648907035802,294.1796187177921,False,0.09599999999999999,0.0,rolling
paper_hybrid_bilstm_dtr_rolling_fixed_monitor,hybrid,1105,852.0,534.5416521436041,698.3826477506545,698.3826477506545,698.3826477506545,698.3826477506545,True,False,60,False,2,800,0.7954488871184585,170.59606627584236,False,0.09599999999999999,0.0,rolling
paper_hybrid_bilstm_dtr_rolling_fixed_monitor,hybrid,1106,673.0,422.23771348902056,630.9743097395385,630.9743097395385,630.9743097395385,630.9743097395385,True,False,60,False,3,600,0.558515494033096,111.36015364908093,False,0.1272,0.040799999999999996,rolling
paper_hybrid_bilstm_dtr_rolling_fixed_monitor,hybrid,1107,705.0,442.3143952596724,572.6480971133797,572.6480971133797,572.6480971133797,572.6480971133797,True,False,60,False,2,800,0.6582059453268935,131.32842136468622,False,0.11759999999999998,0.040799999999999996,rolling
paper_hybrid_bilstm_dtr_rolling_fixed_monitor,hybrid,1108,882.0,553.3635413035901,563.3114159760917,563.3114159760917,563.3114159760917,563.3114159760917,True,False,60,False,2,800,0.82345765074939,180.50700042564267,False,0.09599999999999999,0.0,rolling
paper_hybrid_bilstm_dtr_rolling_fixed_monitor,hybrid,1109,828.0,519.4841408156152,600.3237260335818,600.3237260335818,600.3237260335818,600.3237260335818,True,False,60,False,2,800,0.7730418762137131,163.1536978081442,False,0.09599999999999999,0.0,rolling
paper_hybrid_bilstm_dtr_rolling_fixed_monitor,hybrid,1110,790.0,495.6430812129662,588.4431250069647,588.4431250069647,588.4431250069647,588.4431250069647,True,False,60,False,2,800,0.7375641089478664,152.22238572334763,False,0.09599999999999999,0.0,rolling
paper_hybrid_bilstm_dtr_rolling_fixed_monitor,hybrid,1111,819.0,513.8375740676194,577.1045085788533,577.1045085788533,577.1045085788533,577.1045085788533,True,False,60,False,2,800,0.7646392471244335,160.47153058860675,False,0.09599999999999999,0.0,rolling
paper_hybrid_bilstm_dtr_rolling_fixed_monitor,hybrid,1112,813.0,510.07319623562216,581.8658089586606,581.8658089586606,581.8658089586606,581.8658089586606,True,False,60,False,2,800,0.7590374943982473,158.71585069383875,False,0.09599999999999999,0.0,rolling
paper_hybrid_bilstm_dtr_rolling_fixed_monitor,hybrid,1113,678.0,425.3746950156849,579.7763084156636,579.7763084156636,579.7763084156636,579.7763084156636,True,False,60,False,2,800,0.6329980580590548,125.65408447952635,False,0.09599999999999999,0.0,rolling
paper_hybrid_bilstm_dtr_rolling_fixed_monitor,hybrid,1114,569.0,356.98849773440224,542.8642071079794,542.8642071079794,542.8642071079794,542.8642071079794,True,False,60,False,2,800,0.5312328835333366,106.98530653347214,False,0.09599999999999999,0.0,rolling
paper_hybrid_bilstm_dtr_rolling_fixed_monitor,hybrid,1115,863.0,541.4430115022656,504.7987298219955,504.7987298219955,504.7987298219955,504.7987298219955,True,False,60,False,2,800,0.8057187671164666,174.1505678369853,False,0.09599999999999999,0.0,rolling
paper_hybrid_bilstm_dtr_rolling_fixed_monitor,hybrid,1116,905.0,567.793656326246,571.0133771595042,571.0133771595042,571.0133771595042,571.0133771595042,True,False,60,False,2,600,1.1265747149330279,337.36678887414223,False,0.0912,0.0336,rolling
paper_hybrid_bilstm_dtr_rolling_fixed_monitor,hybrid,1117,797.0,500.03485535029625,592.091629015159,592.091629015159,592.091629015159,592.091629015159,True,False,60,False,2,800,0.744099487128417,154.159282738515,False,0.1104,0.0336,rolling
paper_hybrid_bilstm_dtr_rolling_fixed_monitor,hybrid,1118,690.0,432.90345067967934,572.0047477881417,572.0047477881417,572.0047477881417,572.0047477881417,True,False,60,False,2,800,0.6442015635114275,128.12135289823158,False,0.09599999999999999,0.0,rolling
paper_hybrid_bilstm_dtr_rolling_fixed_monitor,hybrid,1119,778.0,488.1143255489718,542.7594948647311,542.7594948647311,542.7594948647311,542.7594948647311,True,False,60,False,2,800,0.7263606034954938,148.9809780092302,False,0.09599999999999999,0.0,rolling
paper_hybrid_bilstm_dtr_rolling_fixed_monitor,hybrid,1120,693.0,434.78563959567794,559.6589623800655,559.6589623800655,559.6589623800655,559.6589623800655,True,False,60,False,2,800,0.6470024398745208,128.75175567293383,False,0.09599999999999999,0.0,rolling
paper_hybrid_bilstm_dtr_rolling_fixed_monitor,hybrid,1121,769.0,482.46775880097596,537.5380675025176,537.5380675025176,537.5380675025176,537.5380675025176,True,False,60,False,2,800,0.7179579744062142,146.6146232355647,False,0.09599999999999999,0.0,rolling
paper_hybrid_bilstm_dtr_rolling_fixed_monitor,hybrid,1122,870.0,545.8347856395957,553.1631667879242,553.1631667879242,553.1631667879242,553.1631667879242,True,False,60,False,2,800,0.8122541452970173,176.46023471973123,False,0.09599999999999999,0.0,rolling
paper_hybrid_bilstm_dtr_rolling_fixed_monitor,hybrid,1123,683.0,428.5116765423493,581.847867233449,581.847867233449,581.847867233449,581.847867233449,True,False,60,False,2,800,0.6376661853308769,126.67159762452103,False,0.09599999999999999,0.0,rolling
paper_hybrid_bilstm_dtr_rolling_fixed_monitor,hybrid,1124,866.0,543.3252004182642,538.8571335069323,538.8571335069323,538.8571335069323,538.8571335069323,True,False,60,False,2,800,0.8085196434795598,175.13585652560687,False,0.09599999999999999,0.0,rolling
paper_hybrid_bilstm_dtr_rolling_fixed_monitor,hybrid,1125,821.0,515.0923666782851,582.4086846227137,582.4086846227137,582.4086846227137,582.4086846227137,True,False,60,False,2,800,0.7665064980331623,161.06250642907176,False,0.09599999999999999,0.0,rolling
paper_hybrid_bilstm_dtr_rolling_fixed_monitor,hybrid,1126,693.0,434.78563959567794,576.3513414456088,576.3513414456088,576.3513414456088,576.3513414456088,True,False,60,False,2,800,0.6470024398745208,128.75175567293383,False,0.09599999999999999,0.0,rolling
paper_hybrid_bilstm_dtr_rolling_fixed_monitor,hybrid,1127,1020.0,639.944231439526,543.4629790729937,543.4629790729937,543.4629790729937,543.4629790729937,True,False,60,False,2,800,0.9522979634516756,235.4501236387026,False,0.09599999999999999,0.0,rolling
paper_hybrid_bilstm_dtr_rolling_fixed_monitor,hybrid,1128,736.0,461.7636807249913,626.3511726852867,626.3511726852867,626.3511726852867,626.3511726852867,True,False,60,False,2,800,0.6871483344121894,138.4014996951575,False,0.09599999999999999,0.0,rolling
paper_hybrid_bilstm_dtr_rolling_fixed_monitor,hybrid,1129,642.0,402.78842802370167,564.5072981892886,564.5072981892886,564.5072981892886,564.5072981892886,True,False,60,False,2,800,0.599387541701937,118.76105959957809,False,0.09599999999999999,0.0,rolling
paper_hybrid_bilstm_dtr_rolling_fixed_monitor,hybrid,1130,691.0,433.5308469850122,533.0388848907678,533.0388848907678,533.0388848907678,533.0388848907678,True,False,60,False,2,800,0.6451351889657919,128.33087954032175,False,0.09599999999999999,0.0,rolling
paper_hybrid_bilstm_dtr_rolling_fixed_monitor,hybrid,1131,650.0,407.8075984663646,535.9953681285529,535.9953681285529,535.9953681285529,535.9953681285529,True,False,60,False,2,800,0.6068565453368521,120.22820239225364,False,0.09599999999999999,0.0,rolling
paper_hybrid_bilstm_dtr_rolling_fixed_monitor,hybrid,1132,757.0,474.9390031369815,520.6438982147624,520.6438982147624,520.6438982147624,520.6438982147624,True,False,60,False,2,800,0.7067544689538415,143.5445333912705,False,0.09599999999999999,0.0,rolling
paper_hybrid_bilstm_dtr_rolling_fixed_monitor,hybrid,1133,1150.0,721.5057511327989,543.2256184774428,543.2256184774428,543.2256184774428,543.2256184774428,True,False,60,False,2,600,1.4315590300253946,608.0806902412246,True,0.0912,0.0336,rolling
paper_hybrid_bilstm_dtr_rolling_fixed_monitor,hybrid,1134,1267.0,794.9111188567446,654.4506598118296,654.4506598118296,654.4506598118296,654.4506598118296,True,False,60,False,2,800,1.1829034506796794,377.934228970429,True,0.1104,0.0336,rolling
paper_hybrid_bilstm_dtr_rolling_fixed_monitor,hybrid,1135,920.0,577.2046009062391,714.1854303227874,714.1854303227874,714.1854303227874,714.1854303227874,True,False,60,False,2,800,0.8589354180152368,194.0654290921045,False,0.09599999999999999,0.0,rolling
paper_hybrid_bilstm_dtr_rolling_fixed_monitor,hybrid,1136,852.0,534.5416521436041,642.8561630744925,642.8561630744925,642.8561630744925,642.8561630744925,True,False,60,False,3,600,0.7070656774386298,143.62851293996061,False,0.1272,0.040799999999999996,rolling
paper_hybrid_bilstm_dtr_rolling_fixed_monitor,hybrid,1137,992.0,622.3771348902056,621.751058838152,621.751058838152,621.751058838152,621.751058838152,True,False,60,False,2,800,0.9261564507294727,222.99655440276464,False,0.11759999999999998,0.040799999999999996,rolling
paper_hybrid_bilstm_dtr_rolling_fixed_monitor,hybrid,1138,1035.0,649.355176019519,653.6354070844973,653.6354070844973,653.6354070844973,653.6354070844973,True,False,60,False,2,800,0.9663023452671414,242.40956603153163,False,0.09599999999999999,0.0,rolling
paper_hybrid_bilstm_dtr_rolling_fixed_monitor,hybrid,1139,975.0,611.7113976995469,670.572781009876,670.572781009876,670.572781009876,670.572781009876,True,False,60,False,2,800,0.910284818005278,215.77018307385597,False,0.09599999999999999,0.0,rolling
paper_hybrid_bilstm_dtr_rolling_fixed_monitor,hybrid,1140,862.0,540.8156151969328,660.3909362422855,660.3909362422855,660.3909362422855,660.3909362422855,True,False,60,False,2,800,0.8047851416621024,173.82365643556653,False,0.09599999999999999,0.0,rolling
paper_hybrid_bilstm_dtr_rolling_fixed_monitor,hybrid,1141,1033.0,648.1003834088533,629.8125047628173,629.8125047628173,629.8125047628173,629.8125047628173,True,False,60,False,2,800,0.9644350943584127,241.46987946185388,False,0.09599999999999999,0.0,rolling
paper_hybrid_bilstm_dtr_rolling_fixed_monitor,hybrid,1142,1157.0,725.897525270129,670.8053250349003,670.8053250349003,670.8053250349003,670.8053250349003,True,False,60,False,2,800,1.0802046506995968,306.8770848981173,False,0.09599999999999999,0.0,rolling
paper_hybrid_bilstm_dtr_rolling_fixed_monitor,hybrid,1143,1020.0,639.944231439526,711.7140961512941,711.7140961512941,711.7140961512941,711.7140961512941,True,False,60,False,2,800,0.9522979634516756,235.4501236387026,False,0.09599999999999999,0.0,rolling
paper_hybrid_bilstm_dtr_rolling_fixed_monitor,hybrid,1144,1129.0,708.3304287208086,683.7038119109038,683.7038119109038,683.7038119109038,683.7038119109038,True,False,60,False,3,600,0.9369450115354612,228.05218285961735,False,0.1272,0.040799999999999996,rolling
paper_hybrid_bilstm_dtr_rolling_fixed_monitor,hybrid,1145,1221.0,766.0508888114326,713.3754758230343,713.3754758230343,713.3754758230343,713.3754758230343,True,False,60,False,3,600,1.013294826470149,267.27507557642446,False,0.108,0.0,rolling
paper_hybrid_bilstm_dtr_rolling_fixed_monitor,hybrid,1146,919.0,576.5772046009063,747.3321535384493,747.3321535384493,747.3321535384493,747.3321535384493,True,False,60,False,3,600,0.7626682600541088,159.85084629202075,False,0.108,0.0,rolling
paper_hybrid_bilstm_dtr_rolling_fixed_monitor,hybrid,1147,850.0,533.2868595329384,673.3845985518947,673.3845985518947,673.3845985518947,673.3845985518947,True,False,60,False,2,900,0.7054058988530931,143.18147584766658,False,0.1296,0.0432,rolling
paper_hybrid_bilstm_dtr_rolling_fixed_monitor,hybrid,1148,1049.0,658.1387242941792,642.6478463992171,642.6478463992171,642.6478463992171,642.6478463992171,True,False,60,False,2,800,0.9793731016282428,249.08964840611586,False,0.11759999999999998,0.040799999999999996,rolling
paper_hybrid_bilstm_dtr_rolling_fixed_monitor,hybrid,1149,1121.0,703.3112582781457,685.1032664774075,685.1032664774075,685.1032664774075,685.1032664774075,True,False,60,False,2,800,1.0465941343424787,286.351387924533,False,0.09599999999999999,0.0,rolling
paper_hybrid_bilstm_dtr_rolling_fixed_monitor,hybrid,1150,784.0,491.878703380969,709.0621405850534,709.0621405850534,709.0621405850534,709.0621405850534,True,False,60,False,3,600,0.6506332055303823,129.57710662064025,False,0.1272,0.040799999999999996,rolling
paper_hybrid_bilstm_dtr_rolling_fixed_monitor,hybrid,1151,874.0,548.3443708609271,622.5149669236707,622.5149669236707,622.5149669236707,622.5149669236707,True,False,60,False,3,600,0.7253232418795332,148.68585157906125,False,0.108,0.0,rolling
paper_hybrid_bilstm_dtr_rolling_fixed_monitor,hybrid,1152,1105.0,693.2729173928199,630.3646764079867,630.3646764079867,630.3646764079867,630.3646764079867,True,False,60,False,2,800,1.0316561270726485,277.6411583531421,False,0.11759999999999998,0.040799999999999996,rolling
paper_hybrid_bilstm_dtr_rolling_fixed_monitor,hybrid,1153,983.0,616.7305681422098,688.0011561347364,688.0011561347364,688.0011561347364,688.0011561347364,True,False,60,False,2,800,0.9177538216401931,219.1397151772942,False,0.09599999999999999,0.0,rolling
paper_hybrid_bilstm_dtr_rolling_fixed_monitor,hybrid,1154,686.0,430.3938654583479,663.8720644246805,663.8720644246805,663.8720644246805,663.8720644246805,True,False,60,False,3,600,0.5693040548390845,113.21278822437424,False,0.1272,0.040799999999999996,rolling
paper_hybrid_bilstm_dtr_rolling_fixed_monitor,hybrid,1155,821.0,515.0923666782851,581.5895063904022,581.5895063904022,581.5895063904022,581.5895063904022,True,False,60,False,2,800,0.7665064980331623,161.06250642907176,False,0.11759999999999998,0.040799999999999996,rolling
paper_hybrid_bilstm_dtr_rolling_fixed_monitor,hybrid,1156,1074.0,673.8236319275009,598.5967928369746,598.5967928369746,598.5967928369746,598.5967928369746,True,False,60,False,2,800,1.0027137379873525,261.4693988723535,False,0.09599999999999999,0.0,rolling
paper_hybrid_bilstm_dtr_rolling_fixed_monitor,hybrid,1157,1016.0,637.4346462181945,664.1259458571376,664.1259458571376,664.1259458571376,664.1259458571376,True,False,60,False,2,800,0.948563461634218,233.62846114241623,False,0.09599999999999999,0.0,rolling
paper_hybrid_bilstm_dtr_rolling_fixed_monitor,hybrid,1158,1080.0,677.588009759498,660.7324310926215,660.7324310926215,660.7324310926215,660.7324310926215,True,False,60,False,2,800,1.0083154907135388,264.52780807264674,False,0.09599999999999999,0.0,rolling
paper_hybrid_bilstm_dtr_rolling_fixed_monitor,hybrid,1159,872.0,547.0895782502614,683.8265381279216,683.8265381279216,683.8265381279216,683.8265381279216,True,False,60,False,2,800,0.8141213962057462,177.12700818391977,False,0.09599999999999999,0.0,rolling
paper_hybrid_bilstm_dtr_rolling_fixed_monitor,hybrid,1160,731.0,458.62669919832695,633.3116469189818,633.3116469189818,633.3116469189818,633.3116469189818,True,False,60,False,3,600,0.60664907301366,120.18695680176339,False,0.1272,0.040799999999999996,rolling
paper_hybrid_bilstm_dtr_rolling_fixed_monitor,hybrid,1161,846.0,530.7772743116068,588.138428755452,588.138428755452,588.138428755452,588.138428755452,True,False,60,False,2,800,0.789847134392272,168.69551211817776,False,0.11759999999999998,0.040799999999999996,rolling
paper_hybrid_bilstm_dtr_rolling_fixed_monitor,hybrid,1162,893.0,560.2649006622516,605.3885426051229,605.3885426051229,605.3885426051229,605.3885426051229,True,False,60,False,2,800,0.8337275307473982,184.31456063418744,False,0.09599999999999999,0.0,rolling
paper_hybrid_bilstm_dtr_rolling_fixed_monitor,hybrid,1163,857.0,537.6786336702684,614.6470026370589,614.6470026370589,614.6470026370589,614.6470026370589,True,False,60,False,2,800,0.8001170143902803,172.20044608867204,False,0.09599999999999999,0.0,rolling
paper_hybrid_bilstm_dtr_rolling_fixed_monitor,hybrid,1164,654.0,410.31718368769606,605.5050554461614,605.5050554461614,605.5050554461614,605.5050554461614,True,False,60,False,2,800,0.6105910471543096,120.97545657759115,False,0.09599999999999999,0.0,rolling
paper_hybrid_bilstm_dtr_rolling_fixed_monitor,hybrid,1165,727.0,456.1171139769955,549.779501910135,549.779501910135,549.779501910135,549.779501910135,True,False,60,False,2,800,0.6787457053229099,136.285144980397,False,0.09599999999999999,0.0,rolling
paper_hybrid_bilstm_dtr_rolling_fixed_monitor,hybrid,1166,866.0,543.3252004182642,555.6073836673527,555.6073836673527,555.6073836673527,555.6073836673527,True,False,60,False,2,800,0.8085196434795598,175.13585652560687,False,0.09599999999999999,0.0,rolling
paper_hybrid_bilstm_dtr_rolling_fixed_monitor,hybrid,1167,590.0,370.1638201463925,587.0938109396429,587.0938109396429,587.0938109396429,587.0938109396429,True,False,60,False,2,800,0.5508390180749888,110.0847627824075,False,0.09599999999999999,0.0,rolling
paper_hybrid_bilstm_dtr_rolling_fixed_monitor,hybrid,1168,695.0,436.04043220634367,517.3704846363271,517.3704846363271,517.3704846363271,517.3704846363271,True,False,60,False,2,800,0.6488696907832495,129.17506812948648,False,0.09599999999999999,0.0,rolling
paper_hybrid_bilstm_dtr_rolling_fixed_monitor,hybrid,1169,819.0,513.8375740676194,531.3284725310668,531.3284725310668,531.3284725310668,531.3284725310668,True,False,60,False,2,600,1.0195189961659115,270.7473317655864,False,0.0912,0.0336,rolling
paper_hybrid_bilstm_dtr_rolling_fixed_monitor,hybrid,1170,859.0,538.9334262809341,561.7398894275252,561.7398894275252,561.7398894275252,561.7398894275252,True,False,60,False,2,800,0.8019842652990091,172.8474644110089,False,0.1104,0.0336,rolling
paper_hybrid_bilstm_dtr_rolling_fixed_monitor,hybrid,1171,954.0,598.5360752875566,578.5085148045046,578.5085148045046,578.5085148045046,578.5085148045046,True,False,60,False,2,800,0.8906786834636259,207.184937418664,False,0.09599999999999999,0.0,rolling
paper_hybrid_bilstm_dtr_rolling_fixed_monitor,hybrid,1172,764.0,479.33077727431163,611.0092395811389,611.0092395811389,611.0092395811389,611.0092395811389,True,False,60,False,2,800,0.7132898471343923,145.3236784312839,False,0.09599999999999999,0.0,rolling
paper_hybrid_bilstm_dtr_rolling_fixed_monitor,hybrid,1173,783.0,491.25130707563613,569.4707981998026,569.4707981998026,569.4707981998026,569.4707981998026,True,False,60,False,2,800,0.7310287307673157,150.3195111106841,False,0.09599999999999999,0.0,rolling
paper_hybrid_bilstm_dtr_rolling_fixed_monitor,hybrid,1174,817.0,512.5827814569536,570.4640713737981,570.4640713737981,570.4640713737981,570.4640713737981,True,False,60,False,2,800,0.7627719962157048,159.8834340400715,False,0.09599999999999999,0.0,rolling
paper_hybrid_bilstm_dtr_rolling_fixed_monitor,hybrid,1175,908.0,569.6758452422447,578.4653342497336,578.4653342497336,578.4653342497336,578.4653342497336,True,False,60,False,2,800,0.8477319125628642,189.6599647835096,False,0.09599999999999999,0.0,rolling
paper_hybrid_bilstm_dtr_rolling_fixed_monitor,hybrid,1176,784.0,491.878703380969,604.3983520362644,604.3983520362644,604.3983520362644,604.3983520362644,True,False,60,False,2,800,0.73196235622168,150.58927876259128,False,0.09599999999999999,0.0,rolling
paper_hybrid_bilstm_dtr_rolling_fixed_monitor,hybrid,1177,972.0,609.8292087835483,576.5651490112846,576.5651490112846,576.5651490112846,576.5651490112846,True,False,60,False,2,800,0.907483941642185,214.52077208495953,False,0.09599999999999999,0.0,rolling
paper_hybrid_bilstm_dtr_rolling_fixed_monitor,hybrid,1178,732.0,459.2540955036598,625.5782576128831,625.5782576128831,625.5782576128831,625.5782576128831,True,False,60,False,2,800,0.6834138325947319,137.4544669466906,False,0.09599999999999999,0.0,rolling
paper_hybrid_bilstm_dtr_rolling_fixed_monitor,hybrid,1179,982.0,616.103171836877,569.4411040425061,569.4411040425061,569.4411040425061,569.4411040425061,True,False,60,False,2,800,0.9168201961858289,218.71550902110465,False,0.09599999999999999,0.0,rolling
paper_hybrid_bilstm_dtr_rolling_fixed_monitor,hybrid,1180,1137.0,713.3495991634716,629.3935594584136,629.3935594584136,629.3935594584136,629.3935594584136,True,False,60,False,2,800,1.061532141612309,295.3138420627271,False,0.09599999999999999,0.0,rolling
paper_hybrid_bilstm_dtr_rolling_fixed_monitor,hybrid,1181,758.0,475.5663994423144,682.4765497407261,682.4765497407261,682.4765497407261,682.4765497407261,True,False,60,False,2,800,0.7076880944082059,143.79669394451173,False,0.09599999999999999,0.0,rolling
paper_hybrid_bilstm_dtr_rolling_fixed_monitor,hybrid,1182,694.0,435.4130359010108,593.6965103146222,593.6965103146222,593.6965103146222,593.6965103146222,True,False,60,False,3,600,0.5759431691812312,114.38835492961287,False,0.1272,0.040799999999999996,rolling
paper_hybrid_bilstm_dtr_rolling_fixed_monitor,hybrid,1183,776.0,486.859532938306,565.0164096939502,565.0164096939502,565.0164096939502,565.0164096939502,True,False,60,False,2,800,0.724493352586765,148.45035743619843,False,0.11759999999999998,0.040799999999999996,rolling
paper_hybrid_bilstm_dtr_rolling_fixed_monitor,hybrid,1184,943.0,591.634715928895,574.8162763359287,574.8162763359287,574.8162763359287,574.8162763359287,True,False,60,False,2,800,0.8804088034656177,202.8359912258896,False,0.09599999999999999,0.0,rolling
paper_hybrid_bilstm_dtr_rolling_fixed_monitor,hybrid,1185,737.0,462.39107703032414,616.6291177401654,616.6291177401654,616.6291177401654,616.6291177401654,True,False,60,False,2,800,0.6880819598665537,138.63987286973486,False,0.09599999999999999,0.0,rolling
paper_hybrid_bilstm_dtr_rolling_fixed_monitor,hybrid,1186,729.0,457.3719065876612,567.6854400027078,567.6854400027078,567.6854400027078,567.6854400027078,True,False,60,False,2,800,0.6806129562316388,136.7509507233423,False,0.09599999999999999,0.0,rolling
paper_hybrid_bilstm_dtr_rolling_fixed_monitor,hybrid,1187,892.0,559.6375043569188,558.34382188063,558.34382188063,558.34382188063,558.34382188063,True,False,60,False,2,800,0.832793905293034,183.96451206547567,False,0.09599999999999999,0.0,rolling
paper_hybrid_bilstm_dtr_rolling_fixed_monitor,hybrid,1188,862.0,540.8156151969328,596.3395070596835,596.3395070596835,596.3395070596835,596.3395070596835,True,False,60,False,2,800,0.8047851416621024,173.82365643556653,False,0.09599999999999999,0.0,rolling
paper_hybrid_bilstm_dtr_rolling_fixed_monitor,hybrid,1189,1201.0,753.5029627047752,594.4150944714856,594.4150944714856,594.4150944714856,594.4150944714856,True,False,60,False,2,800,1.1212841706916297,333.7579041598748,False,0.09599999999999999,0.0,rolling
paper_hybrid_bilstm_dtr_rolling_fixed_monitor,hybrid,1190,947.0,594.1443011502266,691.266550123245,691.266550123245,691.266550123245,691.266550123245,True,False,60,False,2,800,0.8841433052830754,204.40576138136475,False,0.09599999999999999,0.0,rolling
paper_hybrid_bilstm_dtr_rolling_fixed_monitor,hybrid,1191,832.0,521.9937260369467,642.2850623071536,642.2850623071536,642.2850623071536,642.2850623071536,True,False,60,False,3,600,0.6904678915832628,139.25199370768118,False,0.1272,0.040799999999999996,rolling
paper_hybrid_bilstm_dtr_rolling_fixed_monitor,hybrid,1192,886.0,555.8731265249215,611.9855102611755,611.9855102611755,611.9855102611755,611.9855102611755,True,False,60,False,2,800,0.8271921525668475,181.88065353513716,False,0.11759999999999998,0.040799999999999996,rolling
paper_hybrid_bilstm_dtr_rolling_fixed_monitor,hybrid,1193,820.0,514.4649703729523,620.759519629546,620.759519629546,620.759519629546,620.759519629546,True,False,60,False,2,800,0.765572872578798,160.76665815789568,False,0.09599999999999999,0.0,rolling
paper_hybrid_bilstm_dtr_rolling_fixed_monitor,hybrid,1194,753.0,472.42941791565005,601.4190623370359,601.4190623370359,601.4190623370359,601.4190623370359,True,False,60,False,2,800,0.703019967136384,142.54253569814364,False,0.09599999999999999,0.0,rolling
paper_hybrid_bilstm_dtr_rolling_fixed_monitor,hybrid,1195,776.0,486.859532938306,577.6772228973186,577.6772228973186,577.6772228973186,577.6772228973186,True,False,60,False,2,800,0.724493352586765,148.45035743619843,False,0.09599999999999999,0.0,rolling
paper_hybrid_bilstm_dtr_rolling_fixed_monitor,hybrid,1196,760.0,476.82119205298017,576.3421658787556,576.3421658787556,576.3421658787556,576.3421658787556,True,False,60,False,2,800,0.7095553453169348,144.30301455927878,False,0.09599999999999999,0.0,rolling
paper_hybrid_bilstm_dtr_rolling_fixed_monitor,hybrid,1197,814.0,510.70059254095503,567.9457033911126,567.9457033911126,567.9457033911126,567.9457033911126,True,False,60,False,2,800,0.7599711198526117,159.00667250880406,False,0.09599999999999999,0.0,rolling
paper_hybrid_bilstm_dtr_rolling_fixed_monitor,hybrid,1198,892.0,559.6375043569188,578.0689786610997,578.0689786610997,578.0689786610997,578.0689786610997,True,False,60,False,2,800,0.832793905293034,183.96451206547567,False,0.09599999999999999,0.0,rolling
paper_hybrid_bilstm_dtr_rolling_fixed_monitor,hybrid,1199,1123.0,704.5660508888114,599.5308221934929,599.5308221934929,599.5308221934929,599.5308221934929,True,False,60,False,2,800,1.0484613852512075,287.45782733281203,False,0.09599999999999999,0.0,rolling
paper_hybrid_bilstm_dtr_rolling_fixed_monitor,hybrid,1200,1079.0,676.9606134541652,667.9791059470072,667.9791059470072,667.9791059470072,667.9791059470072,True,False,60,False,2,800,1.0073818652591744,264.0157052900762,False,0.09599999999999999,0.0,rolling
paper_hybrid_bilstm_dtr_rolling_fixed_monitor,hybrid,1201,663.0,415.9637504356919,674.044854039681,674.044854039681,674.044854039681,674.044854039681,True,False,60,False,2,800,0.6189936762435891,122.69049020427869,False,0.09599999999999999,0.0,rolling
paper_hybrid_bilstm_dtr_rolling_fixed_monitor,hybrid,1202,787.0,493.7608922969676,570.5122370790641,570.5122370790641,570.5122370790641,570.5122370790641,True,False,60,False,2,800,0.7347632325847732,151.40271960183105,False,0.09599999999999999,0.0,rolling
paper_hybrid_bilstm_dtr_rolling_fixed_monitor,hybrid,1203,675.0,423.4925060996863,585.5467766522042,585.5467766522042,585.5467766522042,585.5467766522042,True,False,60,False,2,800,0.6301971816959617,125.05073439273602,False,0.09599999999999999,0.0,rolling
paper_hybrid_bilstm_dtr_rolling_fixed_monitor,hybrid,1204,659.0,413.4541652143604,550.0767324773315,550.0767324773315,550.0767324773315,550.0767324773315,True,False,60,False,2,800,0.6152591744261315,121.92246398430473,False,0.09599999999999999,0.0,rolling
paper_hybrid_bilstm_dtr_rolling_fixed_monitor,hybrid,1205,563.0,353.22411990240505,535.309223574186,535.309223574186,535.309223574186,535.309223574186,True,False,60,False,2,800,0.5256311308071504,106.14061140220865,False,0.09599999999999999,0.0,rolling
paper_hybrid_bilstm_dtr_rolling_fixed_monitor,hybrid,1206,839.0,526.3855001742768,501.4007597297423,501.4007597297423,501.4007597297423,501.4007597297423,True,False,60,False,2,800,0.7833117562117214,166.5120172843558,False,0.09599999999999999,0.0,rolling
paper_hybrid_bilstm_dtr_rolling_fixed_monitor,hybrid,1207,757.0,474.9390031369815,563.0015900769681,563.0015900769681,563.0015900769681,563.0015900769681,True,False,60,False,2,600,0.9423392919384553,230.6240791496782,False,0.0912,0.0336,rolling
paper_hybrid_bilstm_dtr_rolling_fixed_monitor,hybrid,1208,1090.0,683.8619728128268,548.792755189203,548.792755189203,548.792755189203,548.792755189203,True,False,60,False,2,800,1.0176517452571827,269.70118785921835,False,0.1104,0.0336,rolling
paper_hybrid_bilstm_dtr_rolling_fixed_monitor,hybrid,1209,882.0,553.3635413035901,640.8370567097418,640.8370567097418,640.8370567097418,640.8370567097418,True,False,60,False,2,800,0.82345765074939,180.50700042564267,False,0.09599999999999999,0.0,rolling
paper_hybrid_bilstm_dtr_rolling_fixed_monitor,hybrid,1210,602.0,377.6925758103869,603.4995799760009,603.4995799760009,603.4995799760009,603.4995799760009,True,False,60,False,2,800,0.5620425235273615,111.95803222130868,False,0.09599999999999999,0.0,rolling
paper_hybrid_bilstm_dtr_rolling_fixed_monitor,hybrid,1211,544.0,341.30359010108054,530.0502269618651,530.0502269618651,530.0502269618651,530.0502269618651,True,False,60,False,2,800,0.507892247174227,103.58235949718984,False,0.09599999999999999,0.0,rolling
paper_hybrid_bilstm_dtr_rolling_fixed_monitor,hybrid,1212,538.0,337.5392122690833,500.29973987306676,500.29973987306676,500.29973987306676,500.29973987306676,True,False,60,False,2,800,0.5022904944480406,102.81063543200446,False,0.09599999999999999,0.0,rolling
paper_hybrid_bilstm_dtr_rolling_fixed_monitor,hybrid,1213,861.0,540.1882188915998,484.6172029841305,484.6172029841305,484.6172029841305,484.6172029841305,True,False,60,False,2,600,1.0718020216103172,301.62370998526575,False,0.0912,0.0336,rolling
paper_hybrid_bilstm_dtr_rolling_fixed_monitor,hybrid,1214,900.0,564.6566747995818,560.4218830686264,560.4218830686264,560.4218830686264,560.4218830686264,True,False,60,False,2,600,1.1203505452372655,333.12456525740305,False,0.072,0.0,rolling
paper_hybrid_bilstm_dtr_rolling_fixed_monitor,hybrid,1215,811.0,508.81840362495643,583.417394905247,583.417394905247,583.417394905247,583.417394905247,True,False,60,False,2,800,0.7571702434895184,158.13634983366535,False,0.1104,0.0336,rolling
paper_hybrid_bilstm_dtr_rolling_fixed_monitor,hybrid,1216,940.0,589.7525270128965,570.6377809898399,570.6377809898399,570.6377809898399,570.6377809898399,True,False,60,False,2,800,0.8776079271025246,201.66736916073774,False,0.09599999999999999,0.0,rolling
paper_hybrid_bilstm_dtr_rolling_fixed_monitor,hybrid,1217,487.0,305.542000697107,607.8946042501129,607.8946042501129,607.8946042501129,607.8946042501129,True,False,60,False,2,800,0.4546755962754569,96.91910712299686,False,0.09599999999999999,0.0,rolling
paper_hybrid_bilstm_dtr_rolling_fixed_monitor,hybrid,1218,747.0,468.66504008365285,496.092369186671,496.092369186671,496.092369186671,496.092369186671,True,False,60,False,2,800,0.6974182144101977,141.05937603844586,False,0.09599999999999999,0.0,rolling
paper_hybrid_bilstm_dtr_rolling_fixed_monitor,hybrid,1219,741.0,464.90066225165566,543.0854562751188,543.0854562751188,543.0854562751188,543.0854562751188,True,False,60,False,2,600,0.9224219489120152,221.2737229867355,False,0.0912,0.0336,rolling
paper_hybrid_bilstm_dtr_rolling_fixed_monitor,hybrid,1220,684.0,429.13907284768214,542.4350506740593,542.4350506740593,542.4350506740593,542.4350506740593,True,False,60,False,2,800,0.6385998107852413,126.87689761371423,False,0.1104,0.0336,rolling
paper_hybrid_bilstm_dtr_rolling_fixed_monitor,hybrid,1221,737.0,462.39107703032414,528.3184531118786,528.3184531118786,528.3184531118786,528.3184531118786,True,False,60,False,2,800,0.6880819598665537,138.63987286973486,False,0.09599999999999999,0.0,rolling
paper_hybrid_bilstm_dtr_rolling_fixed_monitor,hybrid,1222,766.0,480.58556988497736,539.9098913269313,539.9098913269313,539.9098913269313,539.9098913269313,True,False,60,False,2,800,0.7151570980431211,145.83803575099788,False,0.09599999999999999,0.0,rolling
paper_hybrid_bilstm_dtr_rolling_fixed_monitor,hybrid,1223,703.0,441.05960264900665,549.0263829425958,549.0263829425958,549.0263829425958,549.0263829425958,True,False,60,False,2,800,0.6563386944181646,130.89282181986167,False,0.09599999999999999,0.0,rolling
paper_hybrid_bilstm_dtr_rolling_fixed_monitor,hybrid,1224,803.0,503.7992331822935,533.9146337439142,533.9146337439142,533.9146337439142,533.9146337439142,True,False,60,False,2,800,0.7497012398546035,155.84678775037372,False,0.09599999999999999,0.0,rolling
paper_hybrid_bilstm_dtr_rolling_fixed_monitor,hybrid,1225,743.0,466.1554548623214,558.1328079258597,558.1328079258597,558.1328079258597,558.1328079258597,True,False,60,False,2,800,0.6936837125927402,140.08374548753332,False,0.09599999999999999,0.0,rolling
paper_hybrid_bilstm_dtr_rolling_fixed_monitor,hybrid,1226,914.0,573.4402230742419,546.4527448131175,546.4527448131175,546.4527448131175,546.4527448131175,True,False,60,False,2,800,0.8533336652890504,191.8482371970167,False,0.09599999999999999,0.0,rolling
paper_hybrid_bilstm_dtr_rolling_fixed_monitor,hybrid,1227,757.0,474.9390031369815,592.1657078698581,592.1657078698581,592.1657078698581,592.1657078698581,True,False,60,False,2,800,0.7067544689538415,143.5445333912705,False,0.09599999999999999,0.0,rolling
paper_hybrid_bilstm_dtr_rolling_fixed_monitor,hybrid,1228,571.0,358.243290345068,560.6829652740207,560.6829652740207,560.6829652740207,560.6829652740207,True,False,60,False,2,800,0.5331001344420654,107.27086297662139,False,0.09599999999999999,0.0,rolling
paper_hybrid_bilstm_dtr_rolling_fixed_monitor,hybrid,1229,760.0,476.82119205298017,508.9074089783012,508.9074089783012,508.9074089783012,508.9074089783012,True,False,60,False,2,800,0.7095553453169348,144.30301455927878,False,0.09599999999999999,0.0,rolling
paper_hybrid_bilstm_dtr_rolling_fixed_monitor,hybrid,1230,830.0,520.7389334262809,546.150071521226,546.150071521226,546.150071521226,546.150071521226,True,False,60,False,2,600,1.0332121694965892,278.53681178989666,False,0.0912,0.0336,rolling
paper_hybrid_bilstm_dtr_rolling_fixed_monitor,hybrid,1231,884.0,554.6183339142558,567.4313899902822,567.4313899902822,567.4313899902822,567.4313899902822,True,False,60,False,2,800,0.8253249016581188,181.19227307680876,False,0.1104,0.0336,rolling
paper_hybrid_bilstm_dtr_rolling_fixed_monitor,hybrid,1232,882.0,553.3635413035901,588.018207155108,588.018207155108,588.018207155108,588.018207155108,True,False,60,False,2,800,0.82345765074939,180.50700042564267,False,0.09599999999999999,0.0,rolling
paper_hybrid_bilstm_dtr_rolling_fixed_monitor,hybrid,1233,764.0,479.33077727431163,594.9532980621279,594.9532980621279,594.9532980621279,594.9532980621279,True,False,60,False,2,800,0.7132898471343923,145.3236784312839,False,0.09599999999999999,0.0,rolling
paper_hybrid_bilstm_dtr_rolling_fixed_monitor,hybrid,1234,832.0,521.9937260369467,568.2681968707211,568.2681968707211,568.2681968707211,568.2681968707211,True,False,60,False,2,800,0.7767763780311706,164.36465510331948,False,0.09599999999999999,0.0,rolling
paper_hybrid_bilstm_dtr_rolling_fixed_monitor,hybrid,1235,759.0,476.1937957476473,583.0228455305605,583.0228455305605,583.0228455305605,583.0228455305605,True,False,60,False,2,800,0.7086217198625704,144.04952070754626,False,0.09599999999999999,0.0,rolling
paper_hybrid_bilstm_dtr_rolling_fixed_monitor,hybrid,1236,807.0,506.30881840362497,564.9675937516631,564.9675937516631,564.9675937516631,564.9675937516631,True,False,60,False,2,800,0.753435741672061,156.985894583015,False,0.09599999999999999,0.0,rolling
paper_hybrid_bilstm_dtr_rolling_fixed_monitor,hybrid,1237,574.0,360.1254792610666,574.2434897689054,574.2434897689054,574.2434897689054,574.2434897689054,True,False,60,False,2,800,0.5359010108051586,107.70296374815823,False,0.09599999999999999,0.0,rolling
paper_hybrid_bilstm_dtr_rolling_fixed_monitor,hybrid,1238,807.0,506.30881840362497,512.7876141116776,512.7876141116776,512.7876141116776,512.7876141116776,True,False,60,False,2,800,0.753435741672061,156.985894583015,False,0.09599999999999999,0.0,rolling
paper_hybrid_bilstm_dtr_rolling_fixed_monitor,hybrid,1239,575.0,360.75287556639944,561.729076226693,561.729076226693,561.729076226693,561.729076226693,True,False,60,False,2,600,0.7157795150126973,146.01008628015308,False,0.0912,0.0336,rolling
paper_hybrid_bilstm_dtr_rolling_fixed_monitor,hybrid,1240,760.0,476.82119205298017,504.0450328659931,504.0450328659931,504.0450328659931,504.0450328659931,True,False,60,False,2,800,0.7095553453169348,144.30301455927878,False,0.1104,0.0336,rolling
paper_hybrid_bilstm_dtr_rolling_fixed_monitor,hybrid,1241,900.0,564.6566747995818,541.8163862727702,541.8163862727702,541.8163862727702,541.8163862727702,True,False,60,False,2,600,1.1203505452372655,333.12456525740305,False,0.0912,0.0336,rolling
paper_hybrid_bilstm_dtr_rolling_fixed_monitor,hybrid,1242,1047.0,656.8839316835134,582.7552368721026,582.7552368721026,582.7552368721026,582.7552368721026,True,False,60,False,2,800,0.977505850719514,248.12434352106266,False,0.1104,0.0336,rolling
paper_hybrid_bilstm_dtr_rolling_fixed_monitor,hybrid,1243,885.0,555.2457302195887,634.3051609215036,634.3051609215036,634.3051609215036,634.3051609215036,True,False,60,False,2,800,0.8262585271124833,181.53607439062534,False,0.09599999999999999,0.0,rolling
paper_hybrid_bilstm_dtr_rolling_fixed_monitor,hybrid,1244,844.0,529.5224817009411,606.7715726661309,606.7715726661309,606.7715726661309,606.7715726661309,True,False,60,False,2,800,0.7879798834835432,168.06795186789034,False,0.09599999999999999,0.0,rolling
paper_hybrid_bilstm_dtr_rolling_fixed_monitor,hybrid,1245,1238.0,776.7166260020913,597.7784093388,597.7784093388,597.7784093388,597.7784093388,True,False,60,False,2,800,1.1558283125031121,357.9409199008255,True,0.09599999999999999,0.0,rolling
paper_hybrid_bilstm_dtr_rolling_fixed_monitor,hybrid,1246,1148.0,720.2509585221331,707.6618672015602,707.6618672015602,707.6618672015602,707.6618672015602,True,False,60,False,2,800,1.0718020216103172,301.62370998526575,False,0.09599999999999999,0.0,rolling
paper_hybrid_bilstm_dtr_rolling_fixed_monitor,hybrid,1247,875.0,548.9717671662601,706.6983122677138,706.6983122677138,706.6983122677138,706.6983122677138,True,False,60,False,3,600,0.7261531311723016,148.92188522717035,False,0.1272,0.040799999999999996,rolling
paper_hybrid_bilstm_dtr_rolling_fixed_monitor,hybrid,1248,797.0,500.03485535029625,643.0158323874493,643.0158323874493,643.0158323874493,643.0158323874493,True,False,60,False,3,600,0.6614217663363707,132.08443451593922,False,0.108,0.0,rolling
paper_hybrid_bilstm_dtr_rolling_fixed_monitor,hybrid,1249,829.0,520.1115371209481,612.7820265291593,612.7820265291593,612.7820265291593,612.7820265291593,True,False,60,False,2,800,0.7739755016680776,163.45534333498853,False,0.11759999999999998,0.040799999999999996,rolling
paper_hybrid_bilstm_dtr_rolling_fixed_monitor,hybrid,1250,870.0,545.8347856395957,610.8884399923318,610.8884399923318,610.8884399923318,610.8884399923318,True,False,60,False,2,800,0.8122541452970173,176.46023471973123,False,0.09599999999999999,0.0,rolling
paper_hybrid_bilstm_dtr_rolling_fixed_monitor,hybrid,1251,1021.0,640.5716277448588,615.7796673620942,615.7796673620942,615.7796673620942,615.7796673620942,True,False,60,False,2,800,0.9532315889060399,235.90777827260047,False,0.09599999999999999,0.0,rolling
paper_hybrid_bilstm_dtr_rolling_fixed_monitor,hybrid,1252,963.0,604.1826420355525,655.1692921343983,655.1692921343983,655.1692921343983,655.1692921343983,True,False,60,False,2,800,0.8990813125529055,210.81857614857603,False,0.09599999999999999,0.0,rolling
paper_hybrid_bilstm_dtr_rolling_fixed_monitor,hybrid,1253,771.0,483.7225514116417,646.2163471709646,646.2163471709646,646.2163471709646,646.2163471709646,True,False,60,False,2,800,0.719825225314943,147.13572614916177,False,0.09599999999999999,0.0,rolling
paper_hybrid_bilstm_dtr_rolling_fixed_monitor,hybrid,1254,636.0,399.0240501917044,595.4448772500728,595.4448772500728,595.4448772500728,595.4448772500728,True,False,60,False,2,800,0.5937857889757506,117.68442590182637,False,0.09599999999999999,0.0,rolling
paper_hybrid_bilstm_dtr_rolling_fixed_monitor,hybrid,1255,787.0,493.7608922969676,548.6210685327824,548.6210685327824,548.6210685327824,548.6210685327824,True,False,60,False,2,800,0.7347632325847732,151.40271960183105,False,0.09599999999999999,0.0,rolling
paper_hybrid_bilstm_dtr_rolling_fixed_monitor,hybrid,1256,901.0,565.2840711049146,571.9507781153911,571.9507781153911,571.9507781153911,571.9507781153911,True,False,60,False,2,800,0.8411965343823133,187.1432780414774,False,0.09599999999999999,0.0,rolling
paper_hybrid_bilstm_dtr_rolling_fixed_monitor,hybrid,1257,994.0,623.6319275008714,600.4186606386611,600.4186606386611,600.4186606386611,600.4186606386611,True,False,60,False,2,800,0.9280237016382015,223.86319783617557,False,0.09599999999999999,0.0,rolling
paper_hybrid_bilstm_dtr_rolling_fixed_monitor,hybrid,1258,757.0,474.9390031369815,632.2616827098882,632.2616827098882,632.2616827098882,632.2616827098882,True,False,60,False,2,800,0.7067544689538415,143.5445333912705,False,0.09599999999999999,0.0,rolling
paper_hybrid_bilstm_dtr_rolling_fixed_monitor,hybrid,1259,763.0,478.70338096897876,577.6394609843901,577.6394609843901,577.6394609843901,577.6394609843901,True,False,60,False,2,800,0.7123562216800279,145.0675074357119,False,0.09599999999999999,0.0,rolling
paper_hybrid_bilstm_dtr_rolling_fixed_monitor,hybrid,1260,581.0,364.5172533983967,571.8520865853011,571.8520865853011,571.8520865853011,571.8520865853011,True,False,60,False,2,800,0.5424363889857093,108.7288970935349,False,0.09599999999999999,0.0,rolling
paper_hybrid_bilstm_dtr_rolling_fixed_monitor,hybrid,1261,652.0,409.0623910770303,518.2361668570729,518.2361668570729,518.2361668570729,518.2361668570729,True,False,60,False,2,800,0.6087237962455808,120.6006833931408,False,0.09599999999999999,0.0,rolling
paper_hybrid_bilstm_dtr_rolling_fixed_monitor,hybrid,1262,1180.0,740.327640292785,521.854302388097,521.854302388097,521.854302388097,521.854302388097,True,False,60,False,2,600,1.4689040481999702,650.49624239232,True,0.0912,0.0336,rolling
paper_hybrid_bilstm_dtr_rolling_fixed_monitor,hybrid,1263,770.0,483.0951551063088,660.5312911074307,660.5312911074307,660.5312911074307,660.5312911074307,True,False,60,False,2,600,0.9585221331474382,238.51813052216454,False,0.072,0.0,rolling
paper_hybrid_bilstm_dtr_rolling_fixed_monitor,hybrid,1264,753.0,472.42941791565005,575.6480980658725,575.6480980658725,575.6480980658725,575.6480980658725,True,False,60,False,2,800,0.703019967136384,142.54253569814364,False,0.1104,0.0336,rolling
paper_hybrid_bilstm_dtr_rolling_fixed_monitor,hybrid,1265,646.0,405.29801324503313,566.610357378318,566.610357378318,566.610357378318,566.610357378318,True,False,60,False,2,800,0.6031220435193946,119.49008881621708,False,0.09599999999999999,0.0,rolling
paper_hybrid_bilstm_dtr_rolling_fixed_monitor,hybrid,1266,773.0,484.9773440223074,533.2367736908532,533.2367736908532,533.2367736908532,533.2367736908532,True,False,60,False,2,800,0.7216924762236717,147.65953960497853,False,0.09599999999999999,0.0,rolling
paper_hybrid_bilstm_dtr_rolling_fixed_monitor,hybrid,1267,562.0,352.5967235970722,556.9523869040531,556.9523869040531,556.9523869040531,556.9523869040531,True,False,60,False,2,800,0.524697505352786,106.00156588906682,False,0.09599999999999999,0.0,rolling
paper_hybrid_bilstm_dtr_rolling_fixed_monitor,hybrid,1268,571.0,358.243290345068,501.0963283896085,501.0963283896085,501.0963283896085,501.0963283896085,True,False,60,False,2,800,0.5331001344420654,107.27086297662139,False,0.09599999999999999,0.0,rolling
paper_hybrid_bilstm_dtr_rolling_fixed_monitor,hybrid,1269,499.0,313.0707563611014,491.5817953856258,491.5817953856258,491.5817953856258,491.5817953856258,True,False,60,False,2,600,0.6211721356371059,123.14280749925325,False,0.0912,0.0336,rolling
paper_hybrid_bilstm_dtr_rolling_fixed_monitor,hybrid,1270,466.0,292.3666782851168,464.97474671960254,464.97474671960254,464.97474671960254,464.97474671960254,True,False,60,False,2,600,0.580092615645073,115.13698687428678,False,0.072,0.0,rolling
paper_hybrid_bilstm_dtr_rolling_fixed_monitor,hybrid,1271,590.0,370.1638201463925,447.11042379637956,447.11042379637956,447.11042379637956,447.11042379637956,True,False,60,False,2,600,0.7344520240999851,151.31203029904,False,0.072,0.0,rolling
paper_hybrid_bilstm_dtr_rolling_fixed_monitor,hybrid,1272,648.0,406.55280585569886,470.32850935703436,470.32850935703436,470.32850935703436,470.32850935703436,True,False,60,False,2,600,0.8066523925708311,174.47823773319516,False,0.072,0.0,rolling
paper_hybrid_bilstm_dtr_rolling_fixed_monitor,hybrid,1273,579.0,363.2624607877309,485.16116237655206,485.16116237655206,485.16116237655206,485.16116237655206,True,False,60,False,2,600,0.7207588507693073,147.39729361984035,False,0.072,0.0,rolling
paper_hybrid_bilstm_dtr_rolling_fixed_monitor,hybrid,1274,692.0,434.15824329034507,471.39403108892884,471.39403108892884,471.39403108892884,471.39403108892884,True,False,60,False,2,600,0.8614250858935418,195.06018016139276,False,0.072,0.0,rolling
paper_hybrid_bilstm_dtr_rolling_fixed_monitor,hybrid,1275,667.0,418.47333565702337,500.08932798961223,500.08932798961223,500.08932798961223,500.08932798961223,True,False,60,False,2,600,0.8303042374147289,183.03487963434583,False,0.072,0.0,rolling
paper_hybrid_bilstm_dtr_rolling_fixed_monitor,hybrid,1276,614.0,385.2213314743813,499.74927811043426,499.74927811043426,499.74927811043426,499.74927811043426,True,False,60,False,2,600,0.7643280386396455,160.3733147362426,False,0.072,0.0,rolling
paper_hybrid_bilstm_dtr_rolling_fixed_monitor,hybrid,1277,630.0,395.2596723597072,488.50730616993906,488.50730616993906,488.50730616993906,488.50730616993906,True,False,60,False,2,600,0.7842453816660858,166.82172588328922,False,0.072,0.0,rolling
paper_hybrid_bilstm_dtr_rolling_fixed_monitor,hybrid,1278,615.0,385.8487277797142,492.02152419185177,492.02152419185177,492.02152419185177,492.02152419185177,True,False,60,False,2,600,0.765572872578798,160.76665815789568,False,0.072,0.0,rolling
paper_hybrid_bilstm_dtr_rolling_fixed_monitor,hybrid,1279,563.0,353.22411990240505,488.5409980807726,488.5409980807726,488.5409980807726,488.5409980807726,True,False,60,False,2,600,0.7008415077428671,141.9629307311612,False,0.072,0.0,rolling
paper_hybrid_bilstm_dtr_rolling_fixed_monitor,hybrid,1280,749.0,469.9198326943186,474.5744126076429,474.5744126076429,474.5744126076429,474.5744126076429,True,False,60,False,2,600,0.9323806204252353,225.8989678206341,False,0.072,0.0,rolling
paper_hybrid_bilstm_dtr_rolling_fixed_monitor,hybrid,1281,724.0,454.2349250609969,520.3238852689751,520.3238852689751,520.3238852689751,520.3238852689751,True,False,60,False,2,600,0.9012597719464224,211.77179590356084,False,0.072,0.0,rolling
paper_hybrid_bilstm_dtr_rolling_fixed_monitor,hybrid,1282,851.0,533.9142558382712,522.0738175898468,522.0738175898468,522.0738175898468,522.0738175898468,True,False,60,False,2,600,1.0593536822187921,293.99096962231,False,0.072,0.0,rolling
paper_hybrid_bilstm_dtr_rolling_fixed_monitor,hybrid,1283,952.0,597.2812826768909,560.6420244245446,560.6420244245446,560.6420244245446,560.6420244245446,True,False,60,False,2,600,1.1850819100731962,379.5833076865228,True,0.072,0.0,rolling
paper_hybrid_bilstm_dtr_rolling_fixed_monitor,hybrid,1284,1150.0,721.5057511327989,599.3947059104112,599.3947059104112,599.3947059104112,599.3947059104112,True,False,60,False,2,800,1.073669272519046,302.7840411955166,False,0.1104,0.0336,rolling
paper_hybrid_bilstm_dtr_rolling_fixed_monitor,hybrid,1285,838.0,525.7581038689439,668.918674359631,668.918674359631,668.918674359631,668.918674359631,True,False,60,False,2,800,0.782378130757357,166.20304608649957,False,0.09599999999999999,0.0,rolling
paper_hybrid_bilstm_dtr_rolling_fixed_monitor,hybrid,1286,840.0,527.0128964796096,604.7730330575287,604.7730330575287,604.7730330575287,604.7730330575287,True,False,60,False,2,800,0.7842453816660857,166.8217258832892,False,0.09599999999999999,0.0,rolling
paper_hybrid_bilstm_dtr_rolling_fixed_monitor,hybrid,1287,919.0,576.5772046009063,602.3414355928799,602.3414355928799,602.3414355928799,602.3414355928799,True,False,60,False,2,800,0.8580017925608724,193.69388075563108,False,0.09599999999999999,0.0,rolling
paper_hybrid_bilstm_dtr_rolling_fixed_monitor,hybrid,1288,1014.0,636.1798536075288,622.0262295123366,622.0262295123366,622.0262295123366,622.0262295123366,True,False,60,False,2,800,0.9466962107254893,232.72299121318997,False,0.09599999999999999,0.0,rolling
paper_hybrid_bilstm_dtr_rolling_fixed_monitor,hybrid,1289,1005.0,630.533286859533,652.058028402741,652.058028402741,652.058028402741,652.058028402741,True,False,60,False,2,800,0.9382935816362098,228.69238988381306,False,0.09599999999999999,0.0,rolling
paper_hybrid_bilstm_dtr_rolling_fixed_monitor,hybrid,1290,799.0,501.28964796096204,658.3779950878088,658.3779950878088,658.3779950878088,658.3779950878088,True,False,60,False,2,800,0.7459667380371459,154.71897308583806,False,0.09599999999999999,0.0,rolling
paper_hybrid_bilstm_dtr_rolling_fixed_monitor,hybrid,1291,741.0,464.90066225165566,606.6329999320806,606.6329999320806,606.6329999320806,606.6329999320806,True,False,60,False,2,800,0.6918164616840115,139.59985188502904,False,0.09599999999999999,0.0,rolling
paper_hybrid_bilstm_dtr_rolling_fixed_monitor,hybrid,1292,968.0,607.3196235622169,581.6361548759523,581.6361548759523,581.6361548759523,581.6361548759523,True,False,60,False,2,800,0.9037494398247274,212.86684680058372,False,0.09599999999999999,0.0,rolling
paper_hybrid_bilstm_dtr_rolling_fixed_monitor,hybrid,1293,938.0,588.4977344022308,633.0593549547984,633.0593549547984,633.0593549547984,633.0593549547984,True,False,60,False,2,800,0.8757406761937958,200.89242010109126,False,0.09599999999999999,0.0,rolling
paper_hybrid_bilstm_dtr_rolling_fixed_monitor,hybrid,1294,830.0,520.7389334262809,630.8642511030057,630.8642511030057,630.8642511030057,630.8642511030057,True,False,60,False,2,800,0.7749091271224419,163.75771747386264,False,0.09599999999999999,0.0,rolling
paper_hybrid_bilstm_dtr_rolling_fixed_monitor,hybrid,1295,838.0,525.7581038689439,603.0793823632603,603.0793823632603,603.0793823632603,603.0793823632603,True,False,60,False,2,800,0.782378130757357,166.20304608649957,False,0.09599999999999999,0.0,rolling
paper_hybrid_bilstm_dtr_rolling_fixed_monitor,hybrid,1296,634.0,397.7692575810387,600.8755605188144,600.8755605188144,600.8755605188144,600.8755605188144,True,False,60,False,2,800,0.5919185380670219,117.33002924487926,False,0.09599999999999999,0.0,rolling
paper_hybrid_bilstm_dtr_rolling_fixed_monitor,hybrid,1297,639.0,400.906239107703,543.16037802966,543.16037802966,543.16037802966,543.16037802966,True,False,60,False,2,800,0.5965866653388437,118.22021546012098,False,0.09599999999999999,0.0,rolling
paper_hybrid_bilstm_dtr_rolling_fixed_monitor,hybrid,1298,701.0,439.8048100383409,529.6989063076549,529.6989063076549,529.6989063076549,529.6989063076549,True,False,60,False,2,800,0.6544714435094359,130.45969375516736,False,0.09599999999999999,0.0,rolling
paper_hybrid_bilstm_dtr_rolling_fixed_monitor,hybrid,1299,726.0,455.4897176716626,535.6363650443527,535.6363650443527,535.6363650443527,535.6363650443527,True,False,60,False,2,800,0.6778120798685455,136.05320099399626,False,0.09599999999999999,0.0,rolling
paper_hybrid_bilstm_dtr_rolling_fixed_monitor,hybrid,1300,777.0,487.4869292436389,538.6064310110228,538.6064310110228,538.6064310110228,538.6064310110228,True,False,60,False,2,800,0.7254269780411293,148.7153262682226,False,0.09599999999999999,0.0,rolling
paper_hybrid_bilstm_dtr_rolling_fixed_monitor,hybrid,1301,819.0,513.8375740676194,551.7586548223676,551.7586548223676,551.7586548223676,551.7586548223676,True,False,60,False,2,800,0.7646392471244335,160.47153058860675,False,0.09599999999999999,0.0,rolling
paper_hybrid_bilstm_dtr_rolling_fixed_monitor,hybrid,1302,723.0,453.607528755664,565.9573749120268,565.9573749120268,565.9573749120268,565.9573749120268,True,False,60,False,2,800,0.6750112035054524,135.3611940282245,False,0.09599999999999999,0.0,rolling
paper_hybrid_bilstm_dtr_rolling_fixed_monitor,hybrid,1303,793.0,497.5252701289648,544.0339594260695,544.0339594260695,544.0339594260695,544.0339594260695,True,False,60,False,2,800,0.7403649853109595,153.04830085756896,False,0.09599999999999999,0.0,rolling
paper_hybrid_bilstm_dtr_rolling_fixed_monitor,hybrid,1304,828.0,519.4841408156152,559.9744236667052,559.9744236667052,559.9744236667052,559.9744236667052,True,False,60,False,2,800,0.7730418762137131,163.1536978081442,False,0.09599999999999999,0.0,rolling
paper_hybrid_bilstm_dtr_rolling_fixed_monitor,hybrid,1305,798.0,500.6622516556292,572.0272652553535,572.0272652553535,572.0272652553535,572.0272652553535,True,False,60,False,2,800,0.7450331125827815,154.4387772291851,False,0.09599999999999999,0.0,rolling
paper_hybrid_bilstm_dtr_rolling_fixed_monitor,hybrid,1306,836.0,524.5033112582781,567.91942899889,567.91942899889,567.91942899889,567.91942899889,True,False,60,False,2,800,0.7805108798486282,165.58731237840004,False,0.09599999999999999,0.0,rolling
paper_hybrid_bilstm_dtr_rolling_fixed_monitor,hybrid,1307,962.0,603.5552457302196,579.8736031403009,579.8736031403009,579.8736031403009,579.8736031403009,True,False,60,False,2,800,0.898147687098541,210.41146468958866,False,0.09599999999999999,0.0,rolling
paper_hybrid_bilstm_dtr_rolling_fixed_monitor,hybrid,1308,802.0,503.17183687696064,618.0208657938265,618.0208657938265,618.0208657938265,618.0208657938265,True,False,60,False,2,800,0.7487676144002391,155.56377764074176,False,0.09599999999999999,0.0,rolling
paper_hybrid_bilstm_dtr_rolling_fixed_monitor,hybrid,1309,1151.0,722.1331474381318,584.3253184495111,584.3253184495111,584.3253184495111,584.3253184495111,True,False,60,False,2,800,1.0746028979734104,303.365722471867,False,0.09599999999999999,0.0,rolling
paper_hybrid_bilstm_dtr_rolling_fixed_monitor,hybrid,1310,915.0,574.0676193795748,678.7110994001459,678.7110994001459,678.7110994001459,678.7110994001459,True,False,60,False,2,800,0.8542672907434149,192.21575575525503,False,0.09599999999999999,0.0,rolling
paper_hybrid_bilstm_dtr_rolling_fixed_monitor,hybrid,1311,666.0,417.8459393516905,632.5695097322432,632.5695097322432,632.5695097322432,632.5695097322432,True,False,60,False,3,600,0.5527062689837176,110.39174780203433,False,0.1272,0.040799999999999996,rolling
paper_hybrid_bilstm_dtr_rolling_fixed_monitor,hybrid,1312,587.0,368.2816312303939,564.2241320080298,564.2241320080298,564.2241320080298,564.2241320080298,True,False,60,False,2,800,0.5480381417118957,109.62817220918203,False,0.11759999999999998,0.040799999999999996,rolling
paper_hybrid_bilstm_dtr_rolling_fixed_monitor,hybrid,1313,706.0,442.94179156500525,527.6058655853208,527.6058655853208,527.6058655853208,527.6058655853208,True,False,60,False,2,800,0.6591395707812578,131.54715013940918,False,0.09599999999999999,0.0,rolling
paper_hybrid_bilstm_dtr_rolling_fixed_monitor,hybrid,1314,518.0,324.9912861624259,542.9210185573406,542.9210185573406,542.9210185573406,542.9210185573406,True,False,60,False,2,800,0.48361798536075284,100.36009667206596,False,0.09599999999999999,0.0,rolling
paper_hybrid_bilstm_dtr_rolling_fixed_monitor,hybrid,1315,629.0,394.63227605437436,488.84627232074854,488.84627232074854,488.84627232074854,488.84627232074854,True,False,60,False,2,800,0.5872504107951999,116.45377366977408,False,0.09599999999999999,0.0,rolling
paper_hybrid_bilstm_dtr_rolling_fixed_monitor,hybrid,1316,623.0,390.86789822237716,503.41798763198767,503.41798763198767,503.41798763198767,503.41798763198767,True,False,60,False,2,600,0.7755315440920182,163.95970545160017,False,0.0912,0.0336,rolling
paper_hybrid_bilstm_dtr_rolling_fixed_monitor,hybrid,1317,742.0,465.5280585569885,497.99643176439395,497.99643176439395,497.99643176439395,497.99643176439395,True,False,60,False,2,600,0.9236667828511677,221.8464536002902,False,0.072,0.0,rolling
paper_hybrid_bilstm_dtr_rolling_fixed_monitor,hybrid,1318,944.0,592.262112234228,526.06841627323,526.06841627323,526.06841627323,526.06841627323,True,False,60,False,2,600,1.1751232385599761,372.09407610486784,True,0.072,0.0,rolling
paper_hybrid_bilstm_dtr_rolling_fixed_monitor,hybrid,1319,945.0,592.8895085395608,585.9956810252834,585.9956810252834,585.9956810252834,585.9956810252834,True,False,60,False,2,800,0.8822760543743464,203.6192151736676,False,0.1104,0.0336,rolling
paper_hybrid_bilstm_dtr_rolling_fixed_monitor,hybrid,1320,905.0,567.793656326246,601.4864943244083,601.4864943244083,601.4864943244083,601.4864943244083,True,False,60,False,2,800,0.8449310361997708,188.57661405627871,False,0.09599999999999999,0.0,rolling
paper_hybrid_bilstm_dtr_rolling_fixed_monitor,hybrid,1321,923.0,579.0867898222377,602.2892239683715,602.2892239683715,602.2892239683715,602.2892239683715,True,False,60,False,2,800,0.86173629437833,195.18492917131115,False,0.09599999999999999,0.0,rolling
paper_hybrid_bilstm_dtr_rolling_fixed_monitor,hybrid,1322,902.0,565.9114674102475,614.039873922181,614.039873922181,614.039873922181,614.039873922181,True,False,60,False,2,800,0.8421301598366778,187.50042200815915,False,0.09599999999999999,0.0,rolling
paper_hybrid_bilstm_dtr_rolling_fixed_monitor,hybrid,1323,801.0,502.5444405716278,614.5588593964221,614.5588593964221,614.5588593964221,614.5588593964221,True,False,60,False,2,800,0.7478339889458747,155.28147241271165,False,0.09599999999999999,0.0,rolling
paper_hybrid_bilstm_dtr_rolling_fixed_monitor,hybrid,1324,644.0,404.0432206343674,589.8592930731957,589.8592930731957,589.8592930731957,589.8592930731957,True,False,60,False,2,800,0.6012547926106657,119.12444217859183,False,0.09599999999999999,0.0,rolling
paper_hybrid_bilstm_dtr_rolling_fixed_monitor,hybrid,1325,764.0,479.33077727431163,543.993500233646,543.993500233646,543.993500233646,543.993500233646,True,False,60,False,2,800,0.7132898471343923,145.3236784312839,False,0.09599999999999999,0.0,rolling
paper_hybrid_bilstm_dtr_rolling_fixed_monitor,hybrid,1326,768.0,481.8403624956431,563.4788881333016,563.4788881333016,563.4788881333016,563.4788881333016,True,False,60,False,2,800,0.7170243489518499,146.35508603483663,False,0.09599999999999999,0.0,rolling
paper_hybrid_bilstm_dtr_rolling_fixed_monitor,hybrid,1327,866.0,543.3252004182642,562.7945016271769,562.7945016271769,562.7945016271769,562.7945016271769,True,False,60,False,2,800,0.8085196434795598,175.13585652560687,False,0.09599999999999999,0.0,rolling
paper_hybrid_bilstm_dtr_rolling_fixed_monitor,hybrid,1328,694.0,435.4130359010108,587.9679221588103,587.9679221588103,587.9679221588103,587.9679221588103,True,False,60,False,2,800,0.6479360653288851,128.9631069212652,False,0.09599999999999999,0.0,rolling
paper_hybrid_bilstm_dtr_rolling_fixed_monitor,hybrid,1329,966.0,606.0648309515511,545.8093714050269,545.8093714050269,545.8093714050269,545.8093714050269,True,False,60,False,2,800,0.9018821889159987,212.04499235274753,False,0.09599999999999999,0.0,rolling
paper_hybrid_bilstm_dtr_rolling_fixed_monitor,hybrid,1330,744.0,466.78285116765426,612.3534480837025,612.3534480837025,612.3534480837025,612.3534480837025,True,False,60,False,2,800,0.6946173380471046,140.32667138866634,False,0.09599999999999999,0.0,rolling
paper_hybrid_bilstm_dtr_rolling_fixed_monitor,hybrid,1331,792.0,496.8978738236319,563.3023608235017,563.3023608235017,563.3023608235017,563.3023608235017,True,False,60,False,2,800,0.7394313598565951,152.77230001324233,False,0.09599999999999999,0.0,rolling
paper_hybrid_bilstm_dtr_rolling_fixed_monitor,hybrid,1332,877.0,550.2265597769258,570.8533466037579,570.8533466037579,570.8533466037579,570.8533466037579,True,False,60,False,2,800,0.8187895234775682,178.80736931156378,False,0.09599999999999999,0.0,rolling
paper_hybrid_bilstm_dtr_rolling_fixed_monitor,hybrid,1333,632.0,396.51446497037296,593.185857507392,593.185857507392,593.185857507392,593.185857507392,True,False,60,False,2,800,0.5900512871582931,116.97786149035399,False,0.09599999999999999,0.0,rolling
paper_hybrid_bilstm_dtr_rolling_fixed_monitor,hybrid,1334,635.0,398.39665388637155,532.1299257838405,532.1299257838405,532.1299257838405,532.1299257838405,True,False,60,False,2,800,0.5928521635213863,117.50694852109771,False,0.09599999999999999,0.0,rolling
paper_hybrid_bilstm_dtr_rolling_fixed_monitor,hybrid,1335,744.0,466.78285116765426,521.9198318301114,521.9198318301114,521.9198318301114,521.9198318301114,True,False,60,False,2,800,0.6946173380471046,140.32667138866634,False,0.09599999999999999,0.0,rolling
paper_hybrid_bilstm_dtr_rolling_fixed_monitor,hybrid,1336,716.0,449.2157546183339,542.8868209066018,542.8868209066018,542.8868209066018,542.8868209066018,True,False,60,False,2,600,0.8913011004332022,207.4517588787997,False,0.0912,0.0336,rolling
paper_hybrid_bilstm_dtr_rolling_fixed_monitor,hybrid,1337,616.0,386.47612408504705,536.2043109579968,536.2043109579968,536.2043109579968,536.2043109579968,True,False,60,False,2,800,0.5751132798884628,114.23991619278752,False,0.1104,0.0336,rolling
paper_hybrid_bilstm_dtr_rolling_fixed_monitor,hybrid,1338,787.0,493.7608922969676,508.2724404857795,508.2724404857795,508.2724404857795,508.2724404857795,True,False,60,False,2,800,0.7347632325847732,151.40271960183105,False,0.09599999999999999,0.0,rolling
paper_hybrid_bilstm_dtr_rolling_fixed_monitor,hybrid,1339,680.0,426.6294876263507,547.2420362253115,547.2420362253115,547.2420362253115,547.2420362253115,True,False,60,False,2,600,0.8464870786237116,189.1775902647678,False,0.0912,0.0336,rolling
paper_hybrid_bilstm_dtr_rolling_fixed_monitor,hybrid,1340,597.0,374.55559428372254,523.4890705076778,523.4890705076778,523.4890705076778,523.4890705076778,True,False,60,False,2,800,0.5573743962555395,111.1683311850457,False,0.1104,0.0336,rolling
paper_hybrid_bilstm_dtr_rolling_fixed_monitor,hybrid,1341,806.0,505.6814220982921,499.2282696765719,499.2282696765719,499.2282696765719,499.2282696765719,True,False,60,False,2,600,1.0033361549569288,261.8075405224965,False,0.0912,0.0336,rolling
paper_hybrid_bilstm_dtr_rolling_fixed_monitor,hybrid,1342,1023.0,641.8264203555245,548.0688487219077,548.0688487219077,548.0688487219077,548.0688487219077,True,False,60,False,2,600,1.273465119753025,451.73518341812434,True,0.072,0.0,rolling
paper_hybrid_bilstm_dtr_rolling_fixed_monitor,hybrid,1343,596.0,373.9281979783897,615.2321677903356,615.2321677903356,615.2321677903356,615.2321677903356,True,False,60,False,2,800,0.5564407708011752,111.01196861180225,False,0.1104,0.0336,rolling
paper_hybrid_bilstm_dtr_rolling_fixed_monitor,hybrid,1344,766.0,480.58556988497736,519.022303415572,519.022303415572,519.022303415572,519.022303415572,True,False,60,False,2,800,0.7151570980431211,145.83803575099788,False,0.09599999999999999,0.0,rolling
paper_hybrid_bilstm_dtr_rolling_fixed_monitor,hybrid,1345,589.0,369.5364238410596,552.1145993842833,552.1145993842833,552.1145993842833,552.1145993842833,True,False,60,False,2,600,0.7332071901608326,150.95004099020275,False,0.0912,0.0336,rolling
paper_hybrid_bilstm_dtr_rolling_fixed_monitor,hybrid,1346,741.0,464.90066225165566,506.361393880793,506.361393880793,506.361393880793,506.361393880793,True,False,60,False,2,800,0.6918164616840115,139.59985188502904,False,0.1104,0.0336,rolling
paper_hybrid_bilstm_dtr_rolling_fixed_monitor,hybrid,1347,716.0,449.2157546183339,537.0105326155917,537.0105326155917,537.0105326155917,537.0105326155917,True,False,60,False,2,600,0.8913011004332022,207.4517588787997,False,0.0912,0.0336,rolling
paper_hybrid_bilstm_dtr_rolling_fixed_monitor,hybrid,1348,747.0,468.66504008365285,532.8604550356099,532.8604550356099,532.8604550356099,532.8604550356099,True,False,60,False,2,800,0.6974182144101977,141.05937603844586,False,0.1104,0.0336,rolling
paper_hybrid_bilstm_dtr_rolling_fixed_monitor,hybrid,1349,846.0,530.7772743116068,540.9856001054895,540.9856001054895,540.9856001054895,540.9856001054895,True,False,60,False,2,800,0.789847134392272,168.69551211817776,False,0.09599999999999999,0.0,rolling
paper_hybrid_bilstm_dtr_rolling_fixed_monitor,hybrid,1350,777.0,487.4869292436389,569.7712077035467,569.7712077035467,569.7712077035467,569.7712077035467,True,False,60,False,2,800,0.7254269780411293,148.7153262682226,False,0.09599999999999999,0.0,rolling
paper_hybrid_bilstm_dtr_rolling_fixed_monitor,hybrid,1351,774.0,485.6047403276403,558.7917870224564,558.7917870224564,558.7917870224564,558.7917870224564,True,False,60,False,2,800,0.7226261016780361,147.92246498348112,False,0.09599999999999999,0.0,rolling
paper_hybrid_bilstm_dtr_rolling_fixed_monitor,hybrid,1352,747.0,468.66504008365285,558.6966597545561,558.6966597545561,558.6966597545561,558.6966597545561,True,False,60,False,2,800,0.6974182144101977,141.05937603844586,False,0.09599999999999999,0.0,rolling
paper_hybrid_bilstm_dtr_rolling_fixed_monitor,hybrid,1353,740.0,464.2732659463228,551.2197769118516,551.2197769118516,551.2197769118516,551.2197769118516,True,False,60,False,2,800,0.690882836229647,139.3588824258483,False,0.09599999999999999,0.0,rolling
paper_hybrid_bilstm_dtr_rolling_fixed_monitor,hybrid,1354,771.0,483.7225514116417,548.7460826208003,548.7460826208003,548.7460826208003,548.7460826208003,True,False,60,False,2,800,0.719825225314943,147.13572614916177,False,0.09599999999999999,0.0,rolling
paper_hybrid_bilstm_dtr_rolling_fixed_monitor,hybrid,1355,745.0,467.4102474729871,555.771941799394,555.771941799394,555.771941799394,555.771941799394,True,False,60,False,2,800,0.6955509635014689,140.5702511949263,False,0.09599999999999999,0.0,rolling
paper_hybrid_bilstm_dtr_rolling_fixed_monitor,hybrid,1356,667.0,418.47333565702337,550.2065149701707,550.2065149701707,550.2065149701707,550.2065149701707,True,False,60,False,2,800,0.6227281780610466,123.46783984573963,False,0.09599999999999999,0.0,rolling
paper_hybrid_bilstm_dtr_rolling_fixed_monitor,hybrid,1357,994.0,623.6319275008714,528.3567207647125,528.3567207647125,528.3567207647125,528.3567207647125,True,False,60,False,2,800,0.9280237016382015,223.86319783617557,False,0.09599999999999999,0.0,rolling
paper_hybrid_bilstm_dtr_rolling_fixed_monitor,hybrid,1358,812.0,509.4457999302893,611.7511359393511,611.7511359393511,611.7511359393511,611.7511359393511,True,False,60,False,2,800,0.7581038689438829,158.42574342842744,False,0.09599999999999999,0.0,rolling
paper_hybrid_bilstm_dtr_rolling_fixed_monitor,hybrid,1359,794.0,498.15266643429766,577.9465896040188,577.9465896040188,577.9465896040188,577.9465896040188,True,False,60,False,2,800,0.7412986107653239,153.32499867335483,False,0.09599999999999999,0.0,rolling
paper_hybrid_bilstm_dtr_rolling_fixed_monitor,hybrid,1360,803.0,503.7992331822935,573.1556913983254,573.1556913983254,573.1556913983254,573.1556913983254,True,False,60,False,2,800,0.7497012398546035,155.84678775037372,False,0.09599999999999999,0.0,rolling
paper_hybrid_bilstm_dtr_rolling_fixed_monitor,hybrid,1361,648.0,406.55280585569886,574.7561414529041,574.7561414529041,574.7561414529041,574.7561414529041,True,False,60,False,2,800,0.6049892944281233,119.8580065436917,False,0.09599999999999999,0.0,rolling
paper_hybrid_bilstm_dtr_rolling_fixed_monitor,hybrid,1362,550.0,345.06796793307774,533.126931799994,533.126931799994,533.126931799994,533.126931799994,True,False,60,False,2,800,0.5134939999004133,104.37129603281275,False,0.09599999999999999,0.0,rolling
paper_hybrid_bilstm_dtr_rolling_fixed_monitor,hybrid,1363,765.0,479.9581735796445,497.942751085875,497.942751085875,497.942751085875,497.942751085875,True,False,60,False,2,800,0.7142234725887567,145.58052091007767,False,0.09599999999999999,0.0,rolling
paper_hybrid_bilstm_dtr_rolling_fixed_monitor,hybrid,1364,700.0,439.17741373300805,542.2919262808614,542.2919262808614,542.2919262808614,542.2919262808614,True,False,60,False,2,600,0.871383757406762,199.09701767255038,False,0.0912,0.0336,rolling
paper_hybrid_bilstm_dtr_rolling_fixed_monitor,hybrid,1365,590.0,370.1638201463925,528.7686097932947,528.7686097932947,528.7686097932947,528.7686097932947,True,False,60,False,2,800,0.5508390180749888,110.0847627824075,False,0.1104,0.0336,rolling
paper_hybrid_bilstm_dtr_rolling_fixed_monitor,hybrid,1366,540.0,338.794004879749,498.5722046051437,498.5722046051437,498.5722046051437,498.5722046051437,True,False,60,False,2,800,0.5041577453567694,103.06597600908084,False,0.09599999999999999,0.0,rolling
paper_hybrid_bilstm_dtr_rolling_fixed_monitor,hybrid,1367,589.0,369.5364238410596,478.3099038795476,478.3099038795476,478.3099038795476,478.3099038795476,True,False,60,False,2,600,0.7332071901608326,150.95004099020275,False,0.0912,0.0336,rolling
paper_hybrid_bilstm_dtr_rolling_fixed_monitor,hybrid,1368,505.0,316.83513419309867,482.11114133914043,482.11114133914043,482.11114133914043,482.11114133914043,True,False,60,False,2,600,0.6286411392720211,124.71784854411308,False,0.072,0.0,rolling
paper_hybrid_bilstm_dtr_rolling_fixed_monitor,hybrid,1369,567.0,355.7337051237365,457.39690855866047,457.39690855866047,457.39690855866047,457.39690855866047,True,False,60,False,2,600,0.7058208434994772,143.29303816891783,False,0.072,0.0,rolling
paper_hybrid_bilstm_dtr_rolling_fixed_monitor,hybrid,1370,867.0,543.9525967235971,466.5293671056206,466.5293671056206,466.5293671056206,466.5293671056206,True,False,60,False,2,600,1.0792710252452324,306.28932072205805,False,0.072,0.0,rolling
paper_hybrid_bilstm_dtr_rolling_fixed_monitor,hybrid,1371,774.0,485.6047403276403,544.9260605361537,544.9260605361537,544.9260605361537,544.9260605361537,True,False,60,False,2,600,0.9635014689040482,241.00139847936268,False,0.072,0.0,rolling
paper_hybrid_bilstm_dtr_rolling_fixed_monitor,hybrid,1372,780.0,489.36911815963754,537.2710368325229,537.2710368325229,537.2710368325229,537.2710368325229,True,False,60,False,2,800,0.7282278544042226,149.51433373381428,False,0.1104,0.0336,rolling
paper_hybrid_bilstm_dtr_rolling_fixed_monitor,hybrid,1373,693.0,434.78563959567794,545.9826475297214,545.9826475297214,545.9826475297214,545.9826475297214,True,False,60,False,2,800,0.6470024398745208,128.75175567293383,False,0.09599999999999999,0.0,rolling
paper_hybrid_bilstm_dtr_rolling_fixed_monitor,hybrid,1374,539.0,338.16660857441616,527.5898023226146,527.5898023226146,527.5898023226146,527.5898023226146,True,False,60,False,2,800,0.503224119902405,102.93806885571509,False,0.09599999999999999,0.0,rolling
paper_hybrid_bilstm_dtr_rolling_fixed_monitor,hybrid,1375,728.0,456.74451028232835,485.5121940365307,485.5121940365307,485.5121940365307,485.5121940365307,True,False,60,False,2,800,0.6796793307772744,136.51772793054414,False,0.09599999999999999,0.0,rolling
paper_hybrid_bilstm_dtr_rolling_fixed_monitor,hybrid,1376,945.0,592.8895085395608,525.3100231609642,525.3100231609642,525.3100231609642,525.3100231609642,True,False,60,False,2,600,1.1763680724991286,373.023324856101,True,0.0912,0.0336,rolling
paper_hybrid_bilstm_dtr_rolling_fixed_monitor,hybrid,1377,747.0,468.66504008365285,588.5122909597267,588.5122909597267,588.5122909597267,588.5122909597267,True,False,60,False,2,800,0.6974182144101977,141.05937603844586,False,0.1104,0.0336,rolling
paper_hybrid_bilstm_dtr_rolling_fixed_monitor,hybrid,1378,908.0,569.6758452422447,550.9261346896974,550.9261346896974,550.9261346896974,550.9261346896974,True,False,60,False,2,800,0.8477319125628642,189.6599647835096,False,0.09599999999999999,0.0,rolling
paper_hybrid_bilstm_dtr_rolling_fixed_monitor,hybrid,1379,957.0,600.4182642035553,594.4127343519276,594.4127343519276,594.4127343519276,594.4127343519276,True,False,60,False,2,800,0.8934795598267191,208.3885724119623,False,0.09599999999999999,0.0,rolling
paper_hybrid_bilstm_dtr_rolling_fixed_monitor,hybrid,1380,845.0,530.149878006274,617.524277372534,617.524277372534,617.524277372534,617.524277372534,True,False,60,False,2,800,0.7889135089379077,168.38136065578124,False,0.09599999999999999,0.0,rolling
paper_hybrid_bilstm_dtr_rolling_fixed_monitor,hybrid,1381,802.0,503.17183687696064,595.8720588900769,595.8720588900769,595.8720588900769,595.8720588900769,True,False,60,False,2,800,0.7487676144002391,155.56377764074176,False,0.09599999999999999,0.0,rolling
paper_hybrid_bilstm_dtr_rolling_fixed_monitor,hybrid,1382,763.0,478.70338096897876,584.0810701581072,584.0810701581072,584.0810701581072,584.0810701581072,True,False,60,False,2,800,0.7123562216800279,145.0675074357119,False,0.09599999999999999,0.0,rolling
paper_hybrid_bilstm_dtr_rolling_fixed_monitor,hybrid,1383,838.0,525.7581038689439,570.8034469331024,570.8034469331024,570.8034469331024,570.8034469331024,True,False,60,False,2,800,0.782378130757357,166.20304608649957,False,0.09599999999999999,0.0,rolling
paper_hybrid_bilstm_dtr_rolling_fixed_monitor,hybrid,1384,838.0,525.7581038689439,587.0574939978724,587.0574939978724,587.0574939978724,587.0574939978724,True,False,60,False,2,800,0.782378130757357,166.20304608649957,False,0.09599999999999999,0.0,rolling
paper_hybrid_bilstm_dtr_rolling_fixed_monitor,hybrid,1385,673.0,422.23771348902056,589.1676817112811,589.1676817112811,589.1676817112811,589.1676817112811,True,False,60,False,2,800,0.628329930787233,124.6514687698828,False,0.09599999999999999,0.0,rolling
paper_hybrid_bilstm_dtr_rolling_fixed_monitor,hybrid,1386,794.0,498.15266643429766,545.5411125095479,545.5411125095479,545.5411125095479,545.5411125095479,True,False,60,False,2,800,0.7412986107653239,153.32499867335483,False,0.09599999999999999,0.0,rolling
paper_hybrid_bilstm_dtr_rolling_fixed_monitor,hybrid,1387,861.0,540.1882188915998,567.8554408594441,567.8554408594441,567.8554408594441,567.8554408594441,True,False,60,False,2,800,0.8038515162077379,173.497502650034,False,0.09599999999999999,0.0,rolling
paper_hybrid_bilstm_dtr_rolling_fixed_monitor,hybrid,1388,786.0,493.13349599163473,586.7643575156235,586.7643575156235,586.7643575156235,586.7643575156235,True,False,60,False,2,800,0.7338296071304088,151.13088212926002,False,0.09599999999999999,0.0,rolling
paper_hybrid_bilstm_dtr_rolling_fixed_monitor,hybrid,1389,1001.0,628.0237016382015,570.5105031136745,570.5105031136745,570.5105031136745,570.5105031136745,True,False,60,False,2,800,0.9345590798187522,226.9240153819418,False,0.09599999999999999,0.0,rolling
paper_hybrid_bilstm_dtr_rolling_fixed_monitor,hybrid,1390,877.0,550.2265597769258,627.7961438432667,627.7961438432667,627.7961438432667,627.7961438432667,True,False,60,False,2,800,0.8187895234775682,178.80736931156378,False,0.09599999999999999,0.0,rolling
paper_hybrid_bilstm_dtr_rolling_fixed_monitor,hybrid,1391,830.0,520.7389334262809,606.0394539460876,606.0394539460876,606.0394539460876,606.0394539460876,True,False,60,False,2,800,0.7749091271224419,163.75771747386264,False,0.09599999999999999,0.0,rolling
paper_hybrid_bilstm_dtr_rolling_fixed_monitor,hybrid,1392,538.0,337.5392122690833,594.5998099511808,594.5998099511808,594.5998099511808,594.5998099511808,True,False,60,False,2,800,0.5022904944480406,102.81063543200446,False,0.09599999999999999,0.0,rolling
paper_hybrid_bilstm_dtr_rolling_fixed_monitor,hybrid,1393,906.0,568.421052631579,514.7237068834024,514.7237068834024,514.7237068834024,514.7237068834024,True,False,60,False,2,800,0.8458646616541353,188.93693438469256,False,0.09599999999999999,0.0,rolling
paper_hybrid_bilstm_dtr_rolling_fixed_monitor,hybrid,1394,608.0,381.4569536423841,593.985119220576,593.985119220576,593.985119220576,593.985119220576,True,False,60,False,2,600,0.7568590350047304,158.04004374364618,False,0.0912,0.0336,rolling
paper_hybrid_bilstm_dtr_rolling_fixed_monitor,hybrid,1395,715.0,448.58835831300104,522.3464113987998,522.3464113987998,522.3464113987998,522.3464113987998,True,False,60,False,2,800,0.6675421998705373,133.5437373840896,False,0.1104,0.0336,rolling
paper_hybrid_bilstm_dtr_rolling_fixed_monitor,hybrid,1396,791.0,496.27047751829906,539.1874779964992,539.1874779964992,539.1874779964992,539.1874779964992,True,False,60,False,2,600,0.984663645869641,251.84472950866987,False,0.0912,0.0336,rolling
paper_hybrid_bilstm_dtr_rolling_fixed_monitor,hybrid,1397,724.0,454.2349250609969,557.4066376704168,557.4066376704168,557.4066376704168,557.4066376704168,True,False,60,False,2,800,0.6759448289598168,135.59122639681473,False,0.1104,0.0336,rolling
paper_hybrid_bilstm_dtr_rolling_fixed_monitor,hybrid,1398,818.0,513.2101777622865,542.2280585556787,542.2280585556787,542.2280585556787,542.2280585556787,True,False,60,False,2,800,0.7637056216700693,160.1771228423003,False,0.09599999999999999,0.0,rolling
paper_hybrid_bilstm_dtr_rolling_fixed_monitor,hybrid,1399,622.0,390.2405019170443,565.7038788052118,565.7038788052118,565.7038788052118,565.7038788052118,True,False,60,False,2,800,0.5807150326146493,115.25021016072805,False,0.09599999999999999,0.0,rolling
paper_hybrid_bilstm_dtr_rolling_fixed_monitor,hybrid,1400,686.0,430.3938654583479,517.0726038321095,517.0726038321095,517.0726038321095,517.0726038321095,True,False,60,False,2,800,0.64046706169397,127.28930198353284,False,0.09599999999999999,0.0,rolling
paper_hybrid_bilstm_dtr_rolling_fixed_monitor,hybrid,1401,810.0,508.19100731962357,525.2732727278462,525.2732727278462,525.2732727278462,525.2732727278462,True,False,60,False,2,600,1.0083154907135388,264.52780807264674,False,0.0912,0.0336,rolling
paper_hybrid_bilstm_dtr_rolling_fixed_monitor,hybrid,1402,862.0,540.8156151969328,556.3054010680676,556.3054010680676,556.3054010680676,556.3054010680676,True,False,60,False,2,800,0.8047851416621024,173.82365643556653,False,0.1104,0.0336,rolling
paper_hybrid_bilstm_dtr_rolling_fixed_monitor,hybrid,1403,722.0,452.98013245033115,577.1973479757535,577.1973479757535,577.1973479757535,577.1973479757535,True,False,60,False,2,800,0.674077578051088,135.13179710776166,False,0.09599999999999999,0.0,rolling
paper_hybrid_bilstm_dtr_rolling_fixed_monitor,hybrid,1404,622.0,390.2405019170443,546.3809538294186,546.3809538294186,546.3809538294186,546.3809538294186,True,False,60,False,2,800,0.5807150326146493,115.25021016072805,False,0.09599999999999999,0.0,rolling
paper_hybrid_bilstm_dtr_rolling_fixed_monitor,hybrid,1405,553.0,346.95015684907634,517.0790098709099,517.0790098709099,517.0790098709099,517.0790098709099,True,False,60,False,2,800,0.5162948762635065,104.77227830310824,False,0.09599999999999999,0.0,rolling
paper_hybrid_bilstm_dtr_rolling_fixed_monitor,hybrid,1406,730.0,457.9993028929941,490.69530558020506,490.69530558020506,490.69530558020506,490.69530558020506,True,False,60,False,2,600,0.9087287755813375,215.0751152300948,False,0.0912,0.0336,rolling
paper_hybrid_bilstm_dtr_rolling_fixed_monitor,hybrid,1407,746.0,468.03764377832,527.1756254230322,527.1756254230322,527.1756254230322,527.1756254230322,True,False,60,False,2,600,0.9286461186077778,224.15285519459056,False,0.072,0.0,rolling
paper_hybrid_bilstm_dtr_rolling_fixed_monitor,hybrid,1408,1057.0,663.1578947368421,534.9724007972609,534.9724007972609,534.9724007972609,534.9724007972609,True,False,60,False,2,800,0.9868421052631579,252.98781710161828,False,0.1104,0.0336,rolling
paper_hybrid_bilstm_dtr_rolling_fixed_monitor,hybrid,1409,1060.0,665.0400836528407,623.392497907912,623.392497907912,623.392497907912,623.392497907912,True,False,60,False,2,800,0.9896429816262511,254.46493473067767,False,0.09599999999999999,0.0,rolling
paper_hybrid_bilstm_dtr_rolling_fixed_monitor,hybrid,1410,740.0,464.2732659463228,646.502884951592,646.502884951592,646.502884951592,646.502884951592,True,False,60,False,2,800,0.690882836229647,139.3588824258483,False,0.09599999999999999,0.0,rolling
paper_hybrid_bilstm_dtr_rolling_fixed_monitor,hybrid,1411,713.0,447.3335657023353,574.4763950367192,574.4763950367192,574.4763950367192,574.4763950367192,True,False,60,False,2,800,0.6656749489618085,133.09567497004508,False,0.09599999999999999,0.0,rolling
paper_hybrid_bilstm_dtr_rolling_fixed_monitor,hybrid,1412,900.0,564.6566747995818,558.4862478711016,558.4862478711016,558.4862478711016,558.4862478711016,True,False,60,False,2,800,0.8402629089279491,186.78692596796688,False,0.09599999999999999,0.0,rolling
paper_hybrid_bilstm_dtr_rolling_fixed_monitor,hybrid,1413,805.0,505.05402579295924,601.2429203528782,601.2429203528782,601.2429203528782,601.2429203528782,True,False,60,False,2,800,0.7515684907633322,156.4149261300622,False,0.09599999999999999,0.0,rolling
paper_hybrid_bilstm_dtr_rolling_fixed_monitor,hybrid,1414,836.0,524.5033112582781,581.5527318744316,581.5527318744316,581.5527318744316,581.5527318744316,True,False,60,False,2,800,0.7805108798486282,165.58731237840004,False,0.09599999999999999,0.0,rolling
paper_hybrid_bilstm_dtr_rolling_fixed_monitor,hybrid,1415,657.0,412.19937260369466,588.8973276076231,588.8973276076231,588.8973276076231,588.8973276076231,True,False,60,False,2,800,0.6133919235174028,121.54192957928058,False,0.09599999999999999,0.0,rolling
paper_hybrid_bilstm_dtr_rolling_fixed_monitor,hybrid,1416,927.0,581.5963750435692,541.9226879842922,541.9226879842922,541.9226879842922,541.9226879842922,True,False,60,False,2,800,0.8654707961957875,196.68895725219852,False,0.09599999999999999,0.0,rolling
paper_hybrid_bilstm_dtr_rolling_fixed_monitor,hybrid,1417,891.0,559.0101080515859,604.3290897520919,604.3290897520919,604.3290897520919,604.3290897520919,True,False,60,False,2,800,0.8318602798386695,183.61524747979226,False,0.09599999999999999,0.0,rolling
paper_hybrid_bilstm_dtr_rolling_fixed_monitor,hybrid,1418,733.0,459.8814918089927,603.3231971633168,603.3231971633168,603.3231971633168,603.3231971633168,True,False,60,False,2,800,0.6843474580490962,137.69025789914042,False,0.09599999999999999,0.0,rolling
paper_hybrid_bilstm_dtr_rolling_fixed_monitor,hybrid,1419,659.0,413.4541652143604,563.5873573015606,563.5873573015606,563.5873573015606,563.5873573015606,True,False,60,False,2,800,0.6152591744261315,121.92246398430473,False,0.09599999999999999,0.0,rolling
paper_hybrid_bilstm_dtr_rolling_fixed_monitor,hybrid,1420,625.0,392.1226908330429,536.4196839090937,536.4196839090937,536.4196839090937,536.4196839090937,True,False,60,False,2,800,0.5835159089777424,115.76272544259007,False,0.09599999999999999,0.0,rolling
paper_hybrid_bilstm_dtr_rolling_fixed_monitor,hybrid,1421,817.0,512.5827814569536,518.566824423724,518.566824423724,518.566824423724,518.566824423724,True,False,60,False,2,800,0.7627719962157048,159.8834340400715,False,0.09599999999999999,0.0,rolling
paper_hybrid_bilstm_dtr_rolling_fixed_monitor,hybrid,1422,673.0,422.23771348902056,561.5863130762846,561.5863130762846,561.5863130762846,561.5863130762846,True,False,60,False,2,600,0.837773241049644,185.84051856564815,False,0.0912,0.0336,rolling
paper_hybrid_bilstm_dtr_rolling_fixed_monitor,hybrid,1423,534.0,335.02962704775183,528.102140929529,528.102140929529,528.102140929529,528.102140929529,True,False,60,False,2,800,0.4985559926305831,102.30562145561827,False,0.1104,0.0336,rolling
paper_hybrid_bilstm_dtr_rolling_fixed_monitor,hybrid,1424,637.0,399.6514464970373,486.78555078664795,486.78555078664795,486.78555078664795,486.78555078664795,True,False,60,False,2,800,0.594719414430115,117.86246226596998,False,0.09599999999999999,0.0,rolling
paper_hybrid_bilstm_dtr_rolling_fixed_monitor,hybrid,1425,667.0,418.47333565702337,501.940576871511,501.940576871511,501.940576871511,501.940576871511,True,False,60,False,2,600,0.8303042374147289,183.03487963434583,False,0.0912,0.0336,rolling
paper_hybrid_bilstm_dtr_rolling_fixed_monitor,hybrid,1426,727.0,456.1171139769955,508.0616673595355,508.0616673595355,508.0616673595355,508.0616673595355,True,False,60,False,2,600,0.90499427376388,213.4166399535337,False,0.072,0.0,rolling
paper_hybrid_bilstm_dtr_rolling_fixed_monitor,hybrid,1427,727.0,456.1171139769955,523.7909008997271,523.7909008997271,523.7909008997271,523.7909008997271,True,False,60,False,2,600,0.90499427376388,213.4166399535337,False,0.072,0.0,rolling
paper_hybrid_bilstm_dtr_rolling_fixed_monitor,hybrid,1428,675.0,423.4925060996863,527.3920339367924,527.3920339367924,527.3920339367924,527.3920339367924,True,False,60,False,2,600,0.840262908927949,186.78692596796685,False,0.072,0.0,rolling
paper_hybrid_bilstm_dtr_rolling_fixed_monitor,hybrid,1429,781.0,489.9965144649704,516.5620232734373,516.5620232734373,516.5620232734373,516.5620232734373,True,False,60,False,2,800,0.7291614798585869,149.78203947520035,False,0.1104,0.0336,rolling
paper_hybrid_bilstm_dtr_rolling_fixed_monitor,hybrid,1430,694.0,435.4130359010108,544.094431469031,544.094431469031,544.094431469031,544.094431469031,True,False,60,False,2,600,0.8639147537718468,196.06069788744344,False,0.0912,0.0336,rolling
paper_hybrid_bilstm_dtr_rolling_fixed_monitor,hybrid,1431,659.0,413.4541652143604,526.7374620022274,526.7374620022274,526.7374620022274,526.7374620022274,True,False,60,False,2,800,0.6152591744261315,121.92246398430473,False,0.1104,0.0336,rolling
paper_hybrid_bilstm_dtr_rolling_fixed_monitor,hybrid,1432,585.0,367.02683861972815,515.950848639317,515.950848639317,515.950848639317,515.950848639317,True,False,60,False,2,800,0.5461708908031669,109.32635954395292,False,0.09599999999999999,0.0,rolling
paper_hybrid_bilstm_dtr_rolling_fixed_monitor,hybrid,1433,586.0,367.654234925061,493.7025795541931,493.7025795541931,493.7025795541931,493.7025795541931,True,False,60,False,2,600,0.7294726883433751,149.87142721772685,False,0.0912,0.0336,rolling
paper_hybrid_bilstm_dtr_rolling_fixed_monitor,hybrid,1434,667.0,418.47333565702337,487.9326411404104,487.9326411404104,487.9326411404104,487.9326411404104,True,False,60,False,2,600,0.8303042374147289,183.03487963434583,False,0.072,0.0,rolling
paper_hybrid_bilstm_dtr_rolling_fixed_monitor,hybrid,1435,777.0,487.4869292436389,504.70601083935844,504.70601083935844,504.70601083935844,504.70601083935844,True,False,60,False,2,600,0.9672359707215057,242.88077337652769,False,0.072,0.0,rolling
paper_hybrid_bilstm_dtr_rolling_fixed_monitor,hybrid,1436,764.0,479.33077727431163,535.5358191346099,535.5358191346099,535.5358191346099,535.5358191346099,True,False,60,False,2,600,0.9510531295125231,234.84131183711742,False,0.072,0.0,rolling
paper_hybrid_bilstm_dtr_rolling_fixed_monitor,hybrid,1437,821.0,515.0923666782851,539.585615716228,539.585615716228,539.585615716228,539.585615716228,True,False,60,False,2,800,0.7665064980331623,161.06250642907176,False,0.1104,0.0336,rolling
paper_hybrid_bilstm_dtr_rolling_fixed_monitor,hybrid,1438,547.0,343.18577901707914,559.5810061860925,559.5810061860925,559.5810061860925,559.5810061860925,True,False,60,False,2,800,0.5106931235373201,103.9746643409826,False,0.09599999999999999,0.0,rolling
paper_hybrid_bilstm_dtr_rolling_fixed_monitor,hybrid,1439,679.0,426.00209132101776,493.60559790664,493.60559790664,493.60559790664,493.60559790664,True,False,60,False,2,800,0.6339316835134193,125.85639179807825,False,0.09599999999999999,0.0,rolling
