variant,system,tick,actual_request_rate,scaled_demand,predicted_demand,p10,p50,p90,monitored,burst,next_interval_seconds,after_stretched_interval,replicas,cpu_millicores,utilization,response_ms,slo_violation,resource_cost,rolling_overlap_cost,execution_backend
proactive_hpa_bilstm_fixed_cpu,proactive_hpa,0,839.0,526.3855001742768,575.1495589335168,575.1495589335168,575.1495589335168,575.1495589335168,True,False,60,False,3,950,0.4397539683995629,95.30741325197913,False,0.17099999999999999,0.0,rolling
proactive_hpa_bilstm_fixed_cpu,proactive_hpa,1,721.0,452.3527361449983,589.7437435462625,589.7437435462625,589.7437435462625,589.7437435462625,True,False,60,False,3,950,0.37790537689640624,89.7145283185741,False,0.17099999999999999,0.0,rolling
proactive_hpa_bilstm_fixed_cpu,proactive_hpa,2,992.0,622.3771348902056,558.8374481110486,558.8374481110486,558.8374481110486,558.8374481110486,True,False,60,False,3,950,0.5199474811112829,105.30177217643103,False,0.17099999999999999,0.0,rolling
proactive_hpa_bilstm_fixed_cpu,proactive_hpa,3,948.0,594.7716974555594,626.3139887608213,626.3139887608213,626.3139887608213,626.3139887608213,True,False,60,False,3,950,0.4968852944490889,102.08212868705203,False,0.17099999999999999,0.0,rolling
proactive_hpa_bilstm_fixed_cpu,proactive_hpa,4,1047.0,656.8839316835134,626.1618814635913,626.1618814635913,626.1618814635913,626.1618814635913,True,False,60,False,3,950,0.5487752144390254,109.74787647750283,False,0.17099999999999999,0.0,rolling
proactive_hpa_bilstm_fixed_cpu,proactive_hpa,5,1145.0,718.3687696061346,659.3568185502245,659.3568185502245,659.3568185502245,659.3568185502245,True,False,60,False,3,950,0.600140993823003,118.90741564057593,False,0.17099999999999999,0.0,rolling
proactive_hpa_bilstm_fixed_cpu,proactive_hpa,6,904.0,567.1662600209132,697.8354853388328,697.8354853388328,697.8354853388328,697.8354853388328,True,False,60,False,3,950,0.4738231077868949,99.14790287338027,False,0.17099999999999999,0.0,rolling
proactive_hpa_bilstm_fixed_cpu,proactive_hpa,7,1008.0,632.4154757755316,643.8118188326753,643.8118188326753,643.8118188326753,643.8118188326753,True,False,60,False,3,950,0.5283337308066263,106.54590407925234,False,0.17099999999999999,0.0,rolling
proactive_hpa_bilstm_fixed_cpu,proactive_hpa,8,965.0,605.4374346462182,667.1604816203062,667.1604816203062,667.1604816203062,667.1604816203062,True,False,60,False,3,950,0.5057956847503912,103.291521772798,False,0.17099999999999999,0.0,rolling
proactive_hpa_bilstm_fixed_cpu,proactive_hpa,9,1099.0,689.5085395608226,658.2601817727282,658.2601817727282,658.2601817727282,658.2601817727282,True,False,60,False,3,950,0.576030525948891,114.40400496954103,False,0.17099999999999999,0.0,rolling
proactive_hpa_bilstm_fixed_cpu,proactive_hpa,10,931.0,584.1059602649007,695.708824954223,695.708824954223,695.708824954223,695.708824954223,True,False,60,False,3,950,0.48797490414778666,100.9153418555826,False,0.17099999999999999,0.0,rolling
proactive_hpa_bilstm_fixed_cpu,proactive_hpa,11,1011.0,634.2976646915301,656.671050658887,656.671050658887,656.671050658887,656.671050658887,True,False,60,False,3,950,0.529906152624503,106.78362718750941,False,0.17099999999999999,0.0,rolling
proactive_hpa_bilstm_fixed_cpu,proactive_hpa,12,1169.0,733.4262809341234,674.5241028070777,674.5241028070777,674.5241028070777,674.5241028070777,True,False,60,False,3,950,0.6127203683660178,121.40563581407896,False,0.17099999999999999,0.0,rolling
proactive_hpa_bilstm_fixed_cpu,proactive_hpa,13,1013.0,635.5524573021959,720.2669286010832,720.2669286010832,720.2669286010832,720.2669286010832,True,False,60,False,3,950,0.5309544338364209,106.94289511956772,False,0.17099999999999999,0.0,rolling
proactive_hpa_bilstm_fixed_cpu,proactive_hpa,14,842.0,528.2676890902753,687.0491128044487,687.0491128044487,687.0491128044487,687.0491128044487,True,False,60,False,3,950,0.4413263902174397,95.47220457122366,False,0.17099999999999999,0.0,rolling
proactive_hpa_bilstm_fixed_cpu,proactive_hpa,15,1180.0,740.327640292785,637.0144818427161,637.0144818427161,637.0144818427161,637.0144818427161,True,False,60,False,3,950,0.6184859150315664,122.58551918718003,False,0.17099999999999999,0.0,rolling
proactive_hpa_bilstm_fixed_cpu,proactive_hpa,16,1164.0,730.2892994074591,718.9158324026666,718.9158324026666,718.9158324026666,718.9158324026666,True,False,60,False,3,950,0.6100996653362232,120.8766094268361,False,0.17099999999999999,0.0,rolling
proactive_hpa_bilstm_fixed_cpu,proactive_hpa,17,1061.0,665.6674799581735,727.6073339179165,727.6073339179165,727.6073339179165,727.6073339179165,True,False,60,False,3,950,0.5561131829224507,110.9572287410416,False,0.17099999999999999,0.0,rolling
proactive_hpa_bilstm_fixed_cpu,proactive_hpa,18,1163.0,729.6619031021262,706.5733222625486,706.5733222625486,706.5733222625486,706.5733222625486,True,False,60,False,3,950,0.6095755247302641,120.77134782343066,False,0.17099999999999999,0.0,rolling
proactive_hpa_bilstm_fixed_cpu,proactive_hpa,19,1290.0,809.3412338794005,735.2049922665756,735.2049922665756,735.2049922665756,735.2049922665756,True,False,60,False,3,950,0.6761413816870514,135.63973531763736,False,0.17099999999999999,0.0,rolling
proactive_hpa_bilstm_fixed_cpu,proactive_hpa,20,974.0,611.084001394214,777.9355348532454,777.9355348532454,777.9355348532454,777.9355348532454,True,False,60,False,3,950,0.5105129502040218,103.94929839492254,False,0.17099999999999999,0.0,rolling
proactive_hpa_bilstm_fixed_cpu,proactive_hpa,21,1143.0,717.1139769954689,700.8291765839358,700.8291765839358,700.8291765839358,700.8291765839358,True,False,60,False,3,950,0.5990927126110851,118.70388990437313,False,0.17099999999999999,0.0,rolling
proactive_hpa_bilstm_fixed_cpu,proactive_hpa,22,925.0,580.3415824329035,737.5179575991542,737.5179575991542,737.5179575991542,737.5179575991542,True,False,60,False,3,950,0.484830060512033,100.5135640939684,False,0.17099999999999999,0.0,rolling
proactive_hpa_bilstm_fixed_cpu,proactive_hpa,23,805.0,505.05402579295924,678.0399584629695,678.0399584629695,678.0399584629695,678.0399584629695,True,False,60,False,3,950,0.42193318779695843,93.52083663761523,False,0.17099999999999999,0.0,rolling
proactive_hpa_bilstm_fixed_cpu,proactive_hpa,24,778.0,488.1143255489718,632.7782117331608,632.7782117331608,632.7782117331608,632.7782117331608,True,False,60,False,3,950,0.4077813914360667,92.20547584091437,False,0.17099999999999999,0.0,rolling
proactive_hpa_bilstm_fixed_cpu,proactive_hpa,25,767.0,481.2129661903102,609.4258401862244,609.4258401862244,609.4258401862244,609.4258401862244,True,False,60,False,3,950,0.40201584477051816,91.69504820677932,False,0.17099999999999999,0.0,rolling
proactive_hpa_bilstm_fixed_cpu,proactive_hpa,26,673.0,422.23771348902056,591.8179996435429,591.8179996435429,591.8179996435429,591.8179996435429,True,False,60,False,3,950,0.3527466278103764,87.90061896859773,False,0.17099999999999999,0.0,rolling
proactive_hpa_bilstm_fixed_cpu,proactive_hpa,27,746.0,468.03764377832,555.3142712679564,555.3142712679564,555.3142712679564,555.3142712679564,True,False,60,False,3,950,0.3910088920453801,90.76049888608111,False,0.17099999999999999,0.0,rolling
proactive_hpa_bilstm_fixed_cpu,proactive_hpa,28,670.0,420.35552457302197,561.3419684534701,561.3419684534701,561.3419684534701,561.3419684534701,True,False,60,False,3,950,0.35117420599249954,87.7954346034002,False,0.17099999999999999,0.0,rolling
proactive_hpa_bilstm_fixed_cpu,proactive_hpa,29,702.0,440.4322063436738,535.4057717303917,535.4057717303917,535.4057717303917,535.4057717303917,True,False,60,False,3,950,0.36794670538318613,88.9665889444992,False,0.17099999999999999,0.0,rolling
proactive_hpa_bilstm_fixed_cpu,proactive_hpa,30,635.0,398.39665388637155,534.982563761072,534.982563761072,534.982563761072,534.982563761072,True,False,60,False,3,950,0.33282928478393614,86.63646946234107,False,0.17099999999999999,0.0,rolling
proactive_hpa_bilstm_fixed_cpu,proactive_hpa,31,779.0,488.74172185430467,513.775709472357,513.775709472357,513.775709472357,513.775709472357,True,False,60,False,2,950,0.6124582980630384,121.35252897684259,False,0.114,0.0,rolling
proactive_hpa_bilstm_fixed_cpu,proactive_hpa,32,671.0,420.98292087835483,545.2607399391945,545.2607399391945,545.2607399391945,545.2607399391945,True,False,60,False,2,950,0.5275475198976878,106.42757184335741,False,0.114,0.0,rolling
proactive_hpa_bilstm_fixed_cpu,proactive_hpa,33,650.0,407.8075984663646,520.8558032350802,520.8558032350802,520.8558032350802,520.8558032350802,True,False,60,False,2,950,0.5110370908099807,104.02313996189983,False,0.114,0.0,rolling
proactive_hpa_bilstm_fixed_cpu,proactive_hpa,34,821.0,515.0923666782851,512.3150844601655,512.3150844601655,512.3150844601655,512.3150844601655,True,False,60,False,2,950,0.6454791562384525,128.4082266122581,False,0.114,0.0,rolling
proactive_hpa_bilstm_fixed_cpu,proactive_hpa,35,626.0,392.75008713837576,554.7525387302917,554.7525387302917,554.7525387302917,554.7525387302917,True,False,60,False,2,950,0.49216802899545836,101.45915917820344,False,0.114,0.0,rolling
proactive_hpa_bilstm_fixed_cpu,proactive_hpa,36,608.0,381.4569536423841,510.67027379103683,510.67027379103683,510.67027379103683,510.67027379103683,True,False,60,False,2,950,0.47801623263456655,99.66076623254419,False,0.114,0.0,rolling
proactive_hpa_bilstm_fixed_cpu,proactive_hpa,37,366.0,229.6270477518299,500.1557725800267,500.1557725800267,500.1557725800267,500.1557725800267,True,False,60,False,2,950,0.28775319267146604,84.2887719896057,False,0.114,0.0,rolling
proactive_hpa_bilstm_fixed_cpu,proactive_hpa,38,379.0,237.7831997211572,432.44201583181894,432.44201583181894,432.44201583181894,432.44201583181894,True,False,60,False,2,950,0.2979739344876656,84.76219671957865,False,0.114,0.0,rolling
proactive_hpa_bilstm_fixed_cpu,proactive_hpa,39,421.0,264.13384454513766,418.08779276270843,418.08779276270843,418.08779276270843,418.08779276270843,True,False,60,False,2,950,0.3309947926630798,86.52733630348499,False,0.114,0.0,rolling
proactive_hpa_bilstm_fixed_cpu,proactive_hpa,40,601.0,377.06517950505406,417.0007650434127,417.0007650434127,417.0007650434127,417.0007650434127,True,False,60,False,2,950,0.47251275627199757,98.9894819794421,False,0.114,0.0,rolling
proactive_hpa_bilstm_fixed_cpu,proactive_hpa,41,665.0,417.21854304635764,457.520766669752,457.520766669752,457.520766669752,457.520766669752,True,False,60,False,2,950,0.5228302544440572,105.72495581727088,False,0.114,0.0,rolling
proactive_hpa_bilstm_fixed_cpu,proactive_hpa,42,709.0,444.82398048100384,480.2773525254006,480.2773525254006,480.2773525254006,480.2773525254006,True,False,60,False,2,950,0.5574235344373482,111.17657532127127,False,0.114,0.0,rolling
proactive_hpa_bilstm_fixed_cpu,proactive_hpa,43,622.0,390.2405019170443,500.1642738270061,500.1642738270061,500.1642738270061,500.1642738270061,True,False,60,False,2,950,0.4890231853597046,101.05042437940546,False,0.114,0.0,rolling
proactive_hpa_bilstm_fixed_cpu,proactive_hpa,44,595.0,373.3008016730568,485.7305050956488,485.7305050956488,485.7305050956488,485.7305050956488,True,False,60,False,2,950,0.4677954908183669,98.42640442196411,False,0.114,0.0,rolling
proactive_hpa_bilstm_fixed_cpu,proactive_hpa,45,776.0,486.859532938306,479.1947319681367,479.1947319681367,479.1947319681367,479.1947319681367,True,False,60,False,2,950,0.6100996653362231,120.8766094268361,False,0.114,0.0,rolling
proactive_hpa_bilstm_fixed_cpu,proactive_hpa,46,782.0,490.62391077030327,526.4003983967759,526.4003983967759,526.4003983967759,526.4003983967759,True,False,60,False,2,950,0.6148169307898537,121.83212829892241,False,0.114,0.0,rolling
proactive_hpa_bilstm_fixed_cpu,proactive_hpa,47,777.0,487.4869292436389,538.4420173760973,538.4420173760973,538.4420173760973,538.4420173760973,True,False,60,False,2,950,0.6108858762451616,121.03484128803615,False,0.114,0.0,rolling
proactive_hpa_bilstm_fixed_cpu,proactive_hpa,48,654.0,410.31718368769606,545.5283245147998,545.5283245147998,545.5283245147998,545.5283245147998,True,False,60,False,2,950,0.5141819344457345,104.46937893888517,False,0.114,0.0,rolling
proactive_hpa_bilstm_fixed_cpu,proactive_hpa,49,775.0,486.23213663297315,518.3707900032914,518.3707900032914,518.3707900032914,518.3707900032914,True,False,60,False,2,950,0.6093134544272847,120.71878485462891,False,0.114,0.0,rolling
proactive_hpa_bilstm_fixed_cpu,proactive_hpa,50,1009.0,633.0428720808644,547.1725812783179,547.1725812783179,547.1725812783179,547.1725812783179,True,False,60,False,2,950,0.7932868071188777,169.85933500865139,False,0.114,0.0,rolling
proactive_hpa_bilstm_fixed_cpu,proactive_hpa,51,884.0,554.6183339142558,615.6171562725267,615.6171562725267,615.6171562725267,615.6171562725267,True,False,60,False,3,950,0.4633402956677158,97.90493379437056,False,0.17099999999999999,0.0,rolling
proactive_hpa_bilstm_fixed_cpu,proactive_hpa,52,613.0,384.59393516904845,598.6268000713553,598.6268000713553,598.6268000713553,598.6268000713553,True,False,60,False,3,950,0.32129819145283917,85.97031640840915,False,0.17099999999999999,0.0,rolling
proactive_hpa_bilstm_fixed_cpu,proactive_hpa,53,1001.0,628.0237016382015,530.3260719559235,530.3260719559235,530.3260719559235,530.3260719559235,True,False,60,False,3,950,0.5246647465649136,105.99669607401722,False,0.17099999999999999,0.0,rolling
proactive_hpa_bilstm_fixed_cpu,proactive_hpa,54,728.0,456.74451028232835,622.5403502503459,622.5403502503459,622.5403502503459,622.5403502503459,True,False,60,False,3,950,0.38157436113811893,90.00023169789392,False,0.17099999999999999,0.0,rolling
proactive_hpa_bilstm_fixed_cpu,proactive_hpa,55,694.0,435.4130359010108,562.5173079933711,562.5173079933711,562.5173079933711,562.5173079933711,True,False,60,False,3,950,0.36375358053551443,88.66351907251364,False,0.17099999999999999,0.0,rolling
proactive_hpa_bilstm_fixed_cpu,proactive_hpa,56,814.0,510.70059254095503,546.5253786966587,546.5253786966587,546.5253786966587,546.5253786966587,True,False,60,False,3,950,0.426650453250589,93.97941955024483,False,0.17099999999999999,0.0,rolling
proactive_hpa_bilstm_fixed_cpu,proactive_hpa,57,973.0,610.4566050888811,571.7871592146025,571.7871592146025,571.7871592146025,571.7871592146025,True,False,60,False,3,950,0.5099888095980628,103.87560829777306,False,0.17099999999999999,0.0,rolling
proactive_hpa_bilstm_fixed_cpu,proactive_hpa,58,816.0,511.95538515162076,617.7621677908428,617.7621677908428,617.7621677908428,617.7621677908428,True,False,60,False,3,950,0.4276987344625069,94.08271533758413,False,0.17099999999999999,0.0,rolling
proactive_hpa_bilstm_fixed_cpu,proactive_hpa,59,805.0,505.05402579295924,586.5398571633787,586.5398571633787,586.5398571633787,586.5398571633787,True,False,60,False,3,950,0.42193318779695843,93.52083663761523,False,0.17099999999999999,0.0,rolling
proactive_hpa_bilstm_fixed_cpu,proactive_hpa,60,571.0,358.243290345068,581.9591300126135,581.9591300126135,581.9591300126135,581.9591300126135,True,False,60,False,3,950,0.29928428600256307,84.82529921766984,False,0.17099999999999999,0.0,rolling
proactive_hpa_bilstm_fixed_cpu,proactive_hpa,61,580.0,363.88985709306377,516.9213876004269,516.9213876004269,516.9213876004269,516.9213876004269,True,False,60,False,3,950,0.3040015514561936,85.05708094525795,False,0.17099999999999999,0.0,rolling
proactive_hpa_bilstm_fixed_cpu,proactive_hpa,62,796.0,499.4074590449634,503.6659687655497,503.6659687655497,503.6659687655497,503.6659687655497,True,False,60,False,3,950,0.4172159223433278,93.07239396125102,False,0.17099999999999999,0.0,rolling
proactive_hpa_bilstm_fixed_cpu,proactive_hpa,63,710.0,445.4513767863367,551.2643301892226,551.2643301892226,551.2643301892226,551.2643301892226,True,False,60,False,2,950,0.5582097453462866,111.30867927866556,False,0.114,0.0,rolling
proactive_hpa_bilstm_fixed_cpu,proactive_hpa,64,836.0,524.5033112582781,533.0982009568029,533.0982009568029,533.0982009568029,533.0982009568029,True,False,60,False,2,950,0.657272319872529,131.1103122178053,False,0.114,0.0,rolling
proactive_hpa_bilstm_fixed_cpu,proactive_hpa,65,604.0,378.94736842105266,566.0973444515298,566.0973444515298,566.0973444515298,566.0973444515298,True,False,60,False,3,950,0.31658092599920856,85.71119173317703,False,0.17099999999999999,0.0,rolling
proactive_hpa_bilstm_fixed_cpu,proactive_hpa,66,681.0,427.25688393168355,511.08989341531424,511.08989341531424,511.08989341531424,511.08989341531424,True,False,60,False,3,950,0.35693975265804806,88.18572706942075,False,0.17099999999999999,0.0,rolling
proactive_hpa_bilstm_fixed_cpu,proactive_hpa,67,836.0,524.5033112582781,522.0693381792571,522.0693381792571,522.0693381792571,522.0693381792571,True,False,60,False,3,950,0.438181546581686,95.14379621268306,False,0.17099999999999999,0.0,rolling
proactive_hpa_bilstm_fixed_cpu,proactive_hpa,68,625.0,392.1226908330429,561.2344385164638,561.2344385164638,561.2344385164638,561.2344385164638,True,False,60,False,3,950,0.32758787872434664,86.32784709628761,False,0.17099999999999999,0.0,rolling
proactive_hpa_bilstm_fixed_cpu,proactive_hpa,69,601.0,377.06517950505406,512.9089435232427,512.9089435232427,512.9089435232427,512.9089435232427,True,False,60,False,3,950,0.3150085041813317,85.62651317909395,False,0.17099999999999999,0.0,rolling
proactive_hpa_bilstm_fixed_cpu,proactive_hpa,70,519.0,325.6186824677588,499.7251711749486,499.7251711749486,499.7251711749486,499.7251711749486,True,False,60,False,3,950,0.2720289744926974,83.62341433370183,False,0.17099999999999999,0.0,rolling
proactive_hpa_bilstm_fixed_cpu,proactive_hpa,71,493.0,309.3063785291042,472.6413301924972,472.6413301924972,472.6413301924972,472.6413301924972,True,False,60,False,2,950,0.38760197810664687,90.48166944483458,False,0.114,0.0,rolling
proactive_hpa_bilstm_fixed_cpu,proactive_hpa,72,733.0,459.8814918089927,456.9980242705001,456.9980242705001,456.9980242705001,456.9980242705001,True,False,60,False,2,950,0.5762925962518706,114.45098357703444,False,0.114,0.0,rolling
proactive_hpa_bilstm_fixed_cpu,proactive_hpa,73,593.0,372.0460090623911,511.39348185560584,511.39348185560584,511.39348185560584,511.39348185560584,True,False,60,False,2,950,0.4662230690004901,98.24121582035879,False,0.114,0.0,rolling
proactive_hpa_bilstm_fixed_cpu,proactive_hpa,74,569.0,356.98849773440224,482.87129249964846,482.87129249964846,482.87129249964846,482.87129249964846,True,False,60,False,2,950,0.44735400718596774,96.11485866177313,False,0.114,0.0,rolling
proactive_hpa_bilstm_fixed_cpu,proactive_hpa,75,764.0,479.33077727431163,473.98132419585,473.98132419585,473.98132419585,473.98132419585,True,False,60,False,2,950,0.600665134428962,119.00944552479064,False,0.114,0.0,rolling
proactive_hpa_bilstm_fixed_cpu,proactive_hpa,76,531.0,333.14743813175323,522.7356384630543,522.7356384630543,522.7356384630543,522.7356384630543,True,False,60,False,2,950,0.4174779926463073,93.09704334626976,False,0.114,0.0,rolling
proactive_hpa_bilstm_fixed_cpu,proactive_hpa,77,808.0,506.93621470895783,470.80636131897836,470.80636131897836,470.80636131897836,470.80636131897836,True,False,60,False,2,950,0.635258414422253,126.14490794521001,False,0.114,0.0,rolling
proactive_hpa_bilstm_fixed_cpu,proactive_hpa,78,684.0,429.13907284768214,536.5477806022486,536.5477806022486,536.5477806022486,536.5477806022486,True,False,60,False,2,950,0.5377682617138874,107.9935519209467,False,0.114,0.0,rolling
proactive_hpa_bilstm_fixed_cpu,proactive_hpa,79,625.0,392.1226908330429,515.1824370603558,515.1824370603558,515.1824370603558,515.1824370603558,True,False,60,False,2,950,0.49138181808651993,101.35648394997068,False,0.114,0.0,rolling
proactive_hpa_bilstm_fixed_cpu,proactive_hpa,80,762.0,478.0759846636459,500.6285189772125,500.6285189772125,500.6285189772125,500.6285189772125,True,False,60,False,2,950,0.5990927126110851,118.70388990437313,False,0.114,0.0,rolling
proactive_hpa_bilstm_fixed_cpu,proactive_hpa,81,567.0,355.7337051237365,534.4246844798286,534.4246844798286,534.4246844798286,534.4246844798286,True,False,60,False,2,950,0.44578158536809087,95.94552703832775,False,0.114,0.0,rolling
proactive_hpa_bilstm_fixed_cpu,proactive_hpa,82,883.0,553.990937608923,489.23292251977136,489.23292251977136,489.23292251977136,489.23292251977136,True,False,60,False,2,950,0.6942242325926353,140.2243071491107,False,0.114,0.0,rolling
proactive_hpa_bilstm_fixed_cpu,proactive_hpa,83,853.0,535.1690484489369,565.8427646163464,565.8427646163464,565.8427646163464,565.8427646163464,True,False,60,False,3,950,0.4470919368829882,96.08655388137049,False,0.17099999999999999,0.0,rolling
proactive_hpa_bilstm_fixed_cpu,proactive_hpa,84,830.0,520.7389334262809,571.6736808129958,571.6736808129958,571.6736808129958,571.6736808129958,True,False,60,False,3,950,0.4350367029459323,94.82006817851394,False,0.17099999999999999,0.0,rolling
proactive_hpa_bilstm_fixed_cpu,proactive_hpa,85,794.0,498.15266643429766,573.7124869512004,573.7124869512004,573.7124869512004,573.7124869512004,True,False,60,False,3,950,0.4161676411314099,92.9741056979934,False,0.17099999999999999,0.0,rolling
proactive_hpa_bilstm_fixed_cpu,proactive_hpa,86,651.0,408.43499477169746,567.9730615117037,567.9730615117037,567.9730615117037,567.9730615117037,True,False,60,False,3,950,0.34121553447927944,87.15087012103051,False,0.17099999999999999,0.0,rolling
proactive_hpa_bilstm_fixed_cpu,proactive_hpa,87,977.0,612.9661903102126,530.9399920352439,530.9399920352439,530.9399920352439,530.9399920352439,True,False,60,False,3,950,0.5120853720218985,104.17127812739051,False,0.17099999999999999,0.0,rolling
proactive_hpa_bilstm_fixed_cpu,proactive_hpa,88,868.0,544.57999302893,610.8082922587691,610.8082922587691,610.8082922587691,610.8082922587691,True,False,60,False,3,950,0.45495404597237254,96.9502106572575,False,0.17099999999999999,0.0,rolling
proactive_hpa_bilstm_fixed_cpu,proactive_hpa,89,694.0,435.4130359010108,595.1544380473188,595.1544380473188,595.1544380473188,595.1544380473188,True,False,60,False,3,950,0.36375358053551443,88.66351907251364,False,0.17099999999999999,0.0,rolling
proactive_hpa_bilstm_fixed_cpu,proactive_hpa,90,767.0,481.2129661903102,551.7764520504634,551.7764520504634,551.7764520504634,551.7764520504634,True,False,60,False,3,950,0.40201584477051816,91.69504820677932,False,0.17099999999999999,0.0,rolling
proactive_hpa_bilstm_fixed_cpu,proactive_hpa,91,844.0,529.5224817009411,562.9113275452996,562.9113275452996,562.9113275452996,562.9113275452996,True,False,60,False,3,950,0.4423746714293576,95.58271990197811,False,0.17099999999999999,0.0,rolling
proactive_hpa_bilstm_fixed_cpu,proactive_hpa,92,771.0,483.7225514116417,582.7227009381954,582.7227009381954,582.7227009381954,582.7227009381954,True,False,60,False,3,950,0.404112407194354,91.87897746921176,False,0.17099999999999999,0.0,rolling
proactive_hpa_bilstm_fixed_cpu,proactive_hpa,93,570.0,357.6158940397351,565.9510411217843,565.9510411217843,565.9510411217843,565.9510411217843,True,False,60,False,3,950,0.2987601453966041,84.79999175599224,False,0.17099999999999999,0.0,rolling
proactive_hpa_bilstm_fixed_cpu,proactive_hpa,94,593.0,372.0460090623911,510.22753462823175,510.22753462823175,510.22753462823175,510.22753462823175,True,False,60,False,3,950,0.31081537933366005,85.40480468751372,False,0.17099999999999999,0.0,rolling
proactive_hpa_bilstm_fixed_cpu,proactive_hpa,95,430.0,269.7804112931335,502.57253500745355,502.57253500745355,502.57253500745355,502.57253500745355,True,False,60,False,3,950,0.22538046056235048,82.06073093769027,False,0.17099999999999999,0.0,rolling
proactive_hpa_bilstm_fixed_cpu,proactive_hpa,96,437.0,274.17218543046357,452.12531661441244,452.12531661441244,452.12531661441244,452.12531661441244,True,False,60,False,2,950,0.3435741672060947,87.30018746189468,False,0.114,0.0,rolling
proactive_hpa_bilstm_fixed_cpu,proactive_hpa,97,516.0,323.7364935517602,438.90195205638975,438.90195205638975,438.90195205638975,438.90195205638975,True,False,60,False,2,950,0.4056848290122308,92.01818282860967,False,0.114,0.0,rolling
proactive_hpa_bilstm_fixed_cpu,proactive_hpa,98,523.0,328.1282676890903,448.09413607787974,448.09413607787974,448.09413607787974,448.09413607787974,True,False,60,False,2,950,0.4111883053747999,92.51396016635024,False,0.114,0.0,rolling
proactive_hpa_bilstm_fixed_cpu,proactive_hpa,99,450.0,282.3283373997909,447.01125060923687,447.01125060923687,447.01125060923687,447.01125060923687,True,False,60,False,2,950,0.3537949090222943,87.97126492135865,False,0.114,0.0,rolling
proactive_hpa_bilstm_fixed_cpu,proactive_hpa,100,726.0,455.4897176716626,427.1237272363155,427.1237272363155,427.1237272363155,427.1237272363155,True,False,60,False,2,950,0.5707891198893015,113.47337968674859,False,0.114,0.0,rolling
proactive_hpa_bilstm_fixed_cpu,proactive_hpa,101,653.0,409.6897873823632,493.5942067173446,493.5942067173446,493.5942067173446,493.5942067173446,True,False,60,False,2,950,0.513395723536796,104.3573056221137,False,0.114,0.0,rolling
proactive_hpa_bilstm_fixed_cpu,proactive_hpa,102,618.0,387.7309166957128,486.5705390783405,486.5705390783405,486.5705390783405,486.5705390783405,True,False,60,False,2,950,0.48587834172395084,100.64691295696943,False,0.114,0.0,rolling
proactive_hpa_bilstm_fixed_cpu,proactive_hpa,103,755.0,473.6842105263158,482.0056825274605,482.0056825274605,482.0056825274605,482.0056825274605,True,False,60,False,2,950,0.593589236248516,117.64701581928219,False,0.114,0.0,rolling
proactive_hpa_bilstm_fixed_cpu,proactive_hpa,104,729.0,457.3719065876612,519.9701081637963,519.9701081637963,519.9701081637963,519.9701081637963,True,False,60,False,2,950,0.5731477526161168,113.89005600857413,False,0.114,0.0,rolling
proactive_hpa_bilstm_fixed_cpu,proactive_hpa,105,672.0,421.6103171836877,522.4038008366242,522.4038008366242,522.4038008366242,522.4038008366242,True,False,60,False,2,950,0.5283337308066262,106.54590407925232,False,0.114,0.0,rolling
proactive_hpa_bilstm_fixed_cpu,proactive_hpa,106,540.0,338.794004879749,512.7840739323406,512.7840739323406,512.7840739323406,512.7840739323406,True,False,60,False,2,950,0.42455389082675316,93.77434578410777,False,0.114,0.0,rolling
proactive_hpa_bilstm_fixed_cpu,proactive_hpa,107,662.0,415.33635413035904,478.6623805106842,478.6623805106842,478.6623805106842,478.6623805106842,True,False,60,False,2,950,0.5204716217172419,105.37836679306106,False,0.114,0.0,rolling
proactive_hpa_bilstm_fixed_cpu,proactive_hpa,108,707.0,443.5691878703381,502.9426884524228,502.9426884524228,502.9426884524228,502.9426884524228,True,False,60,False,2,950,0.5558511126194713,110.91348325235748,False,0.114,0.0,rolling
proactive_hpa_bilstm_fixed_cpu,proactive_hpa,109,708.0,444.196584175671,516.6396423074734,516.6396423074734,516.6396423074734,516.6396423074734,True,False,60,False,2,950,0.5566373235284098,111.04484348745424,False,0.114,0.0,rolling
proactive_hpa_bilstm_fixed_cpu,proactive_hpa,110,638.0,400.27884280237015,521.0250334405323,521.0250334405323,521.0250334405323,521.0250334405323,True,False,60,False,2,950,0.5016025599027195,102.7170397412169,False,0.114,0.0,rolling
proactive_hpa_bilstm_fixed_cpu,proactive_hpa,111,561.0,351.96932729173926,504.7395582530762,504.7395582530762,504.7395582530762,504.7395582530762,True,False,60,False,2,950,0.4410643199144602,95.44465762593875,False,0.114,0.0,rolling
proactive_hpa_bilstm_fixed_cpu,proactive_hpa,112,756.0,474.31160683164865,482.1648220176594,482.1648220176594,482.1648220176594,482.1648220176594,True,False,60,False,2,950,0.5943754471574545,117.7968048315917,False,0.114,0.0,rolling
proactive_hpa_bilstm_fixed_cpu,proactive_hpa,113,852.0,534.5416521436041,527.4531080510696,527.4531080510696,527.4531080510696,527.4531080510696,True,False,60,False,2,950,0.6698516944155439,134.1013977935341,False,0.114,0.0,rolling
proactive_hpa_bilstm_fixed_cpu,proactive_hpa,114,733.0,459.8814918089927,560.2723767194807,560.2723767194807,560.2723767194807,560.2723767194807,True,False,60,False,3,950,0.38419506416791366,90.20769883763982,False,0.17099999999999999,0.0,rolling
proactive_hpa_bilstm_fixed_cpu,proactive_hpa,115,925.0,580.3415824329035,539.0604168660075,539.0604168660075,539.0604168660075,539.0604168660075,True,False,60,False,3,950,0.484830060512033,100.5135640939684,False,0.17099999999999999,0.0,rolling
proactive_hpa_bilstm_fixed_cpu,proactive_hpa,116,877.0,550.2265597769258,591.9009891537162,591.9009891537162,591.9009891537162,591.9009891537162,True,False,60,False,3,950,0.45967131142600315,97.48294955857577,False,0.17099999999999999,0.0,rolling
proactive_hpa_bilstm_fixed_cpu,proactive_hpa,117,580.0,363.88985709306377,591.4464012274157,591.4464012274157,591.4464012274157,591.4464012274157,True,False,60,False,3,950,0.3040015514561936,85.05708094525795,False,0.17099999999999999,0.0,rolling
proactive_hpa_bilstm_fixed_cpu,proactive_hpa,118,755.0,473.6842105263158,517.5422917070109,517.5422917070109,517.5422917070109,517.5422917070109,True,False,60,False,3,950,0.3957261574990107,91.15467135386139,False,0.17099999999999999,0.0,rolling
proactive_hpa_bilstm_fixed_cpu,proactive_hpa,119,685.0,429.766469153015,549.9860605371682,549.9860605371682,549.9860605371682,549.9860605371682,True,False,60,False,3,950,0.3590363150818839,88.33081785066518,False,0.17099999999999999,0.0,rolling
proactive_hpa_bilstm_fixed_cpu,proactive_hpa,120,842.0,528.2676890902753,531.8265300063699,531.8265300063699,531.8265300063699,531.8265300063699,True,False,60,False,2,950,0.6619895853261596,132.21869042787986,False,0.114,0.0,rolling
proactive_hpa_bilstm_fixed_cpu,proactive_hpa,121,730.0,457.9993028929941,570.4201924163008,570.4201924163008,570.4201924163008,570.4201924163008,True,False,60,False,3,950,0.38262264235003685,90.0828778244363,False,0.17099999999999999,0.0,rolling
proactive_hpa_bilstm_fixed_cpu,proactive_hpa,122,699.0,438.55001742767513,547.3093477984207,547.3093477984207,547.3093477984207,547.3093477984207,True,False,60,False,3,950,0.3663742835653092,88.85212324227548,False,0.17099999999999999,0.0,rolling
proactive_hpa_bilstm_fixed_cpu,proactive_hpa,123,389.0,244.0571627744859,536.6844026252356,536.6844026252356,536.6844026252356,536.6844026252356,True,False,60,False,3,950,0.20389069571803334,81.5256844801143,False,0.17099999999999999,0.0,rolling
proactive_hpa_bilstm_fixed_cpu,proactive_hpa,124,559.0,350.71453468107353,452.0482033202816,452.0482033202816,452.0482033202816,452.0482033202816,True,False,60,False,2,950,0.43949189809658334,95.28006231160614,False,0.114,0.0,rolling
proactive_hpa_bilstm_fixed_cpu,proactive_hpa,125,667.0,418.47333565702337,475.025942011659,475.025942011659,475.025942011659,475.025942011659,True,False,60,False,2,950,0.524402676261934,105.95775944133979,False,0.114,0.0,rolling
proactive_hpa_bilstm_fixed_cpu,proactive_hpa,126,394.0,247.19414430115023,498.1095248403585,498.1095248403585,498.1095248403585,498.1095248403585,True,False,60,False,2,950,0.30976709812174213,85.35030286798157,False,0.114,0.0,rolling
proactive_hpa_bilstm_fixed_cpu,proactive_hpa,127,485.0,304.2872080864413,430.3378969972737,430.3378969972737,430.3378969972737,430.3378969972737,True,False,60,False,2,950,0.38131229083513946,89.97964097334865,False,0.114,0.0,rolling
proactive_hpa_bilstm_fixed_cpu,proactive_hpa,128,470.0,294.87626350644825,440.39157282315136,440.39157282315136,440.39157282315136,440.39157282315136,True,False,60,False,2,950,0.369519127201063,89.08203717893245,False,0.114,0.0,rolling
proactive_hpa_bilstm_fixed_cpu,proactive_hpa,129,463.0,290.4844893691182,432.0943076055037,432.0943076055037,432.0943076055037,432.0943076055037,True,False,60,False,2,950,0.36401565083849396,88.68225775183625,False,0.114,0.0,rolling
proactive_hpa_bilstm_fixed_cpu,proactive_hpa,130,582.0,365.14464970372956,426.49234708883614,426.49234708883614,426.49234708883614,426.49234708883614,True,False,60,False,2,950,0.4575747490021674,97.24481960194649,False,0.114,0.0,rolling
proactive_hpa_bilstm_fixed_cpu,proactive_hpa,131,733.0,459.8814918089927,453.65527615933433,453.65527615933433,453.65527615933433,453.65527615933433,True,False,60,False,2,950,0.5762925962518706,114.45098357703444,False,0.114,0.0,rolling
proactive_hpa_bilstm_fixed_cpu,proactive_hpa,132,638.0,400.27884280237015,498.0596492525556,498.0596492525556,498.0596492525556,498.0596492525556,True,False,60,False,2,950,0.5016025599027195,102.7170397412169,False,0.114,0.0,rolling
proactive_hpa_bilstm_fixed_cpu,proactive_hpa,133,526.0,330.0104566050889,485.3225415720458,485.3225415720458,485.3225415720458,485.3225415720458,True,False,60,False,2,950,0.4135469381016152,92.73054317386932,False,0.114,0.0,rolling
proactive_hpa_bilstm_fixed_cpu,proactive_hpa,134,700.0,439.17741373300805,459.9963635061613,459.9963635061613,459.9963635061613,459.9963635061613,True,False,60,False,2,950,0.5503476362569023,110.00432228286442,False,0.114,0.0,rolling
proactive_hpa_bilstm_fixed_cpu,proactive_hpa,135,642.0,402.78842802370167,501.28294641466164,501.28294641466164,501.28294641466164,501.28294641466164,True,False,60,False,2,950,0.5047474035384732,103.14700395391046,False,0.114,0.0,rolling
proactive_hpa_bilstm_fixed_cpu,proactive_hpa,136,583.0,365.7720460090624,493.0213960674687,493.0213960674687,493.0213960674687,493.0213960674687,True,False,60,False,2,950,0.4583609599111058,97.33386324548542,False,0.114,0.0,rolling
proactive_hpa_bilstm_fixed_cpu,proactive_hpa,137,606.0,380.2021610317184,479.78984333955077,479.78984333955077,479.78984333955077,479.78984333955077,True,False,60,False,2,950,0.47644381081668974,99.46738303938548,False,0.114,0.0,rolling
proactive_hpa_bilstm_fixed_cpu,proactive_hpa,138,657.0,412.19937260369466,483.67315516091685,483.67315516091685,483.67315516091685,483.67315516091685,True,False,60,False,2,950,0.5165405671725497,104.80766052729744,False,0.114,0.0,rolling
proactive_hpa_bilstm_fixed_cpu,proactive_hpa,139,561.0,351.96932729173926,496.9432645359002,496.9432645359002,496.9432645359002,496.9432645359002,True,False,60,False,2,950,0.4410643199144602,95.44465762593875,False,0.114,0.0,rolling
proactive_hpa_bilstm_fixed_cpu,proactive_hpa,140,407.0,255.35029627047751,474.7230760569464,474.7230760569464,474.7230760569464,474.7230760569464,True,False,60,False,2,950,0.3199878399379417,85.89756762275954,False,0.114,0.0,rolling
proactive_hpa_bilstm_fixed_cpu,proactive_hpa,141,696.0,436.66782851167653,431.26869925153915,431.26869925153915,431.26869925153915,431.26869925153915,True,False,60,False,2,950,0.5472027926211486,109.4928960727444,False,0.114,0.0,rolling
proactive_hpa_bilstm_fixed_cpu,proactive_hpa,142,807.0,506.30881840362497,494.0524070715401,494.0524070715401,494.0524070715401,494.0524070715401,True,False,60,False,2,950,0.6344722035133145,125.9737897961845,False,0.114,0.0,rolling
proactive_hpa_bilstm_fixed_cpu,proactive_hpa,143,588.0,368.90902753572675,532.3177961172305,532.3177961172305,532.3177961172305,532.3177961172305,True,False,60,False,2,950,0.46229201445579793,97.78368183434287,False,0.114,0.0,rolling
proactive_hpa_bilstm_fixed_cpu,proactive_hpa,144,561.0,351.96932729173926,487.2431490695276,487.2431490695276,487.2431490695276,487.2431490695276,True,False,60,False,2,950,0.4410643199144602,95.44465762593875,False,0.114,0.0,rolling
proactive_hpa_bilstm_fixed_cpu,proactive_hpa,145,473.0,296.75845242244685,475.9903880110528,475.9903880110528,475.9903880110528,475.9903880110528,True,False,60,False,2,950,0.37187775992787825,89.25706096347191,False,0.114,0.0,rolling
proactive_hpa_bilstm_fixed_cpu,proactive_hpa,146,841.0,527.6402927849425,448.85055439622965,448.85055439622965,448.85055439622965,448.85055439622965,True,False,60,False,2,950,0.6612033744172212,132.0328589639875,False,0.114,0.0,rolling
proactive_hpa_bilstm_fixed_cpu,proactive_hpa,147,686.0,430.3938654583479,537.6238024578911,537.6238024578911,537.6238024578911,537.6238024578911,True,False,60,False,2,950,0.5393406835317642,108.23982809805372,False,0.114,0.0,rolling
proactive_hpa_bilstm_fixed_cpu,proactive_hpa,148,716.0,449.2157546183339,512.1713339127991,512.1713339127991,512.1713339127991,512.1713339127991,True,False,60,False,2,950,0.5629270107999171,112.10914701014227,False,0.114,0.0,rolling
proactive_hpa_bilstm_fixed_cpu,proactive_hpa,149,760.0,476.82119205298017,522.1798062242847,522.1798062242847,522.1798062242847,522.1798062242847,True,False,60,False,2,950,0.5975202907932082,118.39993404793788,False,0.114,0.0,rolling
proactive_hpa_bilstm_fixed_cpu,proactive_hpa,150,725.0,454.86232136632975,537.4301522398691,537.4301522398691,537.4301522398691,537.4301522398691,True,False,60,False,2,950,0.5700029089803631,113.33525037157344,False,0.114,0.0,rolling
proactive_hpa_bilstm_fixed_cpu,proactive_hpa,151,476.0,298.64064133844545,533.5777868841365,533.5777868841365,533.5777868841365,533.5777868841365,True,False,60,False,2,950,0.37423639265469355,89.43431906404562,False,0.114,0.0,rolling
proactive_hpa_bilstm_fixed_cpu,proactive_hpa,152,452.0,283.5831300104566,469.2826873985937,469.2826873985937,469.2826873985937,469.2826873985937,True,False,60,False,2,950,0.3553673308401712,88.07802152470731,False,0.114,0.0,rolling
proactive_hpa_bilstm_fixed_cpu,proactive_hpa,153,583.0,365.7720460090624,448.885835775337,448.885835775337,448.885835775337,448.885835775337,True,False,60,False,2,950,0.4583609599111058,97.33386324548542,False,0.114,0.0,rolling
proactive_hpa_bilstm_fixed_cpu,proactive_hpa,154,460.0,288.60230045311954,471.8100623681639,471.8100623681639,471.8100623681639,471.8100623681639,True,False,60,False,2,950,0.3616570181116786,88.5145793403058,False,0.114,0.0,rolling
proactive_hpa_bilstm_fixed_cpu,proactive_hpa,155,476.0,298.64064133844545,440.0757502937222,440.0757502937222,440.0757502937222,440.0757502937222,True,False,60,False,2,950,0.37423639265469355,89.43431906404562,False,0.114,0.0,rolling
proactive_hpa_bilstm_fixed_cpu,proactive_hpa,156,605.0,379.5747647263855,437.20319579736315,437.20319579736315,437.20319579736315,437.20319579736315,True,False,60,False,2,950,0.4756575999077513,99.37116880020174,False,0.114,0.0,rolling
proactive_hpa_bilstm_fixed_cpu,proactive_hpa,157,651.0,408.43499477169746,465.5778776809434,465.5778776809434,465.5778776809434,465.5778776809434,True,False,60,False,2,950,0.5118233017189191,104.13418665847797,False,0.114,0.0,rolling
proactive_hpa_bilstm_fixed_cpu,proactive_hpa,158,484.0,303.65981178110843,482.01473768005053,482.01473768005053,482.01473768005053,482.01473768005053,True,False,60,False,2,950,0.380526079926201,89.91803842570329,False,0.114,0.0,rolling
proactive_hpa_bilstm_fixed_cpu,proactive_hpa,159,472.0,296.131056117114,444.3914697341138,444.3914697341138,444.3914697341138,444.3914697341138,True,False,60,False,2,950,0.3710915490189398,89.19847214443088,False,0.114,0.0,rolling
proactive_hpa_bilstm_fixed_cpu,proactive_hpa,160,437.0,274.17218543046357,435.58646573440456,435.58646573440456,435.58646573440456,435.58646573440456,True,False,60,False,2,950,0.3435741672060947,87.30018746189468,False,0.114,0.0,rolling
proactive_hpa_bilstm_fixed_cpu,proactive_hpa,161,654.0,410.31718368769606,422.0893273076499,422.0893273076499,422.0893273076499,422.0893273076499,True,False,60,False,2,950,0.5141819344457345,104.46937893888517,False,0.114,0.0,rolling
proactive_hpa_bilstm_fixed_cpu,proactive_hpa,162,485.0,304.2872080864413,473.44608279608155,473.44608279608155,473.44608279608155,473.44608279608155,True,False,60,False,2,950,0.38131229083513946,89.97964097334865,False,0.114,0.0,rolling
proactive_hpa_bilstm_fixed_cpu,proactive_hpa,163,573.0,359.4980829557337,438.9559217291403,438.9559217291403,438.9559217291403,438.9559217291403,True,False,60,False,2,950,0.4504988508217214,96.45710983077105,False,0.114,0.0,rolling
proactive_hpa_bilstm_fixed_cpu,proactive_hpa,164,654.0,410.31718368769606,458.1154445498187,458.1154445498187,458.1154445498187,458.1154445498187,True,False,60,False,2,950,0.5141819344457345,104.46937893888517,False,0.114,0.0,rolling
proactive_hpa_bilstm_fixed_cpu,proactive_hpa,165,784.0,491.878703380969,482.14531490702666,482.14531490702666,482.14531490702666,482.14531490702666,True,False,60,False,2,950,0.6163893526077305,122.15391249622013,False,0.114,0.0,rolling
proactive_hpa_bilstm_fixed_cpu,proactive_hpa,166,836.0,524.5033112582781,523.423565148516,523.423565148516,523.423565148516,523.423565148516,True,False,60,False,2,950,0.657272319872529,131.1103122178053,False,0.114,0.0,rolling
proactive_hpa_bilstm_fixed_cpu,proactive_hpa,167,451.0,282.95573370512375,549.7514453868175,549.7514453868175,549.7514453868175,549.7514453868175,True,False,60,False,2,950,0.35458111993123276,88.02452486779086,False,0.114,0.0,rolling
proactive_hpa_bilstm_fixed_cpu,proactive_hpa,168,640.0,401.5336354130359,460.00561132157236,460.00561132157236,460.00561132157236,460.00561132157236,True,False,60,False,2,950,0.5031749817205964,102.93135003066824,False,0.114,0.0,rolling
proactive_hpa_bilstm_fixed_cpu,proactive_hpa,169,597.0,374.55559428372254,495.00919472379655,495.00919472379655,495.00919472379655,495.00919472379655,True,False,60,False,2,950,0.4693679126362438,98.61284218310936,False,0.114,0.0,rolling
proactive_hpa_bilstm_fixed_cpu,proactive_hpa,170,700.0,439.17741373300805,484.9234405382117,484.9234405382117,484.9234405382117,484.9234405382117,True,False,60,False,2,950,0.5503476362569023,110.00432228286442,False,0.114,0.0,rolling
proactive_hpa_bilstm_fixed_cpu,proactive_hpa,171,611.0,383.3391425583827,510.45579190548733,510.45579190548733,510.45579190548733,510.45579190548733,True,False,60,False,2,950,0.48037486536138185,99.95323568211461,False,0.114,0.0,rolling
proactive_hpa_bilstm_fixed_cpu,proactive_hpa,172,684.0,429.13907284768214,491.4031247019416,491.4031247019416,491.4031247019416,491.4031247019416,True,False,60,False,2,950,0.5377682617138874,107.9935519209467,False,0.114,0.0,rolling
proactive_hpa_bilstm_fixed_cpu,proactive_hpa,173,543.0,340.6761937957477,508.89854648853225,508.89854648853225,508.89854648853225,508.89854648853225,True,False,60,False,2,950,0.4269125235535685,94.00519597808659,False,0.114,0.0,rolling
proactive_hpa_bilstm_fixed_cpu,proactive_hpa,174,482.0,302.40501917044264,474.7427758304002,474.7427758304002,474.7427758304002,474.7427758304002,True,False,60,False,2,950,0.3789536581083241,89.79559489784636,False,0.114,0.0,rolling
proactive_hpa_bilstm_fixed_cpu,proactive_hpa,175,545.0,341.9309864064134,452.4523135874633,452.4523135874633,452.4523135874633,452.4523135874633,True,False,60,False,2,950,0.4284849453714454,94.16052021926225,False,0.114,0.0,rolling
proactive_hpa_bilstm_fixed_cpu,proactive_hpa,176,546.0,342.5583827117463,460.20935225484754,460.20935225484754,460.20935225484754,460.20935225484754,True,False,60,False,2,950,0.4292711562803838,94.23861114797788,False,0.114,0.0,rolling
proactive_hpa_bilstm_fixed_cpu,proactive_hpa,177,752.0,471.8020216103172,458.074672280311,458.074672280311,458.074672280311,458.074672280311,True,False,60,False,2,950,0.5912306035217008,117.20002428490734,False,0.114,0.0,rolling
proactive_hpa_bilstm_fixed_cpu,proactive_hpa,178,773.0,484.9773440223074,511.4973030333067,511.4973030333067,511.4973030333067,511.4973030333067,True,False,60,False,2,950,0.6077410326094078,120.4043554777653,False,0.114,0.0,rolling
proactive_hpa_bilstm_fixed_cpu,proactive_hpa,179,804.0,504.42662948762637,528.3361780914165,528.3361780914165,528.3361780914165,528.3361780914165,True,False,60,False,2,950,0.6321135707864992,125.46297460702993,False,0.114,0.0,rolling
proactive_hpa_bilstm_fixed_cpu,proactive_hpa,180,617.0,387.1035203903799,546.0652998799578,546.0652998799578,546.0652998799578,546.0652998799578,True,False,60,False,2,950,0.4850921308150124,100.54684731748986,False,0.114,0.0,rolling
proactive_hpa_bilstm_fixed_cpu,proactive_hpa,181,509.0,319.34471941443013,504.54817182320176,504.54817182320176,504.54817182320176,504.54817182320176,True,False,60,False,2,950,0.4001813526496618,91.53567597398163,False,0.114,0.0,rolling
proactive_hpa_bilstm_fixed_cpu,proactive_hpa,182,680.0,426.6294876263507,471.3279718241565,471.3279718241565,471.3279718241565,471.3279718241565,True,False,60,False,2,950,0.5346234180781337,107.50530339371903,False,0.114,0.0,rolling
proactive_hpa_bilstm_fixed_cpu,proactive_hpa,183,443.0,277.93656326246077,505.9352237205994,505.9352237205994,505.9352237205994,505.9352237205994,True,False,60,False,2,950,0.3482914326597253,87.60502910190847,False,0.114,0.0,rolling
proactive_hpa_bilstm_fixed_cpu,proactive_hpa,184,608.0,381.4569536423841,447.5753914321649,447.5753914321649,447.5753914321649,447.5753914321649,True,False,60,False,2,950,0.47801623263456655,99.66076623254419,False,0.114,0.0,rolling
proactive_hpa_bilstm_fixed_cpu,proactive_hpa,185,584.0,366.3994423143953,478.78137388554387,478.78137388554387,478.78137388554387,478.78137388554387,True,False,60,False,2,950,0.4591471708200442,97.42321288062593,False,0.114,0.0,rolling
proactive_hpa_bilstm_fixed_cpu,proactive_hpa,186,729.0,457.3719065876612,473.87227703912777,473.87227703912777,473.87227703912777,473.87227703912777,True,False,60,False,2,950,0.5731477526161168,113.89005600857413,False,0.114,0.0,rolling
proactive_hpa_bilstm_fixed_cpu,proactive_hpa,187,673.0,422.23771348902056,511.5675045487319,511.5675045487319,511.5675045487319,511.5675045487319,True,False,60,False,2,950,0.5291199417155646,106.66458901901734,False,0.114,0.0,rolling
proactive_hpa_bilstm_fixed_cpu,proactive_hpa,188,736.0,461.7636807249913,504.40957500629884,504.40957500629884,504.40957500629884,504.40957500629884,True,False,60,False,2,950,0.5786512289786858,114.87571697789257,False,0.114,0.0,rolling
proactive_hpa_bilstm_fixed_cpu,proactive_hpa,189,438.0,274.79958173579644,523.2677250091278,523.2677250091278,523.2677250091278,523.2677250091278,True,False,60,False,2,950,0.3443603781150331,87.35041793401406,False,0.114,0.0,rolling
proactive_hpa_bilstm_fixed_cpu,proactive_hpa,190,501.0,314.32554897176715,450.59603138936427,450.59603138936427,450.59603138936427,450.59603138936427,True,False,60,False,2,950,0.39389166537815434,91.00025820279285,False,0.114,0.0,rolling
proactive_hpa_bilstm_fixed_cpu,proactive_hpa,191,529.0,331.8926455210875,453.40681336871967,453.40681336871967,453.40681336871967,453.40681336871967,True,False,60,False,2,950,0.41590557082843044,92.94961085418758,False,0.114,0.0,rolling
proactive_hpa_bilstm_fixed_cpu,proactive_hpa,192,785.0,492.50609968630187,455.13774431886395,455.13774431886395,455.13774431886395,455.13774431886395,True,False,60,False,2,950,0.617175563516669,122.31542156421321,False,0.114,0.0,rolling
proactive_hpa_bilstm_fixed_cpu,proactive_hpa,193,709.0,444.82398048100384,519.8343772063567,519.8343772063567,519.8343772063567,519.8343772063567,True,False,60,False,2,950,0.5574235344373482,111.17657532127127,False,0.114,0.0,rolling
proactive_hpa_bilstm_fixed_cpu,proactive_hpa,194,681.0,427.25688393168355,513.3938758438608,513.3938758438608,513.3938758438608,513.3938758438608,True,False,60,False,2,950,0.5354096289870721,107.62682885929503,False,0.114,0.0,rolling
proactive_hpa_bilstm_fixed_cpu,proactive_hpa,195,688.0,431.6486580690136,510.83907050514154,510.83907050514154,510.83907050514154,510.83907050514154,True,False,60,False,2,950,0.5409131053496411,108.48754448263031,False,0.114,0.0,rolling
proactive_hpa_bilstm_fixed_cpu,proactive_hpa,196,424.0,266.0160334611363,514.5302734110542,514.5302734110542,514.5302734110542,514.5302734110542,True,False,60,False,2,950,0.33335342538989515,86.66787226272616,False,0.114,0.0,rolling
proactive_hpa_bilstm_fixed_cpu,proactive_hpa,197,726.0,455.4897176716626,447.18756117336306,447.18756117336306,447.18756117336306,447.18756117336306,True,False,60,False,2,950,0.5707891198893015,113.47337968674859,False,0.114,0.0,rolling
proactive_hpa_bilstm_fixed_cpu,proactive_hpa,198,532.0,333.7748344370861,511.4577589892833,511.4577589892833,511.4577589892833,511.4577589892833,True,False,60,False,2,950,0.41826420355524574,93.17117737844269,False,0.114,0.0,rolling
proactive_hpa_bilstm_fixed_cpu,proactive_hpa,199,430.0,269.7804112931335,467.98972720643314,467.98972720643314,467.98972720643314,467.98972720643314,True,False,60,False,2,950,0.3380706908435257,86.95496691470467,False,0.114,0.0,rolling
proactive_hpa_bilstm_fixed_cpu,proactive_hpa,200,394.0,247.19414430115023,436.3979856195788,436.3979856195788,436.3979856195788,436.3979856195788,True,False,60,False,2,950,0.30976709812174213,85.35030286798157,False,0.114,0.0,rolling
proactive_hpa_bilstm_fixed_cpu,proactive_hpa,201,572.0,358.87068665040084,417.37547014752954,417.37547014752954,417.37547014752954,417.37547014752954,True,False,60,False,2,950,0.449712639912783,96.37109723611579,False,0.114,0.0,rolling
proactive_hpa_bilstm_fixed_cpu,proactive_hpa,202,652.0,409.0623910770303,453.7792306018364,453.7792306018364,453.7792306018364,453.7792306018364,True,False,60,False,2,950,0.5126095126278576,104.24557503693029,False,0.114,0.0,rolling
proactive_hpa_bilstm_fixed_cpu,proactive_hpa,203,621.0,389.61310561171143,477.84426192388855,477.84426192388855,477.84426192388855,477.84426192388855,True,False,60,False,2,950,0.4882369744507662,100.94905814440489,False,0.114,0.0,rolling
proactive_hpa_bilstm_fixed_cpu,proactive_hpa,204,568.0,356.3611014290694,476.8584544342093,476.8584544342093,476.8584544342093,476.8584544342093,True,False,60,False,2,950,0.4465677962770293,96.03004379067677,False,0.114,0.0,rolling
proactive_hpa_bilstm_fixed_cpu,proactive_hpa,205,512.0,321.2269083304287,466.346915414073,466.346915414073,466.346915414073,466.346915414073,True,False,60,False,2,950,0.4025399853764771,91.74085121570215,False,0.114,0.0,rolling
proactive_hpa_bilstm_fixed_cpu,proactive_hpa,206,710.0,445.4513767863367,451.1051428940259,451.1051428940259,451.1051428940259,451.1051428940259,True,False,60,False,2,950,0.5582097453462866,111.30867927866556,False,0.114,0.0,rolling
proactive_hpa_bilstm_fixed_cpu,proactive_hpa,207,648.0,406.55280585569886,499.6572816133762,499.6572816133762,499.6572816133762,499.6572816133762,True,False,60,False,2,950,0.5094646689921039,103.80206951493821,False,0.114,0.0,rolling
proactive_hpa_bilstm_fixed_cpu,proactive_hpa,208,704.0,441.6869989543395,492.00151134131374,492.00151134131374,492.00151134131374,492.00151134131374,True,False,60,False,2,950,0.553492479892656,110.52162689081945,False,0.114,0.0,rolling
proactive_hpa_bilstm_fixed_cpu,proactive_hpa,209,844.0,529.5224817009411,509.8193302761024,509.8193302761024,509.8193302761024,509.8193302761024,True,False,60,False,2,950,0.6635620071440365,132.59167966917613,False,0.114,0.0,rolling
proactive_hpa_bilstm_fixed_cpu,proactive_hpa,210,596.0,373.9281979783897,553.1300528655538,553.1300528655538,553.1300528655538,553.1300528655538,True,False,60,False,2,950,0.46858170172730534,98.51946689516576,False,0.114,0.0,rolling
proactive_hpa_bilstm_fixed_cpu,proactive_hpa,211,506.0,317.46253049843153,499.5732083748344,499.5732083748344,499.5732083748344,499.5732083748344,True,False,60,False,2,950,0.3978227199228465,91.33290510194702,False,0.114,0.0,rolling
proactive_hpa_bilstm_fixed_cpu,proactive_hpa,212,495.0,310.56117113976995,469.7898963578973,469.7898963578973,469.7898963578973,469.7898963578973,True,False,60,False,2,950,0.38917439992452374,90.60975361032837,False,0.114,0.0,rolling
proactive_hpa_bilstm_fixed_cpu,proactive_hpa,213,429.0,269.15301498780065,456.96536792232973,456.96536792232973,456.96536792232973,456.96536792232973,True,False,60,False,2,950,0.33728447993458727,86.90655664648635,False,0.114,0.0,rolling
proactive_hpa_bilstm_fixed_cpu,proactive_hpa,214,424.0,266.0160334611363,432.49976651243287,432.49976651243287,432.49976651243287,432.49976651243287,True,False,60,False,2,950,0.33335342538989515,86.66787226272616,False,0.114,0.0,rolling
proactive_hpa_bilstm_fixed_cpu,proactive_hpa,215,640.0,401.5336354130359,422.22399861957365,422.22399861957365,422.22399861957365,422.22399861957365,True,False,60,False,2,950,0.5031749817205964,102.93135003066824,False,0.114,0.0,rolling
proactive_hpa_bilstm_fixed_cpu,proactive_hpa,216,702.0,440.4322063436738,471.34851449745247,471.34851449745247,471.34851449745247,471.34851449745247,True,False,60,False,2,950,0.5519200580747792,110.26223768768476,False,0.114,0.0,rolling
proactive_hpa_bilstm_fixed_cpu,proactive_hpa,217,644.0,404.0432206343674,495.07414617734776,495.07414617734776,495.07414617734776,495.07414617734776,True,False,60,False,2,950,0.5063198253563501,103.36400570979913,False,0.114,0.0,rolling
proactive_hpa_bilstm_fixed_cpu,proactive_hpa,218,506.0,317.46253049843153,488.81262857562024,488.81262857562024,488.81262857562024,488.81262857562024,True,False,60,False,2,950,0.3978227199228465,91.33290510194702,False,0.114,0.0,rolling
proactive_hpa_bilstm_fixed_cpu,proactive_hpa,219,596.0,373.9281979783897,455.73083273065686,455.73083273065686,455.73083273065686,455.73083273065686,True,False,60,False,2,950,0.46858170172730534,98.51946689516576,False,0.114,0.0,rolling
proactive_hpa_bilstm_fixed_cpu,proactive_hpa,220,694.0,435.4130359010108,472.70946058259597,472.70946058259597,472.70946058259597,472.70946058259597,True,False,60,False,2,950,0.5456303708032717,109.23937686973353,False,0.114,0.0,rolling
proactive_hpa_bilstm_fixed_cpu,proactive_hpa,221,588.0,368.90902753572675,499.87426811559953,499.87426811559953,499.87426811559953,499.87426811559953,True,False,60,False,2,950,0.46229201445579793,97.78368183434287,False,0.114,0.0,rolling
proactive_hpa_bilstm_fixed_cpu,proactive_hpa,222,535.0,335.6570233530847,479.0337380982851,479.0337380982851,479.0337380982851,479.0337380982851,True,False,60,False,2,950,0.42062283628206104,93.39525691777226,False,0.114,0.0,rolling
proactive_hpa_bilstm_fixed_cpu,proactive_hpa,223,640.0,401.5336354130359,464.0099635602719,464.0099635602719,464.0099635602719,464.0099635602719,True,False,60,False,2,950,0.5031749817205964,102.93135003066824,False,0.114,0.0,rolling
proactive_hpa_bilstm_fixed_cpu,proactive_hpa,224,583.0,365.7720460090624,487.52860312178655,487.52860312178655,487.52860312178655,487.52860312178655,True,False,60,False,2,950,0.4583609599111058,97.33386324548542,False,0.114,0.0,rolling
proactive_hpa_bilstm_fixed_cpu,proactive_hpa,225,634.0,397.7692575810387,476.0340261400238,476.0340261400238,476.0340261400238,476.0340261400238,True,False,60,False,2,950,0.4984577162669658,102.29243326826439,False,0.114,0.0,rolling
proactive_hpa_bilstm_fixed_cpu,proactive_hpa,226,648.0,406.55280585569886,487.9058610082825,487.9058610082825,487.9058610082825,487.9058610082825,True,False,60,False,2,950,0.5094646689921039,103.80206951493821,False,0.114,0.0,rolling
proactive_hpa_bilstm_fixed_cpu,proactive_hpa,227,676.0,424.11990240501916,493.41209218573385,493.41209218573385,493.41209218573385,493.41209218573385,True,False,60,False,2,950,0.5314785744423799,107.02276531010247,False,0.114,0.0,rolling
proactive_hpa_bilstm_fixed_cpu,proactive_hpa,228,653.0,409.6897873823632,503.085596099947,503.085596099947,503.085596099947,503.085596099947,True,False,60,False,2,950,0.513395723536796,104.3573056221137,False,0.114,0.0,rolling
proactive_hpa_bilstm_fixed_cpu,proactive_hpa,229,569.0,356.98849773440224,500.62996394837046,500.62996394837046,500.62996394837046,500.62996394837046,True,False,60,False,2,950,0.44735400718596774,96.11485866177313,False,0.114,0.0,rolling
proactive_hpa_bilstm_fixed_cpu,proactive_hpa,230,403.0,252.84071104914605,479.581285835749,479.581285835749,479.581285835749,479.581285835749,True,False,60,False,2,950,0.31684299630218804,85.72538690083967,False,0.114,0.0,rolling
proactive_hpa_bilstm_fixed_cpu,proactive_hpa,231,447.0,280.4461484837923,432.4163675937648,432.4163675937648,432.4163675937648,432.4163675937648,True,False,60,False,2,950,0.3514362762954791,87.81290009639807,False,0.114,0.0,rolling
proactive_hpa_bilstm_fixed_cpu,proactive_hpa,232,527.0,330.63785291042177,431.0908955505497,431.0908955505497,431.0908955505497,431.0908955505497,True,False,60,False,2,950,0.41433314901055357,92.80328895941068,False,0.114,0.0,rolling
proactive_hpa_bilstm_fixed_cpu,proactive_hpa,233,589.0,369.5364238410596,445.43100606801727,445.43100606801727,445.43100606801727,445.43100606801727,True,False,60,False,2,950,0.46307822536473636,97.87456930034558,False,0.114,0.0,rolling
proactive_hpa_bilstm_fixed_cpu,proactive_hpa,234,628.0,394.0048797490415,461.49463001701815,461.49463001701815,461.49463001701815,461.49463001701815,True,False,60,False,2,950,0.49374045081333523,101.66549584087716,False,0.114,0.0,rolling
proactive_hpa_bilstm_fixed_cpu,proactive_hpa,235,565.0,354.4789125130708,475.40112877282854,475.40112877282854,475.40112877282854,475.40112877282854,True,False,60,False,2,950,0.444209163550214,95.77738579044396,False,0.114,0.0,rolling
proactive_hpa_bilstm_fixed_cpu,proactive_hpa,236,710.0,445.4513767863367,463.75165088293033,463.75165088293033,463.75165088293033,463.75165088293033,True,False,60,False,2,950,0.5582097453462866,111.30867927866556,False,0.114,0.0,rolling
proactive_hpa_bilstm_fixed_cpu,proactive_hpa,237,504.0,316.2077378877658,501.4537660883875,501.4537660883875,501.4537660883875,501.4537660883875,True,False,60,False,2,950,0.3962502981049697,91.19905328343458,False,0.114,0.0,rolling
proactive_hpa_bilstm_fixed_cpu,proactive_hpa,238,457.0,286.72011153712094,455.84284207825294,455.84284207825294,455.84284207825294,455.84284207825294,True,False,60,False,2,950,0.35929838538486336,88.34907383654652,False,0.114,0.0,rolling
proactive_hpa_bilstm_fixed_cpu,proactive_hpa,239,605.0,379.5747647263855,437.65592934401093,437.65592934401093,437.65592934401093,437.65592934401093,True,False,60,False,2,950,0.4756575999077513,99.37116880020174,False,0.114,0.0,rolling
proactive_hpa_bilstm_fixed_cpu,proactive_hpa,240,466.0,292.3666782851168,469.019461819315,469.019461819315,469.019461819315,469.019461819315,True,False,60,False,2,950,0.36637428356530927,88.85212324227548,False,0.114,0.0,rolling
proactive_hpa_bilstm_fixed_cpu,proactive_hpa,241,459.0,287.9749041477867,437.28360844230474,437.28360844230474,437.28360844230474,437.28360844230474,True,False,60,False,2,950,0.3608708072027402,88.45917010466518,False,0.114,0.0,rolling
proactive_hpa_bilstm_fixed_cpu,proactive_hpa,242,609.0,382.084349947717,430.2625176685324,430.2625176685324,430.2625176685324,430.2625176685324,True,False,60,False,2,950,0.478802443543505,99.75793623623306,False,0.114,0.0,rolling
proactive_hpa_bilstm_fixed_cpu,proactive_hpa,243,648.0,406.55280585569886,464.62542494216086,464.62542494216086,464.62542494216086,464.62542494216086,True,False,60,False,2,950,0.5094646689921039,103.80206951493821,False,0.114,0.0,rolling
proactive_hpa_bilstm_fixed_cpu,proactive_hpa,244,667.0,418.47333565702337,480.32929923853,480.32929923853,480.32929923853,480.32929923853,True,False,60,False,2,950,0.524402676261934,105.95775944133979,False,0.114,0.0,rolling
proactive_hpa_bilstm_fixed_cpu,proactive_hpa,245,910.0,570.9306378529104,491.4234987952691,491.4234987952691,491.4234987952691,491.4234987952691,True,False,60,False,2,950,0.715451927133973,145.91949605545312,False,0.114,0.0,rolling
proactive_hpa_bilstm_fixed_cpu,proactive_hpa,246,616.0,386.47612408504705,562.2845231398205,562.2845231398205,562.2845231398205,562.2845231398205,True,False,60,False,3,950,0.322870613270716,86.05840163399945,False,0.17099999999999999,0.0,rolling
proactive_hpa_bilstm_fixed_cpu,proactive_hpa,247,877.0,550.2265597769258,501.7734177913853,501.7734177913853,501.7734177913853,501.7734177913853,True,False,60,False,3,950,0.45967131142600315,97.48294955857577,False,0.17099999999999999,0.0,rolling
proactive_hpa_bilstm_fixed_cpu,proactive_hpa,248,728.0,456.74451028232835,567.5550795214053,567.5550795214053,567.5550795214053,567.5550795214053,True,False,60,False,3,950,0.38157436113811893,90.00023169789392,False,0.17099999999999999,0.0,rolling
proactive_hpa_bilstm_fixed_cpu,proactive_hpa,249,989.0,620.4949459742071,540.3149408253657,540.3149408253657,540.3149408253657,540.3149408253657,True,False,60,False,3,950,0.5183750592934061,105.07291331887754,False,0.17099999999999999,0.0,rolling
proactive_hpa_bilstm_fixed_cpu,proactive_hpa,250,1344.0,843.2206343673754,611.4008749306568,611.4008749306568,611.4008749306568,611.4008749306568,True,False,60,False,3,950,0.7044449744088349,142.92362448415366,False,0.17099999999999999,0.0,rolling
proactive_hpa_bilstm_fixed_cpu,proactive_hpa,251,724.0,454.2349250609969,729.0037540449885,729.0037540449885,729.0037540449885,729.0037540449885,True,False,60,False,3,950,0.3794777987142831,89.83629676375902,False,0.17099999999999999,0.0,rolling
proactive_hpa_bilstm_fixed_cpu,proactive_hpa,252,703.0,441.05960264900665,589.8555361481849,589.8555361481849,589.8555361481849,589.8555361481849,True,False,60,False,3,950,0.3684708459891451,89.00496231171388,False,0.17099999999999999,0.0,rolling
proactive_hpa_bilstm_fixed_cpu,proactive_hpa,253,610.0,382.71174625304985,569.6750207901305,569.6750207901305,569.6750207901305,569.6750207901305,True,False,60,False,3,950,0.3197257696349623,85.88308914897902,False,0.17099999999999999,0.0,rolling
proactive_hpa_bilstm_fixed_cpu,proactive_hpa,254,627.0,393.3774834437086,533.0085645793029,533.0085645793029,533.0085645793029,533.0085645793029,True,False,60,False,3,950,0.3286361599362645,86.38878902722567,False,0.17099999999999999,0.0,rolling
proactive_hpa_bilstm_fixed_cpu,proactive_hpa,255,560.0,351.3419309864064,523.2493738754215,523.2493738754215,523.2493738754215,523.2493738754215,True,False,60,False,3,950,0.29351873933701456,84.55176681743009,False,0.17099999999999999,0.0,rolling
proactive_hpa_bilstm_fixed_cpu,proactive_hpa,256,472.0,296.131056117114,495.78042399651576,495.78042399651576,495.78042399651576,495.78042399651576,True,False,60,False,2,950,0.3710915490189398,89.19847214443088,False,0.114,0.0,rolling
proactive_hpa_bilstm_fixed_cpu,proactive_hpa,257,330.0,207.04078075984665,462.7685647555986,462.7685647555986,462.7685647555986,462.7685647555986,True,False,60,False,2,950,0.25944959994968253,83.14363069935655,False,0.114,0.0,rolling
proactive_hpa_bilstm_fixed_cpu,proactive_hpa,258,568.0,356.3611014290694,413.54287681380856,413.54287681380856,413.54287681380856,413.54287681380856,True,False,60,False,2,950,0.4465677962770293,96.03004379067677,False,0.114,0.0,rolling
proactive_hpa_bilstm_fixed_cpu,proactive_hpa,259,750.0,470.54722899965145,457.1012192940325,457.1012192940325,457.1012192940325,457.1012192940325,True,False,60,False,2,950,0.5896581817038239,116.90400426554933,False,0.114,0.0,rolling
proactive_hpa_bilstm_fixed_cpu,proactive_hpa,260,497.0,311.8159637504357,505.8922358286495,505.8922358286495,505.8922358286495,505.8922358286495,True,False,60,False,2,950,0.3907468217424006,90.73887699258228,False,0.114,0.0,rolling
proactive_hpa_bilstm_fixed_cpu,proactive_hpa,261,516.0,323.7364935517602,450.2540067162704,450.2540067162704,450.2540067162704,450.2540067162704,True,False,60,False,2,950,0.4056848290122308,92.01818282860967,False,0.114,0.0,rolling
proactive_hpa_bilstm_fixed_cpu,proactive_hpa,262,627.0,393.3774834437086,449.46538962395016,449.46538962395016,449.46538962395016,449.46538962395016,True,False,60,False,2,950,0.4929542399043968,101.56216296688662,False,0.114,0.0,rolling
proactive_hpa_bilstm_fixed_cpu,proactive_hpa,263,632.0,396.51446497037296,475.4436350077258,475.4436350077258,475.4436350077258,475.4436350077258,True,False,60,False,2,950,0.4968852944490889,102.08212868705203,False,0.114,0.0,rolling
proactive_hpa_bilstm_fixed_cpu,proactive_hpa,264,511.0,320.59951202509586,481.4831568738823,481.4831568738823,481.4831568738823,481.4831568738823,True,False,60,False,2,950,0.4017537744675387,91.67219144151306,False,0.114,0.0,rolling
proactive_hpa_bilstm_fixed_cpu,proactive_hpa,265,714.0,447.9609620076682,453.6603576412399,453.6603576412399,453.6603576412399,453.6603576412399,True,False,60,False,2,950,0.5613545889820403,111.84082684115397,False,0.114,0.0,rolling
proactive_hpa_bilstm_fixed_cpu,proactive_hpa,266,865.0,542.6978041129313,502.39971645695914,502.39971645695914,502.39971645695914,502.39971645695914,True,False,60,False,2,950,0.6800724362317435,136.61584896409107,False,0.114,0.0,rolling
proactive_hpa_bilstm_fixed_cpu,proactive_hpa,267,672.0,421.6103171836877,552.0852423869237,552.0852423869237,552.0852423869237,552.0852423869237,True,False,60,False,2,950,0.5283337308066262,106.54590407925232,False,0.114,0.0,rolling
proactive_hpa_bilstm_fixed_cpu,proactive_hpa,268,526.0,330.0104566050889,516.2358210345233,516.2358210345233,516.2358210345233,516.2358210345233,True,False,60,False,2,950,0.4135469381016152,92.73054317386932,False,0.114,0.0,rolling
proactive_hpa_bilstm_fixed_cpu,proactive_hpa,269,594.0,372.67340536772394,477.0952611241496,477.0952611241496,477.0952611241496,477.0952611241496,True,False,60,False,2,950,0.4670092799094285,98.33365423864743,False,0.114,0.0,rolling
proactive_hpa_bilstm_fixed_cpu,proactive_hpa,270,515.0,323.1090972464273,485.1016295648433,485.1016295648433,485.1016295648433,485.1016295648433,True,False,60,False,2,950,0.40489861810329236,91.9484449982462,False,0.114,0.0,rolling
proactive_hpa_bilstm_fixed_cpu,proactive_hpa,271,396.0,248.44893691181596,462.36021590635346,462.36021590635346,462.36021590635346,462.36021590635346,True,False,60,False,2,950,0.311339519939619,85.43219384848813,False,0.114,0.0,rolling
proactive_hpa_bilstm_fixed_cpu,proactive_hpa,272,361.0,226.49006622516558,425.70770366720035,425.70770366720035,425.70770366720035,425.70770366720035,True,False,60,False,2,950,0.2838221381267739,84.11539293179385,False,0.114,0.0,rolling
proactive_hpa_bilstm_fixed_cpu,proactive_hpa,273,543.0,340.6761937957477,405.3850753957586,405.3850753957586,405.3850753957586,405.3850753957586,True,False,60,False,2,950,0.4269125235535685,94.00519597808659,False,0.114,0.0,rolling
proactive_hpa_bilstm_fixed_cpu,proactive_hpa,274,633.0,397.1418612757058,441.5763769241371,441.5763769241371,441.5763769241371,441.5763769241371,True,False,60,False,2,950,0.49767150535802734,102.18711486043367,False,0.114,0.0,rolling
proactive_hpa_bilstm_fixed_cpu,proactive_hpa,275,784.0,491.878703380969,468.51422765392726,468.51422765392726,468.51422765392726,468.51422765392726,True,False,60,False,2,950,0.6163893526077305,122.15391249622013,False,0.114,0.0,rolling
proactive_hpa_bilstm_fixed_cpu,proactive_hpa,276,597.0,374.55559428372254,515.7420021412836,515.7420021412836,515.7420021412836,515.7420021412836,True,False,60,False,2,950,0.4693679126362438,98.61284218310936,False,0.114,0.0,rolling
proactive_hpa_bilstm_fixed_cpu,proactive_hpa,277,622.0,390.2405019170443,480.01985866504856,480.01985866504856,480.01985866504856,480.01985866504856,True,False,60,False,2,950,0.4890231853597046,101.05042437940546,False,0.114,0.0,rolling
proactive_hpa_bilstm_fixed_cpu,proactive_hpa,278,848.0,532.0320669222726,485.7503975319237,485.7503975319237,485.7503975319237,485.7503975319237,True,False,60,False,2,950,0.6667068507797903,133.34297810180936,False,0.114,0.0,rolling
proactive_hpa_bilstm_fixed_cpu,proactive_hpa,279,647.0,405.925409550366,547.2717062997554,547.2717062997554,547.2717062997554,547.2717062997554,True,False,60,False,2,950,0.5086784580831654,103.69204471484085,False,0.114,0.0,rolling
proactive_hpa_bilstm_fixed_cpu,proactive_hpa,280,579.0,363.2624607877309,507.8496178421019,507.8496178421019,507.8496178421019,507.8496178421019,True,False,60,False,2,950,0.455216116275352,96.97951937236975,False,0.114,0.0,rolling
proactive_hpa_bilstm_fixed_cpu,proactive_hpa,281,776.0,486.859532938306,488.3645911852359,488.3645911852359,488.3645911852359,488.3645911852359,True,False,60,False,2,950,0.6100996653362231,120.8766094268361,False,0.114,0.0,rolling
proactive_hpa_bilstm_fixed_cpu,proactive_hpa,282,667.0,418.47333565702337,535.628080543047,535.628080543047,535.628080543047,535.628080543047,True,False,60,False,2,950,0.524402676261934,105.95775944133979,False,0.114,0.0,rolling
proactive_hpa_bilstm_fixed_cpu,proactive_hpa,283,786.0,493.13349599163473,514.9253285256459,514.9253285256459,514.9253285256459,514.9253285256459,True,False,60,False,2,950,0.6179617744256074,122.47734264491166,False,0.114,0.0,rolling
proactive_hpa_bilstm_fixed_cpu,proactive_hpa,284,888.0,557.1279191355874,545.6431274733013,545.6431274733013,545.6431274733013,545.6431274733013,True,False,60,False,2,950,0.6981552871373276,141.25317416756417,False,0.114,0.0,rolling
proactive_hpa_bilstm_fixed_cpu,proactive_hpa,285,767.0,481.2129661903102,579.5443664619552,579.5443664619552,579.5443664619552,579.5443664619552,True,False,60,False,3,950,0.40201584477051816,91.69504820677932,False,0.17099999999999999,0.0,rolling
proactive_hpa_bilstm_fixed_cpu,proactive_hpa,286,830.0,520.7389334262809,557.0164713749095,557.0164713749095,557.0164713749095,557.0164713749095,True,False,60,False,3,950,0.4350367029459323,94.82006817851394,False,0.17099999999999999,0.0,rolling
proactive_hpa_bilstm_fixed_cpu,proactive_hpa,287,550.0,345.06796793307774,574.5711128961248,574.5711128961248,574.5711128961248,574.5711128961248,True,False,60,False,3,950,0.288277333277425,84.31225061640131,False,0.17099999999999999,0.0,rolling
proactive_hpa_bilstm_fixed_cpu,proactive_hpa,288,389.0,244.0571627744859,504.0136529090123,504.0136529090123,504.0136529090123,504.0136529090123,True,False,60,False,3,950,0.20389069571803334,81.5256844801143,False,0.17099999999999999,0.0,rolling
proactive_hpa_bilstm_fixed_cpu,proactive_hpa,289,754.0,473.0568142209829,447.99197661701055,447.99197661701055,447.99197661701055,447.99197661701055,True,False,60,False,3,950,0.39520201689305173,91.11040683673173,False,0.17099999999999999,0.0,rolling
proactive_hpa_bilstm_fixed_cpu,proactive_hpa,290,571.0,358.243290345068,523.9061614324287,523.9061614324287,523.9061614324287,523.9061614324287,True,False,60,False,2,950,0.4489264290038446,96.2853848596357,False,0.114,0.0,rolling
proactive_hpa_bilstm_fixed_cpu,proactive_hpa,291,463.0,290.4844893691182,483.65622491551585,483.65622491551585,483.65622491551585,483.65622491551585,True,False,60,False,2,950,0.36401565083849396,88.68225775183625,False,0.114,0.0,rolling
proactive_hpa_bilstm_fixed_cpu,proactive_hpa,292,494.0,309.9337748344371,450.06765360259624,450.06765360259624,450.06765360259624,450.06765360259624,True,False,60,False,2,950,0.3883881890155853,90.54558188791493,False,0.114,0.0,rolling
proactive_hpa_bilstm_fixed_cpu,proactive_hpa,293,619.0,388.35831300104564,447.95139701032394,447.95139701032394,447.95139701032394,447.95139701032394,True,False,60,False,2,950,0.48666455263288927,100.74730295804383,False,0.114,0.0,rolling
proactive_hpa_bilstm_fixed_cpu,proactive_hpa,294,517.0,324.36388985709306,474.7108901335141,474.7108901335141,474.7108901335141,474.7108901335141,True,False,60,False,2,950,0.40647103992116923,92.0881914851591,False,0.114,0.0,rolling
proactive_hpa_bilstm_fixed_cpu,proactive_hpa,295,362.0,227.11746253049844,451.31666258870155,451.31666258870155,451.31666258870155,451.31666258870155,True,False,60,False,2,950,0.28460834903571236,84.14968769721084,False,0.114,0.0,rolling
proactive_hpa_bilstm_fixed_cpu,proactive_hpa,296,518.0,324.9912861624259,408.48058894179394,408.48058894179394,408.48058894179394,408.48058894179394,True,False,60,False,2,950,0.40725725083010766,92.15847149275145,False,0.114,0.0,rolling
proactive_hpa_bilstm_fixed_cpu,proactive_hpa,297,411.0,257.859881491809,436.7491136109679,436.7491136109679,436.7491136109679,436.7491136109679,True,False,60,False,2,950,0.3231326835736955,86.07316621313493,False,0.114,0.0,rolling
proactive_hpa_bilstm_fixed_cpu,proactive_hpa,298,412.0,258.48727779714187,411.09726312892735,411.09726312892735,411.09726312892735,411.09726312892735,True,False,60,False,2,950,0.32391889448263395,86.11760383910206,False,0.114,0.0,rolling
proactive_hpa_bilstm_fixed_cpu,proactive_hpa,299,498.0,312.44336005576855,406.73388372317504,406.73388372317504,406.73388372317504,406.73388372317504,True,False,60,False,2,950,0.39153303265133904,90.80382970213665,False,0.114,0.0,rolling
proactive_hpa_bilstm_fixed_cpu,proactive_hpa,300,472.0,296.131056117114,424.58399776334454,424.58399776334454,424.58399776334454,424.58399776334454,True,False,60,False,2,950,0.3710915490189398,89.19847214443088,False,0.114,0.0,rolling
proactive_hpa_bilstm_fixed_cpu,proactive_hpa,301,415.0,260.36946671314047,420.46342167783814,420.46342167783814,420.46342167783814,420.46342167783814,True,False,60,False,2,950,0.3262775272094492,86.25221626281056,False,0.114,0.0,rolling
proactive_hpa_bilstm_fixed_cpu,proactive_hpa,302,716.0,449.2157546183339,406.5190165119834,406.5190165119834,406.5190165119834,406.5190165119834,True,False,60,False,2,950,0.5629270107999171,112.10914701014227,False,0.114,0.0,rolling
proactive_hpa_bilstm_fixed_cpu,proactive_hpa,303,603.0,378.3199721157198,481.3122408687459,481.3122408687459,481.3122408687459,481.3122408687459,True,False,60,False,2,950,0.47408517808987444,99.17969241234076,False,0.114,0.0,rolling
proactive_hpa_bilstm_fixed_cpu,proactive_hpa,304,639.0,400.906239107703,466.7101089146313,466.7101089146313,466.7101089146313,466.7101089146313,True,False,60,False,2,950,0.5023887708116579,102.82402719414719,False,0.114,0.0,rolling
proactive_hpa_bilstm_fixed_cpu,proactive_hpa,305,622.0,390.2405019170443,480.4204528357459,480.4204528357459,480.4204528357459,480.4204528357459,True,False,60,False,2,950,0.4890231853597046,101.05042437940546,False,0.114,0.0,rolling
proactive_hpa_bilstm_fixed_cpu,proactive_hpa,306,573.0,359.4980829557337,481.4577494643545,481.4577494643545,481.4577494643545,481.4577494643545,True,False,60,False,2,950,0.4504988508217214,96.45710983077105,False,0.114,0.0,rolling
proactive_hpa_bilstm_fixed_cpu,proactive_hpa,307,644.0,404.0432206343674,471.22530662338204,471.22530662338204,471.22530662338204,471.22530662338204,True,False,60,False,2,950,0.5063198253563501,103.36400570979913,False,0.114,0.0,rolling
proactive_hpa_bilstm_fixed_cpu,proactive_hpa,308,582.0,365.14464970372956,488.9873737543253,488.9873737543253,488.9873737543253,488.9873737543253,True,False,60,False,2,950,0.4575747490021674,97.24481960194649,False,0.114,0.0,rolling
proactive_hpa_bilstm_fixed_cpu,proactive_hpa,309,656.0,411.5719762983618,476.36764589754875,476.36764589754875,476.36764589754875,476.36764589754875,True,False,60,False,2,950,0.5157543562636112,104.69455586662009,False,0.114,0.0,rolling
proactive_hpa_bilstm_fixed_cpu,proactive_hpa,310,766.0,480.58556988497736,494.46653580541715,494.46653580541715,494.46653580541715,494.46653580541715,True,False,60,False,2,950,0.6022375562468388,119.31660510804596,False,0.114,0.0,rolling
proactive_hpa_bilstm_fixed_cpu,proactive_hpa,311,552.0,346.32276054374347,527.2125926018239,527.2125926018239,527.2125926018239,527.2125926018239,True,False,60,False,2,950,0.43398842173401436,94.71319310004843,False,0.114,0.0,rolling
proactive_hpa_bilstm_fixed_cpu,proactive_hpa,312,615.0,385.8487277797142,479.874085158061,479.874085158061,479.874085158061,479.874085158061,True,False,60,False,2,950,0.4835197089971356,100.3476870238874,False,0.114,0.0,rolling
proactive_hpa_bilstm_fixed_cpu,proactive_hpa,313,637.0,399.6514464970373,489.3672807546109,489.3672807546109,489.3672807546109,489.3672807546109,True,False,60,False,2,950,0.500816348993781,102.61038714702042,False,0.114,0.0,rolling
proactive_hpa_bilstm_fixed_cpu,proactive_hpa,314,502.0,314.9529452771,494.21956615166573,494.21956615166573,494.21956615166573,494.21956615166573,True,False,60,False,2,950,0.3946778762870927,91.06625957653243,False,0.114,0.0,rolling
proactive_hpa_bilstm_fixed_cpu,proactive_hpa,315,529.0,331.8926455210875,459.6324956857293,459.6324956857293,459.6324956857293,459.6324956857293,True,False,60,False,2,950,0.41590557082843044,92.94961085418758,False,0.114,0.0,rolling
proactive_hpa_bilstm_fixed_cpu,proactive_hpa,316,480.0,301.1502265597769,459.12651495190994,459.12651495190994,459.12651495190994,459.12651495190994,True,False,60,False,2,950,0.37738123629044723,89.67416329418816,False,0.114,0.0,rolling
proactive_hpa_bilstm_fixed_cpu,proactive_hpa,317,502.0,314.9529452771,442.92918300509064,442.92918300509064,442.92918300509064,442.92918300509064,True,False,60,False,2,950,0.3946778762870927,91.06625957653243,False,0.114,0.0,rolling
proactive_hpa_bilstm_fixed_cpu,proactive_hpa,318,576.0,361.3802718717323,443.02500867571734,443.02500867571734,443.02500867571734,443.02500867571734,True,False,60,False,2,950,0.4528574835485367,96.71695417235715,False,0.114,0.0,rolling
proactive_hpa_bilstm_fixed_cpu,proactive_hpa,319,346.0,217.07912164517253,459.62377769307614,459.62377769307614,459.62377769307614,459.62377769307614,True,False,60,False,2,950,0.2720289744926974,83.62341433370183,False,0.114,0.0,rolling
proactive_hpa_bilstm_fixed_cpu,proactive_hpa,320,453.0,284.2105263157895,403.2801618270764,403.2801618270764,403.2801618270764,403.2801618270764,True,False,60,False,2,950,0.3561535417491096,88.13175541696495,False,0.114,0.0,rolling
proactive_hpa_bilstm_fixed_cpu,proactive_hpa,321,441.0,276.68177065179503,418.53163973673463,418.53163973673463,418.53163973673463,418.53163973673463,True,False,60,False,2,950,0.3467190108418484,87.5024907738634,False,0.114,0.0,rolling
proactive_hpa_bilstm_fixed_cpu,proactive_hpa,322,458.0,287.3475078424538,413.8330029394783,413.8330029394783,413.8330029394783,413.8330029394783,True,False,60,False,2,950,0.36008459629380174,88.4040017783644,False,0.114,0.0,rolling
proactive_hpa_bilstm_fixed_cpu,proactive_hpa,323,671.0,420.98292087835483,416.1796361000379,416.1796361000379,416.1796361000379,416.1796361000379,True,False,60,False,2,950,0.5275475198976878,106.42757184335741,False,0.114,0.0,rolling
proactive_hpa_bilstm_fixed_cpu,proactive_hpa,324,598.0,375.1829905890554,470.75316229751206,470.75316229751206,470.75316229751206,470.75316229751206,True,False,60,False,2,950,0.4701541235451822,98.70653081065184,False,0.114,0.0,rolling
proactive_hpa_bilstm_fixed_cpu,proactive_hpa,325,644.0,404.0432206343674,463.9545007506581,463.9545007506581,463.9545007506581,463.9545007506581,True,False,60,False,2,950,0.5063198253563501,103.36400570979913,False,0.114,0.0,rolling
proactive_hpa_bilstm_fixed_cpu,proactive_hpa,326,477.0,299.2680376437783,480.3553809679315,480.3553809679315,480.3553809679315,480.3553809679315,True,False,60,False,2,950,0.375022603563632,89.4939040615769,False,0.114,0.0,rolling
proactive_hpa_bilstm_fixed_cpu,proactive_hpa,327,647.0,405.925409550366,442.93173578746973,442.93173578746973,442.93173578746973,442.93173578746973,True,False,60,False,2,950,0.5086784580831654,103.69204471484085,False,0.114,0.0,rolling
proactive_hpa_bilstm_fixed_cpu,proactive_hpa,328,562.0,352.5967235970722,481.4157971350678,481.4157971350678,481.4157971350678,481.4157971350678,True,False,60,False,2,950,0.4418505308233987,95.52739668779964,False,0.114,0.0,rolling
proactive_hpa_bilstm_fixed_cpu,proactive_hpa,329,490.0,307.4241896131056,465.0527510792808,465.0527510792808,465.0527510792808,465.0527510792808,True,False,60,False,2,950,0.3852433453798316,90.2914825430225,False,0.114,0.0,rolling
proactive_hpa_bilstm_fixed_cpu,proactive_hpa,330,548.0,343.813175322412,446.14763951381747,446.14763951381747,446.14763951381747,446.14763951381747,True,False,60,False,2,950,0.4308435780982607,94.39565324594943,False,0.114,0.0,rolling
proactive_hpa_bilstm_fixed_cpu,proactive_hpa,331,467.0,292.99407459044966,456.4241539751083,456.4241539751083,456.4241539751083,456.4241539751083,True,False,60,False,2,950,0.3671604944742477,88.90923353928962,False,0.114,0.0,rolling
proactive_hpa_bilstm_fixed_cpu,proactive_hpa,332,474.0,297.3858487277797,435.6794737112732,435.6794737112732,435.6794737112732,435.6794737112732,True,False,60,False,2,950,0.3726639708368167,89.31589803985008,False,0.114,0.0,rolling
proactive_hpa_bilstm_fixed_cpu,proactive_hpa,333,531.0,333.14743813175323,432.7875566013972,432.7875566013972,432.7875566013972,432.7875566013972,True,False,60,False,2,950,0.4174779926463073,93.09704334626976,False,0.114,0.0,rolling
proactive_hpa_bilstm_fixed_cpu,proactive_hpa,334,661.0,414.7089578250262,444.0118276452072,444.0118276452072,444.0118276452072,444.0118276452072,True,False,60,False,2,950,0.5196854108083034,105.26353272873492,False,0.114,0.0,rolling
proactive_hpa_bilstm_fixed_cpu,proactive_hpa,335,544.0,341.30359010108054,478.90462992531957,478.90462992531957,478.90462992531957,478.90462992531957,True,False,60,False,2,950,0.42769873446250695,94.08271533758415,False,0.114,0.0,rolling
proactive_hpa_bilstm_fixed_cpu,proactive_hpa,336,597.0,374.55559428372254,456.62522171174123,456.62522171174123,456.62522171174123,456.62522171174123,True,False,60,False,2,950,0.4693679126362438,98.61284218310936,False,0.114,0.0,rolling
proactive_hpa_bilstm_fixed_cpu,proactive_hpa,337,566.0,355.10630881840365,469.74958166258966,469.74958166258966,469.74958166258966,469.74958166258966,True,False,60,False,2,950,0.44499537445915244,95.86130787986913,False,0.114,0.0,rolling
proactive_hpa_bilstm_fixed_cpu,proactive_hpa,338,573.0,359.4980829557337,463.9402918676046,463.9402918676046,463.9402918676046,463.9402918676046,True,False,60,False,2,950,0.4504988508217214,96.45710983077105,False,0.114,0.0,rolling
proactive_hpa_bilstm_fixed_cpu,proactive_hpa,339,454.0,284.83792262112235,465.7632433976596,465.7632433976596,465.7632433976596,465.7632433976596,True,False,60,False,2,950,0.35693975265804806,88.18572706942075,False,0.114,0.0,rolling
proactive_hpa_bilstm_fixed_cpu,proactive_hpa,340,529.0,331.8926455210875,435.7038455581378,435.7038455581378,435.7038455581378,435.7038455581378,True,False,60,False,2,950,0.41590557082843044,92.94961085418758,False,0.114,0.0,rolling
proactive_hpa_bilstm_fixed_cpu,proactive_hpa,341,495.0,310.56117113976995,448.3363854925151,448.3363854925151,448.3363854925151,448.3363854925151,True,False,60,False,2,950,0.38917439992452374,90.60975361032837,False,0.114,0.0,rolling
proactive_hpa_bilstm_fixed_cpu,proactive_hpa,342,429.0,269.15301498780065,439.4568450639067,439.4568450639067,439.4568450639067,439.4568450639067,True,False,60,False,2,950,0.33728447993458727,86.90655664648635,False,0.114,0.0,rolling
proactive_hpa_bilstm_fixed_cpu,proactive_hpa,343,512.0,321.2269083304287,420.53880100657943,420.53880100657943,420.53880100657943,420.53880100657943,True,False,60,False,2,950,0.4025399853764771,91.74085121570215,False,0.114,0.0,rolling
proactive_hpa_bilstm_fixed_cpu,proactive_hpa,344,571.0,358.243290345068,436.3159835063634,436.3159835063634,436.3159835063634,436.3159835063634,True,False,60,False,2,950,0.4489264290038446,96.2853848596357,False,0.114,0.0,rolling
proactive_hpa_bilstm_fixed_cpu,proactive_hpa,345,535.0,335.6570233530847,452.1913277134795,452.1913277134795,452.1913277134795,452.1913277134795,True,False,60,False,2,950,0.42062283628206104,93.39525691777226,False,0.114,0.0,rolling
proactive_hpa_bilstm_fixed_cpu,proactive_hpa,346,471.0,295.5036598117811,447.02832535175367,447.02832535175367,447.02832535175367,447.02832535175367,True,False,60,False,2,950,0.3703053381100014,89.14013105787005,False,0.114,0.0,rolling
proactive_hpa_bilstm_fixed_cpu,proactive_hpa,347,601.0,377.06517950505406,431.3216574444791,431.3216574444791,431.3216574444791,431.3216574444791,True,False,60,False,2,950,0.47251275627199757,98.9894819794421,False,0.114,0.0,rolling
proactive_hpa_bilstm_fixed_cpu,proactive_hpa,348,568.0,356.3611014290694,461.7327853467059,461.7327853467059,461.7327853467059,461.7327853467059,True,False,60,False,2,950,0.4465677962770293,96.03004379067677,False,0.114,0.0,rolling
proactive_hpa_bilstm_fixed_cpu,proactive_hpa,349,428.0,268.5256186824678,458.4927506020199,458.4927506020199,458.4927506020199,458.4927506020199,True,False,60,False,2,950,0.33649826902564883,86.8583715418994,False,0.114,0.0,rolling
proactive_hpa_bilstm_fixed_cpu,proactive_hpa,350,425.0,266.6434297664692,424.68341177901357,424.68341177901357,424.68341177901357,424.68341177901357,True,False,60,False,2,950,0.3341396362988336,86.71516196135718,False,0.114,0.0,rolling
proactive_hpa_bilstm_fixed_cpu,proactive_hpa,351,620.0,388.9857093063785,417.2013270401403,417.2013270401403,417.2013270401403,417.2013270401403,True,False,60,False,2,950,0.4874507635418277,100.84801784557,False,0.114,0.0,rolling
proactive_hpa_bilstm_fixed_cpu,proactive_hpa,352,463.0,290.4844893691182,462.5087348585412,462.5087348585412,462.5087348585412,462.5087348585412,True,False,60,False,2,950,0.36401565083849396,88.68225775183625,False,0.114,0.0,rolling
proactive_hpa_bilstm_fixed_cpu,proactive_hpa,353,470.0,294.87626350644825,429.98125403263157,429.98125403263157,429.98125403263157,429.98125403263157,True,False,60,False,2,950,0.369519127201063,89.08203717893245,False,0.114,0.0,rolling
proactive_hpa_bilstm_fixed_cpu,proactive_hpa,354,429.0,269.15301498780065,428.1364111895332,428.1364111895332,428.1364111895332,428.1364111895332,True,False,60,False,2,950,0.33728447993458727,86.90655664648635,False,0.114,0.0,rolling
proactive_hpa_bilstm_fixed_cpu,proactive_hpa,355,379.0,237.7831997211572,415.4278416893935,415.4278416893935,415.4278416893935,415.4278416893935,True,False,60,False,2,950,0.2979739344876656,84.76219671957865,False,0.114,0.0,rolling
proactive_hpa_bilstm_fixed_cpu,proactive_hpa,356,366.0,229.6270477518299,398.97679689008555,398.97679689008555,398.97679689008555,398.97679689008555,True,False,60,False,2,950,0.28775319267146604,84.2887719896057,False,0.114,0.0,rolling
proactive_hpa_bilstm_fixed_cpu,proactive_hpa,357,494.0,309.9337748344371,390.3585313296926,390.3585313296926,390.3585313296926,390.3585313296926,True,False,60,False,2,950,0.3883881890155853,90.54558188791493,False,0.114,0.0,rolling
proactive_hpa_bilstm_fixed_cpu,proactive_hpa,358,523.0,328.1282676890903,417.94741381471067,417.94741381471067,417.94741381471067,417.94741381471067,True,False,60,False,2,950,0.4111883053747999,92.51396016635024,False,0.114,0.0,rolling
proactive_hpa_bilstm_fixed_cpu,proactive_hpa,359,372.0,233.39142558382713,429.3568819952684,429.3568819952684,429.3568819952684,429.3568819952684,True,False,60,False,2,950,0.29247045812509664,84.50317185464311,False,0.114,0.0,rolling
proactive_hpa_bilstm_fixed_cpu,proactive_hpa,360,412.0,258.48727779714187,395.7853372591603,395.7853372591603,395.7853372591603,395.7853372591603,True,False,60,False,2,950,0.32391889448263395,86.11760383910206,False,0.114,0.0,rolling
proactive_hpa_bilstm_fixed_cpu,proactive_hpa,361,472.0,296.131056117114,400.60089630594985,400.60089630594985,400.60089630594985,400.60089630594985,True,False,60,False,2,950,0.3710915490189398,89.19847214443088,False,0.114,0.0,rolling
proactive_hpa_bilstm_fixed_cpu,proactive_hpa,362,561.0,351.96932729173926,413.97889686072904,413.97889686072904,413.97889686072904,413.97889686072904,True,False,60,False,2,950,0.4410643199144602,95.44465762593875,False,0.114,0.0,rolling
proactive_hpa_bilstm_fixed_cpu,proactive_hpa,363,390.0,244.68455907981877,439.2611959691162,439.2611959691162,439.2611959691162,439.2611959691162,True,False,60,False,2,950,0.30662225448598845,85.18899823177037,False,0.114,0.0,rolling
proactive_hpa_bilstm_fixed_cpu,proactive_hpa,364,396.0,248.44893691181596,402.48371780765046,402.48371780765046,402.48371780765046,402.48371780765046,True,False,60,False,2,950,0.311339519939619,85.43219384848813,False,0.114,0.0,rolling
proactive_hpa_bilstm_fixed_cpu,proactive_hpa,365,402.0,252.21331474381319,399.142197921969,399.142197921969,399.142197921969,399.142197921969,True,False,60,False,2,950,0.3160567853932496,85.68287182587875,False,0.114,0.0,rolling
proactive_hpa_bilstm_fixed_cpu,proactive_hpa,366,511.0,320.59951202509586,397.699586883547,397.699586883547,397.699586883547,397.699586883547,True,False,60,False,2,950,0.4017537744675387,91.67219144151306,False,0.114,0.0,rolling
proactive_hpa_bilstm_fixed_cpu,proactive_hpa,367,541.0,339.4214011850819,423.65126888086843,423.65126888086843,423.65126888086843,423.65126888086843,True,False,60,False,2,950,0.4253401017356916,93.85101172620534,False,0.114,0.0,rolling
proactive_hpa_bilstm_fixed_cpu,proactive_hpa,368,595.0,373.3008016730568,436.0667018987592,436.0667018987592,436.0667018987592,436.0667018987592,True,False,60,False,2,950,0.4677954908183669,98.42640442196411,False,0.114,0.0,rolling
proactive_hpa_bilstm_fixed_cpu,proactive_hpa,369,682.0,427.8842802370164,455.0142233677093,455.0142233677093,455.0142233677093,455.0142233677093,True,False,60,False,2,950,0.5361958398960105,107.74871175245367,False,0.114,0.0,rolling
proactive_hpa_bilstm_fixed_cpu,proactive_hpa,370,584.0,366.3994423143953,484.7460221628644,484.7460221628644,484.7460221628644,484.7460221628644,True,False,60,False,2,950,0.4591471708200442,97.42321288062593,False,0.114,0.0,rolling
proactive_hpa_bilstm_fixed_cpu,proactive_hpa,371,567.0,355.7337051237365,468.99126079888174,468.99126079888174,468.99126079888174,468.99126079888174,True,False,60,False,2,950,0.44578158536809087,95.94552703832775,False,0.114,0.0,rolling
proactive_hpa_bilstm_fixed_cpu,proactive_hpa,372,609.0,382.084349947717,465.72196538824664,465.72196538824664,465.72196538824664,465.72196538824664,True,False,60,False,2,950,0.478802443543505,99.75793623623306,False,0.114,0.0,rolling
proactive_hpa_bilstm_fixed_cpu,proactive_hpa,373,733.0,459.8814918089927,476.3136039762403,476.3136039762403,476.3136039762403,476.3136039762403,True,False,60,False,2,950,0.5762925962518706,114.45098357703444,False,0.114,0.0,rolling
proactive_hpa_bilstm_fixed_cpu,proactive_hpa,374,827.0,518.8567445102823,511.6603439456321,511.6603439456321,511.6603439456321,511.6603439456321,True,False,60,False,2,950,0.650196421692083,129.47732715251271,False,0.114,0.0,rolling
proactive_hpa_bilstm_fixed_cpu,proactive_hpa,375,777.0,487.4869292436389,546.1502401011944,546.1502401011944,546.1502401011944,546.1502401011944,True,False,60,False,2,950,0.6108858762451616,121.03484128803615,False,0.114,0.0,rolling
proactive_hpa_bilstm_fixed_cpu,proactive_hpa,376,684.0,429.13907284768214,544.9539243966501,544.9539243966501,544.9539243966501,544.9539243966501,True,False,60,False,2,950,0.5377682617138874,107.9935519209467,False,0.114,0.0,rolling
proactive_hpa_bilstm_fixed_cpu,proactive_hpa,377,601.0,377.06517950505406,525.5519354156627,525.5519354156627,525.5519354156627,525.5519354156627,True,False,60,False,2,950,0.47251275627199757,98.9894819794421,False,0.114,0.0,rolling
proactive_hpa_bilstm_fixed_cpu,proactive_hpa,378,819.0,513.8375740676194,501.8285675239149,501.8285675239149,501.8285675239149,501.8285675239149,True,False,60,False,2,950,0.6439067344205757,128.0553126244253,False,0.114,0.0,rolling
proactive_hpa_bilstm_fixed_cpu,proactive_hpa,379,820.0,514.4649703729523,553.5392446146411,553.5392446146411,553.5392446146411,553.5392446146411,True,False,60,False,2,950,0.6446929453295142,128.23155442699237,False,0.114,0.0,rolling
proactive_hpa_bilstm_fixed_cpu,proactive_hpa,380,756.0,474.31160683164865,562.2435582074918,562.2435582074918,562.2435582074918,562.2435582074918,True,False,60,False,3,950,0.39625029810496964,91.19905328343458,False,0.17099999999999999,0.0,rolling
proactive_hpa_bilstm_fixed_cpu,proactive_hpa,381,852.0,534.5416521436041,551.3401911750166,551.3401911750166,551.3401911750166,551.3401911750166,True,False,60,False,3,950,0.4465677962770293,96.03004379067677,False,0.17099999999999999,0.0,rolling
proactive_hpa_bilstm_fixed_cpu,proactive_hpa,382,837.0,525.130707563611,578.0219207670548,578.0219207670548,578.0219207670548,578.0219207670548,True,False,60,False,3,950,0.43870568718764497,95.19820500942053,False,0.17099999999999999,0.0,rolling
proactive_hpa_bilstm_fixed_cpu,proactive_hpa,383,748.0,469.2924363889857,580.2031288128783,580.2031288128783,580.2031288128783,580.2031288128783,True,False,60,False,3,950,0.392057173257298,90.84727668653038,False,0.17099999999999999,0.0,rolling
proactive_hpa_bilstm_fixed_cpu,proactive_hpa,384,769.0,482.46775880097596,559.3297016188671,559.3297016188671,559.3297016188671,559.3297016188671,True,False,60,False,3,950,0.4030641259824361,91.78677365873972,False,0.17099999999999999,0.0,rolling
proactive_hpa_bilstm_fixed_cpu,proactive_hpa,385,553.0,346.95015684907634,561.5847958565687,561.5847958565687,561.5847958565687,561.5847958565687,True,False,60,False,3,950,0.28984975509530186,84.38320031230258,False,0.17099999999999999,0.0,rolling
proactive_hpa_bilstm_fixed_cpu,proactive_hpa,386,790.0,495.6430812129662,503.2077684113542,503.2077684113542,503.2077684113542,503.2077684113542,True,False,60,False,3,950,0.4140710787075741,92.77900965685882,False,0.17099999999999999,0.0,rolling
proactive_hpa_bilstm_fixed_cpu,proactive_hpa,387,766.0,480.58556988497736,552.6116212969232,552.6116212969232,552.6116212969232,552.6116212969232,True,False,60,False,3,950,0.4014917041645592,91.64936447645806,False,0.17099999999999999,0.0,rolling
proactive_hpa_bilstm_fixed_cpu,proactive_hpa,388,676.0,424.11990240501916,551.0118214793656,551.0118214793656,551.0118214793656,551.0118214793656,True,False,60,False,2,950,0.5314785744423799,107.02276531010247,False,0.114,0.0,rolling
proactive_hpa_bilstm_fixed_cpu,proactive_hpa,389,635.0,398.39665388637155,528.3113005046466,528.3113005046466,528.3113005046466,528.3113005046466,True,False,60,False,2,950,0.4992439271759042,102.39808443540112,False,0.114,0.0,rolling
proactive_hpa_bilstm_fixed_cpu,proactive_hpa,390,644.0,404.0432206343674,512.9603844964668,512.9603844964668,512.9603844964668,512.9603844964668,True,False,60,False,2,950,0.5063198253563501,103.36400570979913,False,0.114,0.0,rolling
proactive_hpa_bilstm_fixed_cpu,proactive_hpa,391,576.0,361.3802718717323,509.83426164473485,509.83426164473485,509.83426164473485,509.83426164473485,True,False,60,False,2,950,0.4528574835485367,96.71695417235715,False,0.114,0.0,rolling
proactive_hpa_bilstm_fixed_cpu,proactive_hpa,392,716.0,449.2157546183339,488.3487446682034,488.3487446682034,488.3487446682034,488.3487446682034,True,False,60,False,2,950,0.5629270107999171,112.10914701014227,False,0.114,0.0,rolling
proactive_hpa_bilstm_fixed_cpu,proactive_hpa,393,674.0,422.86510979435343,518.7097079883956,518.7097079883956,518.7097079883956,518.7097079883956,True,False,60,False,2,950,0.529906152624503,106.78362718750941,False,0.114,0.0,rolling
proactive_hpa_bilstm_fixed_cpu,proactive_hpa,394,535.0,335.6570233530847,511.49689362481195,511.49689362481195,511.49689362481195,511.49689362481195,True,False,60,False,2,950,0.42062283628206104,93.39525691777226,False,0.114,0.0,rolling
proactive_hpa_bilstm_fixed_cpu,proactive_hpa,395,676.0,424.11990240501916,475.2962961153171,475.2962961153171,475.2962961153171,475.2962961153171,True,False,60,False,2,950,0.5314785744423799,107.02276531010247,False,0.114,0.0,rolling
proactive_hpa_bilstm_fixed_cpu,proactive_hpa,396,693.0,434.78563959567794,504.69382491592614,504.69382491592614,504.69382491592614,504.69382491592614,True,False,60,False,2,950,0.5448441598943332,109.11316390674105,False,0.114,0.0,rolling
proactive_hpa_bilstm_fixed_cpu,proactive_hpa,397,549.0,344.4405716277449,511.5918763955965,511.5918763955965,511.5918763955965,511.5918763955965,True,False,60,False,2,950,0.4316297890071991,94.47460546491928,False,0.114,0.0,rolling
proactive_hpa_bilstm_fixed_cpu,proactive_hpa,398,552.0,346.32276054374347,476.5795268350139,476.5795268350139,476.5795268350139,476.5795268350139,True,False,60,False,2,950,0.43398842173401436,94.71319310004843,False,0.114,0.0,rolling
proactive_hpa_bilstm_fixed_cpu,proactive_hpa,399,621.0,389.61310561171143,471.0691052412044,471.0691052412044,471.0691052412044,471.0691052412044,True,False,60,False,2,950,0.4882369744507662,100.94905814440489,False,0.114,0.0,rolling
proactive_hpa_bilstm_fixed_cpu,proactive_hpa,400,754.0,473.0568142209829,484.89165117273615,484.89165117273615,484.89165117273615,484.89165117273615,True,False,60,False,2,950,0.5928030253395776,117.49762307396959,False,0.114,0.0,rolling
proactive_hpa_bilstm_fixed_cpu,proactive_hpa,401,699.0,438.55001742767513,521.1880502700051,521.1880502700051,521.1880502700051,521.1880502700051,True,False,60,False,2,950,0.5495614253479638,109.87591594267974,False,0.114,0.0,rolling
proactive_hpa_bilstm_fixed_cpu,proactive_hpa,402,717.0,449.84315092366677,515.4011334451161,515.4011334451161,515.4011334451161,515.4011334451161,True,False,60,False,2,950,0.5637132217088556,112.24387052857179,False,0.114,0.0,rolling
proactive_hpa_bilstm_fixed_cpu,proactive_hpa,403,648.0,406.55280585569886,522.8694668751359,522.8694668751359,522.8694668751359,522.8694668751359,True,False,60,False,2,950,0.5094646689921039,103.80206951493821,False,0.114,0.0,rolling
proactive_hpa_bilstm_fixed_cpu,proactive_hpa,404,682.0,427.8842802370164,507.6702246728387,507.6702246728387,507.6702246728387,507.6702246728387,True,False,60,False,2,950,0.5361958398960105,107.74871175245367,False,0.114,0.0,rolling
proactive_hpa_bilstm_fixed_cpu,proactive_hpa,405,545.0,341.9309864064134,515.0984601532246,515.0984601532246,515.0984601532246,515.0984601532246,True,False,60,False,2,950,0.4284849453714454,94.16052021926225,False,0.114,0.0,rolling
proactive_hpa_bilstm_fixed_cpu,proactive_hpa,406,473.0,296.75845242244685,479.6858776647341,479.6858776647341,479.6858776647341,479.6858776647341,True,False,60,False,2,950,0.37187775992787825,89.25706096347191,False,0.114,0.0,rolling
proactive_hpa_bilstm_fixed_cpu,proactive_hpa,407,812.0,509.4457999302893,453.36380139391713,453.36380139391713,453.36380139391713,453.36380139391713,True,False,60,False,2,950,0.6384032580580067,126.83362663403395,False,0.114,0.0,rolling
proactive_hpa_bilstm_fixed_cpu,proactive_hpa,408,732.0,459.2540955036598,533.1523392095219,533.1523392095219,533.1523392095219,533.1523392095219,True,False,60,False,2,950,0.5755063853429321,114.31017591684568,False,0.114,0.0,rolling
proactive_hpa_bilstm_fixed_cpu,proactive_hpa,409,901.0,565.2840711049146,525.1804574137986,525.1804574137986,525.1804574137986,525.1804574137986,True,False,60,False,2,950,0.708376028953527,143.98292270854228,False,0.114,0.0,rolling
proactive_hpa_bilstm_fixed_cpu,proactive_hpa,410,726.0,455.4897176716626,575.5028543816429,575.5028543816429,575.5028543816429,575.5028543816429,True,False,60,False,3,950,0.380526079926201,89.91803842570329,False,0.17099999999999999,0.0,rolling
proactive_hpa_bilstm_fixed_cpu,proactive_hpa,411,880.0,552.1087486929243,541.3922149893451,541.3922149893451,541.3922149893451,541.3922149893451,True,False,60,False,3,950,0.46124373324387996,97.66297852477976,False,0.17099999999999999,0.0,rolling
proactive_hpa_bilstm_fixed_cpu,proactive_hpa,412,695.0,436.04043220634367,582.060157579409,582.060157579409,582.060157579409,582.060157579409,True,False,60,False,3,950,0.3642777211414734,88.70102343213303,False,0.17099999999999999,0.0,rolling
proactive_hpa_bilstm_fixed_cpu,proactive_hpa,413,570.0,357.6158940397351,540.7676021234556,540.7676021234556,540.7676021234556,540.7676021234556,True,False,60,False,3,950,0.2987601453966041,84.79999175599224,False,0.17099999999999999,0.0,rolling
proactive_hpa_bilstm_fixed_cpu,proactive_hpa,414,689.0,432.2760543743465,502.86480450700765,502.86480450700765,502.86480450700765,502.86480450700765,True,False,60,False,3,950,0.3611328775057197,88.47761305625544,False,0.17099999999999999,0.0,rolling
proactive_hpa_bilstm_fixed_cpu,proactive_hpa,415,865.0,542.6978041129313,523.1905635492917,523.1905635492917,523.1905635492917,523.1905635492917,True,False,60,False,2,950,0.6800724362317435,136.61584896409107,False,0.114,0.0,rolling
proactive_hpa_bilstm_fixed_cpu,proactive_hpa,416,617.0,387.1035203903799,570.1878651369502,570.1878651369502,570.1878651369502,570.1878651369502,True,False,60,False,3,950,0.32339475387667493,86.08795476073774,False,0.17099999999999999,0.0,rolling
proactive_hpa_bilstm_fixed_cpu,proactive_hpa,417,673.0,422.23771348902056,514.2619422670173,514.2619422670173,514.2619422670173,514.2619422670173,True,False,60,False,3,950,0.3527466278103764,87.90061896859773,False,0.17099999999999999,0.0,rolling
proactive_hpa_bilstm_fixed_cpu,proactive_hpa,418,801.0,502.5444405716278,520.6071718644971,520.6071718644971,520.6071718644971,520.6071718644971,True,False,60,False,3,950,0.4198366253731226,93.32028363933699,False,0.17099999999999999,0.0,rolling
proactive_hpa_bilstm_fixed_cpu,proactive_hpa,419,594.0,372.67340536772394,552.4025821360688,552.4025821360688,552.4025821360688,552.4025821360688,True,False,60,False,2,950,0.4670092799094285,98.33365423864743,False,0.114,0.0,rolling
proactive_hpa_bilstm_fixed_cpu,proactive_hpa,420,733.0,459.8814918089927,502.8073909863306,502.8073909863306,502.8073909863306,502.8073909863306,True,False,60,False,2,950,0.5762925962518706,114.45098357703444,False,0.114,0.0,rolling
proactive_hpa_bilstm_fixed_cpu,proactive_hpa,421,816.0,511.95538515162076,531.5937933185246,531.5937933185246,531.5937933185246,531.5937933185246,True,False,60,False,2,950,0.6415481016937603,127.52916426434645,False,0.114,0.0,rolling
proactive_hpa_bilstm_fixed_cpu,proactive_hpa,422,745.0,467.4102474729871,556.178990174597,556.178990174597,556.178990174597,556.178990174597,True,False,60,False,2,950,0.5857271271591318,116.17083377962066,False,0.114,0.0,rolling
proactive_hpa_bilstm_fixed_cpu,proactive_hpa,423,527.0,330.63785291042177,544.234401008534,544.234401008534,544.234401008534,544.234401008534,True,False,60,False,2,950,0.41433314901055357,92.80328895941068,False,0.114,0.0,rolling
proactive_hpa_bilstm_fixed_cpu,proactive_hpa,424,618.0,387.7309166957128,487.768155256927,487.768155256927,487.768155256927,487.768155256927,True,False,60,False,2,950,0.48587834172395084,100.64691295696943,False,0.114,0.0,rolling
proactive_hpa_bilstm_fixed_cpu,proactive_hpa,425,846.0,530.7772743116068,498.94804160333433,498.94804160333433,498.94804160333433,498.94804160333433,True,False,60,False,2,950,0.6651344289619132,132.96644082753403,False,0.114,0.0,rolling
proactive_hpa_bilstm_fixed_cpu,proactive_hpa,426,682.0,427.8842802370164,555.8435160374192,555.8435160374192,555.8435160374192,555.8435160374192,True,False,60,False,2,950,0.5361958398960105,107.74871175245367,False,0.114,0.0,rolling
proactive_hpa_bilstm_fixed_cpu,proactive_hpa,427,583.0,365.7720460090624,523.3806013394187,523.3806013394187,523.3806013394187,523.3806013394187,True,False,60,False,2,950,0.4583609599111058,97.33386324548542,False,0.114,0.0,rolling
proactive_hpa_bilstm_fixed_cpu,proactive_hpa,428,639.0,400.906239107703,495.45012767265416,495.45012767265416,495.45012767265416,495.45012767265416,True,False,60,False,2,950,0.5023887708116579,102.82402719414719,False,0.114,0.0,rolling
proactive_hpa_bilstm_fixed_cpu,proactive_hpa,429,649.0,407.18020216103173,502.59553413171807,502.59553413171807,502.59553413171807,502.59553413171807,True,False,60,False,2,950,0.5102508799010422,103.91243442233889,False,0.114,0.0,rolling
proactive_hpa_bilstm_fixed_cpu,proactive_hpa,430,625.0,392.1226908330429,503.7281747739007,503.7281747739007,503.7281747739007,503.7281747739007,True,False,60,False,2,950,0.49138181808651993,101.35648394997068,False,0.114,0.0,rolling
proactive_hpa_bilstm_fixed_cpu,proactive_hpa,431,470.0,294.87626350644825,496.5653323295305,496.5653323295305,496.5653323295305,496.5653323295305,True,False,60,False,2,950,0.369519127201063,89.08203717893245,False,0.114,0.0,rolling
proactive_hpa_bilstm_fixed_cpu,proactive_hpa,432,434.0,272.289996514465,454.0912239576969,454.0912239576969,454.0912239576969,454.0912239576969,True,False,60,False,2,950,0.34121553447927944,87.15087012103051,False,0.114,0.0,rolling
proactive_hpa_bilstm_fixed_cpu,proactive_hpa,433,678.0,425.3746950156849,434.46933444931756,434.46933444931756,434.46933444931756,434.46933444931756,True,False,60,False,2,950,0.5330509962602568,107.26332264588714,False,0.114,0.0,rolling
proactive_hpa_bilstm_fixed_cpu,proactive_hpa,434,619.0,388.35831300104564,488.7678826354281,488.7678826354281,488.7678826354281,488.7678826354281,True,False,60,False,2,950,0.48666455263288927,100.74730295804383,False,0.114,0.0,rolling
proactive_hpa_bilstm_fixed_cpu,proactive_hpa,435,816.0,511.95538515162076,480.9560313954512,480.9560313954512,480.9560313954512,480.9560313954512,True,False,60,False,2,950,0.6415481016937603,127.52916426434645,False,0.114,0.0,rolling
proactive_hpa_bilstm_fixed_cpu,proactive_hpa,436,671.0,420.98292087835483,534.7350161188574,534.7350161188574,534.7350161188574,534.7350161188574,True,False,60,False,2,950,0.5275475198976878,106.42757184335741,False,0.114,0.0,rolling
proactive_hpa_bilstm_fixed_cpu,proactive_hpa,437,544.0,341.30359010108054,509.21306854391923,509.21306854391923,509.21306854391923,509.21306854391923,True,False,60,False,2,950,0.42769873446250695,94.08271533758415,False,0.114,0.0,rolling
proactive_hpa_bilstm_fixed_cpu,proactive_hpa,438,500.0,313.6981526664343,476.87285598008384,476.87285598008384,476.87285598008384,476.87285598008384,True,False,60,False,2,950,0.3931054544692159,90.934519782385,False,0.114,0.0,rolling
proactive_hpa_bilstm_fixed_cpu,proactive_hpa,439,304.0,190.72847682119206,458.54139796433856,458.54139796433856,458.54139796433856,458.54139796433856,True,False,60,False,2,950,0.23900811631728328,82.45759577906803,False,0.114,0.0,rolling
proactive_hpa_bilstm_fixed_cpu,proactive_hpa,440,770.0,483.0951551063088,401.43413892419903,401.43413892419903,401.43413892419903,401.43413892419903,True,False,60,False,2,950,0.6053823998825925,119.93575295849251,False,0.114,0.0,rolling
proactive_hpa_bilstm_fixed_cpu,proactive_hpa,441,751.0,471.1746253049843,505.23947010803204,505.23947010803204,505.23947010803204,505.23947010803204,True,False,60,False,2,950,0.5904443926127623,117.05181719144377,False,0.114,0.0,rolling
proactive_hpa_bilstm_fixed_cpu,proactive_hpa,442,620.0,388.9857093063785,516.1060867073893,516.1060867073893,516.1060867073893,516.1060867073893,True,False,60,False,2,950,0.4874507635418277,100.84801784557,False,0.114,0.0,rolling
proactive_hpa_bilstm_fixed_cpu,proactive_hpa,443,710.0,445.4513767863367,491.6710223546311,491.6710223546311,491.6710223546311,491.6710223546311,True,False,60,False,2,950,0.5582097453462866,111.30867927866556,False,0.114,0.0,rolling
proactive_hpa_bilstm_fixed_cpu,proactive_hpa,444,788.0,494.38828860230046,514.2875664222188,514.2875664222188,514.2875664222188,514.2875664222188,True,False,60,False,2,950,0.6195341962434843,122.80242294385258,False,0.114,0.0,rolling
proactive_hpa_bilstm_fixed_cpu,proactive_hpa,445,448.0,281.07354478912515,539.8597508277494,539.8597508277494,539.8597508277494,539.8597508277494,True,False,60,False,2,950,0.35222248720441746,87.86545306051922,False,0.114,0.0,rolling
proactive_hpa_bilstm_fixed_cpu,proactive_hpa,446,671.0,420.98292087835483,458.08257145597463,458.08257145597463,458.08257145597463,458.08257145597463,True,False,60,False,2,950,0.5275475198976878,106.42757184335741,False,0.114,0.0,rolling
proactive_hpa_bilstm_fixed_cpu,proactive_hpa,447,560.0,351.3419309864064,501.7329826818145,501.7329826818145,501.7329826818145,501.7329826818145,True,False,60,False,2,950,0.4402781090055218,95.36221300882657,False,0.114,0.0,rolling
proactive_hpa_bilstm_fixed_cpu,proactive_hpa,448,642.0,402.78842802370167,475.92293194082777,475.92293194082777,475.92293194082777,475.92293194082777,True,False,60,False,2,950,0.5047474035384732,103.14700395391046,False,0.114,0.0,rolling
proactive_hpa_bilstm_fixed_cpu,proactive_hpa,449,699.0,438.55001742767513,493.2527600327139,493.2527600327139,493.2527600327139,493.2527600327139,True,False,60,False,2,950,0.5495614253479638,109.87591594267974,False,0.114,0.0,rolling
proactive_hpa_bilstm_fixed_cpu,proactive_hpa,450,518.0,324.9912861624259,510.6776190610899,510.6776190610899,510.6776190610899,510.6776190610899,True,False,60,False,2,950,0.40725725083010766,92.15847149275145,False,0.114,0.0,rolling
proactive_hpa_bilstm_fixed_cpu,proactive_hpa,451,716.0,449.2157546183339,467.08816153526413,467.08816153526413,467.08816153526413,467.08816153526413,True,False,60,False,2,950,0.5629270107999171,112.10914701014227,False,0.114,0.0,rolling
proactive_hpa_bilstm_fixed_cpu,proactive_hpa,452,841.0,527.6402927849425,511.08122358836636,511.08122358836636,511.08122358836636,511.08122358836636,True,False,60,False,2,950,0.6612033744172212,132.0328589639875,False,0.114,0.0,rolling
proactive_hpa_bilstm_fixed_cpu,proactive_hpa,453,751.0,471.1746253049843,551.1137401117085,551.1137401117085,551.1137401117085,551.1137401117085,True,False,60,False,2,950,0.5904443926127623,117.05181719144377,False,0.114,0.0,rolling
proactive_hpa_bilstm_fixed_cpu,proactive_hpa,454,680.0,426.6294876263507,538.8327857429204,538.8327857429204,538.8327857429204,538.8327857429204,True,False,60,False,2,950,0.5346234180781337,107.50530339371903,False,0.114,0.0,rolling
proactive_hpa_bilstm_fixed_cpu,proactive_hpa,455,659.0,413.4541652143604,522.8280443686072,522.8280443686072,522.8280443686072,522.8280443686072,True,False,60,False,2,950,0.5181129889904266,105.03490486655667,False,0.114,0.0,rolling
proactive_hpa_bilstm_fixed_cpu,proactive_hpa,456,451.0,282.95573370512375,515.9388553787057,515.9388553787057,515.9388553787057,515.9388553787057,True,False,60,False,2,950,0.35458111993123276,88.02452486779086,False,0.114,0.0,rolling
proactive_hpa_bilstm_fixed_cpu,proactive_hpa,457,464.0,291.11188567445106,458.9716140437745,458.9716140437745,458.9716140437745,458.9716140437745,True,False,60,False,2,950,0.3648018617474324,88.73863587340576,False,0.114,0.0,rolling
proactive_hpa_bilstm_fixed_cpu,proactive_hpa,458,429.0,269.15301498780065,448.38233557533886,448.38233557533886,448.38233557533886,448.38233557533886,True,False,60,False,2,950,0.33728447993458727,86.90655664648635,False,0.114,0.0,rolling
proactive_hpa_bilstm_fixed_cpu,proactive_hpa,459,482.0,302.40501917044264,430.1922679874019,430.1922679874019,430.1922679874019,430.1922679874019,True,False,60,False,2,950,0.3789536581083241,89.79559489784636,False,0.114,0.0,rolling
proactive_hpa_bilstm_fixed_cpu,proactive_hpa,460,697.0,437.2952248170094,435.0310669869823,435.0310669869823,435.0310669869823,435.0310669869823,True,False,60,False,2,950,0.547989003530087,109.62020336247669,False,0.114,0.0,rolling
proactive_hpa_bilstm_fixed_cpu,proactive_hpa,461,809.0,507.5636110142907,488.2617814873456,488.2617814873456,488.2617814873456,488.2617814873456,True,False,60,False,2,950,0.6360446253311913,126.31645017865074,False,0.114,0.0,rolling
proactive_hpa_bilstm_fixed_cpu,proactive_hpa,462,885.0,555.2457302195887,528.299788901088,528.299788901088,528.299788901088,528.299788901088,True,False,60,False,2,950,0.6957966544105122,140.63445993643407,False,0.114,0.0,rolling
proactive_hpa_bilstm_fixed_cpu,proactive_hpa,463,648.0,406.55280585569886,562.5841619922803,562.5841619922803,562.5841619922803,562.5841619922803,True,False,60,False,3,950,0.33964311266140257,87.05246504146318,False,0.17099999999999999,0.0,rolling
proactive_hpa_bilstm_fixed_cpu,proactive_hpa,464,552.0,346.32276054374347,513.5947990833779,513.5947990833779,513.5947990833779,513.5947990833779,True,False,60,False,3,950,0.2893256144893429,84.35946462223657,False,0.17099999999999999,0.0,rolling
proactive_hpa_bilstm_fixed_cpu,proactive_hpa,465,458.0,287.3475078424538,484.782074193256,484.782074193256,484.782074193256,484.782074193256,True,False,60,False,3,950,0.2400563975292012,82.49007460099686,False,0.17099999999999999,0.0,rolling
proactive_hpa_bilstm_fixed_cpu,proactive_hpa,466,678.0,425.3746950156849,452.35330898028906,452.35330898028906,452.35330898028906,452.35330898028906,True,False,60,False,2,950,0.5330509962602568,107.26332264588714,False,0.114,0.0,rolling
proactive_hpa_bilstm_fixed_cpu,proactive_hpa,467,555.0,348.20494945974207,498.84354610575974,498.84354610575974,498.84354610575974,498.84354610575974,True,False,60,False,2,950,0.43634705446082966,94.95438822450296,False,0.114,0.0,rolling
proactive_hpa_bilstm_fixed_cpu,proactive_hpa,468,719.0,451.09794353433256,471.90538229888534,471.90538229888534,471.90538229888534,471.90538229888534,True,False,60,False,2,950,0.5652856435267325,112.51444705758622,False,0.114,0.0,rolling
proactive_hpa_bilstm_fixed_cpu,proactive_hpa,469,500.0,313.6981526664343,511.5488885036466,511.5488885036466,511.5488885036466,511.5488885036466,True,False,60,False,2,950,0.3931054544692159,90.934519782385,False,0.114,0.0,rolling
proactive_hpa_bilstm_fixed_cpu,proactive_hpa,470,618.0,387.7309166957128,461.2240110019811,461.2240110019811,461.2240110019811,461.2240110019811,True,False,60,False,2,950,0.48587834172395084,100.64691295696943,False,0.114,0.0,rolling
proactive_hpa_bilstm_fixed_cpu,proactive_hpa,471,742.0,465.5280585569885,483.3696630520358,483.3696630520358,483.3696630520358,483.3696630520358,True,False,60,False,2,950,0.5833684944323164,115.73562790804803,False,0.114,0.0,rolling
proactive_hpa_bilstm_fixed_cpu,proactive_hpa,472,693.0,434.78563959567794,516.7876073540506,516.7876073540506,516.7876073540506,516.7876073540506,True,False,60,False,2,950,0.5448441598943332,109.11316390674105,False,0.114,0.0,rolling
proactive_hpa_bilstm_fixed_cpu,proactive_hpa,473,625.0,392.1226908330429,511.4697040841893,511.4697040841893,511.4697040841893,511.4697040841893,True,False,60,False,2,950,0.49138181808651993,101.35648394997068,False,0.114,0.0,rolling
proactive_hpa_bilstm_fixed_cpu,proactive_hpa,474,486.0,304.91460439177416,496.70217109819123,496.70217109819123,496.70217109819123,496.70217109819123,True,False,60,False,2,950,0.3820985017440779,90.04149807661456,False,0.114,0.0,rolling
proactive_hpa_bilstm_fixed_cpu,proactive_hpa,475,622.0,390.2405019170443,459.00624518586073,459.00624518586073,459.00624518586073,459.00624518586073,True,False,60,False,2,950,0.4890231853597046,101.05042437940546,False,0.114,0.0,rolling
proactive_hpa_bilstm_fixed_cpu,proactive_hpa,476,551.0,345.6953642384106,485.26960746195846,485.26960746195846,485.26960746195846,485.26960746195846,True,False,60,False,2,950,0.43320221082507593,94.63337486711183,False,0.114,0.0,rolling
proactive_hpa_bilstm_fixed_cpu,proactive_hpa,477,593.0,372.0460090623911,467.78656426162115,467.78656426162115,467.78656426162115,467.78656426162115,True,False,60,False,2,950,0.4662230690004901,98.24121582035879,False,0.114,0.0,rolling
proactive_hpa_bilstm_fixed_cpu,proactive_hpa,478,648.0,406.55280585569886,475.58030519641807,475.58030519641807,475.58030519641807,475.58030519641807,True,False,60,False,2,950,0.5094646689921039,103.80206951493821,False,0.114,0.0,rolling
proactive_hpa_bilstm_fixed_cpu,proactive_hpa,479,454.0,284.83792262112235,489.824517794701,489.824517794701,489.824517794701,489.824517794701,True,False,60,False,2,950,0.35693975265804806,88.18572706942075,False,0.114,0.0,rolling
proactive_hpa_bilstm_fixed_cpu,proactive_hpa,480,484.0,303.65981178110843,443.1407749483242,443.1407749483242,443.1407749483242,443.1407749483242,True,False,60,False,2,950,0.380526079926201,89.91803842570329,False,0.114,0.0,rolling
proactive_hpa_bilstm_fixed_cpu,proactive_hpa,481,603.0,378.3199721157198,441.76718536554836,441.76718536554836,441.76718536554836,441.76718536554836,True,False,60,False,2,950,0.47408517808987444,99.17969241234076,False,0.114,0.0,rolling
proactive_hpa_bilstm_fixed_cpu,proactive_hpa,482,759.0,476.1937957476473,467.5890367043253,467.5890367043253,467.5890367043253,467.5890367043253,True,False,60,False,2,950,0.5967340798842699,118.24855471907122,False,0.114,0.0,rolling
proactive_hpa_bilstm_fixed_cpu,proactive_hpa,483,789.0,495.01568490763333,512.3514254847887,512.3514254847887,512.3514254847887,512.3514254847887,True,False,60,False,2,950,0.6203204071524228,122.96558321180896,False,0.114,0.0,rolling
proactive_hpa_bilstm_fixed_cpu,proactive_hpa,484,883.0,553.990937608923,532.3973899451826,532.3973899451826,532.3973899451826,532.3973899451826,True,False,60,False,2,950,0.6942242325926353,140.2243071491107,False,0.114,0.0,rolling
proactive_hpa_bilstm_fixed_cpu,proactive_hpa,485,899.0,564.0292784942488,568.6065127845095,568.6065127845095,568.6065127845095,568.6065127845095,True,False,60,False,3,950,0.4712024047571001,98.83193730502246,False,0.17099999999999999,0.0,rolling
proactive_hpa_bilstm_fixed_cpu,proactive_hpa,486,855.0,536.4238410596026,586.144272226029,586.144272226029,586.144272226029,586.144272226029,True,False,60,False,3,950,0.4481402180949061,96.19997217647378,False,0.17099999999999999,0.0,rolling
proactive_hpa_bilstm_fixed_cpu,proactive_hpa,487,799.0,501.28964796096204,584.7951989872336,584.7951989872336,584.7951989872336,584.7951989872336,True,False,60,False,3,950,0.4187883441612047,93.22075515854671,False,0.17099999999999999,0.0,rolling
proactive_hpa_bilstm_fixed_cpu,proactive_hpa,488,957.0,600.4182642035553,574.4658708301185,574.4658708301185,574.4658708301185,574.4658708301185,True,False,60,False,3,950,0.5016025599027195,102.7170397412169,False,0.17099999999999999,0.0,rolling
proactive_hpa_bilstm_fixed_cpu,proactive_hpa,489,887.0,556.5005228302545,617.7697779722748,617.7697779722748,617.7697779722748,617.7697779722748,True,False,60,False,3,950,0.4649127174855927,98.08784317551374,False,0.17099999999999999,0.0,rolling
proactive_hpa_bilstm_fixed_cpu,proactive_hpa,490,646.0,405.29801324503313,608.8832535164029,608.8832535164029,608.8832535164029,608.8832535164029,True,False,60,False,3,950,0.33859483144948466,86.98736577694514,False,0.17099999999999999,0.0,rolling
proactive_hpa_bilstm_fixed_cpu,proactive_hpa,491,773.0,484.9773440223074,546.7068429912483,546.7068429912483,546.7068429912483,546.7068429912483,True,False,60,False,3,950,0.40516068840627184,91.97166088230082,False,0.17099999999999999,0.0,rolling
proactive_hpa_bilstm_fixed_cpu,proactive_hpa,492,630.0,395.2596723597072,567.63423985801,567.63423985801,567.63423985801,567.63423985801,True,False,60,False,3,950,0.33020858175414136,86.48093361309871,False,0.17099999999999999,0.0,rolling
proactive_hpa_bilstm_fixed_cpu,proactive_hpa,493,692.0,434.15824329034507,527.2591206731108,527.2591206731108,527.2591206731108,527.2591206731108,True,False,60,False,3,950,0.3627052993235966,88.58883397618212,False,0.17099999999999999,0.0,rolling
proactive_hpa_bilstm_fixed_cpu,proactive_hpa,494,772.0,484.34994771697455,533.3612579561131,533.3612579561131,533.3612579561131,533.3612579561131,True,False,60,False,3,950,0.4046365478003129,91.92525914767258,False,0.17099999999999999,0.0,rolling
proactive_hpa_bilstm_fixed_cpu,proactive_hpa,495,686.0,430.3938654583479,550.8335602041761,550.8335602041761,550.8335602041761,550.8335602041761,True,False,60,False,2,950,0.5393406835317642,108.23982809805372,False,0.114,0.0,rolling
proactive_hpa_bilstm_fixed_cpu,proactive_hpa,496,552.0,346.32276054374347,529.7859176542179,529.7859176542179,529.7859176542179,529.7859176542179,True,False,60,False,2,950,0.43398842173401436,94.71319310004843,False,0.114,0.0,rolling
proactive_hpa_bilstm_fixed_cpu,proactive_hpa,497,581.0,364.5172533983967,490.80724267924325,490.80724267924325,490.80724267924325,490.80724267924325,True,False,60,False,2,950,0.45678853809322895,97.1560814251522,False,0.114,0.0,rolling
proactive_hpa_bilstm_fixed_cpu,proactive_hpa,498,754.0,473.0568142209829,487.90239307750335,487.90239307750335,487.90239307750335,487.90239307750335,True,False,60,False,2,950,0.5928030253395776,117.49762307396959,False,0.114,0.0,rolling
proactive_hpa_bilstm_fixed_cpu,proactive_hpa,499,790.0,495.6430812129662,527.5294747767689,527.5294747767689,527.5294747767689,527.5294747767689,True,False,60,False,2,950,0.6211066180613611,123.1291575918985,False,0.114,0.0,rolling
proactive_hpa_bilstm_fixed_cpu,proactive_hpa,500,816.0,511.95538515162076,543.4529365234457,543.4529365234457,543.4529365234457,543.4529365234457,True,False,60,False,2,950,0.6415481016937603,127.52916426434645,False,0.114,0.0,rolling
proactive_hpa_bilstm_fixed_cpu,proactive_hpa,501,696.0,436.66782851167653,557.7946846748923,557.7946846748923,557.7946846748923,557.7946846748923,True,False,60,False,2,950,0.5472027926211486,109.4928960727444,False,0.114,0.0,rolling
proactive_hpa_bilstm_fixed_cpu,proactive_hpa,502,862.0,540.8156151969328,532.0413972175616,532.0413972175616,532.0413972175616,532.0413972175616,True,False,60,False,2,950,0.6777138035049283,136.02882297129034,False,0.114,0.0,rolling
proactive_hpa_bilstm_fixed_cpu,proactive_hpa,503,579.0,363.2624607877309,574.5235974278798,574.5235974278798,574.5235974278798,574.5235974278798,True,False,60,False,3,950,0.30347741085023466,85.03096870292437,False,0.17099999999999999,0.0,rolling
proactive_hpa_bilstm_fixed_cpu,proactive_hpa,504,563.0,353.22411990240505,507.1388124466389,507.1388124466389,507.1388124466389,507.1388124466389,True,False,60,False,3,950,0.2950911611548914,84.62531280570849,False,0.17099999999999999,0.0,rolling
proactive_hpa_bilstm_fixed_cpu,proactive_hpa,505,756.0,474.31160683164865,491.61153770862757,491.61153770862757,491.61153770862757,491.61153770862757,True,False,60,False,3,950,0.39625029810496964,91.19905328343458,False,0.17099999999999999,0.0,rolling
proactive_hpa_bilstm_fixed_cpu,proactive_hpa,506,648.0,406.55280585569886,533.8715254377012,533.8715254377012,533.8715254377012,533.8715254377012,True,False,60,False,2,950,0.5094646689921039,103.80206951493821,False,0.114,0.0,rolling
proactive_hpa_bilstm_fixed_cpu,proactive_hpa,507,725.0,454.86232136632975,510.77924869920116,510.77924869920116,510.77924869920116,510.77924869920116,True,False,60,False,2,950,0.5700029089803631,113.33525037157344,False,0.114,0.0,rolling
proactive_hpa_bilstm_fixed_cpu,proactive_hpa,508,641.0,402.1610317183688,528.6424397283504,528.6424397283504,528.6424397283504,528.6424397283504,True,False,60,False,2,950,0.5039611926295349,103.03900877563703,False,0.114,0.0,rolling
proactive_hpa_bilstm_fixed_cpu,proactive_hpa,509,502.0,314.9529452771,508.6141761646418,508.6141761646418,508.6141761646418,508.6141761646418,True,False,60,False,2,950,0.3946778762870927,91.06625957653243,False,0.114,0.0,rolling
proactive_hpa_bilstm_fixed_cpu,proactive_hpa,510,677.0,424.747298710352,468.81328851792387,468.81328851792387,468.81328851792387,468.81328851792387,True,False,60,False,2,950,0.5322647853513184,107.1428663139174,False,0.114,0.0,rolling
proactive_hpa_bilstm_fixed_cpu,proactive_hpa,511,657.0,412.19937260369466,503.7789655101037,503.7789655101037,503.7789655101037,503.7789655101037,True,False,60,False,2,950,0.5165405671725497,104.80766052729744,False,0.114,0.0,rolling
proactive_hpa_bilstm_fixed_cpu,proactive_hpa,512,718.0,450.47054722899964,501.54210199184536,501.54210199184536,501.54210199184536,501.54210199184536,True,False,60,False,2,950,0.564499432617794,112.37897036943411,False,0.114,0.0,rolling
proactive_hpa_bilstm_fixed_cpu,proactive_hpa,513,584.0,366.3994423143953,518.3036951758559,518.3036951758559,518.3036951758559,518.3036951758559,True,False,60,False,2,950,0.4591471708200442,97.42321288062593,False,0.114,0.0,rolling
proactive_hpa_bilstm_fixed_cpu,proactive_hpa,514,468.0,293.6214708957825,487.724517127956,487.724517127956,487.724517127956,487.724517127956,True,False,60,False,2,950,0.36794670538318613,88.9665889444992,False,0.114,0.0,rolling
proactive_hpa_bilstm_fixed_cpu,proactive_hpa,515,590.0,370.1638201463925,453.13845814183014,453.13845814183014,453.13845814183014,453.13845814183014,True,False,60,False,2,950,0.4638644362736748,97.96576590709158,False,0.114,0.0,rolling
proactive_hpa_bilstm_fixed_cpu,proactive_hpa,516,761.0,477.44858835831303,474.1845834720725,474.1845834720725,474.1845834720725,474.1845834720725,True,False,60,False,2,950,0.5983065017021466,118.55171226808619,False,0.114,0.0,rolling
proactive_hpa_bilstm_fixed_cpu,proactive_hpa,517,632.0,396.51446497037296,519.3403415674434,519.3403415674434,519.3403415674434,519.3403415674434,True,False,60,False,2,950,0.4968852944490889,102.08212868705203,False,0.114,0.0,rolling
proactive_hpa_bilstm_fixed_cpu,proactive_hpa,518,489.0,306.79679330777276,495.10990921350776,495.10990921350776,495.10990921350776,495.10990921350776,True,False,60,False,2,950,0.3844571344708932,90.22860196870496,False,0.114,0.0,rolling
proactive_hpa_bilstm_fixed_cpu,proactive_hpa,519,472.0,296.131056117114,457.53444573004754,457.53444573004754,457.53444573004754,457.53444573004754,True,False,60,False,2,950,0.3710915490189398,89.19847214443088,False,0.114,0.0,rolling
proactive_hpa_bilstm_fixed_cpu,proactive_hpa,520,471.0,295.5036598117811,444.8421080725825,444.8421080725825,444.8421080725825,444.8421080725825,True,False,60,False,2,950,0.3703053381100014,89.14013105787005,False,0.114,0.0,rolling
proactive_hpa_bilstm_fixed_cpu,proactive_hpa,521,483.0,303.03241547577557,437.30908810039045,437.30908810039045,437.30908810039045,437.30908810039045,True,False,60,False,2,950,0.3797398690172626,89.85668990882151,False,0.114,0.0,rolling
proactive_hpa_bilstm_fixed_cpu,proactive_hpa,522,629.0,394.63227605437436,435.2737739758177,435.2737739758177,435.2737739758177,435.2737739758177,True,False,60,False,2,950,0.4945266617222736,101.76915832503202,False,0.114,0.0,rolling
proactive_hpa_bilstm_fixed_cpu,proactive_hpa,523,614.0,385.2213314743813,470.00717185435224,470.00717185435224,470.00717185435224,470.00717185435224,True,False,60,False,2,950,0.48273349808819715,100.24859132005062,False,0.114,0.0,rolling
proactive_hpa_bilstm_fixed_cpu,proactive_hpa,524,792.0,496.8978738236319,472.7424059249979,472.7424059249979,472.7424059249979,472.7424059249979,True,False,60,False,2,950,0.622679039879238,123.45755078790502,False,0.114,0.0,rolling
proactive_hpa_bilstm_fixed_cpu,proactive_hpa,525,716.0,449.2157546183339,523.977735670454,523.977735670454,523.977735670454,523.977735670454,True,False,60,False,2,950,0.5629270107999171,112.10914701014227,False,0.114,0.0,rolling
proactive_hpa_bilstm_fixed_cpu,proactive_hpa,526,672.0,421.6103171836877,516.8625050257392,516.8625050257392,516.8625050257392,516.8625050257392,True,False,60,False,2,950,0.5283337308066262,106.54590407925232,False,0.114,0.0,rolling
proactive_hpa_bilstm_fixed_cpu,proactive_hpa,527,626.0,392.75008713837576,509.65970912885086,509.65970912885086,509.65970912885086,509.65970912885086,True,False,60,False,2,950,0.49216802899545836,101.45915917820344,False,0.114,0.0,rolling
proactive_hpa_bilstm_fixed_cpu,proactive_hpa,528,546.0,342.5583827117463,498.4345470194935,498.4345470194935,498.4345470194935,498.4345470194935,True,False,60,False,2,950,0.4292711562803838,94.23861114797788,False,0.114,0.0,rolling
proactive_hpa_bilstm_fixed_cpu,proactive_hpa,529,645.0,404.67061693970027,475.8062746026735,475.8062746026735,475.8062746026735,475.8062746026735,True,False,60,False,2,950,0.5071060362652886,103.47301333712826,False,0.114,0.0,rolling
proactive_hpa_bilstm_fixed_cpu,proactive_hpa,530,609.0,382.084349947717,495.7939344768429,495.7939344768429,495.7939344768429,495.7939344768429,True,False,60,False,2,950,0.478802443543505,99.75793623623306,False,0.114,0.0,rolling
proactive_hpa_bilstm_fixed_cpu,proactive_hpa,531,652.0,409.0623910770303,487.99682194267734,487.99682194267734,487.99682194267734,487.99682194267734,True,False,60,False,2,950,0.5126095126278576,104.24557503693029,False,0.114,0.0,rolling
proactive_hpa_bilstm_fixed_cpu,proactive_hpa,532,820.0,514.4649703729523,498.27974244276857,498.27974244276857,498.27974244276857,498.27974244276857,True,False,60,False,2,950,0.6446929453295142,128.23155442699237,False,0.114,0.0,rolling
proactive_hpa_bilstm_fixed_cpu,proactive_hpa,533,803.0,503.7992331822935,544.5478634184051,544.5478634184051,544.5478634184051,544.5478634184051,True,False,60,False,2,950,0.6313273598775608,125.2935475470959,False,0.114,0.0,rolling
proactive_hpa_bilstm_fixed_cpu,proactive_hpa,534,739.0,463.64586964098993,551.1373653901414,551.1373653901414,551.1373653901414,551.1373653901414,True,False,60,False,2,950,0.5810098617055012,115.30392703118457,False,0.114,0.0,rolling
proactive_hpa_bilstm_fixed_cpu,proactive_hpa,535,663.0,415.9637504356919,540.4419056244469,540.4419056244469,540.4419056244469,540.4419056244469,True,False,60,False,2,950,0.5212578326261803,105.49354831268778,False,0.114,0.0,rolling
proactive_hpa_bilstm_fixed_cpu,proactive_hpa,536,729.0,457.3719065876612,521.1861718074997,521.1861718074997,521.1861718074997,521.1861718074997,True,False,60,False,2,950,0.5731477526161168,113.89005600857413,False,0.114,0.0,rolling
proactive_hpa_bilstm_fixed_cpu,proactive_hpa,537,474.0,297.3858487277797,535.0275505297905,535.0275505297905,535.0275505297905,535.0275505297905,True,False,60,False,2,950,0.3726639708368167,89.31589803985008,False,0.114,0.0,rolling
proactive_hpa_bilstm_fixed_cpu,proactive_hpa,538,897.0,562.7744858835831,469.5190124314813,469.5190124314813,469.5190124314813,469.5190124314813,True,False,60,False,2,950,0.7052311853177733,143.13454148594997,False,0.114,0.0,rolling
proactive_hpa_bilstm_fixed_cpu,proactive_hpa,539,834.0,523.2485186476124,567.7550394468171,567.7550394468171,567.7550394468171,567.7550394468171,True,False,60,False,3,950,0.4371332653697681,95.03536849072589,False,0.17099999999999999,0.0,rolling
proactive_hpa_bilstm_fixed_cpu,proactive_hpa,540,733.0,459.8814918089927,565.8555285282418,565.8555285282418,565.8555285282418,565.8555285282418,True,False,60,False,3,950,0.38419506416791366,90.20769883763982,False,0.17099999999999999,0.0,rolling
proactive_hpa_bilstm_fixed_cpu,proactive_hpa,541,767.0,481.2129661903102,545.76421605634,545.76421605634,545.76421605634,545.76421605634,True,False,60,False,3,950,0.40201584477051816,91.69504820677932,False,0.17099999999999999,0.0,rolling
proactive_hpa_bilstm_fixed_cpu,proactive_hpa,542,771.0,483.7225514116417,553.705801623451,553.705801623451,553.705801623451,553.705801623451,True,False,60,False,3,950,0.404112407194354,91.87897746921176,False,0.17099999999999999,0.0,rolling
proactive_hpa_bilstm_fixed_cpu,proactive_hpa,543,760.0,476.82119205298017,555.5478749384965,555.5478749384965,555.5478749384965,555.5478749384965,True,False,60,False,2,950,0.5975202907932082,118.39993404793788,False,0.114,0.0,rolling
proactive_hpa_bilstm_fixed_cpu,proactive_hpa,544,897.0,562.7744858835831,553.4692598448896,553.4692598448896,553.4692598448896,553.4692598448896,True,False,60,False,2,950,0.7052311853177733,143.13454148594997,False,0.114,0.0,rolling
proactive_hpa_bilstm_fixed_cpu,proactive_hpa,545,833.0,522.6211223422796,590.87862389374,590.87862389374,590.87862389374,590.87862389374,True,False,60,False,3,950,0.4366091247638092,94.98134925447987,False,0.17099999999999999,0.0,rolling
proactive_hpa_bilstm_fixed_cpu,proactive_hpa,546,833.0,522.6211223422796,582.2000789532067,582.2000789532067,582.2000789532067,582.2000789532067,True,False,60,False,3,950,0.4366091247638092,94.98134925447987,False,0.17099999999999999,0.0,rolling
proactive_hpa_bilstm_fixed_cpu,proactive_hpa,547,932.0,584.7333565702336,584.4030097321051,584.4030097321051,584.4030097321051,584.4030097321051,True,False,60,False,3,950,0.48849904475374567,100.9828106483567,False,0.17099999999999999,0.0,rolling
proactive_hpa_bilstm_fixed_cpu,proactive_hpa,548,974.0,611.084001394214,613.8638282694337,613.8638282694337,613.8638282694337,613.8638282694337,True,False,60,False,3,950,0.5105129502040218,103.94929839492254,False,0.17099999999999999,0.0,rolling
proactive_hpa_bilstm_fixed_cpu,proactive_hpa,549,782.0,490.62391077030327,632.1480116454604,632.1480116454604,632.1480116454604,632.1480116454604,True,False,60,False,3,950,0.4098779538599025,92.3947046811622,False,0.17099999999999999,0.0,rolling
proactive_hpa_bilstm_fixed_cpu,proactive_hpa,550,783.0,491.25130707563613,587.0478126911139,587.0478126911139,587.0478126911139,587.0478126911139,True,False,60,False,3,950,0.41040209446586146,92.44231553068904,False,0.17099999999999999,0.0,rolling
proactive_hpa_bilstm_fixed_cpu,proactive_hpa,551,882.0,553.3635413035901,581.1308484620067,581.1308484620067,581.1308484620067,581.1308484620067,True,False,60,False,3,950,0.4622920144557979,97.78368183434287,False,0.17099999999999999,0.0,rolling
proactive_hpa_bilstm_fixed_cpu,proactive_hpa,552,904.0,567.1662600209132,603.633047145293,603.633047145293,603.633047145293,603.633047145293,True,False,60,False,3,950,0.4738231077868949,99.14790287338027,False,0.17099999999999999,0.0,rolling
proactive_hpa_bilstm_fixed_cpu,proactive_hpa,553,674.0,422.86510979435343,612.5957697468957,612.5957697468957,612.5957697468957,612.5957697468957,True,False,60,False,3,950,0.35327076841633537,87.93588953703983,False,0.17099999999999999,0.0,rolling
proactive_hpa_bilstm_fixed_cpu,proactive_hpa,554,700.0,439.17741373300805,553.6394774472997,553.6394774472997,553.6394774472997,553.6394774472997,True,False,60,False,3,950,0.3668984241712682,88.89016956529316,False,0.17099999999999999,0.0,rolling
proactive_hpa_bilstm_fixed_cpu,proactive_hpa,555,927.0,581.5963750435692,548.3996026199693,548.3996026199693,548.3996026199693,548.3996026199693,True,False,60,False,3,950,0.4858783417239509,100.64691295696944,False,0.17099999999999999,0.0,rolling
proactive_hpa_bilstm_fixed_cpu,proactive_hpa,556,600.0,376.43778319972114,603.0486044775953,603.0486044775953,603.0486044775953,603.0486044775953,True,False,60,False,3,950,0.31448436357537274,85.59847412858112,False,0.17099999999999999,0.0,rolling
proactive_hpa_bilstm_fixed_cpu,proactive_hpa,557,594.0,372.67340536772394,523.7827849783898,523.7827849783898,523.7827849783898,523.7827849783898,True,False,60,False,3,950,0.311339519939619,85.43219384848813,False,0.17099999999999999,0.0,rolling
proactive_hpa_bilstm_fixed_cpu,proactive_hpa,558,530.0,332.52004182642037,508.3290111066144,508.3290111066144,508.3290111066144,508.3290111066144,True,False,60,False,3,950,0.27779452115824593,83.85872237426283,False,0.17099999999999999,0.0,rolling
proactive_hpa_bilstm_fixed_cpu,proactive_hpa,559,613.0,384.59393516904845,481.2892417444814,481.2892417444814,481.2892417444814,481.2892417444814,True,False,60,False,2,950,0.4819472871792587,100.14981787838084,False,0.114,0.0,rolling
proactive_hpa_bilstm_fixed_cpu,proactive_hpa,560,730.0,457.9993028929941,492.36983448948286,492.36983448948286,492.36983448948286,492.36983448948286,True,False,60,False,2,950,0.5739339635250552,114.02971265747249,False,0.114,0.0,rolling
proactive_hpa_bilstm_fixed_cpu,proactive_hpa,561,849.0,532.6594632276054,520.6988071187657,520.6988071187657,520.6988071187657,520.6988071187657,True,False,60,False,2,950,0.6674930616887286,133.5319140945583,False,0.114,0.0,rolling
proactive_hpa_bilstm_fixed_cpu,proactive_hpa,562,967.0,606.6922272568839,557.6094393724393,557.6094393724393,557.6094393724393,557.6094393724393,True,False,60,False,2,950,0.7602659489434636,159.09865956976404,False,0.114,0.0,rolling
proactive_hpa_bilstm_fixed_cpu,proactive_hpa,563,860.0,539.560822586267,600.6941684727826,600.6941684727826,600.6941684727826,600.6941684727826,True,False,60,False,3,950,0.45076092112470095,96.48584750152219,False,0.17099999999999999,0.0,rolling
proactive_hpa_bilstm_fixed_cpu,proactive_hpa,564,834.0,523.2485186476124,586.9687246030671,586.9687246030671,586.9687246030671,586.9687246030671,True,False,60,False,3,950,0.4371332653697681,95.03536849072589,False,0.17099999999999999,0.0,rolling
proactive_hpa_bilstm_fixed_cpu,proactive_hpa,565,782.0,490.62391077030327,584.4858788280153,584.4858788280153,584.4858788280153,584.4858788280153,True,False,60,False,3,950,0.4098779538599025,92.3947046811622,False,0.17099999999999999,0.0,rolling
proactive_hpa_bilstm_fixed_cpu,proactive_hpa,566,673.0,422.23771348902056,571.5277146431872,571.5277146431872,571.5277146431872,571.5277146431872,True,False,60,False,3,950,0.3527466278103764,87.90061896859773,False,0.17099999999999999,0.0,rolling
proactive_hpa_bilstm_fixed_cpu,proactive_hpa,567,361.0,226.49006622516558,540.8257381297117,540.8257381297117,540.8257381297117,540.8257381297117,True,False,60,False,3,950,0.1892147587511826,81.21937568349448,False,0.17099999999999999,0.0,rolling
proactive_hpa_bilstm_fixed_cpu,proactive_hpa,568,682.0,427.8842802370164,452.04256793276545,452.04256793276545,452.04256793276545,452.04256793276545,True,False,60,False,3,950,0.357463893264007,88.22184051924553,False,0.17099999999999999,0.0,rolling
proactive_hpa_bilstm_fixed_cpu,proactive_hpa,569,699.0,438.55001742767513,511.4232241786076,511.4232241786076,511.4232241786076,511.4232241786076,True,False,60,False,2,950,0.5495614253479638,109.87591594267974,False,0.114,0.0,rolling
proactive_hpa_bilstm_fixed_cpu,proactive_hpa,570,726.0,455.4897176716626,517.7199268280319,517.7199268280319,517.7199268280319,517.7199268280319,True,False,60,False,2,950,0.5707891198893015,113.47337968674859,False,0.114,0.0,rolling
proactive_hpa_bilstm_fixed_cpu,proactive_hpa,571,731.0,458.62669919832695,526.8147438763267,526.8147438763267,526.8147438763267,526.8147438763267,True,False,60,False,2,950,0.5747201744339937,114.16975245194403,False,0.114,0.0,rolling
proactive_hpa_bilstm_fixed_cpu,proactive_hpa,572,657.0,412.19937260369466,530.7530850159592,530.7530850159592,530.7530850159592,530.7530850159592,True,False,60,False,2,950,0.5165405671725497,104.80766052729744,False,0.114,0.0,rolling
proactive_hpa_bilstm_fixed_cpu,proactive_hpa,573,728.0,456.74451028232835,512.9269334141595,512.9269334141595,512.9269334141595,512.9269334141595,True,False,60,False,2,950,0.5723615417071783,113.75078198039199,False,0.114,0.0,rolling
proactive_hpa_bilstm_fixed_cpu,proactive_hpa,574,857.0,537.6786336702684,529.0131470789302,529.0131470789302,529.0131470789302,529.0131470789302,True,False,60,False,2,950,0.673782748960236,135.0594878523401,False,0.114,0.0,rolling
proactive_hpa_bilstm_fixed_cpu,proactive_hpa,575,437.0,274.17218543046357,566.2268861158427,566.2268861158427,566.2268861158427,566.2268861158427,True,False,60,False,3,950,0.22904944480406314,82.16301850722806,False,0.17099999999999999,0.0,rolling
proactive_hpa_bilstm_fixed_cpu,proactive_hpa,576,648.0,406.55280585569886,464.9085429577144,464.9085429577144,464.9085429577144,464.9085429577144,True,False,60,False,3,950,0.33964311266140257,87.05246504146318,False,0.17099999999999999,0.0,rolling
proactive_hpa_bilstm_fixed_cpu,proactive_hpa,577,926.0,580.9689787382364,501.8915682664028,501.8915682664028,501.8915682664028,501.8915682664028,True,False,60,False,3,950,0.485354201117992,100.58016652287111,False,0.17099999999999999,0.0,rolling
proactive_hpa_bilstm_fixed_cpu,proactive_hpa,578,647.0,405.925409550366,577.2702467706736,577.2702467706736,577.2702467706736,577.2702467706736,True,False,60,False,3,950,0.3391189720554436,87.01986510069358,False,0.17099999999999999,0.0,rolling
proactive_hpa_bilstm_fixed_cpu,proactive_hpa,579,807.0,506.30881840362497,518.4844851505718,518.4844851505718,518.4844851505718,518.4844851505718,True,False,60,False,3,950,0.42298146900887634,93.62186364331393,False,0.17099999999999999,0.0,rolling
proactive_hpa_bilstm_fixed_cpu,proactive_hpa,580,854.0,535.7964447542698,556.0224757153351,556.0224757153351,556.0224757153351,556.0224757153351,True,False,60,False,3,950,0.4476160774889472,96.14319662479846,False,0.17099999999999999,0.0,rolling
proactive_hpa_bilstm_fixed_cpu,proactive_hpa,581,661.0,414.7089578250262,574.6761863821625,574.6761863821625,574.6761863821625,574.6761863821625,True,False,60,False,3,950,0.346456940538869,87.48549117888442,False,0.17099999999999999,0.0,rolling
proactive_hpa_bilstm_fixed_cpu,proactive_hpa,582,814.0,510.70059254095503,529.853036564506,529.853036564506,529.853036564506,529.853036564506,True,False,60,False,3,950,0.426650453250589,93.97941955024483,False,0.17099999999999999,0.0,rolling
proactive_hpa_bilstm_fixed_cpu,proactive_hpa,583,993.0,623.0045311955386,564.4152535265252,564.4152535265252,564.4152535265252,564.4152535265252,True,False,60,False,3,950,0.5204716217172419,105.37836679306106,False,0.17099999999999999,0.0,rolling
proactive_hpa_bilstm_fixed_cpu,proactive_hpa,584,874.0,548.3443708609271,618.1064562520842,618.1064562520842,618.1064562520842,618.1064562520842,True,False,60,False,3,950,0.4580988896081263,97.30414805782445,False,0.17099999999999999,0.0,rolling
proactive_hpa_bilstm_fixed_cpu,proactive_hpa,585,853.0,535.1690484489369,599.3925866193795,599.3925866193795,599.3925866193795,599.3925866193795,True,False,60,False,3,950,0.4470919368829882,96.08655388137049,False,0.17099999999999999,0.0,rolling
proactive_hpa_bilstm_fixed_cpu,proactive_hpa,586,657.0,412.19937260369466,597.5830010725358,597.5830010725358,597.5830010725358,597.5830010725358,True,False,60,False,3,950,0.3443603781150331,87.35041793401406,False,0.17099999999999999,0.0,rolling
proactive_hpa_bilstm_fixed_cpu,proactive_hpa,587,822.0,515.719762983618,545.5428223920849,545.5428223920849,545.5428223920849,545.5428223920849,True,False,60,False,3,950,0.4308435780982607,94.39565324594943,False,0.17099999999999999,0.0,rolling
proactive_hpa_bilstm_fixed_cpu,proactive_hpa,588,951.0,596.6538863715581,577.6764040803291,577.6764040803291,577.6764040803291,577.6764040803291,True,False,60,False,3,950,0.49845771626696583,102.29243326826439,False,0.17099999999999999,0.0,rolling
proactive_hpa_bilstm_fixed_cpu,proactive_hpa,589,834.0,523.2485186476124,615.2545648432842,615.2545648432842,615.2545648432842,615.2545648432842,True,False,60,False,3,950,0.4371332653697681,95.03536849072589,False,0.17099999999999999,0.0,rolling
proactive_hpa_bilstm_fixed_cpu,proactive_hpa,590,917.0,575.3224119902405,592.2435918152732,592.2435918152732,592.2435918152732,592.2435918152732,True,False,60,False,3,950,0.48063693566436133,99.98591018820946,False,0.17099999999999999,0.0,rolling
proactive_hpa_bilstm_fixed_cpu,proactive_hpa,591,933.0,585.3607528755664,614.179843461684,614.179843461684,614.179843461684,614.179843461684,True,False,60,False,3,950,0.48902318535970457,101.05042437940546,False,0.17099999999999999,0.0,rolling
proactive_hpa_bilstm_fixed_cpu,proactive_hpa,592,582.0,365.14464970372956,623.7566788054282,623.7566788054282,623.7566788054282,623.7566788054282,True,False,60,False,3,950,0.3050498326681116,85.10957617835452,False,0.17099999999999999,0.0,rolling
proactive_hpa_bilstm_fixed_cpu,proactive_hpa,593,540.0,338.794004879749,533.0574286872952,533.0574286872952,533.0574286872952,533.0574286872952,True,False,60,False,3,950,0.28303592721783544,84.08128763973563,False,0.17099999999999999,0.0,rolling
proactive_hpa_bilstm_fixed_cpu,proactive_hpa,594,633.0,397.1418612757058,502.9348374424644,502.9348374424644,502.9348374424644,502.9348374424644,True,False,60,False,3,950,0.33178100357201823,86.57395995864701,False,0.17099999999999999,0.0,rolling
proactive_hpa_bilstm_fixed_cpu,proactive_hpa,595,688.0,431.6486580690136,511.5782455010062,511.5782455010062,511.5782455010062,511.5782455010062,True,False,60,False,2,950,0.5409131053496411,108.48754448263031,False,0.114,0.0,rolling
proactive_hpa_bilstm_fixed_cpu,proactive_hpa,596,840.0,527.0128964796096,520.5538042630624,520.5538042630624,520.5538042630624,520.5538042630624,True,False,60,False,2,950,0.6604171635082827,131.8474689047897,False,0.114,0.0,rolling
proactive_hpa_bilstm_fixed_cpu,proactive_hpa,597,719.0,451.09794353433256,561.2141125888415,561.2141125888415,561.2141125888415,561.2141125888415,True,False,60,False,3,950,0.37685709568448833,89.6339102392848,False,0.17099999999999999,0.0,rolling
proactive_hpa_bilstm_fixed_cpu,proactive_hpa,598,1045.0,655.6291390728477,537.1933214670762,537.1933214670762,537.1933214670762,537.1933214670762,True,False,60,False,3,950,0.5477269332271075,109.57772697789659,False,0.17099999999999999,0.0,rolling
proactive_hpa_bilstm_fixed_cpu,proactive_hpa,599,952.0,597.2812826768909,624.741667478118,624.741667478118,624.741667478118,624.741667478118,True,False,60,False,3,950,0.49898185687292473,102.36283037403408,False,0.17099999999999999,0.0,rolling
proactive_hpa_bilstm_fixed_cpu,proactive_hpa,600,803.0,503.7992331822935,618.3653469178889,618.3653469178889,618.3653469178889,618.3653469178889,True,False,60,False,3,950,0.4208849065850405,93.42031038432471,False,0.17099999999999999,0.0,rolling
proactive_hpa_bilstm_fixed_cpu,proactive_hpa,601,751.0,471.1746253049843,585.5652482001738,585.5652482001738,585.5652482001738,585.5652482001738,True,False,60,False,3,950,0.39362959507517487,90.97831620487223,False,0.17099999999999999,0.0,rolling
proactive_hpa_bilstm_fixed_cpu,proactive_hpa,602,748.0,469.2924363889857,568.0717289589411,568.0717289589411,568.0717289589411,568.0717289589411,True,False,60,False,3,950,0.392057173257298,90.84727668653038,False,0.17099999999999999,0.0,rolling
proactive_hpa_bilstm_fixed_cpu,proactive_hpa,603,934.0,585.9881491808993,562.606823956608,562.606823956608,562.606823956608,562.606823956608,True,False,60,False,3,950,0.4895473259656636,101.11818320424204,False,0.17099999999999999,0.0,rolling
proactive_hpa_bilstm_fixed_cpu,proactive_hpa,604,968.0,607.3196235622169,609.9223322761063,609.9223322761063,609.9223322761063,609.9223322761063,True,False,60,False,3,950,0.507368106568268,103.50942441648186,False,0.17099999999999999,0.0,rolling
proactive_hpa_bilstm_fixed_cpu,proactive_hpa,605,896.0,562.1470895782503,628.1941852315849,628.1941852315849,628.1941852315849,628.1941852315849,True,False,60,False,3,950,0.4696299829392233,98.64403688419368,False,0.17099999999999999,0.0,rolling
proactive_hpa_bilstm_fixed_cpu,proactive_hpa,606,902.0,565.9114674102475,616.6283952545864,616.6283952545864,616.6283952545864,616.6283952545864,True,False,60,False,3,950,0.47277482657497705,99.02109598291167,False,0.17099999999999999,0.0,rolling
proactive_hpa_bilstm_fixed_cpu,proactive_hpa,607,802.0,503.17183687696064,619.2987501202388,619.2987501202388,619.2987501202388,619.2987501202388,True,False,60,False,3,950,0.42036076597908156,93.37023465104959,False,0.17099999999999999,0.0,rolling
proactive_hpa_bilstm_fixed_cpu,proactive_hpa,608,843.0,528.8950853956082,593.3416253982223,593.3416253982223,593.3416253982223,593.3416253982223,True,False,60,False,3,950,0.4418505308233987,95.52739668779964,False,0.17099999999999999,0.0,rolling
proactive_hpa_bilstm_fixed_cpu,proactive_hpa,609,637.0,399.6514464970373,598.3131931643684,598.3131931643684,598.3131931643684,598.3131931643684,True,False,60,False,3,950,0.33387756599585405,86.69937396948754,False,0.17099999999999999,0.0,rolling
proactive_hpa_bilstm_fixed_cpu,proactive_hpa,610,737.0,462.39107703032414,541.2036703360814,541.2036703360814,541.2036703360814,541.2036703360814,True,False,60,False,3,950,0.3862916265917495,90.37572345712566,False,0.17099999999999999,0.0,rolling
proactive_hpa_bilstm_fixed_cpu,proactive_hpa,611,1073.0,673.196235622168,554.5374547734264,554.5374547734264,554.5374547734264,554.5374547734264,True,False,60,False,3,950,0.5624028701939583,112.0195401400189,False,0.17099999999999999,0.0,rolling
proactive_hpa_bilstm_fixed_cpu,proactive_hpa,612,839.0,526.3855001742768,643.524414069353,643.524414069353,643.524414069353,643.524414069353,True,False,60,False,3,950,0.4397539683995629,95.30741325197913,False,0.17099999999999999,0.0,rolling
proactive_hpa_bilstm_fixed_cpu,proactive_hpa,613,767.0,481.2129661903102,597.2117879820507,597.2117879820507,597.2117879820507,597.2117879820507,True,False,60,False,3,950,0.40201584477051816,91.69504820677932,False,0.17099999999999999,0.0,rolling
proactive_hpa_bilstm_fixed_cpu,proactive_hpa,614,574.0,360.1254792610666,575.7490293012575,575.7490293012575,575.7490293012575,575.7490293012575,True,False,60,False,3,950,0.3008567078204399,84.90175501287656,False,0.17099999999999999,0.0,rolling
proactive_hpa_bilstm_fixed_cpu,proactive_hpa,615,661.0,414.7089578250262,518.3712234946388,518.3712234946388,518.3712234946388,518.3712234946388,True,False,60,False,3,950,0.346456940538869,87.48549117888442,False,0.17099999999999999,0.0,rolling
proactive_hpa_bilstm_fixed_cpu,proactive_hpa,616,607.0,380.82955733705126,525.6022685776657,525.6022685776657,525.6022685776657,525.6022685776657,True,False,60,False,3,950,0.31815334781708543,85.79671565685352,False,0.17099999999999999,0.0,rolling
proactive_hpa_bilstm_fixed_cpu,proactive_hpa,617,850.0,533.2868595329384,505.38213692702993,505.38213692702993,505.38213692702993,505.38213692702993,True,False,60,False,2,950,0.6682792725976672,133.7212956908575,False,0.114,0.0,rolling
proactive_hpa_bilstm_fixed_cpu,proactive_hpa,618,969.0,607.9470198675497,563.1362613888919,563.1362613888919,563.1362613888919,563.1362613888919,True,False,60,False,3,950,0.507892247174227,103.58235949718984,False,0.17099999999999999,0.0,rolling
proactive_hpa_bilstm_fixed_cpu,proactive_hpa,619,886.0,555.8731265249215,605.2946194798542,605.2946194798542,605.2946194798542,605.2946194798542,True,False,60,False,3,950,0.4643885768796337,98.02673564896824,False,0.17099999999999999,0.0,rolling
proactive_hpa_bilstm_fixed_cpu,proactive_hpa,620,747.0,468.66504008365285,597.229223967357,597.229223967357,597.229223967357,597.229223967357,True,False,60,False,3,950,0.39153303265133904,90.80382970213665,False,0.17099999999999999,0.0,rolling
proactive_hpa_bilstm_fixed_cpu,proactive_hpa,621,938.0,588.4977344022308,564.5974884723992,564.5974884723992,564.5974884723992,564.5974884723992,True,False,60,False,3,950,0.4916438883894994,101.39067255173013,False,0.17099999999999999,0.0,rolling
proactive_hpa_bilstm_fixed_cpu,proactive_hpa,622,854.0,535.7964447542698,610.9154127872807,610.9154127872807,610.9154127872807,610.9154127872807,True,False,60,False,3,950,0.4476160774889472,96.14319662479846,False,0.17099999999999999,0.0,rolling
proactive_hpa_bilstm_fixed_cpu,proactive_hpa,623,881.0,552.7361449982573,596.301407986818,596.301407986818,596.301407986818,596.301407986818,True,False,60,False,3,950,0.461767873849839,97.72326167600983,False,0.17099999999999999,0.0,rolling
proactive_hpa_bilstm_fixed_cpu,proactive_hpa,624,900.0,564.6566747995818,604.8512059971754,604.8512059971754,604.8512059971754,604.8512059971754,True,False,60,False,3,950,0.47172654536305914,98.89485018396127,False,0.17099999999999999,0.0,rolling
proactive_hpa_bilstm_fixed_cpu,proactive_hpa,625,729.0,457.3719065876612,613.1617649494765,613.1617649494765,613.1617649494765,613.1617649494765,True,False,60,False,3,950,0.3820985017440779,90.04149807661456,False,0.17099999999999999,0.0,rolling
proactive_hpa_bilstm_fixed_cpu,proactive_hpa,626,859.0,538.9334262809341,569.7012229337952,569.7012229337952,569.7012229337952,569.7012229337952,True,False,60,False,3,950,0.45023678051874194,96.42840557591236,False,0.17099999999999999,0.0,rolling
proactive_hpa_bilstm_fixed_cpu,proactive_hpa,627,748.0,469.2924363889857,596.7031581344418,596.7031581344418,596.7031581344418,596.7031581344418,True,False,60,False,3,950,0.392057173257298,90.84727668653038,False,0.17099999999999999,0.0,rolling
proactive_hpa_bilstm_fixed_cpu,proactive_hpa,628,834.0,523.2485186476124,567.8548869538336,567.8548869538336,567.8548869538336,567.8548869538336,True,False,60,False,3,950,0.4371332653697681,95.03536849072589,False,0.17099999999999999,0.0,rolling
proactive_hpa_bilstm_fixed_cpu,proactive_hpa,629,701.0,439.8048100383409,584.8806449483754,584.8806449483754,584.8806449483754,584.8806449483754,True,False,60,False,3,950,0.3674225647772272,88.92832474753001,False,0.17099999999999999,0.0,rolling
proactive_hpa_bilstm_fixed_cpu,proactive_hpa,630,638.0,400.27884280237015,550.0066032104642,550.0066032104642,550.0066032104642,550.0066032104642,True,False,60,False,3,950,0.334401706601813,86.73097473813834,False,0.17099999999999999,0.0,rolling
proactive_hpa_bilstm_fixed_cpu,proactive_hpa,631,668.0,419.10073196235624,526.2054477047118,526.2054477047118,526.2054477047118,526.2054477047118,True,False,60,False,3,950,0.35012592478058163,87.72583292157742,False,0.17099999999999999,0.0,rolling
proactive_hpa_bilstm_fixed_cpu,proactive_hpa,632,664.0,416.5911467410248,524.7219198996663,524.7219198996663,524.7219198996663,524.7219198996663,True,False,60,False,2,950,0.5220440435351188,105.6090778124721,False,0.114,0.0,rolling
proactive_hpa_bilstm_fixed_cpu,proactive_hpa,633,750.0,470.54722899965145,518.9884910904752,518.9884910904752,518.9884910904752,518.9884910904752,True,False,60,False,2,950,0.5896581817038239,116.90400426554933,False,0.114,0.0,rolling
proactive_hpa_bilstm_fixed_cpu,proactive_hpa,634,663.0,415.9637504356919,538.2664292975501,538.2664292975501,538.2664292975501,538.2664292975501,True,False,60,False,2,950,0.5212578326261803,105.49354831268778,False,0.114,0.0,rolling
proactive_hpa_bilstm_fixed_cpu,proactive_hpa,635,699.0,438.55001742767513,517.6267021054896,517.6267021054896,517.6267021054896,517.6267021054896,True,False,60,False,2,950,0.5495614253479638,109.87591594267974,False,0.114,0.0,rolling
proactive_hpa_bilstm_fixed_cpu,proactive_hpa,636,893.0,560.2649006622516,524.2277879293424,524.2277879293424,524.2277879293424,524.2277879293424,True,False,60,False,2,950,0.7020863416820196,142.2936930102977,False,0.114,0.0,rolling
proactive_hpa_bilstm_fixed_cpu,proactive_hpa,637,888.0,557.1279191355874,576.2907249055315,576.2907249055315,576.2907249055315,576.2907249055315,True,False,60,False,3,950,0.4654368580915517,98.14908864224124,False,0.17099999999999999,0.0,rolling
proactive_hpa_bilstm_fixed_cpu,proactive_hpa,638,868.0,544.57999302893,586.935923757781,586.935923757781,586.935923757781,586.935923757781,True,False,60,False,3,950,0.45495404597237254,96.9502106572575,False,0.17099999999999999,0.0,rolling
proactive_hpa_bilstm_fixed_cpu,proactive_hpa,639,1000.0,627.3963053328686,589.6228957917501,589.6228957917501,589.6228957917501,589.6228957917501,True,False,60,False,3,950,0.5241406059589545,105.91886170639404,False,0.17099999999999999,0.0,rolling
proactive_hpa_bilstm_fixed_cpu,proactive_hpa,640,893.0,560.2649006622516,631.1513668720963,631.1513668720963,631.1513668720963,631.1513668720963,True,False,60,False,3,950,0.4680575611213464,98.45739052156969,False,0.17099999999999999,0.0,rolling
proactive_hpa_bilstm_fixed_cpu,proactive_hpa,641,786.0,493.13349599163473,613.6828215490441,613.6828215490441,613.6828215490441,613.6828215490441,True,False,60,False,3,950,0.41197451628373827,92.58587930219605,False,0.17099999999999999,0.0,rolling
proactive_hpa_bilstm_fixed_cpu,proactive_hpa,642,716.0,449.2157546183339,586.4278718986352,586.4278718986352,586.4278718986352,586.4278718986352,True,False,60,False,3,950,0.37528467386661146,89.51382133633845,False,0.17099999999999999,0.0,rolling
proactive_hpa_bilstm_fixed_cpu,proactive_hpa,643,729.0,457.3719065876612,562.2993581770424,562.2993581770424,562.2993581770424,562.2993581770424,True,False,60,False,3,950,0.3820985017440779,90.04149807661456,False,0.17099999999999999,0.0,rolling
proactive_hpa_bilstm_fixed_cpu,proactive_hpa,644,886.0,555.8731265249215,557.4473136085139,557.4473136085139,557.4473136085139,557.4473136085139,True,False,60,False,3,950,0.4643885768796337,98.02673564896824,False,0.17099999999999999,0.0,rolling
proactive_hpa_bilstm_fixed_cpu,proactive_hpa,645,685.0,429.766469153015,595.0923524532309,595.0923524532309,595.0923524532309,595.0923524532309,True,False,60,False,3,950,0.3590363150818839,88.33081785066518,False,0.17099999999999999,0.0,rolling
proactive_hpa_bilstm_fixed_cpu,proactive_hpa,646,933.0,585.3607528755664,546.6318489881492,546.6318489881492,546.6318489881492,546.6318489881492,True,False,60,False,3,950,0.48902318535970457,101.05042437940546,False,0.17099999999999999,0.0,rolling
proactive_hpa_bilstm_fixed_cpu,proactive_hpa,647,695.0,436.04043220634367,605.1963132754063,605.1963132754063,605.1963132754063,605.1963132754063,True,False,60,False,3,950,0.3642777211414734,88.70102343213303,False,0.17099999999999999,0.0,rolling
proactive_hpa_bilstm_fixed_cpu,proactive_hpa,648,671.0,420.98292087835483,549.5527859354479,549.5527859354479,549.5527859354479,549.5527859354479,True,False,60,False,3,950,0.3516983465984585,87.83039165729109,False,0.17099999999999999,0.0,rolling
proactive_hpa_bilstm_fixed_cpu,proactive_hpa,649,853.0,535.1690484489369,535.0281285182537,535.0281285182537,535.0281285182537,535.0281285182537,True,False,60,False,3,950,0.4470919368829882,96.08655388137049,False,0.17099999999999999,0.0,rolling
proactive_hpa_bilstm_fixed_cpu,proactive_hpa,650,730.0,457.9993028929941,576.3935105205692,576.3935105205692,576.3935105205692,576.3935105205692,True,False,60,False,3,950,0.38262264235003685,90.0828778244363,False,0.17099999999999999,0.0,rolling
proactive_hpa_bilstm_fixed_cpu,proactive_hpa,651,675.0,423.4925060996863,549.1599223604458,549.1599223604458,549.1599223604458,549.1599223604458,True,False,60,False,3,950,0.3537949090222943,87.97126492135865,False,0.17099999999999999,0.0,rolling
proactive_hpa_bilstm_fixed_cpu,proactive_hpa,652,629.0,394.63227605437436,531.576381416071,531.576381416071,531.576381416071,531.576381416071,True,False,60,False,3,950,0.3296844411481824,86.45012098519467,False,0.17099999999999999,0.0,rolling
proactive_hpa_bilstm_fixed_cpu,proactive_hpa,653,629.0,394.63227605437436,514.1549421527689,514.1549421527689,514.1549421527689,514.1549421527689,True,False,60,False,2,950,0.4945266617222736,101.76915832503202,False,0.114,0.0,rolling
proactive_hpa_bilstm_fixed_cpu,proactive_hpa,654,536.0,336.28441965841756,507.59212398174986,507.59212398174986,507.59212398174986,507.59212398174986,True,False,60,False,2,950,0.4214090471909995,93.47051099467554,False,0.114,0.0,rolling
proactive_hpa_bilstm_fixed_cpu,proactive_hpa,655,585.0,367.02683861972815,478.1700547543078,478.1700547543078,478.1700547543078,478.1700547543078,True,False,60,False,2,950,0.4599333817289826,97.51286903222497,False,0.114,0.0,rolling
proactive_hpa_bilstm_fixed_cpu,proactive_hpa,656,598.0,375.1829905890554,482.34351678419625,482.34351678419625,482.34351678419625,482.34351678419625,True,False,60,False,2,950,0.4701541235451822,98.70653081065184,False,0.114,0.0,rolling
proactive_hpa_bilstm_fixed_cpu,proactive_hpa,657,697.0,437.2952248170094,481.8962018793909,481.8962018793909,481.8962018793909,481.8962018793909,True,False,60,False,2,950,0.547989003530087,109.62020336247669,False,0.114,0.0,rolling
proactive_hpa_bilstm_fixed_cpu,proactive_hpa,658,606.0,380.2021610317184,506.63268721570375,506.63268721570375,506.63268721570375,506.63268721570375,True,False,60,False,2,950,0.47644381081668974,99.46738303938548,False,0.114,0.0,rolling
proactive_hpa_bilstm_fixed_cpu,proactive_hpa,659,789.0,495.01568490763333,487.61645736819173,487.61645736819173,487.61645736819173,487.61645736819173,True,False,60,False,2,950,0.6203204071524228,122.96558321180896,False,0.114,0.0,rolling
proactive_hpa_bilstm_fixed_cpu,proactive_hpa,660,661.0,414.7089578250262,533.8533188011106,533.8533188011106,533.8533188011106,533.8533188011106,True,False,60,False,2,950,0.5196854108083034,105.26353272873492,False,0.114,0.0,rolling
proactive_hpa_bilstm_fixed_cpu,proactive_hpa,661,769.0,482.46775880097596,509.36072051341216,509.36072051341216,509.36072051341216,509.36072051341216,True,False,60,False,2,950,0.6045961889736541,119.78036109824653,False,0.114,0.0,rolling
proactive_hpa_bilstm_fixed_cpu,proactive_hpa,662,911.0,571.5580341582433,537.5014134008102,537.5014134008102,537.5014134008102,537.5014134008102,True,False,60,False,2,950,0.7162381380429115,146.1370519728044,False,0.114,0.0,rolling
proactive_hpa_bilstm_fixed_cpu,proactive_hpa,663,761.0,477.44858835831303,582.2668366207054,582.2668366207054,582.2668366207054,582.2668366207054,True,False,60,False,3,950,0.3988710011347644,91.42272956091443,False,0.17099999999999999,0.0,rolling
proactive_hpa_bilstm_fixed_cpu,proactive_hpa,664,849.0,532.6594632276054,554.700808762836,554.700808762836,554.700808762836,554.700808762836,True,False,60,False,3,950,0.44499537445915244,95.86130787986913,False,0.17099999999999999,0.0,rolling
proactive_hpa_bilstm_fixed_cpu,proactive_hpa,665,657.0,412.19937260369466,579.0713310705378,579.0713310705378,579.0713310705378,579.0713310705378,True,False,60,False,3,950,0.3443603781150331,87.35041793401406,False,0.17099999999999999,0.0,rolling
proactive_hpa_bilstm_fixed_cpu,proactive_hpa,666,744.0,466.78285116765426,533.0408596846837,533.0408596846837,533.0408596846837,533.0408596846837,True,False,60,False,3,950,0.38996061083346223,90.67418513693184,False,0.17099999999999999,0.0,rolling
proactive_hpa_bilstm_fixed_cpu,proactive_hpa,667,772.0,484.34994771697455,548.5460745296832,548.5460745296832,548.5460745296832,548.5460745296832,True,False,60,False,3,950,0.4046365478003129,91.92525914767258,False,0.17099999999999999,0.0,rolling
proactive_hpa_bilstm_fixed_cpu,proactive_hpa,668,777.0,487.4869292436389,555.5668040606661,555.5668040606661,555.5668040606661,555.5668040606661,True,False,60,False,2,950,0.6108858762451616,121.03484128803615,False,0.114,0.0,rolling
proactive_hpa_bilstm_fixed_cpu,proactive_hpa,669,727.0,456.1171139769955,558.5009143283551,558.5009143283551,558.5009143283551,558.5009143283551,True,False,60,False,2,950,0.57157533079824,113.61189004806914,False,0.114,0.0,rolling
proactive_hpa_bilstm_fixed_cpu,proactive_hpa,670,610.0,382.71174625304985,545.9579385229199,545.9579385229199,545.9579385229199,545.9579385229199,True,False,60,False,2,950,0.4795886544524434,99.85542587780422,False,0.114,0.0,rolling
proactive_hpa_bilstm_fixed_cpu,proactive_hpa,671,579.0,363.2624607877309,512.7945740560885,512.7945740560885,512.7945740560885,512.7945740560885,True,False,60,False,2,950,0.455216116275352,96.97951937236975,False,0.114,0.0,rolling
proactive_hpa_bilstm_fixed_cpu,proactive_hpa,672,580.0,363.88985709306377,495.7865651239372,495.7865651239372,495.7865651239372,495.7865651239372,True,False,60,False,2,950,0.45600232718429046,97.0676481902456,False,0.114,0.0,rolling
proactive_hpa_bilstm_fixed_cpu,proactive_hpa,673,798.0,500.6622516556292,487.5194275549334,487.5194275549334,487.5194275549334,487.5194275549334,True,False,60,False,2,950,0.6273963053328686,124.45272365224407,False,0.114,0.0,rolling
proactive_hpa_bilstm_fixed_cpu,proactive_hpa,674,1238.0,776.7166260020913,539.7697532074599,539.7697532074599,539.7697532074599,539.7697532074599,True,False,60,False,2,950,0.9733291052657785,245.97842366435063,False,0.114,0.0,rolling
proactive_hpa_bilstm_fixed_cpu,proactive_hpa,675,901.0,565.2840711049146,670.9657649991414,670.9657649991414,670.9657649991414,670.9657649991414,True,False,60,False,3,950,0.47225068596901804,98.95790302475326,False,0.17099999999999999,0.0,rolling
proactive_hpa_bilstm_fixed_cpu,proactive_hpa,676,796.0,499.4074590449634,610.9596770704202,610.9596770704202,610.9596770704202,610.9596770704202,True,False,60,False,3,950,0.4172159223433278,93.07239396125102,False,0.17099999999999999,0.0,rolling
proactive_hpa_bilstm_fixed_cpu,proactive_hpa,677,696.0,436.66782851167653,585.7760213264178,585.7760213264178,585.7760213264178,585.7760213264178,True,False,60,False,3,950,0.36480186174743234,88.73863587340574,False,0.17099999999999999,0.0,rolling
proactive_hpa_bilstm_fixed_cpu,proactive_hpa,678,669.0,419.7281282676891,554.7484446453441,554.7484446453441,554.7484446453441,554.7484446453441,True,False,60,False,3,950,0.3506500653865406,87.76058174333336,False,0.17099999999999999,0.0,rolling
proactive_hpa_bilstm_fixed_cpu,proactive_hpa,679,535.0,335.6570233530847,538.5153496623648,538.5153496623648,538.5153496623648,538.5153496623648,True,False,60,False,3,950,0.28041522418804066,83.96896501267327,False,0.17099999999999999,0.0,rolling
proactive_hpa_bilstm_fixed_cpu,proactive_hpa,680,819.0,513.8375740676194,495.3164437576884,495.3164437576884,495.3164437576884,495.3164437576884,True,False,60,False,2,950,0.6439067344205757,128.0553126244253,False,0.114,0.0,rolling
proactive_hpa_bilstm_fixed_cpu,proactive_hpa,681,1021.0,640.5716277448588,557.339687340097,557.339687340097,557.339687340097,557.339687340097,True,False,60,False,2,950,0.8027213380261389,173.10369730348035,False,0.114,0.0,rolling
proactive_hpa_bilstm_fixed_cpu,proactive_hpa,682,783.0,491.25130707563613,620.5217737083531,620.5217737083531,620.5217737083531,620.5217737083531,True,False,60,False,3,950,0.41040209446586146,92.44231553068904,False,0.17099999999999999,0.0,rolling
proactive_hpa_bilstm_fixed_cpu,proactive_hpa,683,823.0,516.3471592889508,573.1096931497964,573.1096931497964,573.1096931497964,573.1096931497964,True,False,60,False,3,950,0.4313677187042196,94.44825606824094,False,0.17099999999999999,0.0,rolling
proactive_hpa_bilstm_fixed_cpu,proactive_hpa,684,725.0,454.86232136632975,581.4072473616757,581.4072473616757,581.4072473616757,581.4072473616757,True,False,60,False,3,950,0.38000193932024207,89.87711122120695,False,0.17099999999999999,0.0,rolling
proactive_hpa_bilstm_fixed_cpu,proactive_hpa,685,661.0,414.7089578250262,554.3171930032449,554.3171930032449,554.3171930032449,554.3171930032449,True,False,60,False,3,950,0.346456940538869,87.48549117888442,False,0.17099999999999999,0.0,rolling
proactive_hpa_bilstm_fixed_cpu,proactive_hpa,686,549.0,344.4405716277449,531.869373401204,531.869373401204,531.869373401204,531.869373401204,True,False,60,False,3,950,0.28775319267146604,84.2887719896057,False,0.17099999999999999,0.0,rolling
proactive_hpa_bilstm_fixed_cpu,proactive_hpa,687,760.0,476.82119205298017,495.0145411170811,495.0145411170811,495.0145411170811,495.0145411170811,True,False,60,False,2,950,0.5975202907932082,118.39993404793788,False,0.114,0.0,rolling
proactive_hpa_bilstm_fixed_cpu,proactive_hpa,688,916.0,574.6950156849076,539.142274482107,539.142274482107,539.142274482107,539.142274482107,True,False,60,False,2,950,0.7201691925876035,147.23201422691517,False,0.114,0.0,rolling
proactive_hpa_bilstm_fixed_cpu,proactive_hpa,689,666.0,417.8459393516905,585.9188326425315,585.9188326425315,585.9188326425315,585.9188326425315,True,False,60,False,3,950,0.3490776435686637,87.65664677094551,False,0.17099999999999999,0.0,rolling
proactive_hpa_bilstm_fixed_cpu,proactive_hpa,690,655.0,410.9445799930289,531.4008655860816,531.4008655860816,531.4008655860816,531.4008655860816,True,False,60,False,3,950,0.3433120969031152,87.28349496654863,False,0.17099999999999999,0.0,rolling
proactive_hpa_bilstm_fixed_cpu,proactive_hpa,691,690.0,432.90345067967934,521.692417452698,521.692417452698,521.692417452698,521.692417452698,True,False,60,False,3,950,0.36165701811167866,88.5145793403058,False,0.17099999999999999,0.0,rolling
proactive_hpa_bilstm_fixed_cpu,proactive_hpa,692,585.0,367.02683861972815,524.9403513730476,524.9403513730476,524.9403513730476,524.9403513730476,True,False,60,False,2,950,0.4599333817289826,97.51286903222497,False,0.114,0.0,rolling
proactive_hpa_bilstm_fixed_cpu,proactive_hpa,693,558.0,350.08713837574066,495.7387606614607,495.7387606614607,495.7387606614607,495.7387606614607,True,False,60,False,2,950,0.43870568718764497,95.19820500942053,False,0.114,0.0,rolling
proactive_hpa_bilstm_fixed_cpu,proactive_hpa,694,444.0,278.5639595677937,481.28994014720774,481.28994014720774,481.28994014720774,481.28994014720774,True,False,60,False,2,950,0.3490776435686638,87.65664677094553,False,0.114,0.0,rolling
proactive_hpa_bilstm_fixed_cpu,proactive_hpa,695,506.0,317.46253049843153,445.3373237712749,445.3373237712749,445.3373237712749,445.3373237712749,True,False,60,False,2,950,0.3978227199228465,91.33290510194702,False,0.114,0.0,rolling
proactive_hpa_bilstm_fixed_cpu,proactive_hpa,696,462.0,289.85709306378527,450.1142057567358,450.1142057567358,450.1142057567358,450.1142057567358,True,False,60,False,2,950,0.3632294399295555,88.62612263903438,False,0.114,0.0,rolling
proactive_hpa_bilstm_fixed_cpu,proactive_hpa,697,671.0,420.98292087835483,434.8409569482974,434.8409569482974,434.8409569482974,434.8409569482974,True,False,60,False,2,950,0.5275475198976878,106.42757184335741,False,0.114,0.0,rolling
proactive_hpa_bilstm_fixed_cpu,proactive_hpa,698,648.0,406.55280585569886,483.0992366998198,483.0992366998198,483.0992366998198,483.0992366998198,True,False,60,False,2,950,0.5094646689921039,103.80206951493821,False,0.114,0.0,rolling
proactive_hpa_bilstm_fixed_cpu,proactive_hpa,699,780.0,489.36911815963754,484.6987475231458,484.6987475231458,484.6987475231458,484.6987475231458,True,False,60,False,2,950,0.6132445089719769,121.5119858541629,False,0.114,0.0,rolling
proactive_hpa_bilstm_fixed_cpu,proactive_hpa,700,817.0,512.5827814569536,524.4629810681563,524.4629810681563,524.4629810681563,524.4629810681563,True,False,60,False,2,950,0.6423343126026988,127.70411806795931,False,0.114,0.0,rolling
proactive_hpa_bilstm_fixed_cpu,proactive_hpa,701,684.0,429.13907284768214,545.7283807716221,545.7283807716221,545.7283807716221,545.7283807716221,True,False,60,False,2,950,0.5377682617138874,107.9935519209467,False,0.114,0.0,rolling
proactive_hpa_bilstm_fixed_cpu,proactive_hpa,702,497.0,311.8159637504357,520.3623696674827,520.3623696674827,520.3623696674827,520.3623696674827,True,False,60,False,2,950,0.3907468217424006,90.73887699258228,False,0.114,0.0,rolling
proactive_hpa_bilstm_fixed_cpu,proactive_hpa,703,491.0,308.0515859184385,470.96908915421955,470.96908915421955,470.96908915421955,470.96908915421955,True,False,60,False,2,950,0.38602955628877006,90.3546202972453,False,0.114,0.0,rolling
proactive_hpa_bilstm_fixed_cpu,proactive_hpa,704,515.0,323.1090972464273,458.1608407270319,458.1608407270319,458.1608407270319,458.1608407270319,True,False,60,False,2,950,0.40489861810329236,91.9484449982462,False,0.114,0.0,rolling
proactive_hpa_bilstm_fixed_cpu,proactive_hpa,705,666.0,417.8459393516905,456.32647392482886,456.32647392482886,456.32647392482886,456.32647392482886,True,False,60,False,2,950,0.5236164653529957,105.84118285194114,False,0.114,0.0,rolling
proactive_hpa_bilstm_fixed_cpu,proactive_hpa,706,691.0,433.5308469850122,491.25400367843804,491.25400367843804,491.25400367843804,491.25400367843804,True,False,60,False,2,950,0.5432717380764563,108.86182863349728,False,0.114,0.0,rolling
proactive_hpa_bilstm_fixed_cpu,proactive_hpa,707,722.0,452.98013245033115,503.6623322548021,503.6623322548021,503.6623322548021,503.6623322548021,True,False,60,False,2,950,0.5676442762535479,112.92314345435074,False,0.114,0.0,rolling
proactive_hpa_bilstm_fixed_cpu,proactive_hpa,708,799.0,501.28964796096204,516.9378602716279,516.9378602716279,516.9378602716279,516.9378602716279,True,False,60,False,2,950,0.6281825162418071,124.62004866009516,False,0.114,0.0,rolling
proactive_hpa_bilstm_fixed_cpu,proactive_hpa,709,738.0,463.018473335657,543.0650099332333,543.0650099332333,543.0650099332333,543.0650099332333,True,False,60,False,2,950,0.5802236507965627,115.16080317727744,False,0.114,0.0,rolling
proactive_hpa_bilstm_fixed_cpu,proactive_hpa,710,935.0,586.6155454862321,534.9376251580588,534.9376251580588,534.9376251580588,534.9376251580588,True,False,60,False,2,950,0.7351071998574338,151.50304456453128,False,0.114,0.0,rolling
proactive_hpa_bilstm_fixed_cpu,proactive_hpa,711,769.0,482.46775880097596,590.6198295593458,590.6198295593458,590.6198295593458,590.6198295593458,True,False,60,False,3,950,0.4030641259824361,91.78677365873972,False,0.17099999999999999,0.0,rolling
proactive_hpa_bilstm_fixed_cpu,proactive_hpa,712,904.0,567.1662600209132,559.4735966633493,559.4735966633493,559.4735966633493,559.4735966633493,True,False,60,False,3,950,0.4738231077868949,99.14790287338027,False,0.17099999999999999,0.0,rolling
proactive_hpa_bilstm_fixed_cpu,proactive_hpa,713,638.0,400.27884280237015,596.65576308046,596.65576308046,596.65576308046,596.65576308046,True,False,60,False,3,950,0.334401706601813,86.73097473813834,False,0.17099999999999999,0.0,rolling
proactive_hpa_bilstm_fixed_cpu,proactive_hpa,714,824.0,516.9745555942837,533.4736526293514,533.4736526293514,533.4736526293514,533.4736526293514,True,False,60,False,3,950,0.43189185931017854,94.50098687787154,False,0.17099999999999999,0.0,rolling
proactive_hpa_bilstm_fixed_cpu,proactive_hpa,715,763.0,478.70338096897876,573.1930920684645,573.1930920684645,573.1930920684645,573.1930920684645,True,False,60,False,3,950,0.39991928234668234,91.51302740197204,False,0.17099999999999999,0.0,rolling
proactive_hpa_bilstm_fixed_cpu,proactive_hpa,716,749.0,469.9198326943186,560.3184712994203,560.3184712994203,560.3184712994203,560.3184712994203,True,False,60,False,3,950,0.39258131386325695,90.89083999477543,False,0.17099999999999999,0.0,rolling
proactive_hpa_bilstm_fixed_cpu,proactive_hpa,717,595.0,373.3008016730568,555.323422751957,555.323422751957,555.323422751957,555.323422751957,True,False,60,False,3,950,0.31186366054557796,85.45967538428566,False,0.17099999999999999,0.0,rolling
proactive_hpa_bilstm_fixed_cpu,proactive_hpa,718,684.0,429.13907284768214,512.4929122440076,512.4929122440076,512.4929122440076,512.4929122440076,True,False,60,False,3,950,0.3585121744759249,88.29438575435458,False,0.17099999999999999,0.0,rolling
proactive_hpa_bilstm_fixed_cpu,proactive_hpa,719,759.0,476.1937957476473,525.1207801049741,525.1207801049741,525.1207801049741,525.1207801049741,True,False,60,False,2,950,0.5967340798842699,118.24855471907122,False,0.114,0.0,rolling
proactive_hpa_bilstm_fixed_cpu,proactive_hpa,720,631.0,395.8870686650401,542.8899275945914,542.8899275945914,542.8899275945914,542.8899275945914,True,False,60,False,2,950,0.4960990835401505,101.9774742232625,False,0.114,0.0,rolling
proactive_hpa_bilstm_fixed_cpu,proactive_hpa,721,637.0,399.6514464970373,511.1773864189299,511.1773864189299,511.1773864189299,511.1773864189299,True,False,60,False,2,950,0.500816348993781,102.61038714702042,False,0.114,0.0,rolling
proactive_hpa_bilstm_fixed_cpu,proactive_hpa,722,693.0,434.78563959567794,507.2071114167061,507.2071114167061,507.2071114167061,507.2071114167061,True,False,60,False,2,950,0.5448441598943332,109.11316390674105,False,0.114,0.0,rolling
proactive_hpa_bilstm_fixed_cpu,proactive_hpa,723,704.0,441.6869989543395,518.0807602090322,518.0807602090322,518.0807602090322,518.0807602090322,True,False,60,False,2,950,0.553492479892656,110.52162689081945,False,0.114,0.0,rolling
proactive_hpa_bilstm_fixed_cpu,proactive_hpa,724,753.0,472.42941791565005,522.2671306479319,522.2671306479319,522.2671306479319,522.2671306479319,True,False,60,False,2,950,0.5920168144306391,117.34862607079694,False,0.114,0.0,rolling
proactive_hpa_bilstm_fixed_cpu,proactive_hpa,725,866.0,543.3252004182642,536.4298950386101,536.4298950386101,536.4298950386101,536.4298950386101,True,False,60,False,2,950,0.680858647140682,136.8124315977381,False,0.114,0.0,rolling
proactive_hpa_bilstm_fixed_cpu,proactive_hpa,726,685.0,429.766469153015,570.9147097122668,570.9147097122668,570.9147097122668,570.9147097122668,True,False,60,False,3,950,0.3590363150818839,88.33081785066518,False,0.17099999999999999,0.0,rolling
proactive_hpa_bilstm_fixed_cpu,proactive_hpa,727,763.0,478.70338096897876,531.9116869732802,531.9116869732802,531.9116869732802,531.9116869732802,True,False,60,False,3,950,0.39991928234668234,91.51302740197204,False,0.17099999999999999,0.0,rolling
proactive_hpa_bilstm_fixed_cpu,proactive_hpa,728,645.0,404.67061693970027,549.1619694029196,549.1619694029196,549.1619694029196,549.1619694029196,True,False,60,False,3,950,0.3380706908435257,86.95496691470467,False,0.17099999999999999,0.0,rolling
proactive_hpa_bilstm_fixed_cpu,proactive_hpa,729,729.0,457.3719065876612,519.5791471341522,519.5791471341522,519.5791471341522,519.5791471341522,True,False,60,False,2,950,0.5731477526161168,113.89005600857413,False,0.114,0.0,rolling
proactive_hpa_bilstm_fixed_cpu,proactive_hpa,730,740.0,464.2732659463228,535.9657703026669,535.9657703026669,535.9657703026669,535.9657703026669,True,False,60,False,2,950,0.5817960726144396,115.4474387543774,False,0.114,0.0,rolling
proactive_hpa_bilstm_fixed_cpu,proactive_hpa,731,757.0,474.9390031369815,540.0783749639518,540.0783749639518,540.0783749639518,540.0783749639518,True,False,60,False,2,950,0.5951616580663929,117.94699063575507,False,0.114,0.0,rolling
proactive_hpa_bilstm_fixed_cpu,proactive_hpa,732,874.0,548.3443708609271,546.1128875967606,546.1128875967606,546.1128875967606,546.1128875967606,True,False,60,False,2,950,0.6871483344121894,138.4014996951575,False,0.114,0.0,rolling
proactive_hpa_bilstm_fixed_cpu,proactive_hpa,733,834.0,523.2485186476124,579.7429536647669,579.7429536647669,579.7429536647669,579.7429536647669,True,False,60,False,3,950,0.4371332653697681,95.03536849072589,False,0.17099999999999999,0.0,rolling
proactive_hpa_bilstm_fixed_cpu,proactive_hpa,734,861.0,540.1882188915998,577.3744532740166,577.3744532740166,577.3744532740166,577.3744532740166,True,False,60,False,3,950,0.45128506173065985,96.54342316845839,False,0.17099999999999999,0.0,rolling
proactive_hpa_bilstm_fixed_cpu,proactive_hpa,735,914.0,573.4402230742419,588.2891392472293,588.2891392472293,588.2891392472293,588.2891392472293,True,False,60,False,3,950,0.47906451384648446,99.79039724218433,False,0.17099999999999999,0.0,rolling
proactive_hpa_bilstm_fixed_cpu,proactive_hpa,736,756.0,474.31160683164865,606.7994124437746,606.7994124437746,606.7994124437746,606.7994124437746,True,False,60,False,3,950,0.39625029810496964,91.19905328343458,False,0.17099999999999999,0.0,rolling
proactive_hpa_bilstm_fixed_cpu,proactive_hpa,737,925.0,580.3415824329035,570.3991440030995,570.3991440030995,570.3991440030995,570.3991440030995,True,False,60,False,3,950,0.484830060512033,100.5135640939684,False,0.17099999999999999,0.0,rolling
proactive_hpa_bilstm_fixed_cpu,proactive_hpa,738,845.0,530.149878006274,611.3373443654109,611.3373443654109,611.3373443654109,611.3373443654109,True,False,60,False,3,950,0.4428988120353166,95.63817436927226,False,0.17099999999999999,0.0,rolling
proactive_hpa_bilstm_fixed_cpu,proactive_hpa,739,803.0,503.7992331822935,596.49551577904,596.49551577904,596.49551577904,596.49551577904,True,False,60,False,3,950,0.4208849065850405,93.42031038432471,False,0.17099999999999999,0.0,rolling
proactive_hpa_bilstm_fixed_cpu,proactive_hpa,740,1068.0,670.0592540955037,584.9380825519052,584.9380825519052,584.9380825519052,584.9380825519052,True,False,60,False,3,950,0.5597821671641635,111.5740056636136,False,0.17099999999999999,0.0,rolling
proactive_hpa_bilstm_fixed_cpu,proactive_hpa,741,790.0,495.6430812129662,655.5035621289444,655.5035621289444,655.5035621289444,655.5035621289444,True,False,60,False,3,950,0.4140710787075741,92.77900965685882,False,0.17099999999999999,0.0,rolling
proactive_hpa_bilstm_fixed_cpu,proactive_hpa,742,610.0,382.71174625304985,593.2157684103622,593.2157684103622,593.2157684103622,593.2157684103622,True,False,60,False,3,950,0.3197257696349623,85.88308914897902,False,0.17099999999999999,0.0,rolling
proactive_hpa_bilstm_fixed_cpu,proactive_hpa,743,577.0,362.00766817706517,537.6552064977245,537.6552064977245,537.6552064977245,537.6552064977245,True,False,60,False,3,950,0.30242912963831675,84.97901418912073,False,0.17099999999999999,0.0,rolling
proactive_hpa_bilstm_fixed_cpu,proactive_hpa,744,618.0,387.7309166957128,512.8077232936262,512.8077232936262,512.8077232936262,512.8077232936262,True,False,60,False,3,950,0.3239188944826339,86.11760383910206,False,0.17099999999999999,0.0,rolling
proactive_hpa_bilstm_fixed_cpu,proactive_hpa,745,688.0,431.6486580690136,509.98954787851244,509.98954787851244,509.98954787851244,509.98954787851244,True,False,60,False,2,950,0.5409131053496411,108.48754448263031,False,0.114,0.0,rolling
proactive_hpa_bilstm_fixed_cpu,proactive_hpa,746,555.0,348.20494945974207,521.1223763308749,521.1223763308749,521.1223763308749,521.1223763308749,True,False,60,False,2,950,0.43634705446082966,94.95438822450296,False,0.114,0.0,rolling
proactive_hpa_bilstm_fixed_cpu,proactive_hpa,747,413.0,259.11467410247474,485.48445059029746,485.48445059029746,485.48445059029746,485.48445059029746,True,False,60,False,2,950,0.3247051053915724,86.16225770613241,False,0.114,0.0,rolling
proactive_hpa_bilstm_fixed_cpu,proactive_hpa,748,737.0,462.39107703032414,440.08849012276505,440.08849012276505,440.08849012276505,440.08849012276505,True,False,60,False,2,950,0.5794374398876242,115.01806666779908,False,0.114,0.0,rolling
proactive_hpa_bilstm_fixed_cpu,proactive_hpa,749,756.0,474.31160683164865,510.06406022455894,510.06406022455894,510.06406022455894,510.06406022455894,True,False,60,False,2,950,0.5943754471574545,117.7968048315917,False,0.114,0.0,rolling
proactive_hpa_bilstm_fixed_cpu,proactive_hpa,750,554.0,347.5775531544092,524.1810671952344,524.1810671952344,524.1810671952344,524.1810671952344,True,False,60,False,2,950,0.43556084355189123,94.87369925388705,False,0.114,0.0,rolling
proactive_hpa_bilstm_fixed_cpu,proactive_hpa,751,586.0,367.654234925061,477.82863215252974,477.82863215252974,477.82863215252974,477.82863215252974,True,False,60,False,2,950,0.46071959263792106,97.60283222513951,False,0.114,0.0,rolling
proactive_hpa_bilstm_fixed_cpu,proactive_hpa,752,592.0,371.4186127570582,479.8834293048826,479.8834293048826,479.8834293048826,479.8834293048826,True,False,60,False,2,950,0.46543685809155166,98.14908864224122,False,0.114,0.0,rolling
proactive_hpa_bilstm_fixed_cpu,proactive_hpa,753,777.0,487.4869292436389,479.34233577192435,479.34233577192435,479.34233577192435,479.34233577192435,True,False,60,False,2,950,0.6108858762451616,121.03484128803615,False,0.114,0.0,rolling
proactive_hpa_bilstm_fixed_cpu,proactive_hpa,754,841.0,527.6402927849425,527.2525701371947,527.2525701371947,527.2525701371947,527.2525701371947,True,False,60,False,2,950,0.6612033744172212,132.0328589639875,False,0.114,0.0,rolling
proactive_hpa_bilstm_fixed_cpu,proactive_hpa,755,601.0,377.06517950505406,554.7577406264604,554.7577406264604,554.7577406264604,554.7577406264604,True,False,60,False,2,950,0.47251275627199757,98.9894819794421,False,0.114,0.0,rolling
proactive_hpa_bilstm_fixed_cpu,proactive_hpa,756,710.0,445.4513767863367,501.71773823609783,501.71773823609783,501.71773823609783,501.71773823609783,True,False,60,False,2,950,0.5582097453462866,111.30867927866556,False,0.114,0.0,rolling
proactive_hpa_bilstm_fixed_cpu,proactive_hpa,757,606.0,380.2021610317184,524.2860443498616,524.2860443498616,524.2860443498616,524.2860443498616,True,False,60,False,2,950,0.47644381081668974,99.46738303938548,False,0.114,0.0,rolling
proactive_hpa_bilstm_fixed_cpu,proactive_hpa,758,712.0,446.70616939700244,499.1889905439275,499.1889905439275,499.1889905439275,499.1889905439275,True,False,60,False,2,950,0.5597821671641635,111.5740056636136,False,0.114,0.0,rolling
proactive_hpa_bilstm_fixed_cpu,proactive_hpa,759,437.0,274.17218543046357,521.881275183046,521.881275183046,521.881275183046,521.881275183046,True,False,60,False,2,950,0.3435741672060947,87.30018746189468,False,0.114,0.0,rolling
proactive_hpa_bilstm_fixed_cpu,proactive_hpa,760,585.0,367.02683861972815,452.5957510577455,452.5957510577455,452.5957510577455,452.5957510577455,True,False,60,False,2,950,0.4599333817289826,97.51286903222497,False,0.114,0.0,rolling
proactive_hpa_bilstm_fixed_cpu,proactive_hpa,761,547.0,343.18577901707914,476.8775762191999,476.8775762191999,476.8775762191999,476.8775762191999,True,False,60,False,2,950,0.43005736718932225,94.31698864858795,False,0.114,0.0,rolling
proactive_hpa_bilstm_fixed_cpu,proactive_hpa,762,578.0,362.63506448239804,465.6930418822344,465.6930418822344,465.6930418822344,465.6930418822344,True,False,60,False,2,950,0.4544299053664136,96.89169444666769,False,0.114,0.0,rolling
proactive_hpa_bilstm_fixed_cpu,proactive_hpa,763,779.0,488.74172185430467,470.5470130789736,470.5470130789736,470.5470130789736,470.5470130789736,True,False,60,False,2,950,0.6124582980630384,121.35252897684259,False,0.114,0.0,rolling
proactive_hpa_bilstm_fixed_cpu,proactive_hpa,764,741.0,464.90066225165566,522.7038731804314,522.7038731804314,522.7038731804314,522.7038731804314,True,False,60,False,2,950,0.582582283523378,115.59133887171292,False,0.114,0.0,rolling
proactive_hpa_bilstm_fixed_cpu,proactive_hpa,765,532.0,333.7748344370861,523.7079113895538,523.7079113895538,523.7079113895538,523.7079113895538,True,False,60,False,2,950,0.41826420355524574,93.17117737844269,False,0.114,0.0,rolling
proactive_hpa_bilstm_fixed_cpu,proactive_hpa,766,699.0,438.55001742767513,474.95313954814947,474.95313954814947,474.95313954814947,474.95313954814947,True,False,60,False,2,950,0.5495614253479638,109.87591594267974,False,0.114,0.0,rolling
proactive_hpa_bilstm_fixed_cpu,proactive_hpa,767,677.0,424.747298710352,510.5460303543032,510.5460303543032,510.5460303543032,510.5460303543032,True,False,60,False,2,950,0.5322647853513184,107.1428663139174,False,0.114,0.0,rolling
proactive_hpa_bilstm_fixed_cpu,proactive_hpa,768,601.0,377.06517950505406,509.07791557494284,509.07791557494284,509.07791557494284,509.07791557494284,True,False,60,False,2,950,0.47251275627199757,98.9894819794421,False,0.114,0.0,rolling
proactive_hpa_bilstm_fixed_cpu,proactive_hpa,769,662.0,415.33635413035904,490.62955939251697,490.62955939251697,490.62955939251697,490.62955939251697,True,False,60,False,2,950,0.5204716217172419,105.37836679306106,False,0.114,0.0,rolling
proactive_hpa_bilstm_fixed_cpu,proactive_hpa,770,441.0,276.68177065179503,503.94434245913453,503.94434245913453,503.94434245913453,503.94434245913453,True,False,60,False,2,950,0.3467190108418484,87.5024907738634,False,0.114,0.0,rolling
proactive_hpa_bilstm_fixed_cpu,proactive_hpa,771,521.0,326.8734750784245,447.79989178440974,447.79989178440974,447.79989178440974,447.79989178440974,True,False,60,False,2,950,0.40961588355692297,92.37094487035552,False,0.114,0.0,rolling
proactive_hpa_bilstm_fixed_cpu,proactive_hpa,772,544.0,341.30359010108054,456.3732909903474,456.3732909903474,456.3732909903474,456.3732909903474,True,False,60,False,2,950,0.42769873446250695,94.08271533758415,False,0.114,0.0,rolling
proactive_hpa_bilstm_fixed_cpu,proactive_hpa,773,1193.0,748.4837922621123,458.41537239651007,458.41537239651007,458.41537239651007,458.41537239651007,True,False,60,False,2,950,0.9379496143635492,228.52892323593014,False,0.114,0.0,rolling
proactive_hpa_bilstm_fixed_cpu,proactive_hpa,774,723.0,453.607528755664,632.3923081025696,632.3923081025696,632.3923081025696,632.3923081025696,True,False,60,False,3,950,0.37895365810832415,89.79559489784636,False,0.17099999999999999,0.0,rolling
proactive_hpa_bilstm_fixed_cpu,proactive_hpa,775,864.0,542.0704078075985,541.136960834288,541.136960834288,541.136960834288,541.136960834288,True,False,60,False,3,950,0.4528574835485367,96.71695417235715,False,0.17099999999999999,0.0,rolling
proactive_hpa_bilstm_fixed_cpu,proactive_hpa,776,915.0,574.0676193795748,578.3384416992103,578.3384416992103,578.3384416992103,578.3384416992103,True,False,60,False,3,950,0.4795886544524435,99.85542587780422,False,0.17099999999999999,0.0,rolling
proactive_hpa_bilstm_fixed_cpu,proactive_hpa,777,543.0,340.6761937957477,599.9230836971792,599.9230836971792,599.9230836971792,599.9230836971792,True,False,60,False,3,950,0.28460834903571236,84.14968769721084,False,0.17099999999999999,0.0,rolling
proactive_hpa_bilstm_fixed_cpu,proactive_hpa,778,808.0,506.93621470895783,508.7697273097983,508.7697273097983,508.7697273097983,508.7697273097983,True,False,60,False,3,950,0.4235056096148353,93.67256531709927,False,0.17099999999999999,0.0,rolling
proactive_hpa_bilstm_fixed_cpu,proactive_hpa,779,666.0,417.8459393516905,563.0499725279078,563.0499725279078,563.0499725279078,563.0499725279078,True,False,60,False,3,950,0.3490776435686637,87.65664677094551,False,0.17099999999999999,0.0,rolling
proactive_hpa_bilstm_fixed_cpu,proactive_hpa,780,788.0,494.38828860230046,529.3095347462845,529.3095347462845,529.3095347462845,529.3095347462845,True,False,60,False,3,950,0.4130227974956562,92.68219939077113,False,0.17099999999999999,0.0,rolling
proactive_hpa_bilstm_fixed_cpu,proactive_hpa,781,806.0,505.6814220982921,557.0335942831316,557.0335942831316,557.0335942831316,557.0335942831316,True,False,60,False,3,950,0.4224573284029174,93.57128746865698,False,0.17099999999999999,0.0,rolling
proactive_hpa_bilstm_fixed_cpu,proactive_hpa,782,940.0,589.7525270128965,565.501823671621,565.501823671621,565.501823671621,565.501823671621,True,False,60,False,3,950,0.4926921696014173,101.5277918315436,False,0.17099999999999999,0.0,rolling
proactive_hpa_bilstm_fixed_cpu,proactive_hpa,783,940.0,589.7525270128965,605.7217047884478,605.7217047884478,605.7217047884478,605.7217047884478,True,False,60,False,3,950,0.4926921696014173,101.5277918315436,False,0.17099999999999999,0.0,rolling
proactive_hpa_bilstm_fixed_cpu,proactive_hpa,784,1053.0,660.6483095155106,614.7611553585393,614.7611553585393,614.7611553585393,614.7611553585393,True,False,60,False,3,950,0.5519200580747792,110.26223768768476,False,0.17099999999999999,0.0,rolling
proactive_hpa_bilstm_fixed_cpu,proactive_hpa,785,712.0,446.70616939700244,654.2852587799462,654.2852587799462,654.2852587799462,654.2852587799462,True,False,60,False,3,950,0.37318811144277564,89.35526093736699,False,0.17099999999999999,0.0,rolling
proactive_hpa_bilstm_fixed_cpu,proactive_hpa,786,653.0,409.6897873823632,573.0164202615488,573.0164202615488,573.0164202615488,573.0164202615488,True,False,60,False,3,950,0.3422638156911973,87.21697944358924,False,0.17099999999999999,0.0,rolling
proactive_hpa_bilstm_fixed_cpu,proactive_hpa,787,773.0,484.9773440223074,544.861277662571,544.861277662571,544.861277662571,544.861277662571,True,False,60,False,3,950,0.40516068840627184,91.97166088230082,False,0.17099999999999999,0.0,rolling
proactive_hpa_bilstm_fixed_cpu,proactive_hpa,788,766.0,480.58556988497736,565.5900391608156,565.5900391608156,565.5900391608156,565.5900391608156,True,False,60,False,3,950,0.4014917041645592,91.64936447645806,False,0.17099999999999999,0.0,rolling
proactive_hpa_bilstm_fixed_cpu,proactive_hpa,789,635.0,398.39665388637155,562.0630813098601,562.0630813098601,562.0630813098601,562.0630813098601,True,False,60,False,3,950,0.33282928478393614,86.63646946234107,False,0.17099999999999999,0.0,rolling
proactive_hpa_bilstm_fixed_cpu,proactive_hpa,790,718.0,450.47054722899964,525.8227470935208,525.8227470935208,525.8227470935208,525.8227470935208,True,False,60,False,3,950,0.3763329550785294,89.59376899835085,False,0.17099999999999999,0.0,rolling
proactive_hpa_bilstm_fixed_cpu,proactive_hpa,791,806.0,505.6814220982921,538.6126925527074,538.6126925527074,538.6126925527074,538.6126925527074,True,False,60,False,3,950,0.4224573284029174,93.57128746865698,False,0.17099999999999999,0.0,rolling
proactive_hpa_bilstm_fixed_cpu,proactive_hpa,792,843.0,528.8950853956082,560.5674157470876,560.5674157470876,560.5674157470876,560.5674157470876,True,False,60,False,3,950,0.4418505308233987,95.52739668779964,False,0.17099999999999999,0.0,rolling
proactive_hpa_bilstm_fixed_cpu,proactive_hpa,793,832.0,521.9937260369467,574.3639040320704,574.3639040320704,574.3639040320704,574.3639040320704,True,False,60,False,3,950,0.4360849841578502,94.92745956070463,False,0.17099999999999999,0.0,rolling
proactive_hpa_bilstm_fixed_cpu,proactive_hpa,794,531.0,333.14743813175323,576.3888866128636,576.3888866128636,576.3888866128636,576.3888866128636,True,False,60,False,3,950,0.2783186617642049,83.88060543593178,False,0.17099999999999999,0.0,rolling
proactive_hpa_bilstm_fixed_cpu,proactive_hpa,795,614.0,385.2213314743813,498.8568639232658,498.8568639232658,498.8568639232658,498.8568639232658,True,False,60,False,3,950,0.32182233205879807,85.99958261334832,False,0.17099999999999999,0.0,rolling
proactive_hpa_bilstm_fixed_cpu,proactive_hpa,796,606.0,380.2021610317184,505.26757479705475,505.26757479705475,505.26757479705475,505.26757479705475,True,False,60,False,3,950,0.3176292072111265,85.76811349315125,False,0.17099999999999999,0.0,rolling
proactive_hpa_bilstm_fixed_cpu,proactive_hpa,797,570.0,357.6158940397351,497.3777673631048,497.3777673631048,497.3777673631048,497.3777673631048,True,False,60,False,2,950,0.4481402180949062,96.19997217647379,False,0.114,0.0,rolling
proactive_hpa_bilstm_fixed_cpu,proactive_hpa,798,577.0,362.00766817706517,483.0539127711645,483.0539127711645,483.0539127711645,483.0539127711645,True,False,60,False,2,950,0.45364369445747516,96.80417288828248,False,0.114,0.0,rolling
proactive_hpa_bilstm_fixed_cpu,proactive_hpa,799,782.0,490.62391077030327,479.282971540184,479.282971540184,479.282971540184,479.282971540184,True,False,60,False,2,950,0.6148169307898537,121.83212829892241,False,0.114,0.0,rolling
proactive_hpa_bilstm_fixed_cpu,proactive_hpa,800,410.0,257.23248518647614,530.2715242947097,530.2715242947097,530.2715242947097,530.2715242947097,True,False,60,False,2,950,0.3223464726647571,86.02894430337405,False,0.114,0.0,rolling
proactive_hpa_bilstm_fixed_cpu,proactive_hpa,801,626.0,392.75008713837576,442.5782235936699,442.5782235936699,442.5782235936699,442.5782235936699,True,False,60,False,2,950,0.49216802899545836,101.45915917820344,False,0.114,0.0,rolling
proactive_hpa_bilstm_fixed_cpu,proactive_hpa,802,885.0,555.2457302195887,483.03344234642645,483.03344234642645,483.03344234642645,483.03344234642645,True,False,60,False,2,950,0.6957966544105122,140.63445993643407,False,0.114,0.0,rolling
proactive_hpa_bilstm_fixed_cpu,proactive_hpa,803,695.0,436.04043220634367,553.9901478644888,553.9901478644888,553.9901478644888,553.9901478644888,True,False,60,False,2,950,0.5464165817122101,109.36595408344898,False,0.114,0.0,rolling
proactive_hpa_bilstm_fixed_cpu,proactive_hpa,804,571.0,358.243290345068,519.7806965278378,519.7806965278378,519.7806965278378,519.7806965278378,True,False,60,False,2,950,0.4489264290038446,96.2853848596357,False,0.114,0.0,rolling
proactive_hpa_bilstm_fixed_cpu,proactive_hpa,805,431.0,270.4078075984664,488.47279544211597,488.47279544211597,488.47279544211597,488.47279544211597,True,False,60,False,2,950,0.33885690175246413,87.00360287141129,False,0.114,0.0,rolling
proactive_hpa_bilstm_fixed_cpu,proactive_hpa,806,700.0,439.17741373300805,445.7273214868137,445.7273214868137,445.7273214868137,445.7273214868137,True,False,60,False,2,950,0.5503476362569023,110.00432228286442,False,0.114,0.0,rolling
proactive_hpa_bilstm_fixed_cpu,proactive_hpa,807,550.0,345.06796793307774,502.8169759616785,502.8169759616785,502.8169759616785,502.8169759616785,True,False,60,False,2,950,0.4324159999161375,94.55384583035442,False,0.114,0.0,rolling
proactive_hpa_bilstm_fixed_cpu,proactive_hpa,808,860.0,539.560822586267,470.27136074773625,470.27136074773625,470.27136074773625,470.27136074773625,True,False,60,False,2,950,0.6761413816870514,135.63973531763736,False,0.114,0.0,rolling
proactive_hpa_bilstm_fixed_cpu,proactive_hpa,809,866.0,543.3252004182642,548.4863972208586,548.4863972208586,548.4863972208586,548.4863972208586,True,False,60,False,2,950,0.680858647140682,136.8124315977381,False,0.114,0.0,rolling
proactive_hpa_bilstm_fixed_cpu,proactive_hpa,810,720.0,451.7253398396654,565.3291977839476,565.3291977839476,565.3291977839476,565.3291977839476,True,False,60,False,3,950,0.3773812362904473,89.67416329418816,False,0.17099999999999999,0.0,rolling
proactive_hpa_bilstm_fixed_cpu,proactive_hpa,811,773.0,484.9773440223074,538.1226305844784,538.1226305844784,538.1226305844784,538.1226305844784,True,False,60,False,3,950,0.40516068840627184,91.97166088230082,False,0.17099999999999999,0.0,rolling
proactive_hpa_bilstm_fixed_cpu,proactive_hpa,812,623.0,390.86789822237716,551.6032240914742,551.6032240914742,551.6032240914742,551.6032240914742,True,False,60,False,3,950,0.3265395975124287,86.26729394827515,False,0.17099999999999999,0.0,rolling
proactive_hpa_bilstm_fixed_cpu,proactive_hpa,813,864.0,542.0704078075985,513.6702747435297,513.6702747435297,513.6702747435297,513.6702747435297,True,False,60,False,2,950,0.6792862253228051,136.41972033170538,False,0.114,0.0,rolling
proactive_hpa_bilstm_fixed_cpu,proactive_hpa,814,740.0,464.2732659463228,571.2409360340334,571.2409360340334,571.2409360340334,571.2409360340334,True,False,60,False,3,950,0.3878640484096264,90.50294481611182,False,0.17099999999999999,0.0,rolling
proactive_hpa_bilstm_fixed_cpu,proactive_hpa,815,784.0,491.878703380969,547.6755998212634,547.6755998212634,547.6755998212634,547.6755998212634,True,False,60,False,3,950,0.4109262350718204,92.49004814702819,False,0.17099999999999999,0.0,rolling
proactive_hpa_bilstm_fixed_cpu,proactive_hpa,816,588.0,368.90902753572675,559.4471536911583,559.4471536911583,559.4471536911583,559.4471536911583,True,False,60,False,3,950,0.30819467630386527,85.26923906202751,False,0.17099999999999999,0.0,rolling
proactive_hpa_bilstm_fixed_cpu,proactive_hpa,817,591.0,370.79121645172535,509.0833582996379,509.0833582996379,509.0833582996379,509.0833582996379,True,False,60,False,3,950,0.30976709812174213,85.35030286798157,False,0.17099999999999999,0.0,rolling
proactive_hpa_bilstm_fixed_cpu,proactive_hpa,818,631.0,395.8870686650401,499.72037868727466,499.72037868727466,499.72037868727466,499.72037868727466,True,False,60,False,3,950,0.3307327223601003,86.5118442143,False,0.17099999999999999,0.0,rolling
proactive_hpa_bilstm_fixed_cpu,proactive_hpa,819,791.0,496.27047751829906,502.31164546488026,502.31164546488026,502.31164546488026,502.31164546488026,True,False,60,False,2,950,0.6218928289702996,123.29314660897822,False,0.114,0.0,rolling
proactive_hpa_bilstm_fixed_cpu,proactive_hpa,820,839.0,526.3855001742768,541.6866037799309,541.6866037799309,541.6866037799309,541.6866037799309,True,False,60,False,2,950,0.6596309525993443,131.66251972542955,False,0.114,0.0,rolling
proactive_hpa_bilstm_fixed_cpu,proactive_hpa,821,756.0,474.31160683164865,562.4264193075342,562.4264193075342,562.4264193075342,562.4264193075342,True,False,60,False,3,950,0.39625029810496964,91.19905328343458,False,0.17099999999999999,0.0,rolling
proactive_hpa_bilstm_fixed_cpu,proactive_hpa,822,555.0,348.20494945974207,548.341418448008,548.341418448008,548.341418448008,548.341418448008,True,False,60,False,3,950,0.2908980363072198,84.43092984429717,False,0.17099999999999999,0.0,rolling
proactive_hpa_bilstm_fixed_cpu,proactive_hpa,823,571.0,358.243290345068,496.3578585540972,496.3578585540972,496.3578585540972,496.3578585540972,True,False,60,False,3,950,0.29928428600256307,84.82529921766984,False,0.17099999999999999,0.0,rolling
proactive_hpa_bilstm_fixed_cpu,proactive_hpa,824,702.0,440.4322063436738,488.7470509679006,488.7470509679006,488.7470509679006,488.7470509679006,True,False,60,False,2,950,0.5519200580747792,110.26223768768476,False,0.114,0.0,rolling
proactive_hpa_bilstm_fixed_cpu,proactive_hpa,825,540.0,338.794004879749,516.1952414278367,516.1952414278367,516.1952414278367,516.1952414278367,True,False,60,False,2,950,0.42455389082675316,93.77434578410777,False,0.114,0.0,rolling
proactive_hpa_bilstm_fixed_cpu,proactive_hpa,826,338.0,212.05995120250958,476.33568795210476,476.33568795210476,476.33568795210476,476.33568795210476,True,False,60,False,2,950,0.26573928722118995,83.37784566376281,False,0.114,0.0,rolling
proactive_hpa_bilstm_fixed_cpu,proactive_hpa,827,563.0,353.22411990240505,417.60440174465884,417.60440174465884,417.60440174465884,417.60440174465884,True,False,60,False,2,950,0.44263674173233714,95.61043071926616,False,0.114,0.0,rolling
proactive_hpa_bilstm_fixed_cpu,proactive_hpa,828,547.0,343.18577901707914,458.22131276999335,458.22131276999335,458.22131276999335,458.22131276999335,True,False,60,False,2,950,0.43005736718932225,94.31698864858795,False,0.114,0.0,rolling
proactive_hpa_bilstm_fixed_cpu,proactive_hpa,829,632.0,396.51446497037296,455.10898939282015,455.10898939282015,455.10898939282015,455.10898939282015,True,False,60,False,2,950,0.4968852944490889,102.08212868705203,False,0.114,0.0,rolling
proactive_hpa_bilstm_fixed_cpu,proactive_hpa,830,682.0,427.8842802370164,476.62540466927976,476.62540466927976,476.62540466927976,476.62540466927976,True,False,60,False,2,950,0.5361958398960105,107.74871175245367,False,0.114,0.0,rolling
proactive_hpa_bilstm_fixed_cpu,proactive_hpa,831,612.0,383.9665388637156,494.2343530231824,494.2343530231824,494.2343530231824,494.2343530231824,True,False,60,False,2,950,0.4811610762703203,100.05136617402117,False,0.114,0.0,rolling
proactive_hpa_bilstm_fixed_cpu,proactive_hpa,832,614.0,385.2213314743813,482.17500906432315,482.17500906432315,482.17500906432315,482.17500906432315,True,False,60,False,2,950,0.48273349808819715,100.24859132005062,False,0.114,0.0,rolling
proactive_hpa_bilstm_fixed_cpu,proactive_hpa,833,699.0,438.55001742767513,483.5570035626679,483.5570035626679,483.5570035626679,483.5570035626679,True,False,60,False,2,950,0.5495614253479638,109.87591594267974,False,0.114,0.0,rolling
proactive_hpa_bilstm_fixed_cpu,proactive_hpa,834,734.0,460.50888811432554,506.66069557331593,506.66069557331593,506.66069557331593,506.66069557331593,True,False,60,False,2,950,0.577078807160809,114.59217595736717,False,0.114,0.0,rolling
proactive_hpa_bilstm_fixed_cpu,proactive_hpa,835,804.0,504.42662948762637,521.2621050418516,521.2621050418516,521.2621050418516,521.2621050418516,True,False,60,False,2,950,0.6321135707864992,125.46297460702993,False,0.114,0.0,rolling
proactive_hpa_bilstm_fixed_cpu,proactive_hpa,836,743.0,466.1554548623214,546.3570154739014,546.3570154739014,546.3570154739014,546.3570154739014,True,False,60,False,2,950,0.5841547053412549,115.88030638823975,False,0.114,0.0,rolling
proactive_hpa_bilstm_fixed_cpu,proactive_hpa,837,721.0,452.3527361449983,539.1931133840153,539.1931133840153,539.1931133840153,539.1931133840153,True,False,60,False,2,950,0.5668580653446094,112.78653307518758,False,0.114,0.0,rolling
proactive_hpa_bilstm_fixed_cpu,proactive_hpa,838,491.0,308.0515859184385,535.6408444549425,535.6408444549425,535.6408444549425,535.6408444549425,True,False,60,False,2,950,0.38602955628877006,90.3546202972453,False,0.114,0.0,rolling
proactive_hpa_bilstm_fixed_cpu,proactive_hpa,839,431.0,270.4078075984664,475.5451442315739,475.5451442315739,475.5451442315739,475.5451442315739,True,False,60,False,2,950,0.33885690175246413,87.00360287141129,False,0.114,0.0,rolling
proactive_hpa_bilstm_fixed_cpu,proactive_hpa,840,572.0,358.87068665040084,446.52316343492384,446.52316343492384,446.52316343492384,446.52316343492384,True,False,60,False,2,950,0.449712639912783,96.37109723611579,False,0.114,0.0,rolling
proactive_hpa_bilstm_fixed_cpu,proactive_hpa,841,624.0,391.49529452771003,469.5909479122961,469.5909479122961,469.5909479122961,469.5909479122961,True,False,60,False,2,950,0.4905956071775815,101.25413675733141,False,0.114,0.0,rolling
proactive_hpa_bilstm_fixed_cpu,proactive_hpa,842,588.0,368.90902753572675,482.19509416341907,482.19509416341907,482.19509416341907,482.19509416341907,True,False,60,False,2,950,0.46229201445579793,97.78368183434287,False,0.114,0.0,rolling
proactive_hpa_bilstm_fixed_cpu,proactive_hpa,843,885.0,555.2457302195887,475.10724572214804,475.10724572214804,475.10724572214804,475.10724572214804,True,False,60,False,2,950,0.6957966544105122,140.63445993643407,False,0.114,0.0,rolling
proactive_hpa_bilstm_fixed_cpu,proactive_hpa,844,780.0,489.36911815963754,553.5186296927873,553.5186296927873,553.5186296927873,553.5186296927873,True,False,60,False,2,950,0.6132445089719769,121.5119858541629,False,0.114,0.0,rolling
proactive_hpa_bilstm_fixed_cpu,proactive_hpa,845,702.0,440.4322063436738,542.3322650590217,542.3322650590217,542.3322650590217,542.3322650590217,True,False,60,False,2,950,0.5519200580747792,110.26223768768476,False,0.114,0.0,rolling
proactive_hpa_bilstm_fixed_cpu,proactive_hpa,846,624.0,391.49529452771003,527.2566883049949,527.2566883049949,527.2566883049949,527.2566883049949,True,False,60,False,2,950,0.4905956071775815,101.25413675733141,False,0.114,0.0,rolling
proactive_hpa_bilstm_fixed_cpu,proactive_hpa,847,567.0,355.7337051237365,506.2309129852274,506.2309129852274,506.2309129852274,506.2309129852274,True,False,60,False,2,950,0.44578158536809087,95.94552703832775,False,0.114,0.0,rolling
proactive_hpa_bilstm_fixed_cpu,proactive_hpa,848,597.0,374.55559428372254,486.47692903015604,486.47692903015604,486.47692903015604,486.47692903015604,True,False,60,False,2,950,0.4693679126362438,98.61284218310936,False,0.114,0.0,rolling
proactive_hpa_bilstm_fixed_cpu,proactive_hpa,849,630.0,395.2596723597072,488.10709732488385,488.10709732488385,488.10709732488385,488.10709732488385,True,False,60,False,2,950,0.49531287263121204,101.87315094420816,False,0.114,0.0,rolling
proactive_hpa_bilstm_fixed_cpu,proactive_hpa,850,618.0,387.7309166957128,494.2646492517947,494.2646492517947,494.2646492517947,494.2646492517947,True,False,60,False,2,950,0.48587834172395084,100.64691295696943,False,0.114,0.0,rolling
proactive_hpa_bilstm_fixed_cpu,proactive_hpa,851,720.0,451.7253398396654,490.89940775626974,490.89940775626974,490.89940775626974,490.89940775626974,True,False,60,False,2,950,0.566071854435671,112.65030111788508,False,0.114,0.0,rolling
proactive_hpa_bilstm_fixed_cpu,proactive_hpa,852,810.0,508.19100731962357,516.819733879463,516.819733879463,516.819733879463,516.819733879463,True,False,60,False,2,950,0.6368308362401298,126.48841702136369,False,0.114,0.0,rolling
proactive_hpa_bilstm_fixed_cpu,proactive_hpa,853,725.0,454.86232136632975,546.3720913396496,546.3720913396496,546.3720913396496,546.3720913396496,True,False,60,False,2,950,0.5700029089803631,113.33525037157344,False,0.114,0.0,rolling
proactive_hpa_bilstm_fixed_cpu,proactive_hpa,854,848.0,532.0320669222726,532.0835903753746,532.0835903753746,532.0835903753746,532.0835903753746,True,False,60,False,2,950,0.6667068507797903,133.34297810180936,False,0.114,0.0,rolling
proactive_hpa_bilstm_fixed_cpu,proactive_hpa,855,880.0,552.1087486929243,566.53738633484,566.53738633484,566.53738633484,566.53738633484,True,False,60,False,3,950,0.46124373324387996,97.66297852477976,False,0.17099999999999999,0.0,rolling
proactive_hpa_bilstm_fixed_cpu,proactive_hpa,856,744.0,466.78285116765426,583.9777788031643,583.9777788031643,583.9777788031643,583.9777788031643,True,False,60,False,3,950,0.38996061083346223,90.67418513693184,False,0.17099999999999999,0.0,rolling
proactive_hpa_bilstm_fixed_cpu,proactive_hpa,857,873.0,547.7169745555943,555.5566892625602,555.5566892625602,555.5566892625602,555.5566892625602,True,False,60,False,3,950,0.4575747490021674,97.24481960194649,False,0.17099999999999999,0.0,rolling
proactive_hpa_bilstm_fixed_cpu,proactive_hpa,858,718.0,450.47054722899964,588.4378267793854,588.4378267793854,588.4378267793854,588.4378267793854,True,False,60,False,3,950,0.3763329550785294,89.59376899835085,False,0.17099999999999999,0.0,rolling
proactive_hpa_bilstm_fixed_cpu,proactive_hpa,859,859.0,538.9334262809341,552.8017795013134,552.8017795013134,552.8017795013134,552.8017795013134,True,False,60,False,3,950,0.45023678051874194,96.42840557591236,False,0.17099999999999999,0.0,rolling
proactive_hpa_bilstm_fixed_cpu,proactive_hpa,860,832.0,521.9937260369467,585.8893552309087,585.8893552309087,585.8893552309087,585.8893552309087,True,False,60,False,3,950,0.4360849841578502,94.92745956070463,False,0.17099999999999999,0.0,rolling
proactive_hpa_bilstm_fixed_cpu,proactive_hpa,861,1119.0,702.05646566748,583.5952467719417,583.5952467719417,583.5952467719417,583.5952467719417,True,False,60,False,3,950,0.5865133380680702,116.31668374052376,False,0.17099999999999999,0.0,rolling
proactive_hpa_bilstm_fixed_cpu,proactive_hpa,862,965.0,605.4374346462182,665.015277439169,665.015277439169,665.015277439169,665.015277439169,True,False,60,False,3,950,0.5057956847503912,103.291521772798,False,0.17099999999999999,0.0,rolling
proactive_hpa_bilstm_fixed_cpu,proactive_hpa,863,1061.0,665.6674799581735,640.9400349876005,640.9400349876005,640.9400349876005,640.9400349876005,True,False,60,False,3,950,0.5561131829224507,110.9572287410416,False,0.17099999999999999,0.0,rolling
proactive_hpa_bilstm_fixed_cpu,proactive_hpa,864,837.0,525.130707563611,672.24480530248,672.24480530248,672.24480530248,672.24480530248,True,False,60,False,3,950,0.43870568718764497,95.19820500942053,False,0.17099999999999999,0.0,rolling
proactive_hpa_bilstm_fixed_cpu,proactive_hpa,865,1016.0,637.4346462181945,618.8878003229092,618.8878003229092,618.8878003229092,618.8878003229092,True,False,60,False,3,950,0.5325268556542978,107.18297891774901,False,0.17099999999999999,0.0,rolling
proactive_hpa_bilstm_fixed_cpu,proactive_hpa,866,1014.0,636.1798536075288,660.7231351115051,660.7231351115051,660.7231351115051,660.7231351115051,True,False,60,False,3,950,0.53147857444238,107.0227653101025,False,0.17099999999999999,0.0,rolling
proactive_hpa_bilstm_fixed_cpu,proactive_hpa,867,871.0,546.4621819449286,666.3693117456069,666.3693117456069,666.3693117456069,666.3693117456069,True,False,60,False,3,950,0.45652646779024947,97.12656982367022,False,0.17099999999999999,0.0,rolling
proactive_hpa_bilstm_fixed_cpu,proactive_hpa,868,750.0,470.54722899965145,630.5642269249038,630.5642269249038,630.5642269249038,630.5642269249038,True,False,60,False,3,950,0.3931054544692159,90.934519782385,False,0.17099999999999999,0.0,rolling
proactive_hpa_bilstm_fixed_cpu,proactive_hpa,869,821.0,515.0923666782851,591.7164663368421,591.7164663368421,591.7164663368421,591.7164663368421,True,False,60,False,3,950,0.43031943749230167,94.34317825548388,False,0.17099999999999999,0.0,rolling
proactive_hpa_bilstm_fixed_cpu,proactive_hpa,870,540.0,338.794004879749,598.6862365516536,598.6862365516536,598.6862365516536,598.6862365516536,True,False,60,False,3,950,0.28303592721783544,84.08128763973563,False,0.17099999999999999,0.0,rolling
proactive_hpa_bilstm_fixed_cpu,proactive_hpa,871,510.0,319.972115719763,519.0722753347854,519.0722753347854,519.0722753347854,519.0722753347854,True,False,60,False,3,950,0.2673117090390668,83.43816292421488,False,0.17099999999999999,0.0,rolling
proactive_hpa_bilstm_fixed_cpu,proactive_hpa,872,759.0,476.1937957476473,489.98136941389976,489.98136941389976,489.98136941389976,489.98136941389976,True,False,60,False,3,950,0.3978227199228465,91.33290510194702,False,0.17099999999999999,0.0,rolling
proactive_hpa_bilstm_fixed_cpu,proactive_hpa,873,859.0,538.9334262809341,539.2312847054386,539.2312847054386,539.2312847054386,539.2312847054386,True,False,60,False,2,950,0.6753551707781129,135.44586881870424,False,0.114,0.0,rolling
proactive_hpa_bilstm_fixed_cpu,proactive_hpa,874,618.0,387.7309166957128,569.2295602649779,569.2295602649779,569.2295602649779,569.2295602649779,True,False,60,False,3,950,0.3239188944826339,86.11760383910206,False,0.17099999999999999,0.0,rolling
proactive_hpa_bilstm_fixed_cpu,proactive_hpa,875,561.0,351.96932729173926,513.4859445894767,513.4859445894767,513.4859445894767,513.4859445894767,True,False,60,False,3,950,0.2940428799429735,84.57619485213,False,0.17099999999999999,0.0,rolling
proactive_hpa_bilstm_fixed_cpu,proactive_hpa,876,626.0,392.75008713837576,489.76850107947666,489.76850107947666,489.76850107947666,489.76850107947666,True,False,60,False,3,950,0.32811201933030554,86.35826938613435,False,0.17099999999999999,0.0,rolling
proactive_hpa_bilstm_fixed_cpu,proactive_hpa,877,722.0,452.98013245033115,497.23943545758084,497.23943545758084,497.23943545758084,497.23943545758084,True,False,60,False,2,950,0.5676442762535479,112.92314345435074,False,0.114,0.0,rolling
proactive_hpa_bilstm_fixed_cpu,proactive_hpa,878,705.0,442.3143952596724,520.187070583167,520.187070583167,520.187070583167,520.187070583167,True,False,60,False,2,950,0.5542786908015944,110.65187547889703,False,0.114,0.0,rolling
proactive_hpa_bilstm_fixed_cpu,proactive_hpa,879,694.0,435.4130359010108,520.0107600190408,520.0107600190408,520.0107600190408,520.0107600190408,True,False,60,False,2,950,0.5456303708032717,109.23937686973353,False,0.114,0.0,rolling
proactive_hpa_bilstm_fixed_cpu,proactive_hpa,880,912.0,572.1854304635762,519.0162827024137,519.0162827024137,519.0162827024137,519.0162827024137,True,False,60,False,2,950,0.7170243489518499,146.35508603483663,False,0.114,0.0,rolling
proactive_hpa_bilstm_fixed_cpu,proactive_hpa,881,777.0,487.4869292436389,579.3105219628887,579.3105219628887,579.3105219628887,579.3105219628887,True,False,60,False,3,950,0.40725725083010766,92.15847149275145,False,0.17099999999999999,0.0,rolling
proactive_hpa_bilstm_fixed_cpu,proactive_hpa,882,574.0,360.1254792610666,557.0014918405718,557.0014918405718,557.0014918405718,557.0014918405718,True,False,60,False,3,950,0.3008567078204399,84.90175501287656,False,0.17099999999999999,0.0,rolling
proactive_hpa_bilstm_fixed_cpu,proactive_hpa,883,808.0,506.93621470895783,504.3982560655613,504.3982560655613,504.3982560655613,504.3982560655613,True,False,60,False,3,950,0.4235056096148353,93.67256531709927,False,0.17099999999999999,0.0,rolling
proactive_hpa_bilstm_fixed_cpu,proactive_hpa,884,895.0,561.5196932729174,555.1691239151373,555.1691239151373,555.1691239151373,555.1691239151373,True,False,60,False,2,950,0.7036587634998964,142.71317775418413,False,0.114,0.0,rolling
proactive_hpa_bilstm_fixed_cpu,proactive_hpa,885,983.0,616.7305681422098,585.5040777544859,585.5040777544859,585.5040777544859,585.5040777544859,True,False,60,False,3,950,0.5152302156576523,104.61934407309982,False,0.17099999999999999,0.0,rolling
proactive_hpa_bilstm_fixed_cpu,proactive_hpa,886,917.0,575.3224119902405,620.1457440473414,620.1457440473414,620.1457440473414,620.1457440473414,True,False,60,False,3,950,0.48063693566436133,99.98591018820946,False,0.17099999999999999,0.0,rolling
proactive_hpa_bilstm_fixed_cpu,proactive_hpa,887,827.0,518.8567445102823,614.6921820685984,614.6921820685984,614.6921820685984,614.6921820685984,True,False,60,False,3,950,0.43346428112805535,94.65994878592969,False,0.17099999999999999,0.0,rolling
proactive_hpa_bilstm_fixed_cpu,proactive_hpa,888,810.0,508.19100731962357,594.8391935063528,594.8391935063528,594.8391935063528,594.8391935063528,True,False,60,False,3,950,0.4245538908267532,93.77434578410777,False,0.17099999999999999,0.0,rolling
proactive_hpa_bilstm_fixed_cpu,proactive_hpa,889,925.0,580.3415824329035,588.1221969127773,588.1221969127773,588.1221969127773,588.1221969127773,True,False,60,False,3,950,0.484830060512033,100.5135640939684,False,0.17099999999999999,0.0,rolling
proactive_hpa_bilstm_fixed_cpu,proactive_hpa,890,1094.0,686.3715580341583,617.1324493601951,617.1324493601951,617.1324493601951,617.1324493601951,True,False,60,False,3,950,0.5734098229190963,113.93656568554181,False,0.17099999999999999,0.0,rolling
proactive_hpa_bilstm_fixed_cpu,proactive_hpa,891,817.0,512.5827814569536,669.181225619036,669.181225619036,669.181225619036,669.181225619036,True,False,60,False,3,950,0.42822287506846585,94.13455350161757,False,0.17099999999999999,0.0,rolling
proactive_hpa_bilstm_fixed_cpu,proactive_hpa,892,668.0,419.10073196235624,606.838956487798,606.838956487798,606.838956487798,606.838956487798,True,False,60,False,3,950,0.35012592478058163,87.72583292157742,False,0.17099999999999999,0.0,rolling
proactive_hpa_bilstm_fixed_cpu,proactive_hpa,893,507.0,318.0899268037644,560.226884210857,560.226884210857,560.226884210857,560.226884210857,True,False,60,False,3,950,0.26573928722119,83.37784566376281,False,0.17099999999999999,0.0,rolling
proactive_hpa_bilstm_fixed_cpu,proactive_hpa,894,642.0,402.78842802370167,503.2024220180697,503.2024220180697,503.2024220180697,503.2024220180697,True,False,60,False,3,950,0.33649826902564883,86.8583715418994,False,0.17099999999999999,0.0,rolling
proactive_hpa_bilstm_fixed_cpu,proactive_hpa,895,713.0,447.3335657023353,518.1787051706906,518.1787051706906,518.1787051706906,518.1787051706906,True,False,60,False,3,950,0.3737122520487346,89.39473456026111,False,0.17099999999999999,0.0,rolling
proactive_hpa_bilstm_fixed_cpu,proactive_hpa,896,528.0,331.26524921575464,530.32183337386,530.32183337386,530.32183337386,530.32183337386,True,False,60,False,2,950,0.415119359919492,92.87631134456444,False,0.114,0.0,rolling
proactive_hpa_bilstm_fixed_cpu,proactive_hpa,897,867.0,543.9525967235971,481.30491968154547,481.30491968154547,481.30491968154547,481.30491968154547,True,False,60,False,2,950,0.6816448580496205,137.00946875750347,False,0.114,0.0,rolling
proactive_hpa_bilstm_fixed_cpu,proactive_hpa,898,668.0,419.10073196235624,560.3401940324952,560.3401940324952,560.3401940324952,560.3401940324952,True,False,60,False,3,950,0.35012592478058163,87.72583292157742,False,0.17099999999999999,0.0,rolling
proactive_hpa_bilstm_fixed_cpu,proactive_hpa,899,687.0,431.02126176368074,519.3917102921096,519.3917102921096,519.3917102921096,519.3917102921096,True,False,60,False,3,950,0.3600845962938018,88.4040017783644,False,0.17099999999999999,0.0,rolling
proactive_hpa_bilstm_fixed_cpu,proactive_hpa,900,650.0,407.8075984663646,521.0313913136274,521.0313913136274,521.0313913136274,521.0313913136274,True,False,60,False,3,950,0.3406913938733205,87.11796739611847,False,0.17099999999999999,0.0,rolling
proactive_hpa_bilstm_fixed_cpu,proactive_hpa,901,671.0,420.98292087835483,509.57941689817244,509.57941689817244,509.57941689817244,509.57941689817244,True,False,60,False,2,950,0.5275475198976878,106.42757184335741,False,0.114,0.0,rolling
proactive_hpa_bilstm_fixed_cpu,proactive_hpa,902,801.0,502.5444405716278,512.5684601527173,512.5684601527173,512.5684601527173,512.5684601527173,True,False,60,False,2,950,0.629754938059684,124.95595728276234,False,0.114,0.0,rolling
proactive_hpa_bilstm_fixed_cpu,proactive_hpa,903,687.0,431.02126176368074,547.1732555981916,547.1732555981916,547.1732555981916,547.1732555981916,True,False,60,False,2,950,0.5401268944407027,108.36350600197986,False,0.114,0.0,rolling
proactive_hpa_bilstm_fixed_cpu,proactive_hpa,904,886.0,555.8731265249215,524.7897612955335,524.7897612955335,524.7897612955335,524.7897612955335,True,False,60,False,2,950,0.6965828653194506,140.8402328152678,False,0.114,0.0,rolling
proactive_hpa_bilstm_fixed_cpu,proactive_hpa,905,747.0,468.66504008365285,577.0129937388479,577.0129937388479,577.0129937388479,577.0129937388479,True,False,60,False,3,950,0.39153303265133904,90.80382970213665,False,0.17099999999999999,0.0,rolling
proactive_hpa_bilstm_fixed_cpu,proactive_hpa,906,877.0,550.2265597769258,550.2729354777325,550.2729354777325,550.2729354777325,550.2729354777325,True,False,60,False,3,950,0.45967131142600315,97.48294955857577,False,0.17099999999999999,0.0,rolling
proactive_hpa_bilstm_fixed_cpu,proactive_hpa,907,721.0,452.3527361449983,585.3504291546874,585.3504291546874,585.3504291546874,585.3504291546874,True,False,60,False,3,950,0.37790537689640624,89.7145283185741,False,0.17099999999999999,0.0,rolling
proactive_hpa_bilstm_fixed_cpu,proactive_hpa,908,811.0,508.81840362495643,550.0542150101196,550.0542150101196,550.0542150101196,550.0542150101196,True,False,60,False,3,950,0.42507803143271217,93.82542488835726,False,0.17099999999999999,0.0,rolling
proactive_hpa_bilstm_fixed_cpu,proactive_hpa,909,972.0,609.8292087835483,570.3099411169469,570.3099411169469,570.3099411169469,570.3099411169469,True,False,60,False,3,950,0.5094646689921039,103.80206951493821,False,0.17099999999999999,0.0,rolling
proactive_hpa_bilstm_fixed_cpu,proactive_hpa,910,775.0,486.23213663297315,617.1021531315828,617.1021531315828,617.1021531315828,617.1021531315828,True,False,60,False,3,950,0.40620896961818975,92.06482514211227,False,0.17099999999999999,0.0,rolling
proactive_hpa_bilstm_fixed_cpu,proactive_hpa,911,636.0,399.0240501917044,575.1327972680842,575.1327972680842,575.1327972680842,575.1327972680842,True,False,60,False,3,950,0.3333534253898951,86.66787226272616,False,0.17099999999999999,0.0,rolling
proactive_hpa_bilstm_fixed_cpu,proactive_hpa,912,570.0,357.6158940397351,534.2199320667428,534.2199320667428,534.2199320667428,534.2199320667428,True,False,60,False,3,950,0.2987601453966041,84.79999175599224,False,0.17099999999999999,0.0,rolling
proactive_hpa_bilstm_fixed_cpu,proactive_hpa,913,864.0,542.0704078075985,505.3180283733209,505.3180283733209,505.3180283733209,505.3180283733209,True,False,60,False,3,950,0.4528574835485367,96.71695417235715,False,0.17099999999999999,0.0,rolling
proactive_hpa_bilstm_fixed_cpu,proactive_hpa,914,598.0,375.1829905890554,571.9784011473612,571.9784011473612,571.9784011473612,571.9784011473612,True,False,60,False,3,950,0.3134360823634548,85.54267579574869,False,0.17099999999999999,0.0,rolling
proactive_hpa_bilstm_fixed_cpu,proactive_hpa,915,565.0,354.4789125130708,509.48614400992483,509.48614400992483,509.48614400992483,509.48614400992483,True,False,60,False,3,950,0.29613944236680934,84.67478097494636,False,0.17099999999999999,0.0,rolling
proactive_hpa_bilstm_fixed_cpu,proactive_hpa,916,623.0,390.86789822237716,491.3851107281721,491.3851107281721,491.3851107281721,491.3851107281721,True,False,60,False,3,950,0.3265395975124287,86.26729394827515,False,0.17099999999999999,0.0,rolling
proactive_hpa_bilstm_fixed_cpu,proactive_hpa,917,660.0,414.0815615196933,497.50266103685954,497.50266103685954,497.50266103685954,497.50266103685954,True,False,60,False,2,950,0.5188991998993651,105.14904559485245,False,0.114,0.0,rolling
proactive_hpa_bilstm_fixed_cpu,proactive_hpa,918,575.0,360.75287556639944,504.6665631267456,504.6665631267456,504.6665631267456,504.6665631267456,True,False,60,False,2,950,0.4520712726395983,96.63003777403478,False,0.114,0.0,rolling
proactive_hpa_bilstm_fixed_cpu,proactive_hpa,919,614.0,385.2213314743813,482.4660021726877,482.4660021726877,482.4660021726877,482.4660021726877,True,False,60,False,2,950,0.48273349808819715,100.24859132005062,False,0.114,0.0,rolling
proactive_hpa_bilstm_fixed_cpu,proactive_hpa,920,662.0,415.33635413035904,487.3304253274696,487.3304253274696,487.3304253274696,487.3304253274696,True,False,60,False,2,950,0.5204716217172419,105.37836679306106,False,0.114,0.0,rolling
proactive_hpa_bilstm_fixed_cpu,proactive_hpa,921,849.0,532.6594632276054,499.0285746625391,499.0285746625391,499.0285746625391,499.0285746625391,True,False,60,False,2,950,0.6674930616887286,133.5319140945583,False,0.114,0.0,rolling
proactive_hpa_bilstm_fixed_cpu,proactive_hpa,922,814.0,510.70059254095503,551.6258860558019,551.6258860558019,551.6258860558019,551.6258860558019,True,False,60,False,2,950,0.6399756798758834,127.18054098207631,False,0.114,0.0,rolling
proactive_hpa_bilstm_fixed_cpu,proactive_hpa,923,760.0,476.82119205298017,555.4443909207325,555.4443909207325,555.4443909207325,555.4443909207325,True,False,60,False,2,950,0.5975202907932082,118.39993404793788,False,0.114,0.0,rolling
proactive_hpa_bilstm_fixed_cpu,proactive_hpa,924,900.0,564.6566747995818,547.5542222439931,547.5542222439931,547.5542222439931,547.5542222439931,True,False,60,False,2,950,0.7075898180445886,143.77011937086928,False,0.114,0.0,rolling
proactive_hpa_bilstm_fixed_cpu,proactive_hpa,925,574.0,360.1254792610666,587.7972951479055,587.7972951479055,587.7972951479055,587.7972951479055,True,False,60,False,3,950,0.3008567078204399,84.90175501287656,False,0.17099999999999999,0.0,rolling
proactive_hpa_bilstm_fixed_cpu,proactive_hpa,926,845.0,530.149878006274,510.5679457501992,510.5679457501992,510.5679457501992,510.5679457501992,True,False,60,False,3,950,0.4428988120353166,95.63817436927226,False,0.17099999999999999,0.0,rolling
proactive_hpa_bilstm_fixed_cpu,proactive_hpa,927,955.0,599.1634715928896,570.3212600576844,570.3212600576844,570.3212600576844,570.3212600576844,True,False,60,False,3,950,0.5005542786908016,102.57491060462421,False,0.17099999999999999,0.0,rolling
proactive_hpa_bilstm_fixed_cpu,proactive_hpa,928,827.0,518.8567445102823,607.9079943161769,607.9079943161769,607.9079943161769,607.9079943161769,True,False,60,False,3,950,0.43346428112805535,94.65994878592969,False,0.17099999999999999,0.0,rolling
proactive_hpa_bilstm_fixed_cpu,proactive_hpa,929,983.0,616.7305681422098,585.1989239287732,585.1989239287732,585.1989239287732,585.1989239287732,True,False,60,False,3,950,0.5152302156576523,104.61934407309982,False,0.17099999999999999,0.0,rolling
proactive_hpa_bilstm_fixed_cpu,proactive_hpa,930,1172.0,735.308469850122,629.0196009227284,629.0196009227284,629.0196009227284,629.0196009227284,True,False,60,False,3,950,0.6142927901838948,121.72523194107146,False,0.17099999999999999,0.0,rolling
proactive_hpa_bilstm_fixed_cpu,proactive_hpa,931,739.0,463.64586964098993,692.650495332653,692.650495332653,692.650495332653,692.650495332653,True,False,60,False,3,950,0.38733990780366745,90.46042282405469,False,0.17099999999999999,0.0,rolling
proactive_hpa_bilstm_fixed_cpu,proactive_hpa,932,789.0,495.01568490763333,591.2379882207297,591.2379882207297,591.2379882207297,591.2379882207297,True,False,60,False,3,950,0.41354693810161514,92.73054317386932,False,0.17099999999999999,0.0,rolling
proactive_hpa_bilstm_fixed_cpu,proactive_hpa,933,578.0,362.63506448239804,591.2888512054906,591.2888512054906,591.2888512054906,591.2888512054906,True,False,60,False,3,950,0.3029532702442757,85.00494650271635,False,0.17099999999999999,0.0,rolling
proactive_hpa_bilstm_fixed_cpu,proactive_hpa,934,682.0,427.8842802370164,528.3660649115341,528.3660649115341,528.3660649115341,528.3660649115341,True,False,60,False,3,950,0.357463893264007,88.22184051924553,False,0.17099999999999999,0.0,rolling
proactive_hpa_bilstm_fixed_cpu,proactive_hpa,935,564.0,353.8515162077379,537.9393359930887,537.9393359930887,537.9393359930887,537.9393359930887,True,False,60,False,3,950,0.2956153017608504,84.65000303561342,False,0.17099999999999999,0.0,rolling
proactive_hpa_bilstm_fixed_cpu,proactive_hpa,936,616.0,386.47612408504705,501.16585558516,501.16585558516,501.16585558516,501.16585558516,True,False,60,False,2,950,0.48430591990607397,100.44710551474817,False,0.114,0.0,rolling
proactive_hpa_bilstm_fixed_cpu,proactive_hpa,937,552.0,346.32276054374347,502.8167351331522,502.8167351331522,502.8167351331522,502.8167351331522,True,False,60,False,2,950,0.43398842173401436,94.71319310004843,False,0.114,0.0,rolling
proactive_hpa_bilstm_fixed_cpu,proactive_hpa,938,766.0,480.58556988497736,480.2979192815492,480.2979192815492,480.2979192815492,480.2979192815492,True,False,60,False,2,950,0.6022375562468388,119.31660510804596,False,0.114,0.0,rolling
proactive_hpa_bilstm_fixed_cpu,proactive_hpa,939,831.0,521.3663297316139,529.2342758318064,529.2342758318064,529.2342758318064,529.2342758318064,True,False,60,False,2,950,0.6533412653278369,130.1987349818688,False,0.114,0.0,rolling
proactive_hpa_bilstm_fixed_cpu,proactive_hpa,940,971.0,609.2018124782154,553.7365554262633,553.7365554262633,553.7365554262633,553.7365554262633,True,False,60,False,2,950,0.7634107925792173,160.08430138180384,False,0.114,0.0,rolling
proactive_hpa_bilstm_fixed_cpu,proactive_hpa,941,663.0,415.9637504356919,600.6581886909489,600.6581886909489,600.6581886909489,600.6581886909489,True,False,60,False,3,950,0.3475052217507869,87.55364394450008,False,0.17099999999999999,0.0,rolling
proactive_hpa_bilstm_fixed_cpu,proactive_hpa,942,686.0,430.3938654583479,533.1312185477627,533.1312185477627,533.1312185477627,533.1312185477627,True,False,60,False,3,950,0.35956045568784284,88.3673564734974,False,0.17099999999999999,0.0,rolling
proactive_hpa_bilstm_fixed_cpu,proactive_hpa,943,432.0,271.03520390379924,531.779279449504,531.779279449504,531.779279449504,531.779279449504,True,False,60,False,3,950,0.22642874177426836,82.08961927154465,False,0.17099999999999999,0.0,rolling
proactive_hpa_bilstm_fixed_cpu,proactive_hpa,944,561.0,351.96932729173926,462.0737503742839,462.0737503742839,462.0737503742839,462.0737503742839,True,False,60,False,2,950,0.4410643199144602,95.44465762593875,False,0.114,0.0,rolling
proactive_hpa_bilstm_fixed_cpu,proactive_hpa,945,958.0,601.0456605088881,477.67539296122595,477.67539296122595,477.67539296122595,477.67539296122595,True,False,60,False,2,950,0.7531900507630177,156.9106052143298,False,0.114,0.0,rolling
proactive_hpa_bilstm_fixed_cpu,proactive_hpa,946,721.0,452.3527361449983,579.2871375129821,579.2871375129821,579.2871375129821,579.2871375129821,True,False,60,False,3,950,0.37790537689640624,89.7145283185741,False,0.17099999999999999,0.0,rolling
proactive_hpa_bilstm_fixed_cpu,proactive_hpa,947,782.0,490.62391077030327,535.4879183407229,535.4879183407229,535.4879183407229,535.4879183407229,True,False,60,False,3,950,0.4098779538599025,92.3947046811622,False,0.17099999999999999,0.0,rolling
proactive_hpa_bilstm_fixed_cpu,proactive_hpa,948,481.0,301.7776228651098,552.2148081340893,552.2148081340893,552.2148081340893,552.2148081340893,True,False,60,False,3,950,0.25211163146625715,82.8843712201247,False,0.17099999999999999,0.0,rolling
proactive_hpa_bilstm_fixed_cpu,proactive_hpa,949,756.0,474.31160683164865,476.06128792920435,476.06128792920435,476.06128792920435,476.06128792920435,True,False,60,False,2,950,0.5943754471574545,117.7968048315917,False,0.114,0.0,rolling
proactive_hpa_bilstm_fixed_cpu,proactive_hpa,950,777.0,487.4869292436389,532.5492323310336,532.5492323310336,532.5492323310336,532.5492323310336,True,False,60,False,2,950,0.6108858762451616,121.03484128803615,False,0.114,0.0,rolling
proactive_hpa_bilstm_fixed_cpu,proactive_hpa,951,525.0,329.38306029975604,543.0879608917926,543.0879608917926,543.0879608917926,543.0879608917926,True,False,60,False,2,950,0.41276072719267676,92.65807346308343,False,0.114,0.0,rolling
proactive_hpa_bilstm_fixed_cpu,proactive_hpa,952,533.0,334.40223074241896,482.08291623585455,482.08291623585455,482.08291623585455,482.08291623585455,True,False,60,False,2,950,0.4190504144641842,93.24559063451278,False,0.114,0.0,rolling
proactive_hpa_bilstm_fixed_cpu,proactive_hpa,953,504.0,316.2077378877658,473.0524004040899,473.0524004040899,473.0524004040899,473.0524004040899,True,False,60,False,2,950,0.3962502981049697,91.19905328343458,False,0.114,0.0,rolling
proactive_hpa_bilstm_fixed_cpu,proactive_hpa,954,533.0,334.40223074241896,458.77709684305773,458.77709684305773,458.77709684305773,458.77709684305773,True,False,60,False,2,950,0.4190504144641842,93.24559063451278,False,0.114,0.0,rolling
proactive_hpa_bilstm_fixed_cpu,proactive_hpa,955,717.0,449.84315092366677,459.3959057414627,459.3959057414627,459.3959057414627,459.3959057414627,True,False,60,False,2,950,0.5637132217088556,112.24387052857179,False,0.114,0.0,rolling
proactive_hpa_bilstm_fixed_cpu,proactive_hpa,956,666.0,417.8459393516905,503.4177949691666,503.4177949691666,503.4177949691666,503.4177949691666,True,False,60,False,2,950,0.5236164653529957,105.84118285194114,False,0.114,0.0,rolling
proactive_hpa_bilstm_fixed_cpu,proactive_hpa,957,691.0,433.5308469850122,498.4422776151887,498.4422776151887,498.4422776151887,498.4422776151887,True,False,60,False,2,950,0.5432717380764563,108.86182863349728,False,0.114,0.0,rolling
proactive_hpa_bilstm_fixed_cpu,proactive_hpa,958,670.0,420.35552457302197,507.94999517187625,507.94999517187625,507.94999517187625,507.94999517187625,True,False,60,False,2,950,0.5267613089887493,106.30959178647565,False,0.114,0.0,rolling
proactive_hpa_bilstm_fixed_cpu,proactive_hpa,959,872.0,547.0895782502614,506.6674628549058,506.6674628549058,506.6674628549058,506.6674628549058,True,False,60,False,2,950,0.6855759125943125,138.00149081809815,False,0.114,0.0,rolling
proactive_hpa_bilstm_fixed_cpu,proactive_hpa,960,854.0,535.7964447542698,562.0190337723943,562.0190337723943,562.0190337723943,562.0190337723943,True,False,60,False,3,950,0.4476160774889472,96.14319662479846,False,0.17099999999999999,0.0,rolling
proactive_hpa_bilstm_fixed_cpu,proactive_hpa,961,954.0,598.5360752875566,570.2208104793522,570.2208104793522,570.2208104793522,570.2208104793522,True,False,60,False,3,950,0.5000301380848426,102.50406888670081,False,0.17099999999999999,0.0,rolling
proactive_hpa_bilstm_fixed_cpu,proactive_hpa,962,876.0,549.5991634715929,606.6921955838525,606.6921955838525,606.6921955838525,606.6921955838525,True,False,60,False,3,950,0.4591471708200442,97.42321288062593,False,0.17099999999999999,0.0,rolling
proactive_hpa_bilstm_fixed_cpu,proactive_hpa,963,719.0,451.09794353433256,597.9637028069583,597.9637028069583,597.9637028069583,597.9637028069583,True,False,60,False,3,950,0.37685709568448833,89.6339102392848,False,0.17099999999999999,0.0,rolling
proactive_hpa_bilstm_fixed_cpu,proactive_hpa,964,987.0,619.2401533635414,559.7662274056929,559.7662274056929,559.7662274056929,559.7662274056929,True,False,60,False,3,950,0.5173267780814882,104.92111001899066,False,0.17099999999999999,0.0,rolling
proactive_hpa_bilstm_fixed_cpu,proactive_hpa,965,919.0,576.5772046009063,626.3906685636048,626.3906685636048,626.3906685636048,626.3906685636048,True,False,60,False,3,950,0.48168521687627924,100.11696492092314,False,0.17099999999999999,0.0,rolling
proactive_hpa_bilstm_fixed_cpu,proactive_hpa,966,796.0,499.4074590449634,619.0089370716532,619.0089370716532,619.0089370716532,619.0089370716532,True,False,60,False,3,950,0.4172159223433278,93.07239396125102,False,0.17099999999999999,0.0,rolling
proactive_hpa_bilstm_fixed_cpu,proactive_hpa,967,708.0,444.196584175671,589.4662609182251,589.4662609182251,589.4662609182251,589.4662609182251,True,False,60,False,3,950,0.3710915490189398,89.19847214443088,False,0.17099999999999999,0.0,rolling
proactive_hpa_bilstm_fixed_cpu,proactive_hpa,968,841.0,527.6402927849425,560.9014689959599,560.9014689959599,560.9014689959599,560.9014689959599,True,False,60,False,3,950,0.4408022496114808,95.41714339673703,False,0.17099999999999999,0.0,rolling
proactive_hpa_bilstm_fixed_cpu,proactive_hpa,969,756.0,474.31160683164865,587.9945096281172,587.9945096281172,587.9945096281172,587.9945096281172,True,False,60,False,3,950,0.39625029810496964,91.19905328343458,False,0.17099999999999999,0.0,rolling
proactive_hpa_bilstm_fixed_cpu,proactive_hpa,970,789.0,495.01568490763333,566.1129019743307,566.1129019743307,566.1129019743307,566.1129019743307,True,False,60,False,3,950,0.41354693810161514,92.73054317386932,False,0.17099999999999999,0.0,rolling
proactive_hpa_bilstm_fixed_cpu,proactive_hpa,971,755.0,473.6842105263158,570.6688719525891,570.6688719525891,570.6688719525891,570.6688719525891,True,False,60,False,3,950,0.3957261574990107,91.15467135386139,False,0.17099999999999999,0.0,rolling
proactive_hpa_bilstm_fixed_cpu,proactive_hpa,972,666.0,417.8459393516905,560.0792081585114,560.0792081585114,560.0792081585114,560.0792081585114,True,False,60,False,3,950,0.3490776435686637,87.65664677094551,False,0.17099999999999999,0.0,rolling
proactive_hpa_bilstm_fixed_cpu,proactive_hpa,973,663.0,415.9637504356919,533.3963948381047,533.3963948381047,533.3963948381047,533.3963948381047,True,False,60,False,3,950,0.3475052217507869,87.55364394450008,False,0.17099999999999999,0.0,rolling
proactive_hpa_bilstm_fixed_cpu,proactive_hpa,974,907.0,569.0484489369119,525.5563907433998,525.5563907433998,525.5563907433998,525.5563907433998,True,False,60,False,3,950,0.4753955296047718,99.33916797716034,False,0.17099999999999999,0.0,rolling
proactive_hpa_bilstm_fixed_cpu,proactive_hpa,975,896.0,562.1470895782503,585.3908160985529,585.3908160985529,585.3908160985529,585.3908160985529,True,False,60,False,3,950,0.4696299829392233,98.64403688419368,False,0.17099999999999999,0.0,rolling
proactive_hpa_bilstm_fixed_cpu,proactive_hpa,976,909.0,570.3032415475776,593.3025148455463,593.3025148455463,593.3025148455463,593.3025148455463,True,False,60,False,3,950,0.47644381081668974,99.46738303938548,False,0.17099999999999999,0.0,rolling
proactive_hpa_bilstm_fixed_cpu,proactive_hpa,977,1086.0,681.3523875914954,604.469251954416,604.469251954416,604.469251954416,604.469251954416,True,False,60,False,3,950,0.5692166980714247,113.19750157768672,False,0.17099999999999999,0.0,rolling
proactive_hpa_bilstm_fixed_cpu,proactive_hpa,978,1209.0,758.5221331474381,660.3963789669806,660.3963789669806,660.3963789669806,660.3963789669806,True,False,60,False,3,950,0.6336859926043761,125.8030952067173,False,0.17099999999999999,0.0,rolling
proactive_hpa_bilstm_fixed_cpu,proactive_hpa,979,1289.0,808.7138375740676,711.1933767116634,711.1933767116634,711.1933767116634,711.1933767116634,True,False,60,False,3,950,0.6756172410810924,135.51044086441647,False,0.17099999999999999,0.0,rolling
proactive_hpa_bilstm_fixed_cpu,proactive_hpa,980,956.0,599.7908678982224,754.3046210327557,754.3046210327557,754.3046210327557,754.3046210327557,True,False,60,False,3,950,0.5010784192967606,102.64590083762518,False,0.17099999999999999,0.0,rolling
proactive_hpa_bilstm_fixed_cpu,proactive_hpa,981,997.0,625.51411641687,679.1791737239209,679.1791737239209,679.1791737239209,679.1791737239209,True,False,60,False,3,950,0.5225681841410778,105.68629106049332,False,0.17099999999999999,0.0,rolling
proactive_hpa_bilstm_fixed_cpu,proactive_hpa,982,1003.0,629.2784942488672,683.6468318815741,683.6468318815741,683.6468318815741,683.6468318815741,True,False,60,False,3,950,0.5257130277768314,106.15283197082692,False,0.17099999999999999,0.0,rolling
proactive_hpa_bilstm_fixed_cpu,proactive_hpa,983,951.0,596.6538863715581,683.1567458304926,683.1567458304926,683.1567458304926,683.1567458304926,True,False,60,False,3,950,0.49845771626696583,102.29243326826439,False,0.17099999999999999,0.0,rolling
proactive_hpa_bilstm_fixed_cpu,proactive_hpa,984,913.0,572.8128267689091,667.3583463375389,667.3583463375389,667.3583463375389,667.3583463375389,True,False,60,False,3,950,0.47854037324052556,99.72551074560205,False,0.17099999999999999,0.0,rolling
proactive_hpa_bilstm_fixed_cpu,proactive_hpa,985,844.0,529.5224817009411,651.5894724219133,651.5894724219133,651.5894724219133,651.5894724219133,True,False,60,False,3,950,0.4423746714293576,95.58271990197811,False,0.17099999999999999,0.0,rolling
proactive_hpa_bilstm_fixed_cpu,proactive_hpa,986,779.0,488.74172185430467,626.2454489622278,626.2454489622278,626.2454489622278,626.2454489622278,True,False,60,False,3,950,0.40830553204202563,92.25260117832373,False,0.17099999999999999,0.0,rolling
proactive_hpa_bilstm_fixed_cpu,proactive_hpa,987,832.0,521.9937260369467,599.347599850661,599.347599850661,599.347599850661,599.347599850661,True,False,60,False,3,950,0.4360849841578502,94.92745956070463,False,0.17099999999999999,0.0,rolling
proactive_hpa_bilstm_fixed_cpu,proactive_hpa,988,871.0,546.4621819449286,602.3815576253664,602.3815576253664,602.3815576253664,602.3815576253664,True,False,60,False,3,950,0.45652646779024947,97.12656982367022,False,0.17099999999999999,0.0,rolling
proactive_hpa_bilstm_fixed_cpu,proactive_hpa,989,810.0,508.19100731962357,607.7210150483343,607.7210150483343,607.7210150483343,607.7210150483343,True,False,60,False,3,950,0.4245538908267532,93.77434578410777,False,0.17099999999999999,0.0,rolling
proactive_hpa_bilstm_fixed_cpu,proactive_hpa,990,654.0,410.31718368769606,589.4566277771719,589.4566277771719,589.4566277771719,589.4566277771719,True,False,60,False,3,950,0.34278795629715625,87.25018635226228,False,0.17099999999999999,0.0,rolling
proactive_hpa_bilstm_fixed_cpu,proactive_hpa,991,969.0,607.9470198675497,543.631534958572,543.631534958572,543.631534958572,543.631534958572,True,False,60,False,3,950,0.507892247174227,103.58235949718984,False,0.17099999999999999,0.0,rolling
proactive_hpa_bilstm_fixed_cpu,proactive_hpa,992,902.0,565.9114674102475,616.6857124438529,616.6857124438529,616.6857124438529,616.6857124438529,True,False,60,False,3,950,0.47277482657497705,99.02109598291167,False,0.17099999999999999,0.0,rolling
proactive_hpa_bilstm_fixed_cpu,proactive_hpa,993,905.0,567.793656326246,608.7415500115103,608.7415500115103,608.7415500115103,608.7415500115103,True,False,60,False,3,950,0.4743472483928538,99.21151711671683,False,0.17099999999999999,0.0,rolling
proactive_hpa_bilstm_fixed_cpu,proactive_hpa,994,798.0,500.6622516556292,613.2239950406802,613.2239950406802,613.2239950406802,613.2239950406802,True,False,60,False,3,950,0.41826420355524574,93.17117737844269,False,0.17099999999999999,0.0,rolling
proactive_hpa_bilstm_fixed_cpu,proactive_hpa,995,940.0,589.7525270128965,586.8978728506208,586.8978728506208,586.8978728506208,586.8978728506208,True,False,60,False,3,950,0.4926921696014173,101.5277918315436,False,0.17099999999999999,0.0,rolling
proactive_hpa_bilstm_fixed_cpu,proactive_hpa,996,890.0,558.3827117462531,621.5338315074023,621.5338315074023,621.5338315074023,621.5338315074023,True,False,60,False,3,950,0.4664851393034696,98.27199401829492,False,0.17099999999999999,0.0,rolling
proactive_hpa_bilstm_fixed_cpu,proactive_hpa,997,747.0,468.66504008365285,613.7263633466046,613.7263633466046,613.7263633466046,613.7263633466046,True,False,60,False,3,950,0.39153303265133904,90.80382970213665,False,0.17099999999999999,0.0,rolling
proactive_hpa_bilstm_fixed_cpu,proactive_hpa,998,780.0,489.36911815963754,575.7618172960056,575.7618172960056,575.7618172960056,575.7618172960056,True,False,60,False,3,950,0.4088296726479846,92.29984766049272,False,0.17099999999999999,0.0,rolling
proactive_hpa_bilstm_fixed_cpu,proactive_hpa,999,821.0,515.0923666782851,576.3992422394958,576.3992422394958,576.3992422394958,576.3992422394958,True,False,60,False,3,950,0.43031943749230167,94.34317825548388,False,0.17099999999999999,0.0,rolling
proactive_hpa_bilstm_fixed_cpu,proactive_hpa,1000,757.0,474.9390031369815,583.7828762768054,583.7828762768054,583.7828762768054,583.7828762768054,True,False,60,False,3,950,0.3967744387109286,91.24355278096446,False,0.17099999999999999,0.0,rolling
proactive_hpa_bilstm_fixed_cpu,proactive_hpa,1001,757.0,474.9390031369815,566.7028114495761,566.7028114495761,566.7028114495761,566.7028114495761,True,False,60,False,3,950,0.3967744387109286,91.24355278096446,False,0.17099999999999999,0.0,rolling
proactive_hpa_bilstm_fixed_cpu,proactive_hpa,1002,927.0,581.5963750435692,561.9448826691373,561.9448826691373,561.9448826691373,561.9448826691373,True,False,60,False,3,950,0.4858783417239509,100.64691295696944,False,0.17099999999999999,0.0,rolling
proactive_hpa_bilstm_fixed_cpu,proactive_hpa,1003,669.0,419.7281282676891,605.0857729818208,605.0857729818208,605.0857729818208,605.0857729818208,True,False,60,False,3,950,0.3506500653865406,87.76058174333336,False,0.17099999999999999,0.0,rolling
proactive_hpa_bilstm_fixed_cpu,proactive_hpa,1004,806.0,505.6814220982921,543.3313662833543,543.3313662833543,543.3313662833543,543.3313662833543,True,False,60,False,3,950,0.4224573284029174,93.57128746865698,False,0.17099999999999999,0.0,rolling
proactive_hpa_bilstm_fixed_cpu,proactive_hpa,1005,639.0,400.906239107703,570.4582433234609,570.4582433234609,570.4582433234609,570.4582433234609,True,False,60,False,3,950,0.33492584720777197,86.76267472419175,False,0.17099999999999999,0.0,rolling
proactive_hpa_bilstm_fixed_cpu,proactive_hpa,1006,666.0,417.8459393516905,526.7271786241531,526.7271786241531,526.7271786241531,526.7271786241531,True,False,60,False,3,950,0.3490776435686637,87.65664677094551,False,0.17099999999999999,0.0,rolling
proactive_hpa_bilstm_fixed_cpu,proactive_hpa,1007,957.0,600.4182642035553,524.6388340580825,524.6388340580825,524.6388340580825,524.6388340580825,True,False,60,False,3,950,0.5016025599027195,102.7170397412169,False,0.17099999999999999,0.0,rolling
proactive_hpa_bilstm_fixed_cpu,proactive_hpa,1008,851.0,533.9142558382712,598.8503371094948,598.8503371094948,598.8503371094948,598.8503371094948,True,False,60,False,3,950,0.4460436556710703,95.97366619720407,False,0.17099999999999999,0.0,rolling
proactive_hpa_bilstm_fixed_cpu,proactive_hpa,1009,801.0,502.5444405716278,584.2717581852553,584.2717581852553,584.2717581852553,584.2717581852553,True,False,60,False,3,950,0.4198366253731226,93.32028363933699,False,0.17099999999999999,0.0,rolling
proactive_hpa_bilstm_fixed_cpu,proactive_hpa,1010,1078.0,676.3332171488323,574.4397650178644,574.4397650178644,574.4397650178644,574.4397650178644,True,False,60,False,3,950,0.565023573223753,112.46924625721584,False,0.17099999999999999,0.0,rolling
proactive_hpa_bilstm_fixed_cpu,proactive_hpa,1011,935.0,586.6155454862321,650.8081283510883,650.8081283510883,650.8081283510883,650.8081283510883,True,False,60,False,3,950,0.4900714665716225,101.18608727837963,False,0.17099999999999999,0.0,rolling
proactive_hpa_bilstm_fixed_cpu,proactive_hpa,1012,675.0,423.4925060996863,628.220820866597,628.220820866597,628.220820866597,628.220820866597,True,False,60,False,3,950,0.3537949090222943,87.97126492135865,False,0.17099999999999999,0.0,rolling
proactive_hpa_bilstm_fixed_cpu,proactive_hpa,1013,816.0,511.95538515162076,560.4629684152183,560.4629684152183,560.4629684152183,560.4629684152183,True,False,60,False,3,950,0.4276987344625069,94.08271533758413,False,0.17099999999999999,0.0,rolling
proactive_hpa_bilstm_fixed_cpu,proactive_hpa,1014,916.0,574.6950156849076,585.2685956214405,585.2685956214405,585.2685956214405,585.2685956214405,True,False,60,False,3,950,0.4801127950584024,99.92059680797487,False,0.17099999999999999,0.0,rolling
proactive_hpa_bilstm_fixed_cpu,proactive_hpa,1015,627.0,393.3774834437086,611.4835754465985,611.4835754465985,611.4835754465985,611.4835754465985,True,False,60,False,3,950,0.3286361599362645,86.38878902722567,False,0.17099999999999999,0.0,rolling
proactive_hpa_bilstm_fixed_cpu,proactive_hpa,1016,887.0,556.5005228302545,539.1273671963272,539.1273671963272,539.1273671963272,539.1273671963272,True,False,60,False,3,950,0.4649127174855927,98.08784317551374,False,0.17099999999999999,0.0,rolling
proactive_hpa_bilstm_fixed_cpu,proactive_hpa,1017,956.0,599.7908678982224,595.4428542904516,595.4428542904516,595.4428542904516,595.4428542904516,True,False,60,False,3,950,0.5010784192967606,102.64590083762518,False,0.17099999999999999,0.0,rolling
proactive_hpa_bilstm_fixed_cpu,proactive_hpa,1018,818.0,513.2101777622865,619.6905781325777,619.6905781325777,619.6905781325777,619.6905781325777,True,False,60,False,3,950,0.42874701567442486,94.1865187199111,False,0.17099999999999999,0.0,rolling
proactive_hpa_bilstm_fixed_cpu,proactive_hpa,1019,930.0,583.4785639595679,590.1840744238043,590.1840744238043,590.1840744238043,590.1840744238043,True,False,60,False,3,950,0.48745076354182776,100.84801784557,False,0.17099999999999999,0.0,rolling
proactive_hpa_bilstm_fixed_cpu,proactive_hpa,1020,1033.0,648.1003834088533,618.5018003609075,618.5018003609075,618.5018003609075,618.5018003609075,True,False,60,False,3,950,0.5414372459556,108.57043738265499,False,0.17099999999999999,0.0,rolling
proactive_hpa_bilstm_fixed_cpu,proactive_hpa,1021,980.0,614.8483792262113,651.6839735356452,651.6839735356452,651.6839735356452,651.6839735356452,True,False,60,False,3,950,0.5136577938397755,104.39462528716443,False,0.17099999999999999,0.0,rolling
proactive_hpa_bilstm_fixed_cpu,proactive_hpa,1022,1016.0,637.4346462181945,647.2122694587497,647.2122694587497,647.2122694587497,647.2122694587497,True,False,60,False,3,950,0.5325268556542978,107.18297891774901,False,0.17099999999999999,0.0,rolling
proactive_hpa_bilstm_fixed_cpu,proactive_hpa,1023,1093.0,685.7441617288254,662.2697840733017,662.2697840733017,662.2697840733017,662.2697840733017,True,False,60,False,3,950,0.5728856823131373,113.84358884501935,False,0.17099999999999999,0.0,rolling
proactive_hpa_bilstm_fixed_cpu,proactive_hpa,1024,1014.0,636.1798536075288,689.5352820131639,689.5352820131639,689.5352820131639,689.5352820131639,True,False,60,False,3,950,0.53147857444238,107.0227653101025,False,0.17099999999999999,0.0,rolling
proactive_hpa_bilstm_fixed_cpu,proactive_hpa,1025,990.0,621.1223422795399,675.9946981202593,675.9946981202593,675.9946981202593,675.9946981202593,True,False,60,False,3,950,0.518899199899365,105.14904559485242,False,0.17099999999999999,0.0,rolling
proactive_hpa_bilstm_fixed_cpu,proactive_hpa,1026,784.0,491.878703380969,671.4838834906877,671.4838834906877,671.4838834906877,671.4838834906877,True,False,60,False,3,950,0.4109262350718204,92.49004814702819,False,0.17099999999999999,0.0,rolling
proactive_hpa_bilstm_fixed_cpu,proactive_hpa,1027,840.0,527.0128964796096,613.660713490327,613.660713490327,613.660713490327,613.660713490327,True,False,60,False,3,950,0.4402781090055218,95.36221300882657,False,0.17099999999999999,0.0,rolling
proactive_hpa_bilstm_fixed_cpu,proactive_hpa,1028,1312.0,823.1439525967236,614.9945663662584,614.9945663662584,614.9945663662584,614.9945663662584,True,False,60,False,3,950,0.6876724750181483,138.53524353569208,False,0.17099999999999999,0.0,rolling
proactive_hpa_bilstm_fixed_cpu,proactive_hpa,1029,1357.0,851.3767863367027,742.1592531242914,742.1592531242914,742.1592531242914,742.1592531242914,True,False,60,False,3,950,0.7112588022863013,144.7672514938024,False,0.17099999999999999,0.0,rolling
proactive_hpa_bilstm_fixed_cpu,proactive_hpa,1030,961.0,602.9278494248867,781.1866717929952,781.1866717929952,781.1866717929952,781.1866717929952,True,False,60,False,3,950,0.5036991223265553,103.00308517175466,False,0.17099999999999999,0.0,rolling
proactive_hpa_bilstm_fixed_cpu,proactive_hpa,1031,1196.0,750.3659811781108,689.1996633788704,689.1996633788704,689.1996633788704,689.1996633788704,True,False,60,False,3,950,0.6268721647269097,124.34140636598957,False,0.17099999999999999,0.0,rolling
proactive_hpa_bilstm_fixed_cpu,proactive_hpa,1032,968.0,607.3196235622169,746.0483929959946,746.0483929959946,746.0483929959946,746.0483929959946,True,False,60,False,3,950,0.507368106568268,103.50942441648186,False,0.17099999999999999,0.0,rolling
proactive_hpa_bilstm_fixed_cpu,proactive_hpa,1033,912.0,572.1854304635762,689.179867274006,689.179867274006,689.179867274006,689.179867274006,True,False,60,False,3,950,0.47801623263456655,99.66076623254419,False,0.17099999999999999,0.0,rolling
proactive_hpa_bilstm_fixed_cpu,proactive_hpa,1034,1040.0,652.4921575461833,664.2248300500487,664.2248300500487,664.2248300500487,664.2248300500487,True,False,60,False,3,950,0.5451062301973127,109.15519445450124,False,0.17099999999999999,0.0,rolling
proactive_hpa_bilstm_fixed_cpu,proactive_hpa,1035,996.0,624.8867201115371,689.9666059038209,689.9666059038209,689.9666059038209,689.9666059038209,True,False,60,False,3,950,0.5220440435351187,105.60907781247207,False,0.17099999999999999,0.0,rolling
proactive_hpa_bilstm_fixed_cpu,proactive_hpa,1036,1044.0,655.0017427675149,678.5338014390618,678.5338014390618,678.5338014390618,678.5338014390618,True,False,60,False,3,950,0.5472027926211486,109.4928960727444,False,0.17099999999999999,0.0,rolling
proactive_hpa_bilstm_fixed_cpu,proactive_hpa,1037,899.0,564.0292784942488,690.5452686868866,690.5452686868866,690.5452686868866,690.5452686868866,True,False,60,False,3,950,0.4712024047571001,98.83193730502246,False,0.17099999999999999,0.0,rolling
proactive_hpa_bilstm_fixed_cpu,proactive_hpa,1038,940.0,589.7525270128965,651.5875457937027,651.5875457937027,651.5875457937027,651.5875457937027,True,False,60,False,3,950,0.4926921696014173,101.5277918315436,False,0.17099999999999999,0.0,rolling
proactive_hpa_bilstm_fixed_cpu,proactive_hpa,1039,885.0,555.2457302195887,653.0229319763348,653.0229319763348,653.0229319763348,653.0229319763348,True,False,60,False,3,950,0.4638644362736748,97.96576590709158,False,0.17099999999999999,0.0,rolling
proactive_hpa_bilstm_fixed_cpu,proactive_hpa,1040,881.0,552.7361449982573,633.1119519049489,633.1119519049489,633.1119519049489,633.1119519049489,True,False,60,False,3,950,0.461767873849839,97.72326167600983,False,0.17099999999999999,0.0,rolling
proactive_hpa_bilstm_fixed_cpu,proactive_hpa,1041,801.0,502.5444405716278,626.535213845108,626.535213845108,626.535213845108,626.535213845108,True,False,60,False,3,950,0.4198366253731226,93.32028363933699,False,0.17099999999999999,0.0,rolling
proactive_hpa_bilstm_fixed_cpu,proactive_hpa,1042,748.0,469.2924363889857,599.593485776044,599.593485776044,599.593485776044,599.593485776044,True,False,60,False,3,950,0.392057173257298,90.84727668653038,False,0.17099999999999999,0.0,rolling
proactive_hpa_bilstm_fixed_cpu,proactive_hpa,1043,741.0,464.90066225165566,577.335053727109,577.335053727109,577.335053727109,577.335053727109,True,False,60,False,3,950,0.38838818901558536,90.54558188791493,False,0.17099999999999999,0.0,rolling
proactive_hpa_bilstm_fixed_cpu,proactive_hpa,1044,824.0,516.9745555942837,566.6079490930547,566.6079490930547,566.6079490930547,566.6079490930547,True,False,60,False,3,950,0.43189185931017854,94.50098687787154,False,0.17099999999999999,0.0,rolling
proactive_hpa_bilstm_fixed_cpu,proactive_hpa,1045,927.0,581.5963750435692,581.8549475921232,581.8549475921232,581.8549475921232,581.8549475921232,True,False,60,False,3,950,0.4858783417239509,100.64691295696944,False,0.17099999999999999,0.0,rolling
proactive_hpa_bilstm_fixed_cpu,proactive_hpa,1046,699.0,438.55001742767513,610.1787183252372,610.1787183252372,610.1787183252372,610.1787183252372,True,False,60,False,3,950,0.3663742835653092,88.85212324227548,False,0.17099999999999999,0.0,rolling
proactive_hpa_bilstm_fixed_cpu,proactive_hpa,1047,549.0,344.4405716277449,554.522186244857,554.522186244857,554.522186244857,554.522186244857,True,False,60,False,3,950,0.28775319267146604,84.2887719896057,False,0.17099999999999999,0.0,rolling
proactive_hpa_bilstm_fixed_cpu,proactive_hpa,1048,842.0,528.2676890902753,505.77791452720066,505.77791452720066,505.77791452720066,505.77791452720066,True,False,60,False,3,950,0.4413263902174397,95.47220457122366,False,0.17099999999999999,0.0,rolling
proactive_hpa_bilstm_fixed_cpu,proactive_hpa,1049,738.0,463.018473335657,568.2142994465285,568.2142994465285,568.2142994465285,568.2142994465285,True,False,60,False,3,950,0.38681576719770844,90.41801575623035,False,0.17099999999999999,0.0,rolling
proactive_hpa_bilstm_fixed_cpu,proactive_hpa,1050,754.0,473.0568142209829,546.9041297200179,546.9041297200179,546.9041297200179,546.9041297200179,True,False,60,False,3,950,0.39520201689305173,91.11040683673173,False,0.17099999999999999,0.0,rolling
proactive_hpa_bilstm_fixed_cpu,proactive_hpa,1051,595.0,373.3008016730568,549.7463398220593,549.7463398220593,549.7463398220593,549.7463398220593,True,False,60,False,3,950,0.31186366054557796,85.45967538428566,False,0.17099999999999999,0.0,rolling
proactive_hpa_bilstm_fixed_cpu,proactive_hpa,1052,727.0,456.1171139769955,507.6319088542996,507.6319088542996,507.6319088542996,507.6319088542996,True,False,60,False,2,950,0.57157533079824,113.61189004806914,False,0.114,0.0,rolling
proactive_hpa_bilstm_fixed_cpu,proactive_hpa,1053,876.0,549.5991634715929,533.246695826138,533.246695826138,533.246695826138,533.246695826138,True,False,60,False,2,950,0.6887207562300662,138.80334347211246,False,0.114,0.0,rolling
proactive_hpa_bilstm_fixed_cpu,proactive_hpa,1054,704.0,441.6869989543395,574.7923861461168,574.7923861461168,574.7923861461168,574.7923861461168,True,False,60,False,3,950,0.36899498659510405,89.04344500468724,False,0.17099999999999999,0.0,rolling
proactive_hpa_bilstm_fixed_cpu,proactive_hpa,1055,831.0,521.3663297316139,538.1461595315009,538.1461595315009,538.1461595315009,538.1461595315009,True,False,60,False,3,950,0.4355608435518913,94.87369925388705,False,0.17099999999999999,0.0,rolling
proactive_hpa_bilstm_fixed_cpu,proactive_hpa,1056,789.0,495.01568490763333,568.6334133309006,568.6334133309006,568.6334133309006,568.6334133309006,True,False,60,False,3,950,0.41354693810161514,92.73054317386932,False,0.17099999999999999,0.0,rolling
proactive_hpa_bilstm_fixed_cpu,proactive_hpa,1057,859.0,538.9334262809341,563.0047930963683,563.0047930963683,563.0047930963683,563.0047930963683,True,False,60,False,3,950,0.45023678051874194,96.42840557591236,False,0.17099999999999999,0.0,rolling
proactive_hpa_bilstm_fixed_cpu,proactive_hpa,1058,781.0,489.9965144649704,583.9903018865334,583.9903018865334,583.9903018865334,583.9903018865334,True,False,60,False,3,950,0.40935381325394354,92.34721544293447,False,0.17099999999999999,0.0,rolling
proactive_hpa_bilstm_fixed_cpu,proactive_hpa,1059,689.0,432.2760543743465,567.7138336859621,567.7138336859621,567.7138336859621,567.7138336859621,True,False,60,False,3,950,0.3611328775057197,88.47761305625544,False,0.17099999999999999,0.0,rolling
proactive_hpa_bilstm_fixed_cpu,proactive_hpa,1060,559.0,350.71453468107353,542.0373223628253,542.0373223628253,542.0373223628253,542.0373223628253,True,False,60,False,3,950,0.2929945987310556,84.52742587010553,False,0.17099999999999999,0.0,rolling
proactive_hpa_bilstm_fixed_cpu,proactive_hpa,1061,823.0,516.3471592889508,501.35105272190776,501.35105272190776,501.35105272190776,501.35105272190776,True,False,60,False,3,950,0.4313677187042196,94.44825606824094,False,0.17099999999999999,0.0,rolling
proactive_hpa_bilstm_fixed_cpu,proactive_hpa,1062,848.0,532.0320669222726,559.6607204283077,559.6607204283077,559.6607204283077,559.6607204283077,True,False,60,False,3,950,0.44447123385319354,95.80532684498054,False,0.17099999999999999,0.0,rolling
proactive_hpa_bilstm_fixed_cpu,proactive_hpa,1063,841.0,527.6402927849425,573.5191979759679,573.5191979759679,573.5191979759679,573.5191979759679,True,False,60,False,3,950,0.4408022496114808,95.41714339673703,False,0.17099999999999999,0.0,rolling
proactive_hpa_bilstm_fixed_cpu,proactive_hpa,1064,995.0,624.2593238062043,577.8172646853795,577.8172646853795,577.8172646853795,577.8172646853795,True,False,60,False,3,950,0.5215199029291598,105.53201945556842,False,0.17099999999999999,0.0,rolling
proactive_hpa_bilstm_fixed_cpu,proactive_hpa,1065,881.0,552.7361449982573,624.7586218063716,624.7586218063716,624.7586218063716,624.7586218063716,True,False,60,False,3,950,0.461767873849839,97.72326167600983,False,0.17099999999999999,0.0,rolling
proactive_hpa_bilstm_fixed_cpu,proactive_hpa,1066,796.0,499.4074590449634,605.7950129918627,605.7950129918627,605.7950129918627,605.7950129918627,True,False,60,False,3,950,0.4172159223433278,93.07239396125102,False,0.17099999999999999,0.0,rolling
proactive_hpa_bilstm_fixed_cpu,proactive_hpa,1067,832.0,521.9937260369467,584.6473061892143,584.6473061892143,584.6473061892143,584.6473061892143,True,False,60,False,3,950,0.4360849841578502,94.92745956070463,False,0.17099999999999999,0.0,rolling
proactive_hpa_bilstm_fixed_cpu,proactive_hpa,1068,822.0,515.719762983618,590.4806306711271,590.4806306711271,590.4806306711271,590.4806306711271,True,False,60,False,3,950,0.4308435780982607,94.39565324594943,False,0.17099999999999999,0.0,rolling
proactive_hpa_bilstm_fixed_cpu,proactive_hpa,1069,899.0,564.0292784942488,587.4065026982298,587.4065026982298,587.4065026982298,587.4065026982298,True,False,60,False,3,950,0.4712024047571001,98.83193730502246,False,0.17099999999999999,0.0,rolling
proactive_hpa_bilstm_fixed_cpu,proactive_hpa,1070,886.0,555.8731265249215,607.8972051981973,607.8972051981973,607.8972051981973,607.8972051981973,True,False,60,False,3,950,0.4643885768796337,98.02673564896824,False,0.17099999999999999,0.0,rolling
proactive_hpa_bilstm_fixed_cpu,proactive_hpa,1071,872.0,547.0895782502614,609.0577097008763,609.0577097008763,609.0577097008763,609.0577097008763,True,False,60,False,3,950,0.45705060839620837,97.18562690906613,False,0.17099999999999999,0.0,rolling
proactive_hpa_bilstm_fixed_cpu,proactive_hpa,1072,803.0,503.7992331822935,606.9739649596586,606.9739649596586,606.9739649596586,606.9739649596586,True,False,60,False,3,950,0.4208849065850405,93.42031038432471,False,0.17099999999999999,0.0,rolling
proactive_hpa_bilstm_fixed_cpu,proactive_hpa,1073,917.0,575.3224119902405,588.4099870017417,588.4099870017417,588.4099870017417,588.4099870017417,True,False,60,False,3,950,0.48063693566436133,99.98591018820946,False,0.17099999999999999,0.0,rolling
proactive_hpa_bilstm_fixed_cpu,proactive_hpa,1074,1014.0,636.1798536075288,615.5567564781231,615.5567564781231,615.5567564781231,615.5567564781231,True,False,60,False,3,950,0.53147857444238,107.0227653101025,False,0.17099999999999999,0.0,rolling
proactive_hpa_bilstm_fixed_cpu,proactive_hpa,1075,983.0,616.7305681422098,646.2802630618526,646.2802630618526,646.2802630618526,646.2802630618526,True,False,60,False,3,950,0.5152302156576523,104.61934407309982,False,0.17099999999999999,0.0,rolling
proactive_hpa_bilstm_fixed_cpu,proactive_hpa,1076,928.0,582.2237713489021,646.9206742790693,646.9206742790693,646.9206742790693,646.9206742790693,True,False,60,False,3,950,0.48640248232990985,100.71380355177659,False,0.17099999999999999,0.0,rolling
proactive_hpa_bilstm_fixed_cpu,proactive_hpa,1077,949.0,595.3990937608924,636.6804526766964,636.6804526766964,636.6804526766964,636.6804526766964,True,False,60,False,3,950,0.4974094350550479,102.15208258028655,False,0.17099999999999999,0.0,rolling
proactive_hpa_bilstm_fixed_cpu,proactive_hpa,1078,1154.0,724.0153363541303,642.5745381958022,642.5745381958022,642.5745381958022,642.5745381958022,True,False,60,False,3,950,0.6048582592766335,119.83211351296586,False,0.17099999999999999,0.0,rolling
proactive_hpa_bilstm_fixed_cpu,proactive_hpa,1079,990.0,621.1223422795399,701.7957177915087,701.7957177915087,701.7957177915087,701.7957177915087,True,False,60,False,3,950,0.518899199899365,105.14904559485242,False,0.17099999999999999,0.0,rolling
proactive_hpa_bilstm_fixed_cpu,proactive_hpa,1080,1004.0,629.9058905542,669.4788896775799,669.4788896775799,669.4788896775799,669.4788896775799,True,False,60,False,3,950,0.5262371683827903,106.23113381103983,False,0.17099999999999999,0.0,rolling
proactive_hpa_bilstm_fixed_cpu,proactive_hpa,1081,972.0,609.8292087835483,673.1480567733333,673.1480567733333,673.1480567733333,673.1480567733333,True,False,60,False,3,950,0.5094646689921039,103.80206951493821,False,0.17099999999999999,0.0,rolling
proactive_hpa_bilstm_fixed_cpu,proactive_hpa,1082,973.0,610.4566050888811,664.9379714822171,664.9379714822171,664.9379714822171,664.9379714822171,True,False,60,False,3,950,0.5099888095980628,103.87560829777306,False,0.17099999999999999,0.0,rolling
proactive_hpa_bilstm_fixed_cpu,proactive_hpa,1083,932.0,584.7333565702336,663.9142094167883,663.9142094167883,663.9142094167883,663.9142094167883,True,False,60,False,3,950,0.48849904475374567,100.9828106483567,False,0.17099999999999999,0.0,rolling
proactive_hpa_bilstm_fixed_cpu,proactive_hpa,1084,730.0,457.9993028929941,651.1651325585199,651.1651325585199,651.1651325585199,651.1651325585199,True,False,60,False,3,950,0.38262264235003685,90.0828778244363,False,0.17099999999999999,0.0,rolling
proactive_hpa_bilstm_fixed_cpu,proactive_hpa,1085,698.0,437.92262112234226,591.8084146681949,591.8084146681949,591.8084146681949,591.8084146681949,True,False,60,False,3,950,0.36585014295935026,88.8141856229638,False,0.17099999999999999,0.0,rolling
proactive_hpa_bilstm_fixed_cpu,proactive_hpa,1086,1049.0,658.1387242941792,567.6759272759177,567.6759272759177,567.6759272759177,567.6759272759177,True,False,60,False,3,950,0.5498234956509434,109.91867726626603,False,0.17099999999999999,0.0,rolling
proactive_hpa_bilstm_fixed_cpu,proactive_hpa,1087,953.0,597.9086789822238,650.979742758951,650.979742758951,650.979742758951,650.979742758951,True,False,60,False,3,950,0.49950599747888375,102.43337552834183,False,0.17099999999999999,0.0,rolling
proactive_hpa_bilstm_fixed_cpu,proactive_hpa,1088,974.0,611.084001394214,636.7020309126556,636.7020309126556,636.7020309126556,636.7020309126556,True,False,60,False,3,950,0.5105129502040218,103.94929839492254,False,0.17099999999999999,0.0,rolling
proactive_hpa_bilstm_fixed_cpu,proactive_hpa,1089,936.0,587.242941791565,644.8954027040445,644.8954027040445,644.8954027040445,644.8954027040445,True,False,60,False,3,950,0.4905956071775815,101.25413675733141,False,0.17099999999999999,0.0,rolling
proactive_hpa_bilstm_fixed_cpu,proactive_hpa,1090,883.0,553.990937608923,637.9337243277178,637.9337243277178,637.9337243277178,637.9337243277178,True,False,60,False,3,950,0.4628161550617569,97.84423915529206,False,0.17099999999999999,0.0,rolling
proactive_hpa_bilstm_fixed_cpu,proactive_hpa,1091,784.0,491.878703380969,623.4579069356632,623.4579069356632,623.4579069356632,623.4579069356632,True,False,60,False,3,950,0.4109262350718204,92.49004814702819,False,0.17099999999999999,0.0,rolling
proactive_hpa_bilstm_fixed_cpu,proactive_hpa,1092,868.0,544.57999302893,593.2736154223867,593.2736154223867,593.2736154223867,593.2736154223867,True,False,60,False,3,950,0.45495404597237254,96.9502106572575,False,0.17099999999999999,0.0,rolling
proactive_hpa_bilstm_fixed_cpu,proactive_hpa,1093,962.0,603.5552457302196,607.8063165123604,607.8063165123604,607.8063165123604,607.8063165123604,True,False,60,False,3,950,0.5042232629325143,103.07496976099767,False,0.17099999999999999,0.0,rolling
proactive_hpa_bilstm_fixed_cpu,proactive_hpa,1094,885.0,555.2457302195887,633.1263534508234,633.1263534508234,633.1263534508234,633.1263534508234,True,False,60,False,3,950,0.4638644362736748,97.96576590709158,False,0.17099999999999999,0.0,rolling
proactive_hpa_bilstm_fixed_cpu,proactive_hpa,1095,984.0,617.3579644475427,617.9018001704089,617.9018001704089,617.9018001704089,617.9018001704089,True,False,60,False,3,950,0.5157543562636113,104.6945558666201,False,0.17099999999999999,0.0,rolling
proactive_hpa_bilstm_fixed_cpu,proactive_hpa,1096,1046.0,656.2565353781806,644.9234351445093,644.9234351445093,644.9234351445093,644.9234351445093,True,False,60,False,3,950,0.5482510738330665,109.66272039431168,False,0.17099999999999999,0.0,rolling
proactive_hpa_bilstm_fixed_cpu,proactive_hpa,1097,956.0,599.7908678982224,667.1461282401369,667.1461282401369,667.1461282401369,667.1461282401369,True,False,60,False,3,950,0.5010784192967606,102.64590083762518,False,0.17099999999999999,0.0,rolling
proactive_hpa_bilstm_fixed_cpu,proactive_hpa,1098,981.0,615.4757755315441,649.8015132767341,649.8015132767341,649.8015132767341,649.8015132767341,True,False,60,False,3,950,0.5141819344457343,104.46937893888516,False,0.17099999999999999,0.0,rolling
proactive_hpa_bilstm_fixed_cpu,proactive_hpa,1099,1033.0,648.1003834088533,656.7088125718155,656.7088125718155,656.7088125718155,656.7088125718155,True,False,60,False,3,950,0.5414372459556,108.57043738265499,False,0.17099999999999999,0.0,rolling
proactive_hpa_bilstm_fixed_cpu,proactive_hpa,1100,944.0,592.262112234228,673.024319076505,673.024319076505,673.024319076505,673.024319076505,True,False,60,False,3,950,0.4947887320252531,101.80378582383617,False,0.17099999999999999,0.0,rolling
proactive_hpa_bilstm_fixed_cpu,proactive_hpa,1101,945.0,592.8895085395608,652.9153297907706,652.9153297907706,652.9153297907706,652.9153297907706,True,False,60,False,3,950,0.495312872631212,101.87315094420815,False,0.17099999999999999,0.0,rolling
proactive_hpa_bilstm_fixed_cpu,proactive_hpa,1102,948.0,594.7716974555594,651.287569781306,651.287569781306,651.287569781306,651.287569781306,True,False,60,False,3,950,0.4968852944490889,102.08212868705203,False,0.17099999999999999,0.0,rolling
proactive_hpa_bilstm_fixed_cpu,proactive_hpa,1103,906.0,568.421052631579,650.482335520669,650.482335520669,650.482335520669,650.482335520669,True,False,60,False,3,950,0.4748713889988128,99.27527209947247,False,0.17099999999999999,0.0,rolling
proactive_hpa_bilstm_fixed_cpu,proactive_hpa,1104,1135.0,712.0948065528058,637.4786065786593,637.4786065786593,637.4786065786593,637.4786065786593,True,False,60,False,3,950,0.5948995877634135,117.8968845806516,False,0.17099999999999999,0.0,rolling
proactive_hpa_bilstm_fixed_cpu,proactive_hpa,1105,852.0,534.5416521436041,698.3826477506545,698.3826477506545,698.3826477506545,698.3826477506545,True,False,60,False,3,950,0.4465677962770293,96.03004379067677,False,0.17099999999999999,0.0,rolling
proactive_hpa_bilstm_fixed_cpu,proactive_hpa,1106,673.0,422.23771348902056,630.9743097395385,630.9743097395385,630.9743097395385,630.9743097395385,True,False,60,False,3,950,0.3527466278103764,87.90061896859773,False,0.17099999999999999,0.0,rolling
proactive_hpa_bilstm_fixed_cpu,proactive_hpa,1107,705.0,442.3143952596724,572.6480971133797,572.6480971133797,572.6480971133797,572.6480971133797,True,False,60,False,3,950,0.369519127201063,89.08203717893245,False,0.17099999999999999,0.0,rolling
proactive_hpa_bilstm_fixed_cpu,proactive_hpa,1108,882.0,553.3635413035901,563.3114159760917,563.3114159760917,563.3114159760917,563.3114159760917,True,False,60,False,3,950,0.4622920144557979,97.78368183434287,False,0.17099999999999999,0.0,rolling
proactive_hpa_bilstm_fixed_cpu,proactive_hpa,1109,828.0,519.4841408156152,600.3237260335818,600.3237260335818,600.3237260335818,600.3237260335818,True,False,60,False,3,950,0.43398842173401436,94.71319310004843,False,0.17099999999999999,0.0,rolling
proactive_hpa_bilstm_fixed_cpu,proactive_hpa,1110,790.0,495.6430812129662,588.4431250069647,588.4431250069647,588.4431250069647,588.4431250069647,True,False,60,False,3,950,0.4140710787075741,92.77900965685882,False,0.17099999999999999,0.0,rolling
proactive_hpa_bilstm_fixed_cpu,proactive_hpa,1111,819.0,513.8375740676194,577.1045085788533,577.1045085788533,577.1045085788533,577.1045085788533,True,False,60,False,3,950,0.42927115628038376,94.23861114797788,False,0.17099999999999999,0.0,rolling
proactive_hpa_bilstm_fixed_cpu,proactive_hpa,1112,813.0,510.07319623562216,581.8658089586606,581.8658089586606,581.8658089586606,581.8658089586606,True,False,60,False,3,950,0.42612631264463,93.92796161591264,False,0.17099999999999999,0.0,rolling
proactive_hpa_bilstm_fixed_cpu,proactive_hpa,1113,678.0,425.3746950156849,579.7763084156636,579.7763084156636,579.7763084156636,579.7763084156636,True,False,60,False,3,950,0.3553673308401712,88.07802152470731,False,0.17099999999999999,0.0,rolling
proactive_hpa_bilstm_fixed_cpu,proactive_hpa,1114,569.0,356.98849773440224,542.8642071079794,542.8642071079794,542.8642071079794,542.8642071079794,True,False,60,False,3,950,0.29823600479064516,84.77477293682166,False,0.17099999999999999,0.0,rolling
proactive_hpa_bilstm_fixed_cpu,proactive_hpa,1115,863.0,541.4430115022656,504.7987298219955,504.7987298219955,504.7987298219955,504.7987298219955,True,False,60,False,3,950,0.45233334294257777,96.6589763483627,False,0.17099999999999999,0.0,rolling
proactive_hpa_bilstm_fixed_cpu,proactive_hpa,1116,905.0,567.793656326246,571.0133771595042,571.0133771595042,571.0133771595042,571.0133771595042,True,False,60,False,3,950,0.4743472483928538,99.21151711671683,False,0.17099999999999999,0.0,rolling
proactive_hpa_bilstm_fixed_cpu,proactive_hpa,1117,797.0,500.03485535029625,592.091629015159,592.091629015159,592.091629015159,592.091629015159,True,False,60,False,3,950,0.4177400629492868,93.12172369784852,False,0.17099999999999999,0.0,rolling
proactive_hpa_bilstm_fixed_cpu,proactive_hpa,1118,690.0,432.90345067967934,572.0047477881417,572.0047477881417,572.0047477881417,572.0047477881417,True,False,60,False,3,950,0.36165701811167866,88.5145793403058,False,0.17099999999999999,0.0,rolling
proactive_hpa_bilstm_fixed_cpu,proactive_hpa,1119,778.0,488.1143255489718,542.7594948647311,542.7594948647311,542.7594948647311,542.7594948647311,True,False,60,False,3,950,0.4077813914360667,92.20547584091437,False,0.17099999999999999,0.0,rolling
proactive_hpa_bilstm_fixed_cpu,proactive_hpa,1120,693.0,434.78563959567794,559.6589623800655,559.6589623800655,559.6589623800655,559.6589623800655,True,False,60,False,3,950,0.3632294399295555,88.62612263903438,False,0.17099999999999999,0.0,rolling
proactive_hpa_bilstm_fixed_cpu,proactive_hpa,1121,769.0,482.46775880097596,537.5380675025176,537.5380675025176,537.5380675025176,537.5380675025176,True,False,60,False,3,950,0.4030641259824361,91.78677365873972,False,0.17099999999999999,0.0,rolling
proactive_hpa_bilstm_fixed_cpu,proactive_hpa,1122,870.0,545.8347856395957,553.1631667879242,553.1631667879242,553.1631667879242,553.1631667879242,True,False,60,False,3,950,0.45600232718429046,97.0676481902456,False,0.17099999999999999,0.0,rolling
proactive_hpa_bilstm_fixed_cpu,proactive_hpa,1123,683.0,428.5116765423493,581.847867233449,581.847867233449,581.847867233449,581.847867233449,True,False,60,False,3,950,0.35798803386996597,88.25806002905242,False,0.17099999999999999,0.0,rolling
proactive_hpa_bilstm_fixed_cpu,proactive_hpa,1124,866.0,543.3252004182642,538.8571335069323,538.8571335069323,538.8571335069323,538.8571335069323,True,False,60,False,3,950,0.45390576476045463,96.83331306599648,False,0.17099999999999999,0.0,rolling
proactive_hpa_bilstm_fixed_cpu,proactive_hpa,1125,821.0,515.0923666782851,582.4086846227137,582.4086846227137,582.4086846227137,582.4086846227137,True,False,60,False,3,950,0.43031943749230167,94.34317825548388,False,0.17099999999999999,0.0,rolling
proactive_hpa_bilstm_fixed_cpu,proactive_hpa,1126,693.0,434.78563959567794,576.3513414456088,576.3513414456088,576.3513414456088,576.3513414456088,True,False,60,False,3,950,0.3632294399295555,88.62612263903438,False,0.17099999999999999,0.0,rolling
proactive_hpa_bilstm_fixed_cpu,proactive_hpa,1127,1020.0,639.944231439526,543.4629790729937,543.4629790729937,543.4629790729937,543.4629790729937,True,False,60,False,3,950,0.5346234180781336,107.50530339371902,False,0.17099999999999999,0.0,rolling
proactive_hpa_bilstm_fixed_cpu,proactive_hpa,1128,736.0,461.7636807249913,626.3511726852867,626.3511726852867,626.3511726852867,626.3511726852867,True,False,60,False,3,950,0.3857674859857905,90.33354577122742,False,0.17099999999999999,0.0,rolling
proactive_hpa_bilstm_fixed_cpu,proactive_hpa,1129,642.0,402.78842802370167,564.5072981892886,564.5072981892886,564.5072981892886,564.5072981892886,True,False,60,False,3,950,0.33649826902564883,86.8583715418994,False,0.17099999999999999,0.0,rolling
proactive_hpa_bilstm_fixed_cpu,proactive_hpa,1130,691.0,433.5308469850122,533.0388848907678,533.0388848907678,533.0388848907678,533.0388848907678,True,False,60,False,3,950,0.3621811587176376,88.55165292844364,False,0.17099999999999999,0.0,rolling
proactive_hpa_bilstm_fixed_cpu,proactive_hpa,1131,650.0,407.8075984663646,535.9953681285529,535.9953681285529,535.9953681285529,535.9953681285529,True,False,60,False,3,950,0.3406913938733205,87.11796739611847,False,0.17099999999999999,0.0,rolling
proactive_hpa_bilstm_fixed_cpu,proactive_hpa,1132,757.0,474.9390031369815,520.6438982147624,520.6438982147624,520.6438982147624,520.6438982147624,True,False,60,False,2,950,0.5951616580663929,117.94699063575507,False,0.114,0.0,rolling
proactive_hpa_bilstm_fixed_cpu,proactive_hpa,1133,1150.0,721.5057511327989,543.2256184774428,543.2256184774428,543.2256184774428,543.2256184774428,True,False,60,False,2,950,0.9041425452791966,213.04030219227815,False,0.114,0.0,rolling
proactive_hpa_bilstm_fixed_cpu,proactive_hpa,1134,1267.0,794.9111188567446,654.4506598118296,654.4506598118296,654.4506598118296,654.4506598118296,True,False,60,False,3,950,0.6640861477499954,132.716402968271,False,0.17099999999999999,0.0,rolling
proactive_hpa_bilstm_fixed_cpu,proactive_hpa,1135,920.0,577.2046009062391,714.1854303227874,714.1854303227874,714.1854303227874,714.1854303227874,True,False,60,False,3,950,0.48220935748223814,100.18270658442856,False,0.17099999999999999,0.0,rolling
proactive_hpa_bilstm_fixed_cpu,proactive_hpa,1136,852.0,534.5416521436041,642.8561630744925,642.8561630744925,642.8561630744925,642.8561630744925,True,False,60,False,3,950,0.4465677962770293,96.03004379067677,False,0.17099999999999999,0.0,rolling
proactive_hpa_bilstm_fixed_cpu,proactive_hpa,1137,992.0,622.3771348902056,621.751058838152,621.751058838152,621.751058838152,621.751058838152,True,False,60,False,3,950,0.5199474811112829,105.30177217643103,False,0.17099999999999999,0.0,rolling
proactive_hpa_bilstm_fixed_cpu,proactive_hpa,1138,1035.0,649.355176019519,653.6354070844973,653.6354070844973,653.6354070844973,653.6354070844973,True,False,60,False,3,950,0.542485527167518,108.7367052735321,False,0.17099999999999999,0.0,rolling
proactive_hpa_bilstm_fixed_cpu,proactive_hpa,1139,975.0,611.7113976995469,670.572781009876,670.572781009876,670.572781009876,670.572781009876,True,False,60,False,3,950,0.5110370908099807,104.02313996189983,False,0.17099999999999999,0.0,rolling
proactive_hpa_bilstm_fixed_cpu,proactive_hpa,1140,862.0,540.8156151969328,660.3909362422855,660.3909362422855,660.3909362422855,660.3909362422855,True,False,60,False,3,950,0.45180920233661886,96.60113273223418,False,0.17099999999999999,0.0,rolling
proactive_hpa_bilstm_fixed_cpu,proactive_hpa,1141,1033.0,648.1003834088533,629.8125047628173,629.8125047628173,629.8125047628173,629.8125047628173,True,False,60,False,3,950,0.5414372459556,108.57043738265499,False,0.17099999999999999,0.0,rolling
proactive_hpa_bilstm_fixed_cpu,proactive_hpa,1142,1157.0,725.897525270129,670.8053250349003,670.8053250349003,670.8053250349003,670.8053250349003,True,False,60,False,3,950,0.6064306810945105,120.14357085819393,False,0.17099999999999999,0.0,rolling
proactive_hpa_bilstm_fixed_cpu,proactive_hpa,1143,1020.0,639.944231439526,711.7140961512941,711.7140961512941,711.7140961512941,711.7140961512941,True,False,60,False,3,950,0.5346234180781336,107.50530339371902,False,0.17099999999999999,0.0,rolling
proactive_hpa_bilstm_fixed_cpu,proactive_hpa,1144,1129.0,708.3304287208086,683.7038119109038,683.7038119109038,683.7038119109038,683.7038119109038,True,False,60,False,3,950,0.5917547441276597,117.2990482550545,False,0.17099999999999999,0.0,rolling
proactive_hpa_bilstm_fixed_cpu,proactive_hpa,1145,1221.0,766.0508888114326,713.3754758230343,713.3754758230343,713.3754758230343,713.3754758230343,True,False,60,False,3,950,0.6399756798758836,127.18054098207634,False,0.17099999999999999,0.0,rolling
proactive_hpa_bilstm_fixed_cpu,proactive_hpa,1146,919.0,576.5772046009063,747.3321535384493,747.3321535384493,747.3321535384493,747.3321535384493,True,False,60,False,3,950,0.48168521687627924,100.11696492092314,False,0.17099999999999999,0.0,rolling
proactive_hpa_bilstm_fixed_cpu,proactive_hpa,1147,850.0,533.2868595329384,673.3845985518947,673.3845985518947,673.3845985518947,673.3845985518947,True,False,60,False,3,950,0.4455195150651114,95.91742094543925,False,0.17099999999999999,0.0,rolling
proactive_hpa_bilstm_fixed_cpu,proactive_hpa,1148,1049.0,658.1387242941792,642.6478463992171,642.6478463992171,642.6478463992171,642.6478463992171,True,False,60,False,3,950,0.5498234956509434,109.91867726626603,False,0.17099999999999999,0.0,rolling
proactive_hpa_bilstm_fixed_cpu,proactive_hpa,1149,1121.0,703.3112582781457,685.1032664774075,685.1032664774075,685.1032664774075,685.1032664774075,True,False,60,False,3,950,0.5875616192799881,116.51175951310847,False,0.17099999999999999,0.0,rolling
proactive_hpa_bilstm_fixed_cpu,proactive_hpa,1150,784.0,491.878703380969,709.0621405850534,709.0621405850534,709.0621405850534,709.0621405850534,True,False,60,False,3,950,0.4109262350718204,92.49004814702819,False,0.17099999999999999,0.0,rolling
proactive_hpa_bilstm_fixed_cpu,proactive_hpa,1151,874.0,548.3443708609271,622.5149669236707,622.5149669236707,622.5149669236707,622.5149669236707,True,False,60,False,3,950,0.4580988896081263,97.30414805782445,False,0.17099999999999999,0.0,rolling
proactive_hpa_bilstm_fixed_cpu,proactive_hpa,1152,1105.0,693.2729173928199,630.3646764079867,630.3646764079867,630.3646764079867,630.3646764079867,True,False,60,False,3,950,0.5791753695846449,114.97057381713003,False,0.17099999999999999,0.0,rolling
proactive_hpa_bilstm_fixed_cpu,proactive_hpa,1153,983.0,616.7305681422098,688.0011561347364,688.0011561347364,688.0011561347364,688.0011561347364,True,False,60,False,3,950,0.5152302156576523,104.61934407309982,False,0.17099999999999999,0.0,rolling
proactive_hpa_bilstm_fixed_cpu,proactive_hpa,1154,686.0,430.3938654583479,663.8720644246805,663.8720644246805,663.8720644246805,663.8720644246805,True,False,60,False,3,950,0.35956045568784284,88.3673564734974,False,0.17099999999999999,0.0,rolling
proactive_hpa_bilstm_fixed_cpu,proactive_hpa,1155,821.0,515.0923666782851,581.5895063904022,581.5895063904022,581.5895063904022,581.5895063904022,True,False,60,False,3,950,0.43031943749230167,94.34317825548388,False,0.17099999999999999,0.0,rolling
proactive_hpa_bilstm_fixed_cpu,proactive_hpa,1156,1074.0,673.8236319275009,598.5967928369746,598.5967928369746,598.5967928369746,598.5967928369746,True,False,60,False,3,950,0.5629270107999171,112.10914701014227,False,0.17099999999999999,0.0,rolling
proactive_hpa_bilstm_fixed_cpu,proactive_hpa,1157,1016.0,637.4346462181945,664.1259458571376,664.1259458571376,664.1259458571376,664.1259458571376,True,False,60,False,3,950,0.5325268556542978,107.18297891774901,False,0.17099999999999999,0.0,rolling
proactive_hpa_bilstm_fixed_cpu,proactive_hpa,1158,1080.0,677.588009759498,660.7324310926215,660.7324310926215,660.7324310926215,660.7324310926215,True,False,60,False,3,950,0.5660718544356709,112.65030111788505,False,0.17099999999999999,0.0,rolling
proactive_hpa_bilstm_fixed_cpu,proactive_hpa,1159,872.0,547.0895782502614,683.8265381279216,683.8265381279216,683.8265381279216,683.8265381279216,True,False,60,False,3,950,0.45705060839620837,97.18562690906613,False,0.17099999999999999,0.0,rolling
proactive_hpa_bilstm_fixed_cpu,proactive_hpa,1160,731.0,458.62669919832695,633.3116469189818,633.3116469189818,633.3116469189818,633.3116469189818,True,False,60,False,3,950,0.3831467829559958,90.12437109687231,False,0.17099999999999999,0.0,rolling
proactive_hpa_bilstm_fixed_cpu,proactive_hpa,1161,846.0,530.7772743116068,588.138428755452,588.138428755452,588.138428755452,588.138428755452,True,False,60,False,3,950,0.4434229526412755,95.69376024519528,False,0.17099999999999999,0.0,rolling
proactive_hpa_bilstm_fixed_cpu,proactive_hpa,1162,893.0,560.2649006622516,605.3885426051229,605.3885426051229,605.3885426051229,605.3885426051229,True,False,60,False,3,950,0.4680575611213464,98.45739052156969,False,0.17099999999999999,0.0,rolling
proactive_hpa_bilstm_fixed_cpu,proactive_hpa,1163,857.0,537.6786336702684,614.6470026370589,614.6470026370589,614.6470026370589,614.6470026370589,True,False,60,False,3,950,0.44918849930682403,96.31392232661929,False,0.17099999999999999,0.0,rolling
proactive_hpa_bilstm_fixed_cpu,proactive_hpa,1164,654.0,410.31718368769606,605.5050554461614,605.5050554461614,605.5050554461614,605.5050554461614,True,False,60,False,3,950,0.34278795629715625,87.25018635226228,False,0.17099999999999999,0.0,rolling
proactive_hpa_bilstm_fixed_cpu,proactive_hpa,1165,727.0,456.1171139769955,549.779501910135,549.779501910135,549.779501910135,549.779501910135,True,False,60,False,3,950,0.38105022053216,89.95907853276123,False,0.17099999999999999,0.0,rolling
proactive_hpa_bilstm_fixed_cpu,proactive_hpa,1166,866.0,543.3252004182642,555.6073836673527,555.6073836673527,555.6073836673527,555.6073836673527,True,False,60,False,3,950,0.45390576476045463,96.83331306599648,False,0.17099999999999999,0.0,rolling
proactive_hpa_bilstm_fixed_cpu,proactive_hpa,1167,590.0,370.1638201463925,587.0938109396429,587.0938109396429,587.0938109396429,587.0938109396429,True,False,60,False,3,950,0.3092429575157832,85.3231898983975,False,0.17099999999999999,0.0,rolling
proactive_hpa_bilstm_fixed_cpu,proactive_hpa,1168,695.0,436.04043220634367,517.3704846363271,517.3704846363271,517.3704846363271,517.3704846363271,True,False,60,False,3,950,0.3642777211414734,88.70102343213303,False,0.17099999999999999,0.0,rolling
proactive_hpa_bilstm_fixed_cpu,proactive_hpa,1169,819.0,513.8375740676194,531.3284725310668,531.3284725310668,531.3284725310668,531.3284725310668,True,False,60,False,3,950,0.42927115628038376,94.23861114797788,False,0.17099999999999999,0.0,rolling
proactive_hpa_bilstm_fixed_cpu,proactive_hpa,1170,859.0,538.9334262809341,561.7398894275252,561.7398894275252,561.7398894275252,561.7398894275252,True,False,60,False,3,950,0.45023678051874194,96.42840557591236,False,0.17099999999999999,0.0,rolling
proactive_hpa_bilstm_fixed_cpu,proactive_hpa,1171,954.0,598.5360752875566,578.5085148045046,578.5085148045046,578.5085148045046,578.5085148045046,True,False,60,False,3,950,0.5000301380848426,102.50406888670081,False,0.17099999999999999,0.0,rolling
proactive_hpa_bilstm_fixed_cpu,proactive_hpa,1172,764.0,479.33077727431163,611.0092395811389,611.0092395811389,611.0092395811389,611.0092395811389,True,False,60,False,3,950,0.4004434229526413,91.5583542295676,False,0.17099999999999999,0.0,rolling
proactive_hpa_bilstm_fixed_cpu,proactive_hpa,1173,783.0,491.25130707563613,569.4707981998026,569.4707981998026,569.4707981998026,569.4707981998026,True,False,60,False,3,950,0.41040209446586146,92.44231553068904,False,0.17099999999999999,0.0,rolling
proactive_hpa_bilstm_fixed_cpu,proactive_hpa,1174,817.0,512.5827814569536,570.4640713737981,570.4640713737981,570.4640713737981,570.4640713737981,True,False,60,False,3,950,0.42822287506846585,94.13455350161757,False,0.17099999999999999,0.0,rolling
proactive_hpa_bilstm_fixed_cpu,proactive_hpa,1175,908.0,569.6758452422447,578.4653342497336,578.4653342497336,578.4653342497336,578.4653342497336,True,False,60,False,3,950,0.4759196702107307,99.40320490529362,False,0.17099999999999999,0.0,rolling
proactive_hpa_bilstm_fixed_cpu,proactive_hpa,1176,784.0,491.878703380969,604.3983520362644,604.3983520362644,604.3983520362644,604.3983520362644,True,False,60,False,3,950,0.4109262350718204,92.49004814702819,False,0.17099999999999999,0.0,rolling
proactive_hpa_bilstm_fixed_cpu,proactive_hpa,1177,972.0,609.8292087835483,576.5651490112846,576.5651490112846,576.5651490112846,576.5651490112846,True,False,60,False,3,950,0.5094646689921039,103.80206951493821,False,0.17099999999999999,0.0,rolling
proactive_hpa_bilstm_fixed_cpu,proactive_hpa,1178,732.0,459.2540955036598,625.5782576128831,625.5782576128831,625.5782576128831,625.5782576128831,True,False,60,False,3,950,0.38367092356195476,90.16597804943576,False,0.17099999999999999,0.0,rolling
proactive_hpa_bilstm_fixed_cpu,proactive_hpa,1179,982.0,616.103171836877,569.4411040425061,569.4411040425061,569.4411040425061,569.4411040425061,True,False,60,False,3,950,0.5147060750516934,104.54428514902592,False,0.17099999999999999,0.0,rolling
proactive_hpa_bilstm_fixed_cpu,proactive_hpa,1180,1137.0,713.3495991634716,629.3935594584136,629.3935594584136,629.3935594584136,629.3935594584136,True,False,60,False,3,950,0.5959478689753313,118.09757375662925,False,0.17099999999999999,0.0,rolling
proactive_hpa_bilstm_fixed_cpu,proactive_hpa,1181,758.0,475.5663994423144,682.4765497407261,682.4765497407261,682.4765497407261,682.4765497407261,True,False,60,False,3,950,0.39729857931688756,91.28817000196423,False,0.17099999999999999,0.0,rolling
proactive_hpa_bilstm_fixed_cpu,proactive_hpa,1182,694.0,435.4130359010108,593.6965103146222,593.6965103146222,593.6965103146222,593.6965103146222,True,False,60,False,3,950,0.36375358053551443,88.66351907251364,False,0.17099999999999999,0.0,rolling
proactive_hpa_bilstm_fixed_cpu,proactive_hpa,1183,776.0,486.859532938306,565.0164096939502,565.0164096939502,565.0164096939502,565.0164096939502,True,False,60,False,3,950,0.4067331102241487,92.11158797832181,False,0.17099999999999999,0.0,rolling
proactive_hpa_bilstm_fixed_cpu,proactive_hpa,1184,943.0,591.634715928895,574.8162763359287,574.8162763359287,574.8162763359287,574.8162763359287,True,False,60,False,3,950,0.49426459141929413,101.7345675078969,False,0.17099999999999999,0.0,rolling
proactive_hpa_bilstm_fixed_cpu,proactive_hpa,1185,737.0,462.39107703032414,616.6291177401654,616.6291177401654,616.6291177401654,616.6291177401654,True,False,60,False,3,950,0.3862916265917495,90.37572345712566,False,0.17099999999999999,0.0,rolling
proactive_hpa_bilstm_fixed_cpu,proactive_hpa,1186,729.0,457.3719065876612,567.6854400027078,567.6854400027078,567.6854400027078,567.6854400027078,True,False,60,False,3,950,0.3820985017440779,90.04149807661456,False,0.17099999999999999,0.0,rolling
proactive_hpa_bilstm_fixed_cpu,proactive_hpa,1187,892.0,559.6375043569188,558.34382188063,558.34382188063,558.34382188063,558.34382188063,True,False,60,False,3,950,0.4675334205153875,98.39545302123463,False,0.17099999999999999,0.0,rolling
proactive_hpa_bilstm_fixed_cpu,proactive_hpa,1188,862.0,540.8156151969328,596.3395070596835,596.3395070596835,596.3395070596835,596.3395070596835,True,False,60,False,3,950,0.45180920233661886,96.60113273223418,False,0.17099999999999999,0.0,rolling
proactive_hpa_bilstm_fixed_cpu,proactive_hpa,1189,1201.0,753.5029627047752,594.4150944714856,594.4150944714856,594.4150944714856,594.4150944714856,True,False,60,False,3,950,0.6294928677567044,124.89985584504154,False,0.17099999999999999,0.0,rolling
proactive_hpa_bilstm_fixed_cpu,proactive_hpa,1190,947.0,594.1443011502266,691.266550123245,691.266550123245,691.266550123245,691.266550123245,True,False,60,False,3,950,0.49636115384313,102.01232222030292,False,0.17099999999999999,0.0,rolling
proactive_hpa_bilstm_fixed_cpu,proactive_hpa,1191,832.0,521.9937260369467,642.2850623071536,642.2850623071536,642.2850623071536,642.2850623071536,True,False,60,False,3,950,0.4360849841578502,94.92745956070463,False,0.17099999999999999,0.0,rolling
proactive_hpa_bilstm_fixed_cpu,proactive_hpa,1192,886.0,555.8731265249215,611.9855102611755,611.9855102611755,611.9855102611755,611.9855102611755,True,False,60,False,3,950,0.4643885768796337,98.02673564896824,False,0.17099999999999999,0.0,rolling
proactive_hpa_bilstm_fixed_cpu,proactive_hpa,1193,820.0,514.4649703729523,620.759519629546,620.759519629546,620.759519629546,620.759519629546,True,False,60,False,3,950,0.42979529688634277,94.29083094133108,False,0.17099999999999999,0.0,rolling
proactive_hpa_bilstm_fixed_cpu,proactive_hpa,1194,753.0,472.42941791565005,601.4190623370359,601.4190623370359,601.4190623370359,601.4190623370359,True,False,60,False,3,950,0.3946778762870928,91.06625957653243,False,0.17099999999999999,0.0,rolling
proactive_hpa_bilstm_fixed_cpu,proactive_hpa,1195,776.0,486.859532938306,577.6772228973186,577.6772228973186,577.6772228973186,577.6772228973186,True,False,60,False,3,950,0.4067331102241487,92.11158797832181,False,0.17099999999999999,0.0,rolling
proactive_hpa_bilstm_fixed_cpu,proactive_hpa,1196,760.0,476.82119205298017,576.3421658787556,576.3421658787556,576.3421658787556,576.3421658787556,True,False,60,False,3,950,0.39834686052880547,91.37775823642603,False,0.17099999999999999,0.0,rolling
proactive_hpa_bilstm_fixed_cpu,proactive_hpa,1197,814.0,510.70059254095503,567.9457033911126,567.9457033911126,567.9457033911126,567.9457033911126,True,False,60,False,3,950,0.426650453250589,93.97941955024483,False,0.17099999999999999,0.0,rolling
proactive_hpa_bilstm_fixed_cpu,proactive_hpa,1198,892.0,559.6375043569188,578.0689786610997,578.0689786610997,578.0689786610997,578.0689786610997,True,False,60,False,3,950,0.4675334205153875,98.39545302123463,False,0.17099999999999999,0.0,rolling
proactive_hpa_bilstm_fixed_cpu,proactive_hpa,1199,1123.0,704.5660508888114,599.5308221934929,599.5308221934929,599.5308221934929,599.5308221934929,True,False,60,False,3,950,0.588609900491906,116.70753260674856,False,0.17099999999999999,0.0,rolling
proactive_hpa_bilstm_fixed_cpu,proactive_hpa,1200,1079.0,676.9606134541652,667.9791059470072,667.9791059470072,667.9791059470072,667.9791059470072,True,False,60,False,3,950,0.565547713829712,112.55968978819513,False,0.17099999999999999,0.0,rolling
proactive_hpa_bilstm_fixed_cpu,proactive_hpa,1201,663.0,415.9637504356919,674.044854039681,674.044854039681,674.044854039681,674.044854039681,True,False,60,False,3,950,0.3475052217507869,87.55364394450008,False,0.17099999999999999,0.0,rolling
proactive_hpa_bilstm_fixed_cpu,proactive_hpa,1202,787.0,493.7608922969676,570.5122370790641,570.5122370790641,570.5122370790641,570.5122370790641,True,False,60,False,3,950,0.4124986568896972,92.6339781520511,False,0.17099999999999999,0.0,rolling
proactive_hpa_bilstm_fixed_cpu,proactive_hpa,1203,675.0,423.4925060996863,585.5467766522042,585.5467766522042,585.5467766522042,585.5467766522042,True,False,60,False,3,950,0.3537949090222943,87.97126492135865,False,0.17099999999999999,0.0,rolling
proactive_hpa_bilstm_fixed_cpu,proactive_hpa,1204,659.0,413.4541652143604,550.0767324773315,550.0767324773315,550.0767324773315,550.0767324773315,True,False,60,False,3,950,0.34540865932695103,87.41774959009086,False,0.17099999999999999,0.0,rolling
proactive_hpa_bilstm_fixed_cpu,proactive_hpa,1205,563.0,353.22411990240505,535.309223574186,535.309223574186,535.309223574186,535.309223574186,True,False,60,False,3,950,0.2950911611548914,84.62531280570849,False,0.17099999999999999,0.0,rolling
proactive_hpa_bilstm_fixed_cpu,proactive_hpa,1206,839.0,526.3855001742768,501.4007597297423,501.4007597297423,501.4007597297423,501.4007597297423,True,False,60,False,2,950,0.6596309525993443,131.66251972542955,False,0.114,0.0,rolling
proactive_hpa_bilstm_fixed_cpu,proactive_hpa,1207,757.0,474.9390031369815,563.0015900769681,563.0015900769681,563.0015900769681,563.0015900769681,True,False,60,False,3,950,0.3967744387109286,91.24355278096446,False,0.17099999999999999,0.0,rolling
proactive_hpa_bilstm_fixed_cpu,proactive_hpa,1208,1090.0,683.8619728128268,548.792755189203,548.792755189203,548.792755189203,548.792755189203,True,False,60,False,3,950,0.5713132604952605,113.5656775567698,False,0.17099999999999999,0.0,rolling
proactive_hpa_bilstm_fixed_cpu,proactive_hpa,1209,882.0,553.3635413035901,640.8370567097418,640.8370567097418,640.8370567097418,640.8370567097418,True,False,60,False,3,950,0.4622920144557979,97.78368183434287,False,0.17099999999999999,0.0,rolling
proactive_hpa_bilstm_fixed_cpu,proactive_hpa,1210,602.0,377.6925758103869,603.4995799760009,603.4995799760009,603.4995799760009,603.4995799760009,True,False,60,False,3,950,0.31553264478729065,85.6546456930221,False,0.17099999999999999,0.0,rolling
proactive_hpa_bilstm_fixed_cpu,proactive_hpa,1211,544.0,341.30359010108054,530.0502269618651,530.0502269618651,530.0502269618651,530.0502269618651,True,False,60,False,3,950,0.2851324896416713,84.17265639632123,False,0.17099999999999999,0.0,rolling
proactive_hpa_bilstm_fixed_cpu,proactive_hpa,1212,538.0,337.5392122690833,500.29973987306676,500.29973987306676,500.29973987306676,500.29973987306676,True,False,60,False,3,950,0.2819876460059175,84.03610774616709,False,0.17099999999999999,0.0,rolling
proactive_hpa_bilstm_fixed_cpu,proactive_hpa,1213,861.0,540.1882188915998,484.6172029841305,484.6172029841305,484.6172029841305,484.6172029841305,True,False,60,False,2,950,0.6769275925959898,135.83405319354705,False,0.114,0.0,rolling
proactive_hpa_bilstm_fixed_cpu,proactive_hpa,1214,900.0,564.6566747995818,560.4218830686264,560.4218830686264,560.4218830686264,560.4218830686264,True,False,60,False,3,950,0.47172654536305914,98.89485018396127,False,0.17099999999999999,0.0,rolling
proactive_hpa_bilstm_fixed_cpu,proactive_hpa,1215,811.0,508.81840362495643,583.417394905247,583.417394905247,583.417394905247,583.417394905247,True,False,60,False,3,950,0.42507803143271217,93.82542488835726,False,0.17099999999999999,0.0,rolling
proactive_hpa_bilstm_fixed_cpu,proactive_hpa,1216,940.0,589.7525270128965,570.6377809898399,570.6377809898399,570.6377809898399,570.6377809898399,True,False,60,False,3,950,0.4926921696014173,101.5277918315436,False,0.17099999999999999,0.0,rolling
proactive_hpa_bilstm_fixed_cpu,proactive_hpa,1217,487.0,305.542000697107,607.8946042501129,607.8946042501129,607.8946042501129,607.8946042501129,True,False,60,False,3,950,0.2552564751020109,82.99366229936531,False,0.17099999999999999,0.0,rolling
proactive_hpa_bilstm_fixed_cpu,proactive_hpa,1218,747.0,468.66504008365285,496.092369186671,496.092369186671,496.092369186671,496.092369186671,True,False,60,False,3,950,0.39153303265133904,90.80382970213665,False,0.17099999999999999,0.0,rolling
proactive_hpa_bilstm_fixed_cpu,proactive_hpa,1219,741.0,464.90066225165566,543.0854562751188,543.0854562751188,543.0854562751188,543.0854562751188,True,False,60,False,3,950,0.38838818901558536,90.54558188791493,False,0.17099999999999999,0.0,rolling
proactive_hpa_bilstm_fixed_cpu,proactive_hpa,1220,684.0,429.13907284768214,542.4350506740593,542.4350506740593,542.4350506740593,542.4350506740593,True,False,60,False,2,950,0.5377682617138874,107.9935519209467,False,0.114,0.0,rolling
proactive_hpa_bilstm_fixed_cpu,proactive_hpa,1221,737.0,462.39107703032414,528.3184531118786,528.3184531118786,528.3184531118786,528.3184531118786,True,False,60,False,2,950,0.5794374398876242,115.01806666779908,False,0.114,0.0,rolling
proactive_hpa_bilstm_fixed_cpu,proactive_hpa,1222,766.0,480.58556988497736,539.9098913269313,539.9098913269313,539.9098913269313,539.9098913269313,True,False,60,False,2,950,0.6022375562468388,119.31660510804596,False,0.114,0.0,rolling
proactive_hpa_bilstm_fixed_cpu,proactive_hpa,1223,703.0,441.05960264900665,549.0263829425958,549.0263829425958,549.0263829425958,549.0263829425958,True,False,60,False,2,950,0.5527062689837176,110.39174780203433,False,0.114,0.0,rolling
proactive_hpa_bilstm_fixed_cpu,proactive_hpa,1224,803.0,503.7992331822935,533.9146337439142,533.9146337439142,533.9146337439142,533.9146337439142,True,False,60,False,2,950,0.6313273598775608,125.2935475470959,False,0.114,0.0,rolling
proactive_hpa_bilstm_fixed_cpu,proactive_hpa,1225,743.0,466.1554548623214,558.1328079258597,558.1328079258597,558.1328079258597,558.1328079258597,True,False,60,False,2,950,0.5841547053412549,115.88030638823975,False,0.114,0.0,rolling
proactive_hpa_bilstm_fixed_cpu,proactive_hpa,1226,914.0,573.4402230742419,546.4527448131175,546.4527448131175,546.4527448131175,546.4527448131175,True,False,60,False,2,950,0.7185967707697267,146.79259069237213,False,0.114,0.0,rolling
proactive_hpa_bilstm_fixed_cpu,proactive_hpa,1227,757.0,474.9390031369815,592.1657078698581,592.1657078698581,592.1657078698581,592.1657078698581,True,False,60,False,3,950,0.3967744387109286,91.24355278096446,False,0.17099999999999999,0.0,rolling
proactive_hpa_bilstm_fixed_cpu,proactive_hpa,1228,571.0,358.243290345068,560.6829652740207,560.6829652740207,560.6829652740207,560.6829652740207,True,False,60,False,3,950,0.29928428600256307,84.82529921766984,False,0.17099999999999999,0.0,rolling
proactive_hpa_bilstm_fixed_cpu,proactive_hpa,1229,760.0,476.82119205298017,508.9074089783012,508.9074089783012,508.9074089783012,508.9074089783012,True,False,60,False,3,950,0.39834686052880547,91.37775823642603,False,0.17099999999999999,0.0,rolling
proactive_hpa_bilstm_fixed_cpu,proactive_hpa,1230,830.0,520.7389334262809,546.150071521226,546.150071521226,546.150071521226,546.150071521226,True,False,60,False,3,950,0.4350367029459323,94.82006817851394,False,0.17099999999999999,0.0,rolling
proactive_hpa_bilstm_fixed_cpu,proactive_hpa,1231,884.0,554.6183339142558,567.4313899902822,567.4313899902822,567.4313899902822,567.4313899902822,True,False,60,False,3,950,0.4633402956677158,97.90493379437056,False,0.17099999999999999,0.0,rolling
proactive_hpa_bilstm_fixed_cpu,proactive_hpa,1232,882.0,553.3635413035901,588.018207155108,588.018207155108,588.018207155108,588.018207155108,True,False,60,False,3,950,0.4622920144557979,97.78368183434287,False,0.17099999999999999,0.0,rolling
proactive_hpa_bilstm_fixed_cpu,proactive_hpa,1233,764.0,479.33077727431163,594.9532980621279,594.9532980621279,594.9532980621279,594.9532980621279,True,False,60,False,3,950,0.4004434229526413,91.5583542295676,False,0.17099999999999999,0.0,rolling
proactive_hpa_bilstm_fixed_cpu,proactive_hpa,1234,832.0,521.9937260369467,568.2681968707211,568.2681968707211,568.2681968707211,568.2681968707211,True,False,60,False,3,950,0.4360849841578502,94.92745956070463,False,0.17099999999999999,0.0,rolling
proactive_hpa_bilstm_fixed_cpu,proactive_hpa,1235,759.0,476.1937957476473,583.0228455305605,583.0228455305605,583.0228455305605,583.0228455305605,True,False,60,False,3,950,0.3978227199228465,91.33290510194702,False,0.17099999999999999,0.0,rolling
proactive_hpa_bilstm_fixed_cpu,proactive_hpa,1236,807.0,506.30881840362497,564.9675937516631,564.9675937516631,564.9675937516631,564.9675937516631,True,False,60,False,3,950,0.42298146900887634,93.62186364331393,False,0.17099999999999999,0.0,rolling
proactive_hpa_bilstm_fixed_cpu,proactive_hpa,1237,574.0,360.1254792610666,574.2434897689054,574.2434897689054,574.2434897689054,574.2434897689054,True,False,60,False,3,950,0.3008567078204399,84.90175501287656,False,0.17099999999999999,0.0,rolling
proactive_hpa_bilstm_fixed_cpu,proactive_hpa,1238,807.0,506.30881840362497,512.7876141116776,512.7876141116776,512.7876141116776,512.7876141116776,True,False,60,False,3,950,0.42298146900887634,93.62186364331393,False,0.17099999999999999,0.0,rolling
proactive_hpa_bilstm_fixed_cpu,proactive_hpa,1239,575.0,360.75287556639944,561.729076226693,561.729076226693,561.729076226693,561.729076226693,True,False,60,False,3,950,0.30138084842639884,84.927418599714,False,0.17099999999999999,0.0,rolling
proactive_hpa_bilstm_fixed_cpu,proactive_hpa,1240,760.0,476.82119205298017,504.0450328659931,504.0450328659931,504.0450328659931,504.0450328659931,True,False,60,False,3,950,0.39834686052880547,91.37775823642603,False,0.17099999999999999,0.0,rolling
proactive_hpa_bilstm_fixed_cpu,proactive_hpa,1241,900.0,564.6566747995818,541.8163862727702,541.8163862727702,541.8163862727702,541.8163862727702,True,False,60,False,3,950,0.47172654536305914,98.89485018396127,False,0.17099999999999999,0.0,rolling
proactive_hpa_bilstm_fixed_cpu,proactive_hpa,1242,1047.0,656.8839316835134,582.7552368721026,582.7552368721026,582.7552368721026,582.7552368721026,True,False,60,False,3,950,0.5487752144390254,109.74787647750283,False,0.17099999999999999,0.0,rolling
proactive_hpa_bilstm_fixed_cpu,proactive_hpa,1243,885.0,555.2457302195887,634.3051609215036,634.3051609215036,634.3051609215036,634.3051609215036,True,False,60,False,3,950,0.4638644362736748,97.96576590709158,False,0.17099999999999999,0.0,rolling
proactive_hpa_bilstm_fixed_cpu,proactive_hpa,1244,844.0,529.5224817009411,606.7715726661309,606.7715726661309,606.7715726661309,606.7715726661309,True,False,60,False,3,950,0.4423746714293576,95.58271990197811,False,0.17099999999999999,0.0,rolling
proactive_hpa_bilstm_fixed_cpu,proactive_hpa,1245,1238.0,776.7166260020913,597.7784093388,597.7784093388,597.7784093388,597.7784093388,True,False,60,False,3,950,0.6488860701771857,129.17879219684463,False,0.17099999999999999,0.0,rolling
proactive_hpa_bilstm_fixed_cpu,proactive_hpa,1246,1148.0,720.2509585221331,707.6618672015602,707.6618672015602,707.6618672015602,707.6618672015602,True,False,60,False,3,950,0.6017134156408798,119.21404010301245,False,0.17099999999999999,0.0,rolling
proactive_hpa_bilstm_fixed_cpu,proactive_hpa,1247,875.0,548.9717671662601,706.6983122677138,706.6983122677138,706.6983122677138,706.6983122677138,True,False,60,False,3,950,0.4586230302140853,97.36361243221322,False,0.17099999999999999,0.0,rolling
proactive_hpa_bilstm_fixed_cpu,proactive_hpa,1248,797.0,500.03485535029625,643.0158323874493,643.0158323874493,643.0158323874493,643.0158323874493,True,False,60,False,3,950,0.4177400629492868,93.12172369784852,False,0.17099999999999999,0.0,rolling
proactive_hpa_bilstm_fixed_cpu,proactive_hpa,1249,829.0,520.1115371209481,612.7820265291593,612.7820265291593,612.7820265291593,612.7820265291593,True,False,60,False,3,950,0.4345125623399734,94.76656617907213,False,0.17099999999999999,0.0,rolling
proactive_hpa_bilstm_fixed_cpu,proactive_hpa,1250,870.0,545.8347856395957,610.8884399923318,610.8884399923318,610.8884399923318,610.8884399923318,True,False,60,False,3,950,0.45600232718429046,97.0676481902456,False,0.17099999999999999,0.0,rolling
proactive_hpa_bilstm_fixed_cpu,proactive_hpa,1251,1021.0,640.5716277448588,615.7796673620942,615.7796673620942,615.7796673620942,615.7796673620942,True,False,60,False,3,950,0.5351475586840926,107.5862806825127,False,0.17099999999999999,0.0,rolling
proactive_hpa_bilstm_fixed_cpu,proactive_hpa,1252,963.0,604.1826420355525,655.1692921343983,655.1692921343983,655.1692921343983,655.1692921343983,True,False,60,False,3,950,0.5047474035384732,103.14700395391046,False,0.17099999999999999,0.0,rolling
proactive_hpa_bilstm_fixed_cpu,proactive_hpa,1253,771.0,483.7225514116417,646.2163471709646,646.2163471709646,646.2163471709646,646.2163471709646,True,False,60,False,3,950,0.404112407194354,91.87897746921176,False,0.17099999999999999,0.0,rolling
proactive_hpa_bilstm_fixed_cpu,proactive_hpa,1254,636.0,399.0240501917044,595.4448772500728,595.4448772500728,595.4448772500728,595.4448772500728,True,False,60,False,3,950,0.3333534253898951,86.66787226272616,False,0.17099999999999999,0.0,rolling
proactive_hpa_bilstm_fixed_cpu,proactive_hpa,1255,787.0,493.7608922969676,548.6210685327824,548.6210685327824,548.6210685327824,548.6210685327824,True,False,60,False,3,950,0.4124986568896972,92.6339781520511,False,0.17099999999999999,0.0,rolling
proactive_hpa_bilstm_fixed_cpu,proactive_hpa,1256,901.0,565.2840711049146,571.9507781153911,571.9507781153911,571.9507781153911,571.9507781153911,True,False,60,False,3,950,0.47225068596901804,98.95790302475326,False,0.17099999999999999,0.0,rolling
proactive_hpa_bilstm_fixed_cpu,proactive_hpa,1257,994.0,623.6319275008714,600.4186606386611,600.4186606386611,600.4186606386611,600.4186606386611,True,False,60,False,3,950,0.5209957623232008,105.45511583426911,False,0.17099999999999999,0.0,rolling
proactive_hpa_bilstm_fixed_cpu,proactive_hpa,1258,757.0,474.9390031369815,632.2616827098882,632.2616827098882,632.2616827098882,632.2616827098882,True,False,60,False,3,950,0.3967744387109286,91.24355278096446,False,0.17099999999999999,0.0,rolling
proactive_hpa_bilstm_fixed_cpu,proactive_hpa,1259,763.0,478.70338096897876,577.6394609843901,577.6394609843901,577.6394609843901,577.6394609843901,True,False,60,False,3,950,0.39991928234668234,91.51302740197204,False,0.17099999999999999,0.0,rolling
proactive_hpa_bilstm_fixed_cpu,proactive_hpa,1260,581.0,364.5172533983967,571.8520865853011,571.8520865853011,571.8520865853011,571.8520865853011,True,False,60,False,3,950,0.30452569206215263,85.08328338523029,False,0.17099999999999999,0.0,rolling
proactive_hpa_bilstm_fixed_cpu,proactive_hpa,1261,652.0,409.0623910770303,518.2361668570729,518.2361668570729,518.2361668570729,518.2361668570729,True,False,60,False,3,950,0.3417396750852384,87.18387408501638,False,0.17099999999999999,0.0,rolling
proactive_hpa_bilstm_fixed_cpu,proactive_hpa,1262,1180.0,740.327640292785,521.854302388097,521.854302388097,521.854302388097,521.854302388097,True,False,60,False,3,950,0.6184859150315664,122.58551918718003,False,0.17099999999999999,0.0,rolling
proactive_hpa_bilstm_fixed_cpu,proactive_hpa,1263,770.0,483.0951551063088,660.5312911074307,660.5312911074307,660.5312911074307,660.5312911074307,True,False,60,False,3,950,0.40358826658839503,91.8328156914052,False,0.17099999999999999,0.0,rolling
proactive_hpa_bilstm_fixed_cpu,proactive_hpa,1264,753.0,472.42941791565005,575.6480980658725,575.6480980658725,575.6480980658725,575.6480980658725,True,False,60,False,3,950,0.3946778762870928,91.06625957653243,False,0.17099999999999999,0.0,rolling
proactive_hpa_bilstm_fixed_cpu,proactive_hpa,1265,646.0,405.29801324503313,566.610357378318,566.610357378318,566.610357378318,566.610357378318,True,False,60,False,3,950,0.33859483144948466,86.98736577694514,False,0.17099999999999999,0.0,rolling
proactive_hpa_bilstm_fixed_cpu,proactive_hpa,1266,773.0,484.9773440223074,533.2367736908532,533.2367736908532,533.2367736908532,533.2367736908532,True,False,60,False,3,950,0.40516068840627184,91.97166088230082,False,0.17099999999999999,0.0,rolling
proactive_hpa_bilstm_fixed_cpu,proactive_hpa,1267,562.0,352.5967235970722,556.9523869040531,556.9523869040531,556.9523869040531,556.9523869040531,True,False,60,False,3,950,0.29456702054893247,84.60071012971841,False,0.17099999999999999,0.0,rolling
proactive_hpa_bilstm_fixed_cpu,proactive_hpa,1268,571.0,358.243290345068,501.0963283896085,501.0963283896085,501.0963283896085,501.0963283896085,True,False,60,False,2,950,0.4489264290038446,96.2853848596357,False,0.114,0.0,rolling
proactive_hpa_bilstm_fixed_cpu,proactive_hpa,1269,499.0,313.0707563611014,491.5817953856258,491.5817953856258,491.5817953856258,491.5817953856258,True,False,60,False,2,950,0.3923192435602775,90.86904379045191,False,0.114,0.0,rolling
proactive_hpa_bilstm_fixed_cpu,proactive_hpa,1270,466.0,292.3666782851168,464.97474671960254,464.97474671960254,464.97474671960254,464.97474671960254,True,False,60,False,2,950,0.36637428356530927,88.85212324227548,False,0.114,0.0,rolling
proactive_hpa_bilstm_fixed_cpu,proactive_hpa,1271,590.0,370.1638201463925,447.11042379637956,447.11042379637956,447.11042379637956,447.11042379637956,True,False,60,False,2,950,0.4638644362736748,97.96576590709158,False,0.114,0.0,rolling
proactive_hpa_bilstm_fixed_cpu,proactive_hpa,1272,648.0,406.55280585569886,470.32850935703436,470.32850935703436,470.32850935703436,470.32850935703436,True,False,60,False,2,950,0.5094646689921039,103.80206951493821,False,0.114,0.0,rolling
proactive_hpa_bilstm_fixed_cpu,proactive_hpa,1273,579.0,363.2624607877309,485.16116237655206,485.16116237655206,485.16116237655206,485.16116237655206,True,False,60,False,2,950,0.455216116275352,96.97951937236975,False,0.114,0.0,rolling
proactive_hpa_bilstm_fixed_cpu,proactive_hpa,1274,692.0,434.15824329034507,471.39403108892884,471.39403108892884,471.39403108892884,471.39403108892884,True,False,60,False,2,950,0.5440579489853948,108.98731466961462,False,0.114,0.0,rolling
proactive_hpa_bilstm_fixed_cpu,proactive_hpa,1275,667.0,418.47333565702337,500.08932798961223,500.08932798961223,500.08932798961223,500.08932798961223,True,False,60,False,2,950,0.524402676261934,105.95775944133979,False,0.114,0.0,rolling
proactive_hpa_bilstm_fixed_cpu,proactive_hpa,1276,614.0,385.2213314743813,499.74927811043426,499.74927811043426,499.74927811043426,499.74927811043426,True,False,60,False,2,950,0.48273349808819715,100.24859132005062,False,0.114,0.0,rolling
proactive_hpa_bilstm_fixed_cpu,proactive_hpa,1277,630.0,395.2596723597072,488.50730616993906,488.50730616993906,488.50730616993906,488.50730616993906,True,False,60,False,2,950,0.49531287263121204,101.87315094420816,False,0.114,0.0,rolling
proactive_hpa_bilstm_fixed_cpu,proactive_hpa,1278,615.0,385.8487277797142,492.02152419185177,492.02152419185177,492.02152419185177,492.02152419185177,True,False,60,False,2,950,0.4835197089971356,100.3476870238874,False,0.114,0.0,rolling
proactive_hpa_bilstm_fixed_cpu,proactive_hpa,1279,563.0,353.22411990240505,488.5409980807726,488.5409980807726,488.5409980807726,488.5409980807726,True,False,60,False,2,950,0.44263674173233714,95.61043071926616,False,0.114,0.0,rolling
proactive_hpa_bilstm_fixed_cpu,proactive_hpa,1280,749.0,469.9198326943186,474.5744126076429,474.5744126076429,474.5744126076429,474.5744126076429,True,False,60,False,2,950,0.5888719707948854,116.75658498236706,False,0.114,0.0,rolling
proactive_hpa_bilstm_fixed_cpu,proactive_hpa,1281,724.0,454.2349250609969,520.3238852689751,520.3238852689751,520.3238852689751,520.3238852689751,True,False,60,False,2,950,0.5692166980714247,113.19750157768672,False,0.114,0.0,rolling
proactive_hpa_bilstm_fixed_cpu,proactive_hpa,1282,851.0,533.9142558382712,522.0738175898468,522.0738175898468,522.0738175898468,522.0738175898468,True,False,60,False,2,950,0.6690654835066054,133.91112341556374,False,0.114,0.0,rolling
proactive_hpa_bilstm_fixed_cpu,proactive_hpa,1283,952.0,597.2812826768909,560.6420244245446,560.6420244245446,560.6420244245446,560.6420244245446,True,False,60,False,3,950,0.49898185687292473,102.36283037403408,False,0.17099999999999999,0.0,rolling
proactive_hpa_bilstm_fixed_cpu,proactive_hpa,1284,1150.0,721.5057511327989,599.3947059104112,599.3947059104112,599.3947059104112,599.3947059104112,True,False,60,False,3,950,0.6027616968527977,119.41934879771205,False,0.17099999999999999,0.0,rolling
proactive_hpa_bilstm_fixed_cpu,proactive_hpa,1285,838.0,525.7581038689439,668.918674359631,668.918674359631,668.918674359631,668.918674359631,True,False,60,False,3,950,0.4392298277936039,95.2527439706815,False,0.17099999999999999,0.0,rolling
proactive_hpa_bilstm_fixed_cpu,proactive_hpa,1286,840.0,527.0128964796096,604.7730330575287,604.7730330575287,604.7730330575287,604.7730330575287,True,False,60,False,3,950,0.4402781090055218,95.36221300882657,False,0.17099999999999999,0.0,rolling
proactive_hpa_bilstm_fixed_cpu,proactive_hpa,1287,919.0,576.5772046009063,602.3414355928799,602.3414355928799,602.3414355928799,602.3414355928799,True,False,60,False,3,950,0.48168521687627924,100.11696492092314,False,0.17099999999999999,0.0,rolling
proactive_hpa_bilstm_fixed_cpu,proactive_hpa,1288,1014.0,636.1798536075288,622.0262295123366,622.0262295123366,622.0262295123366,622.0262295123366,True,False,60,False,3,950,0.53147857444238,107.0227653101025,False,0.17099999999999999,0.0,rolling
proactive_hpa_bilstm_fixed_cpu,proactive_hpa,1289,1005.0,630.533286859533,652.058028402741,652.058028402741,652.058028402741,652.058028402741,True,False,60,False,3,950,0.5267613089887493,106.30959178647565,False,0.17099999999999999,0.0,rolling
proactive_hpa_bilstm_fixed_cpu,proactive_hpa,1290,799.0,501.28964796096204,658.3779950878088,658.3779950878088,658.3779950878088,658.3779950878088,True,False,60,False,3,950,0.4187883441612047,93.22075515854671,False,0.17099999999999999,0.0,rolling
proactive_hpa_bilstm_fixed_cpu,proactive_hpa,1291,741.0,464.90066225165566,606.6329999320806,606.6329999320806,606.6329999320806,606.6329999320806,True,False,60,False,3,950,0.38838818901558536,90.54558188791493,False,0.17099999999999999,0.0,rolling
proactive_hpa_bilstm_fixed_cpu,proactive_hpa,1292,968.0,607.3196235622169,581.6361548759523,581.6361548759523,581.6361548759523,581.6361548759523,True,False,60,False,3,950,0.507368106568268,103.50942441648186,False,0.17099999999999999,0.0,rolling
proactive_hpa_bilstm_fixed_cpu,proactive_hpa,1293,938.0,588.4977344022308,633.0593549547984,633.0593549547984,633.0593549547984,633.0593549547984,True,False,60,False,3,950,0.4916438883894994,101.39067255173013,False,0.17099999999999999,0.0,rolling
proactive_hpa_bilstm_fixed_cpu,proactive_hpa,1294,830.0,520.7389334262809,630.8642511030057,630.8642511030057,630.8642511030057,630.8642511030057,True,False,60,False,3,950,0.4350367029459323,94.82006817851394,False,0.17099999999999999,0.0,rolling
proactive_hpa_bilstm_fixed_cpu,proactive_hpa,1295,838.0,525.7581038689439,603.0793823632603,603.0793823632603,603.0793823632603,603.0793823632603,True,False,60,False,3,950,0.4392298277936039,95.2527439706815,False,0.17099999999999999,0.0,rolling
proactive_hpa_bilstm_fixed_cpu,proactive_hpa,1296,634.0,397.7692575810387,600.8755605188144,600.8755605188144,600.8755605188144,600.8755605188144,True,False,60,False,3,950,0.3323051441779772,86.60516541281908,False,0.17099999999999999,0.0,rolling
proactive_hpa_bilstm_fixed_cpu,proactive_hpa,1297,639.0,400.906239107703,543.16037802966,543.16037802966,543.16037802966,543.16037802966,True,False,60,False,3,950,0.33492584720777197,86.76267472419175,False,0.17099999999999999,0.0,rolling
proactive_hpa_bilstm_fixed_cpu,proactive_hpa,1298,701.0,439.8048100383409,529.6989063076549,529.6989063076549,529.6989063076549,529.6989063076549,True,False,60,False,3,950,0.3674225647772272,88.92832474753001,False,0.17099999999999999,0.0,rolling
proactive_hpa_bilstm_fixed_cpu,proactive_hpa,1299,726.0,455.4897176716626,535.6363650443527,535.6363650443527,535.6363650443527,535.6363650443527,True,False,60,False,2,950,0.5707891198893015,113.47337968674859,False,0.114,0.0,rolling
proactive_hpa_bilstm_fixed_cpu,proactive_hpa,1300,777.0,487.4869292436389,538.6064310110228,538.6064310110228,538.6064310110228,538.6064310110228,True,False,60,False,2,950,0.6108858762451616,121.03484128803615,False,0.114,0.0,rolling
proactive_hpa_bilstm_fixed_cpu,proactive_hpa,1301,819.0,513.8375740676194,551.7586548223676,551.7586548223676,551.7586548223676,551.7586548223676,True,False,60,False,2,950,0.6439067344205757,128.0553126244253,False,0.114,0.0,rolling
proactive_hpa_bilstm_fixed_cpu,proactive_hpa,1302,723.0,453.607528755664,565.9573749120268,565.9573749120268,565.9573749120268,565.9573749120268,True,False,60,False,3,950,0.37895365810832415,89.79559489784636,False,0.17099999999999999,0.0,rolling
proactive_hpa_bilstm_fixed_cpu,proactive_hpa,1303,793.0,497.5252701289648,544.0339594260695,544.0339594260695,544.0339594260695,544.0339594260695,True,False,60,False,3,950,0.41564350052545096,92.92514686030692,False,0.17099999999999999,0.0,rolling
proactive_hpa_bilstm_fixed_cpu,proactive_hpa,1304,828.0,519.4841408156152,559.9744236667052,559.9744236667052,559.9744236667052,559.9744236667052,True,False,60,False,3,950,0.43398842173401436,94.71319310004843,False,0.17099999999999999,0.0,rolling
proactive_hpa_bilstm_fixed_cpu,proactive_hpa,1305,798.0,500.6622516556292,572.0272652553535,572.0272652553535,572.0272652553535,572.0272652553535,True,False,60,False,3,950,0.41826420355524574,93.17117737844269,False,0.17099999999999999,0.0,rolling
proactive_hpa_bilstm_fixed_cpu,proactive_hpa,1306,836.0,524.5033112582781,567.91942899889,567.91942899889,567.91942899889,567.91942899889,True,False,60,False,3,950,0.438181546581686,95.14379621268306,False,0.17099999999999999,0.0,rolling
proactive_hpa_bilstm_fixed_cpu,proactive_hpa,1307,962.0,603.5552457302196,579.8736031403009,579.8736031403009,579.8736031403009,579.8736031403009,True,False,60,False,3,950,0.5042232629325143,103.07496976099767,False,0.17099999999999999,0.0,rolling
proactive_hpa_bilstm_fixed_cpu,proactive_hpa,1308,802.0,503.17183687696064,618.0208657938265,618.0208657938265,618.0208657938265,618.0208657938265,True,False,60,False,3,950,0.42036076597908156,93.37023465104959,False,0.17099999999999999,0.0,rolling
proactive_hpa_bilstm_fixed_cpu,proactive_hpa,1309,1151.0,722.1331474381318,584.3253184495111,584.3253184495111,584.3253184495111,584.3253184495111,True,False,60,False,3,950,0.6032858374587567,119.52227132752392,False,0.17099999999999999,0.0,rolling
proactive_hpa_bilstm_fixed_cpu,proactive_hpa,1310,915.0,574.0676193795748,678.7110994001459,678.7110994001459,678.7110994001459,678.7110994001459,True,False,60,False,3,950,0.4795886544524435,99.85542587780422,False,0.17099999999999999,0.0,rolling
proactive_hpa_bilstm_fixed_cpu,proactive_hpa,1311,666.0,417.8459393516905,632.5695097322432,632.5695097322432,632.5695097322432,632.5695097322432,True,False,60,False,3,950,0.3490776435686637,87.65664677094551,False,0.17099999999999999,0.0,rolling
proactive_hpa_bilstm_fixed_cpu,proactive_hpa,1312,587.0,368.2816312303939,564.2241320080298,564.2241320080298,564.2241320080298,564.2241320080298,True,False,60,False,3,950,0.3076705356979063,85.24240088421526,False,0.17099999999999999,0.0,rolling
proactive_hpa_bilstm_fixed_cpu,proactive_hpa,1313,706.0,442.94179156500525,527.6058655853208,527.6058655853208,527.6058655853208,527.6058655853208,True,False,60,False,3,950,0.3700432678070219,89.12073898996269,False,0.17099999999999999,0.0,rolling
proactive_hpa_bilstm_fixed_cpu,proactive_hpa,1314,518.0,324.9912861624259,542.9210185573406,542.9210185573406,542.9210185573406,542.9210185573406,True,False,60,False,3,950,0.27150483388673846,83.60251007192636,False,0.17099999999999999,0.0,rolling
proactive_hpa_bilstm_fixed_cpu,proactive_hpa,1315,629.0,394.63227605437436,488.84627232074854,488.84627232074854,488.84627232074854,488.84627232074854,True,False,60,False,2,950,0.4945266617222736,101.76915832503202,False,0.114,0.0,rolling
proactive_hpa_bilstm_fixed_cpu,proactive_hpa,1316,623.0,390.86789822237716,503.41798763198767,503.41798763198767,503.41798763198767,503.41798763198767,True,False,60,False,2,950,0.48980939626864306,101.15211707542865,False,0.114,0.0,rolling
proactive_hpa_bilstm_fixed_cpu,proactive_hpa,1317,742.0,465.5280585569885,497.99643176439395,497.99643176439395,497.99643176439395,497.99643176439395,True,False,60,False,2,950,0.5833684944323164,115.73562790804803,False,0.114,0.0,rolling
proactive_hpa_bilstm_fixed_cpu,proactive_hpa,1318,944.0,592.262112234228,526.06841627323,526.06841627323,526.06841627323,526.06841627323,True,False,60,False,2,950,0.7421830980378796,153.5877771554471,False,0.114,0.0,rolling
proactive_hpa_bilstm_fixed_cpu,proactive_hpa,1319,945.0,592.8895085395608,585.9956810252834,585.9956810252834,585.9956810252834,585.9956810252834,True,False,60,False,3,950,0.495312872631212,101.87315094420815,False,0.17099999999999999,0.0,rolling
proactive_hpa_bilstm_fixed_cpu,proactive_hpa,1320,905.0,567.793656326246,601.4864943244083,601.4864943244083,601.4864943244083,601.4864943244083,True,False,60,False,3,950,0.4743472483928538,99.21151711671683,False,0.17099999999999999,0.0,rolling
proactive_hpa_bilstm_fixed_cpu,proactive_hpa,1321,923.0,579.0867898222377,602.2892239683715,602.2892239683715,602.2892239683715,602.2892239683715,True,False,60,False,3,950,0.48378177930011507,100.38079062969726,False,0.17099999999999999,0.0,rolling
proactive_hpa_bilstm_fixed_cpu,proactive_hpa,1322,902.0,565.9114674102475,614.039873922181,614.039873922181,614.039873922181,614.039873922181,True,False,60,False,3,950,0.47277482657497705,99.02109598291167,False,0.17099999999999999,0.0,rolling
proactive_hpa_bilstm_fixed_cpu,proactive_hpa,1323,801.0,502.5444405716278,614.5588593964221,614.5588593964221,614.5588593964221,614.5588593964221,True,False,60,False,3,950,0.4198366253731226,93.32028363933699,False,0.17099999999999999,0.0,rolling
proactive_hpa_bilstm_fixed_cpu,proactive_hpa,1324,644.0,404.0432206343674,589.8592930731957,589.8592930731957,589.8592930731957,589.8592930731957,True,False,60,False,3,950,0.33754655023756674,86.922668358459,False,0.17099999999999999,0.0,rolling
proactive_hpa_bilstm_fixed_cpu,proactive_hpa,1325,764.0,479.33077727431163,543.993500233646,543.993500233646,543.993500233646,543.993500233646,True,False,60,False,3,950,0.4004434229526413,91.5583542295676,False,0.17099999999999999,0.0,rolling
proactive_hpa_bilstm_fixed_cpu,proactive_hpa,1326,768.0,481.8403624956431,563.4788881333016,563.4788881333016,563.4788881333016,563.4788881333016,True,False,60,False,3,950,0.4025399853764771,91.74085121570215,False,0.17099999999999999,0.0,rolling
proactive_hpa_bilstm_fixed_cpu,proactive_hpa,1327,866.0,543.3252004182642,562.7945016271769,562.7945016271769,562.7945016271769,562.7945016271769,True,False,60,False,3,950,0.45390576476045463,96.83331306599648,False,0.17099999999999999,0.0,rolling
proactive_hpa_bilstm_fixed_cpu,proactive_hpa,1328,694.0,435.4130359010108,587.9679221588103,587.9679221588103,587.9679221588103,587.9679221588103,True,False,60,False,3,950,0.36375358053551443,88.66351907251364,False,0.17099999999999999,0.0,rolling
proactive_hpa_bilstm_fixed_cpu,proactive_hpa,1329,966.0,606.0648309515511,545.8093714050269,545.8093714050269,545.8093714050269,545.8093714050269,True,False,60,False,3,950,0.5063198253563501,103.36400570979913,False,0.17099999999999999,0.0,rolling
proactive_hpa_bilstm_fixed_cpu,proactive_hpa,1330,744.0,466.78285116765426,612.3534480837025,612.3534480837025,612.3534480837025,612.3534480837025,True,False,60,False,3,950,0.38996061083346223,90.67418513693184,False,0.17099999999999999,0.0,rolling
proactive_hpa_bilstm_fixed_cpu,proactive_hpa,1331,792.0,496.8978738236319,563.3023608235017,563.3023608235017,563.3023608235017,563.3023608235017,True,False,60,False,3,950,0.415119359919492,92.87631134456444,False,0.17099999999999999,0.0,rolling
proactive_hpa_bilstm_fixed_cpu,proactive_hpa,1332,877.0,550.2265597769258,570.8533466037579,570.8533466037579,570.8533466037579,570.8533466037579,True,False,60,False,3,950,0.45967131142600315,97.48294955857577,False,0.17099999999999999,0.0,rolling
proactive_hpa_bilstm_fixed_cpu,proactive_hpa,1333,632.0,396.51446497037296,593.185857507392,593.185857507392,593.185857507392,593.185857507392,True,False,60,False,3,950,0.3312568629660593,86.54285294431172,False,0.17099999999999999,0.0,rolling
proactive_hpa_bilstm_fixed_cpu,proactive_hpa,1334,635.0,398.39665388637155,532.1299257838405,532.1299257838405,532.1299257838405,532.1299257838405,True,False,60,False,3,950,0.33282928478393614,86.63646946234107,False,0.17099999999999999,0.0,rolling
proactive_hpa_bilstm_fixed_cpu,proactive_hpa,1335,744.0,466.78285116765426,521.9198318301114,521.9198318301114,521.9198318301114,521.9198318301114,True,False,60,False,3,950,0.38996061083346223,90.67418513693184,False,0.17099999999999999,0.0,rolling
proactive_hpa_bilstm_fixed_cpu,proactive_hpa,1336,716.0,449.2157546183339,542.8868209066018,542.8868209066018,542.8868209066018,542.8868209066018,True,False,60,False,2,950,0.5629270107999171,112.10914701014227,False,0.114,0.0,rolling
proactive_hpa_bilstm_fixed_cpu,proactive_hpa,1337,616.0,386.47612408504705,536.2043109579968,536.2043109579968,536.2043109579968,536.2043109579968,True,False,60,False,2,950,0.48430591990607397,100.44710551474817,False,0.114,0.0,rolling
proactive_hpa_bilstm_fixed_cpu,proactive_hpa,1338,787.0,493.7608922969676,508.2724404857795,508.2724404857795,508.2724404857795,508.2724404857795,True,False,60,False,2,950,0.6187479853345459,122.63967626317248,False,0.114,0.0,rolling
proactive_hpa_bilstm_fixed_cpu,proactive_hpa,1339,680.0,426.6294876263507,547.2420362253115,547.2420362253115,547.2420362253115,547.2420362253115,True,False,60,False,2,950,0.5346234180781337,107.50530339371903,False,0.114,0.0,rolling
proactive_hpa_bilstm_fixed_cpu,proactive_hpa,1340,597.0,374.55559428372254,523.4890705076778,523.4890705076778,523.4890705076778,523.4890705076778,True,False,60,False,2,950,0.4693679126362438,98.61284218310936,False,0.114,0.0,rolling
proactive_hpa_bilstm_fixed_cpu,proactive_hpa,1341,806.0,505.6814220982921,499.2282696765719,499.2282696765719,499.2282696765719,499.2282696765719,True,False,60,False,2,950,0.6336859926043761,125.8030952067173,False,0.114,0.0,rolling
proactive_hpa_bilstm_fixed_cpu,proactive_hpa,1342,1023.0,641.8264203555245,548.0688487219077,548.0688487219077,548.0688487219077,548.0688487219077,True,False,60,False,2,950,0.8042937598440157,173.65190216453112,False,0.114,0.0,rolling
proactive_hpa_bilstm_fixed_cpu,proactive_hpa,1343,596.0,373.9281979783897,615.2321677903356,615.2321677903356,615.2321677903356,615.2321677903356,True,False,60,False,3,950,0.3123878011515369,85.48724945041948,False,0.17099999999999999,0.0,rolling
proactive_hpa_bilstm_fixed_cpu,proactive_hpa,1344,766.0,480.58556988497736,519.022303415572,519.022303415572,519.022303415572,519.022303415572,True,False,60,False,3,950,0.4014917041645592,91.64936447645806,False,0.17099999999999999,0.0,rolling
proactive_hpa_bilstm_fixed_cpu,proactive_hpa,1345,589.0,369.5364238410596,552.1145993842833,552.1145993842833,552.1145993842833,552.1145993842833,True,False,60,False,3,950,0.3087188169098242,85.29616868158388,False,0.17099999999999999,0.0,rolling
proactive_hpa_bilstm_fixed_cpu,proactive_hpa,1346,741.0,464.90066225165566,506.361393880793,506.361393880793,506.361393880793,506.361393880793,True,False,60,False,2,950,0.582582283523378,115.59133887171292,False,0.114,0.0,rolling
proactive_hpa_bilstm_fixed_cpu,proactive_hpa,1347,716.0,449.2157546183339,537.0105326155917,537.0105326155917,537.0105326155917,537.0105326155917,True,False,60,False,2,950,0.5629270107999171,112.10914701014227,False,0.114,0.0,rolling
proactive_hpa_bilstm_fixed_cpu,proactive_hpa,1348,747.0,468.66504008365285,532.8604550356099,532.8604550356099,532.8604550356099,532.8604550356099,True,False,60,False,2,950,0.5872995489770086,116.46292524471124,False,0.114,0.0,rolling
proactive_hpa_bilstm_fixed_cpu,proactive_hpa,1349,846.0,530.7772743116068,540.9856001054895,540.9856001054895,540.9856001054895,540.9856001054895,True,False,60,False,2,950,0.6651344289619132,132.96644082753403,False,0.114,0.0,rolling
proactive_hpa_bilstm_fixed_cpu,proactive_hpa,1350,777.0,487.4869292436389,569.7712077035467,569.7712077035467,569.7712077035467,569.7712077035467,True,False,60,False,3,950,0.40725725083010766,92.15847149275145,False,0.17099999999999999,0.0,rolling
proactive_hpa_bilstm_fixed_cpu,proactive_hpa,1351,774.0,485.6047403276403,558.7917870224564,558.7917870224564,558.7917870224564,558.7917870224564,True,False,60,False,3,950,0.4056848290122308,92.01818282860967,False,0.17099999999999999,0.0,rolling
proactive_hpa_bilstm_fixed_cpu,proactive_hpa,1352,747.0,468.66504008365285,558.6966597545561,558.6966597545561,558.6966597545561,558.6966597545561,True,False,60,False,3,950,0.39153303265133904,90.80382970213665,False,0.17099999999999999,0.0,rolling
proactive_hpa_bilstm_fixed_cpu,proactive_hpa,1353,740.0,464.2732659463228,551.2197769118516,551.2197769118516,551.2197769118516,551.2197769118516,True,False,60,False,3,950,0.3878640484096264,90.50294481611182,False,0.17099999999999999,0.0,rolling
proactive_hpa_bilstm_fixed_cpu,proactive_hpa,1354,771.0,483.7225514116417,548.7460826208003,548.7460826208003,548.7460826208003,548.7460826208003,True,False,60,False,3,950,0.404112407194354,91.87897746921176,False,0.17099999999999999,0.0,rolling
proactive_hpa_bilstm_fixed_cpu,proactive_hpa,1355,745.0,467.4102474729871,555.771941799394,555.771941799394,555.771941799394,555.771941799394,True,False,60,False,2,950,0.5857271271591318,116.17083377962066,False,0.114,0.0,rolling
proactive_hpa_bilstm_fixed_cpu,proactive_hpa,1356,667.0,418.47333565702337,550.2065149701707,550.2065149701707,550.2065149701707,550.2065149701707,True,False,60,False,2,950,0.524402676261934,105.95775944133979,False,0.114,0.0,rolling
proactive_hpa_bilstm_fixed_cpu,proactive_hpa,1357,994.0,623.6319275008714,528.3567207647125,528.3567207647125,528.3567207647125,528.3567207647125,True,False,60,False,2,950,0.7814936434848012,165.91101594065827,False,0.114,0.0,rolling
proactive_hpa_bilstm_fixed_cpu,proactive_hpa,1358,812.0,509.4457999302893,611.7511359393511,611.7511359393511,611.7511359393511,611.7511359393511,True,False,60,False,3,950,0.42560217203867107,93.87663011378783,False,0.17099999999999999,0.0,rolling
proactive_hpa_bilstm_fixed_cpu,proactive_hpa,1359,794.0,498.15266643429766,577.9465896040188,577.9465896040188,577.9465896040188,577.9465896040188,True,False,60,False,3,950,0.4161676411314099,92.9741056979934,False,0.17099999999999999,0.0,rolling
proactive_hpa_bilstm_fixed_cpu,proactive_hpa,1360,803.0,503.7992331822935,573.1556913983254,573.1556913983254,573.1556913983254,573.1556913983254,True,False,60,False,3,950,0.4208849065850405,93.42031038432471,False,0.17099999999999999,0.0,rolling
proactive_hpa_bilstm_fixed_cpu,proactive_hpa,1361,648.0,406.55280585569886,574.7561414529041,574.7561414529041,574.7561414529041,574.7561414529041,True,False,60,False,3,950,0.33964311266140257,87.05246504146318,False,0.17099999999999999,0.0,rolling
proactive_hpa_bilstm_fixed_cpu,proactive_hpa,1362,550.0,345.06796793307774,533.126931799994,533.126931799994,533.126931799994,533.126931799994,True,False,60,False,3,950,0.288277333277425,84.31225061640131,False,0.17099999999999999,0.0,rolling
proactive_hpa_bilstm_fixed_cpu,proactive_hpa,1363,765.0,479.9581735796445,497.942751085875,497.942751085875,497.942751085875,497.942751085875,True,False,60,False,3,950,0.40096756355860025,91.60379986922521,False,0.17099999999999999,0.0,rolling
proactive_hpa_bilstm_fixed_cpu,proactive_hpa,1364,700.0,439.17741373300805,542.2919262808614,542.2919262808614,542.2919262808614,542.2919262808614,True,False,60,False,2,950,0.5503476362569023,110.00432228286442,False,0.114,0.0,rolling
proactive_hpa_bilstm_fixed_cpu,proactive_hpa,1365,590.0,370.1638201463925,528.7686097932947,528.7686097932947,528.7686097932947,528.7686097932947,True,False,60,False,2,950,0.4638644362736748,97.96576590709158,False,0.114,0.0,rolling
proactive_hpa_bilstm_fixed_cpu,proactive_hpa,1366,540.0,338.794004879749,498.5722046051437,498.5722046051437,498.5722046051437,498.5722046051437,True,False,60,False,2,950,0.42455389082675316,93.77434578410777,False,0.114,0.0,rolling
proactive_hpa_bilstm_fixed_cpu,proactive_hpa,1367,589.0,369.5364238410596,478.3099038795476,478.3099038795476,478.3099038795476,478.3099038795476,True,False,60,False,2,950,0.46307822536473636,97.87456930034558,False,0.114,0.0,rolling
proactive_hpa_bilstm_fixed_cpu,proactive_hpa,1368,505.0,316.83513419309867,482.11114133914043,482.11114133914043,482.11114133914043,482.11114133914043,True,False,60,False,2,950,0.3970365090139081,91.26584666631103,False,0.114,0.0,rolling
proactive_hpa_bilstm_fixed_cpu,proactive_hpa,1369,567.0,355.7337051237365,457.39690855866047,457.39690855866047,457.39690855866047,457.39690855866047,True,False,60,False,2,950,0.44578158536809087,95.94552703832775,False,0.114,0.0,rolling
proactive_hpa_bilstm_fixed_cpu,proactive_hpa,1370,867.0,543.9525967235971,466.5293671056206,466.5293671056206,466.5293671056206,466.5293671056206,True,False,60,False,2,950,0.6816448580496205,137.00946875750347,False,0.114,0.0,rolling
proactive_hpa_bilstm_fixed_cpu,proactive_hpa,1371,774.0,485.6047403276403,544.9260605361537,544.9260605361537,544.9260605361537,544.9260605361537,True,False,60,False,2,950,0.6085272435183462,120.5613670465576,False,0.114,0.0,rolling
proactive_hpa_bilstm_fixed_cpu,proactive_hpa,1372,780.0,489.36911815963754,537.2710368325229,537.2710368325229,537.2710368325229,537.2710368325229,True,False,60,False,2,950,0.6132445089719769,121.5119858541629,False,0.114,0.0,rolling
proactive_hpa_bilstm_fixed_cpu,proactive_hpa,1373,693.0,434.78563959567794,545.9826475297214,545.9826475297214,545.9826475297214,545.9826475297214,True,False,60,False,2,950,0.5448441598943332,109.11316390674105,False,0.114,0.0,rolling
proactive_hpa_bilstm_fixed_cpu,proactive_hpa,1374,539.0,338.16660857441616,527.5898023226146,527.5898023226146,527.5898023226146,527.5898023226146,True,False,60,False,2,950,0.4237676799178147,93.69796326476293,False,0.114,0.0,rolling
proactive_hpa_bilstm_fixed_cpu,proactive_hpa,1375,728.0,456.74451028232835,485.5121940365307,485.5121940365307,485.5121940365307,485.5121940365307,True,False,60,False,2,950,0.5723615417071783,113.75078198039199,False,0.114,0.0,rolling
proactive_hpa_bilstm_fixed_cpu,proactive_hpa,1376,945.0,592.8895085395608,525.3100231609642,525.3100231609642,525.3100231609642,525.3100231609642,True,False,60,False,2,950,0.742969308946818,153.8218844367025,False,0.114,0.0,rolling
proactive_hpa_bilstm_fixed_cpu,proactive_hpa,1377,747.0,468.66504008365285,588.5122909597267,588.5122909597267,588.5122909597267,588.5122909597267,True,False,60,False,3,950,0.39153303265133904,90.80382970213665,False,0.17099999999999999,0.0,rolling
proactive_hpa_bilstm_fixed_cpu,proactive_hpa,1378,908.0,569.6758452422447,550.9261346896974,550.9261346896974,550.9261346896974,550.9261346896974,True,False,60,False,3,950,0.4759196702107307,99.40320490529362,False,0.17099999999999999,0.0,rolling
proactive_hpa_bilstm_fixed_cpu,proactive_hpa,1379,957.0,600.4182642035553,594.4127343519276,594.4127343519276,594.4127343519276,594.4127343519276,True,False,60,False,3,950,0.5016025599027195,102.7170397412169,False,0.17099999999999999,0.0,rolling
proactive_hpa_bilstm_fixed_cpu,proactive_hpa,1380,845.0,530.149878006274,617.524277372534,617.524277372534,617.524277372534,617.524277372534,True,False,60,False,3,950,0.4428988120353166,95.63817436927226,False,0.17099999999999999,0.0,rolling
proactive_hpa_bilstm_fixed_cpu,proactive_hpa,1381,802.0,503.17183687696064,595.8720588900769,595.8720588900769,595.8720588900769,595.8720588900769,True,False,60,False,3,950,0.42036076597908156,93.37023465104959,False,0.17099999999999999,0.0,rolling
proactive_hpa_bilstm_fixed_cpu,proactive_hpa,1382,763.0,478.70338096897876,584.0810701581072,584.0810701581072,584.0810701581072,584.0810701581072,True,False,60,False,3,950,0.39991928234668234,91.51302740197204,False,0.17099999999999999,0.0,rolling
proactive_hpa_bilstm_fixed_cpu,proactive_hpa,1383,838.0,525.7581038689439,570.8034469331024,570.8034469331024,570.8034469331024,570.8034469331024,True,False,60,False,3,950,0.4392298277936039,95.2527439706815,False,0.17099999999999999,0.0,rolling
proactive_hpa_bilstm_fixed_cpu,proactive_hpa,1384,838.0,525.7581038689439,587.0574939978724,587.0574939978724,587.0574939978724,587.0574939978724,True,False,60,False,3,950,0.4392298277936039,95.2527439706815,False,0.17099999999999999,0.0,rolling
proactive_hpa_bilstm_fixed_cpu,proactive_hpa,1385,673.0,422.23771348902056,589.1676817112811,589.1676817112811,589.1676817112811,589.1676817112811,True,False,60,False,3,950,0.3527466278103764,87.90061896859773,False,0.17099999999999999,0.0,rolling
proactive_hpa_bilstm_fixed_cpu,proactive_hpa,1386,794.0,498.15266643429766,545.5411125095479,545.5411125095479,545.5411125095479,545.5411125095479,True,False,60,False,3,950,0.4161676411314099,92.9741056979934,False,0.17099999999999999,0.0,rolling
proactive_hpa_bilstm_fixed_cpu,proactive_hpa,1387,861.0,540.1882188915998,567.8554408594441,567.8554408594441,567.8554408594441,567.8554408594441,True,False,60,False,3,950,0.45128506173065985,96.54342316845839,False,0.17099999999999999,0.0,rolling
proactive_hpa_bilstm_fixed_cpu,proactive_hpa,1388,786.0,493.13349599163473,586.7643575156235,586.7643575156235,586.7643575156235,586.7643575156235,True,False,60,False,3,950,0.41197451628373827,92.58587930219605,False,0.17099999999999999,0.0,rolling
proactive_hpa_bilstm_fixed_cpu,proactive_hpa,1389,1001.0,628.0237016382015,570.5105031136745,570.5105031136745,570.5105031136745,570.5105031136745,True,False,60,False,3,950,0.5246647465649136,105.99669607401722,False,0.17099999999999999,0.0,rolling
proactive_hpa_bilstm_fixed_cpu,proactive_hpa,1390,877.0,550.2265597769258,627.7961438432667,627.7961438432667,627.7961438432667,627.7961438432667,True,False,60,False,3,950,0.45967131142600315,97.48294955857577,False,0.17099999999999999,0.0,rolling
proactive_hpa_bilstm_fixed_cpu,proactive_hpa,1391,830.0,520.7389334262809,606.0394539460876,606.0394539460876,606.0394539460876,606.0394539460876,True,False,60,False,3,950,0.4350367029459323,94.82006817851394,False,0.17099999999999999,0.0,rolling
proactive_hpa_bilstm_fixed_cpu,proactive_hpa,1392,538.0,337.5392122690833,594.5998099511808,594.5998099511808,594.5998099511808,594.5998099511808,True,False,60,False,3,950,0.2819876460059175,84.03610774616709,False,0.17099999999999999,0.0,rolling
proactive_hpa_bilstm_fixed_cpu,proactive_hpa,1393,906.0,568.421052631579,514.7237068834024,514.7237068834024,514.7237068834024,514.7237068834024,True,False,60,False,3,950,0.4748713889988128,99.27527209947247,False,0.17099999999999999,0.0,rolling
proactive_hpa_bilstm_fixed_cpu,proactive_hpa,1394,608.0,381.4569536423841,593.985119220576,593.985119220576,593.985119220576,593.985119220576,True,False,60,False,3,950,0.3186774884230444,85.82541221705013,False,0.17099999999999999,0.0,rolling
proactive_hpa_bilstm_fixed_cpu,proactive_hpa,1395,715.0,448.58835831300104,522.3464113987998,522.3464113987998,522.3464113987998,522.3464113987998,True,False,60,False,3,950,0.3747605332606525,89.47401460423367,False,0.17099999999999999,0.0,rolling
proactive_hpa_bilstm_fixed_cpu,proactive_hpa,1396,791.0,496.27047751829906,539.1874779964992,539.1874779964992,539.1874779964992,539.1874779964992,True,False,60,False,3,950,0.41459521931353305,92.8275989952528,False,0.17099999999999999,0.0,rolling
proactive_hpa_bilstm_fixed_cpu,proactive_hpa,1397,724.0,454.2349250609969,557.4066376704168,557.4066376704168,557.4066376704168,557.4066376704168,True,False,60,False,2,950,0.5692166980714247,113.19750157768672,False,0.114,0.0,rolling
proactive_hpa_bilstm_fixed_cpu,proactive_hpa,1398,818.0,513.2101777622865,542.2280585556787,542.2280585556787,542.2280585556787,542.2280585556787,True,False,60,False,2,950,0.6431205235116373,127.87950067969996,False,0.114,0.0,rolling
proactive_hpa_bilstm_fixed_cpu,proactive_hpa,1399,622.0,390.2405019170443,565.7038788052118,565.7038788052118,565.7038788052118,565.7038788052118,True,False,60,False,3,950,0.32601545690646977,86.23716277908309,False,0.17099999999999999,0.0,rolling
proactive_hpa_bilstm_fixed_cpu,proactive_hpa,1400,686.0,430.3938654583479,517.0726038321095,517.0726038321095,517.0726038321095,517.0726038321095,True,False,60,False,3,950,0.35956045568784284,88.3673564734974,False,0.17099999999999999,0.0,rolling
proactive_hpa_bilstm_fixed_cpu,proactive_hpa,1401,810.0,508.19100731962357,525.2732727278462,525.2732727278462,525.2732727278462,525.2732727278462,True,False,60,False,3,950,0.4245538908267532,93.77434578410777,False,0.17099999999999999,0.0,rolling
proactive_hpa_bilstm_fixed_cpu,proactive_hpa,1402,862.0,540.8156151969328,556.3054010680676,556.3054010680676,556.3054010680676,556.3054010680676,True,False,60,False,2,950,0.6777138035049283,136.02882297129034,False,0.114,0.0,rolling
proactive_hpa_bilstm_fixed_cpu,proactive_hpa,1403,722.0,452.98013245033115,577.1973479757535,577.1973479757535,577.1973479757535,577.1973479757535,True,False,60,False,3,950,0.3784295175023652,89.75500546795577,False,0.17099999999999999,0.0,rolling
proactive_hpa_bilstm_fixed_cpu,proactive_hpa,1404,622.0,390.2405019170443,546.3809538294186,546.3809538294186,546.3809538294186,546.3809538294186,True,False,60,False,3,950,0.32601545690646977,86.23716277908309,False,0.17099999999999999,0.0,rolling
proactive_hpa_bilstm_fixed_cpu,proactive_hpa,1405,553.0,346.95015684907634,517.0790098709099,517.0790098709099,517.0790098709099,517.0790098709099,True,False,60,False,3,950,0.28984975509530186,84.38320031230258,False,0.17099999999999999,0.0,rolling
proactive_hpa_bilstm_fixed_cpu,proactive_hpa,1406,730.0,457.9993028929941,490.69530558020506,490.69530558020506,490.69530558020506,490.69530558020506,True,False,60,False,2,950,0.5739339635250552,114.02971265747249,False,0.114,0.0,rolling
proactive_hpa_bilstm_fixed_cpu,proactive_hpa,1407,746.0,468.03764377832,527.1756254230322,527.1756254230322,527.1756254230322,527.1756254230322,True,False,60,False,2,950,0.5865133380680702,116.31668374052376,False,0.114,0.0,rolling
proactive_hpa_bilstm_fixed_cpu,proactive_hpa,1408,1057.0,663.1578947368421,534.9724007972609,534.9724007972609,534.9724007972609,534.9724007972609,True,False,60,False,2,950,0.8310249307479224,183.30341140811026,False,0.114,0.0,rolling
proactive_hpa_bilstm_fixed_cpu,proactive_hpa,1409,1060.0,665.0400836528407,623.392497907912,623.392497907912,623.392497907912,623.392497907912,True,False,60,False,3,950,0.5555890423164919,110.86977899410263,False,0.17099999999999999,0.0,rolling
proactive_hpa_bilstm_fixed_cpu,proactive_hpa,1410,740.0,464.2732659463228,646.502884951592,646.502884951592,646.502884951592,646.502884951592,True,False,60,False,3,950,0.3878640484096264,90.50294481611182,False,0.17099999999999999,0.0,rolling
proactive_hpa_bilstm_fixed_cpu,proactive_hpa,1411,713.0,447.3335657023353,574.4763950367192,574.4763950367192,574.4763950367192,574.4763950367192,True,False,60,False,3,950,0.3737122520487346,89.39473456026111,False,0.17099999999999999,0.0,rolling
proactive_hpa_bilstm_fixed_cpu,proactive_hpa,1412,900.0,564.6566747995818,558.4862478711016,558.4862478711016,558.4862478711016,558.4862478711016,True,False,60,False,3,950,0.47172654536305914,98.89485018396127,False,0.17099999999999999,0.0,rolling
proactive_hpa_bilstm_fixed_cpu,proactive_hpa,1413,805.0,505.05402579295924,601.2429203528782,601.2429203528782,601.2429203528782,601.2429203528782,True,False,60,False,3,950,0.42193318779695843,93.52083663761523,False,0.17099999999999999,0.0,rolling
proactive_hpa_bilstm_fixed_cpu,proactive_hpa,1414,836.0,524.5033112582781,581.5527318744316,581.5527318744316,581.5527318744316,581.5527318744316,True,False,60,False,3,950,0.438181546581686,95.14379621268306,False,0.17099999999999999,0.0,rolling
proactive_hpa_bilstm_fixed_cpu,proactive_hpa,1415,657.0,412.19937260369466,588.8973276076231,588.8973276076231,588.8973276076231,588.8973276076231,True,False,60,False,3,950,0.3443603781150331,87.35041793401406,False,0.17099999999999999,0.0,rolling
proactive_hpa_bilstm_fixed_cpu,proactive_hpa,1416,927.0,581.5963750435692,541.9226879842922,541.9226879842922,541.9226879842922,541.9226879842922,True,False,60,False,3,950,0.4858783417239509,100.64691295696944,False,0.17099999999999999,0.0,rolling
proactive_hpa_bilstm_fixed_cpu,proactive_hpa,1417,891.0,559.0101080515859,604.3290897520919,604.3290897520919,604.3290897520919,604.3290897520919,True,False,60,False,3,950,0.4670092799094285,98.33365423864743,False,0.17099999999999999,0.0,rolling
proactive_hpa_bilstm_fixed_cpu,proactive_hpa,1418,733.0,459.8814918089927,603.3231971633168,603.3231971633168,603.3231971633168,603.3231971633168,True,False,60,False,3,950,0.38419506416791366,90.20769883763982,False,0.17099999999999999,0.0,rolling
proactive_hpa_bilstm_fixed_cpu,proactive_hpa,1419,659.0,413.4541652143604,563.5873573015606,563.5873573015606,563.5873573015606,563.5873573015606,True,False,60,False,3,950,0.34540865932695103,87.41774959009086,False,0.17099999999999999,0.0,rolling
proactive_hpa_bilstm_fixed_cpu,proactive_hpa,1420,625.0,392.1226908330429,536.4196839090937,536.4196839090937,536.4196839090937,536.4196839090937,True,False,60,False,3,950,0.32758787872434664,86.32784709628761,False,0.17099999999999999,0.0,rolling
proactive_hpa_bilstm_fixed_cpu,proactive_hpa,1421,817.0,512.5827814569536,518.566824423724,518.566824423724,518.566824423724,518.566824423724,True,False,60,False,3,950,0.42822287506846585,94.13455350161757,False,0.17099999999999999,0.0,rolling
proactive_hpa_bilstm_fixed_cpu,proactive_hpa,1422,673.0,422.23771348902056,561.5863130762846,561.5863130762846,561.5863130762846,561.5863130762846,True,False,60,False,3,950,0.3527466278103764,87.90061896859773,False,0.17099999999999999,0.0,rolling
proactive_hpa_bilstm_fixed_cpu,proactive_hpa,1423,534.0,335.02962704775183,528.102140929529,528.102140929529,528.102140929529,528.102140929529,True,False,60,False,3,950,0.27989108358208176,83.94675070795171,False,0.17099999999999999,0.0,rolling
proactive_hpa_bilstm_fixed_cpu,proactive_hpa,1424,637.0,399.6514464970373,486.78555078664795,486.78555078664795,486.78555078664795,486.78555078664795,True,False,60,False,3,950,0.33387756599585405,86.69937396948754,False,0.17099999999999999,0.0,rolling
proactive_hpa_bilstm_fixed_cpu,proactive_hpa,1425,667.0,418.47333565702337,501.940576871511,501.940576871511,501.940576871511,501.940576871511,True,False,60,False,2,950,0.524402676261934,105.95775944133979,False,0.114,0.0,rolling
proactive_hpa_bilstm_fixed_cpu,proactive_hpa,1426,727.0,456.1171139769955,508.0616673595355,508.0616673595355,508.0616673595355,508.0616673595355,True,False,60,False,2,950,0.57157533079824,113.61189004806914,False,0.114,0.0,rolling
proactive_hpa_bilstm_fixed_cpu,proactive_hpa,1427,727.0,456.1171139769955,523.7909008997271,523.7909008997271,523.7909008997271,523.7909008997271,True,False,60,False,2,950,0.57157533079824,113.61189004806914,False,0.114,0.0,rolling
proactive_hpa_bilstm_fixed_cpu,proactive_hpa,1428,675.0,423.4925060996863,527.3920339367924,527.3920339367924,527.3920339367924,527.3920339367924,True,False,60,False,2,950,0.5306923635334415,106.90301910958547,False,0.114,0.0,rolling
proactive_hpa_bilstm_fixed_cpu,proactive_hpa,1429,781.0,489.9965144649704,516.5620232734373,516.5620232734373,516.5620232734373,516.5620232734373,True,False,60,False,2,950,0.6140307198809153,121.67185211990386,False,0.114,0.0,rolling
proactive_hpa_bilstm_fixed_cpu,proactive_hpa,1430,694.0,435.4130359010108,544.094431469031,544.094431469031,544.094431469031,544.094431469031,True,False,60,False,2,950,0.5456303708032717,109.23937686973353,False,0.114,0.0,rolling
proactive_hpa_bilstm_fixed_cpu,proactive_hpa,1431,659.0,413.4541652143604,526.7374620022274,526.7374620022274,526.7374620022274,526.7374620022274,True,False,60,False,2,950,0.5181129889904266,105.03490486655667,False,0.114,0.0,rolling
proactive_hpa_bilstm_fixed_cpu,proactive_hpa,1432,585.0,367.02683861972815,515.950848639317,515.950848639317,515.950848639317,515.950848639317,True,False,60,False,2,950,0.4599333817289826,97.51286903222497,False,0.114,0.0,rolling
proactive_hpa_bilstm_fixed_cpu,proactive_hpa,1433,586.0,367.654234925061,493.7025795541931,493.7025795541931,493.7025795541931,493.7025795541931,True,False,60,False,2,950,0.46071959263792106,97.60283222513951,False,0.114,0.0,rolling
proactive_hpa_bilstm_fixed_cpu,proactive_hpa,1434,667.0,418.47333565702337,487.9326411404104,487.9326411404104,487.9326411404104,487.9326411404104,True,False,60,False,2,950,0.524402676261934,105.95775944133979,False,0.114,0.0,rolling
proactive_hpa_bilstm_fixed_cpu,proactive_hpa,1435,777.0,487.4869292436389,504.70601083935844,504.70601083935844,504.70601083935844,504.70601083935844,True,False,60,False,2,950,0.6108858762451616,121.03484128803615,False,0.114,0.0,rolling
proactive_hpa_bilstm_fixed_cpu,proactive_hpa,1436,764.0,479.33077727431163,535.5358191346099,535.5358191346099,535.5358191346099,535.5358191346099,True,False,60,False,2,950,0.600665134428962,119.00944552479064,False,0.114,0.0,rolling
proactive_hpa_bilstm_fixed_cpu,proactive_hpa,1437,821.0,515.0923666782851,539.585615716228,539.585615716228,539.585615716228,539.585615716228,True,False,60,False,2,950,0.6454791562384525,128.4082266122581,False,0.114,0.0,rolling
proactive_hpa_bilstm_fixed_cpu,proactive_hpa,1438,547.0,343.18577901707914,559.5810061860925,559.5810061860925,559.5810061860925,559.5810061860925,True,False,60,False,3,950,0.28670491145954813,84.24207071069273,False,0.17099999999999999,0.0,rolling
proactive_hpa_bilstm_fixed_cpu,proactive_hpa,1439,679.0,426.00209132101776,493.60559790664,493.60559790664,493.60559790664,493.60559790664,True,False,60,False,3,950,0.35589147144613015,88.11381772766481,False,0.17099999999999999,0.0,rolling
