variant,system,tick,actual_request_rate,scaled_demand,predicted_demand,p10,p50,p90,monitored,burst,next_interval_seconds,after_stretched_interval,replicas,cpu_millicores,utilization,response_ms,slo_violation,resource_cost,rolling_overlap_cost,execution_backend
reactive_hpa_fixed_cpu,reactive_hpa,0,839.0,526.3855001742768,566.0967905459192,566.0967905459192,566.0967905459192,566.0967905459192,True,False,60,False,1,950,1.3192619051986887,493.30015780343643,True,0.057,0.0,rolling
reactive_hpa_fixed_cpu,reactive_hpa,1,721.0,452.3527361449983,581.8691564751766,581.8691564751766,581.8691564751766,581.8691564751766,True,False,60,False,2,950,0.5668580653446094,112.78653307518758,False,0.114,0.0,rolling
reactive_hpa_fixed_cpu,reactive_hpa,2,992.0,622.3771348902056,549.5635750534275,549.5635750534275,549.5635750534275,549.5635750534275,True,False,60,False,2,950,0.7799212216669243,165.39348109545472,False,0.114,0.0,rolling
reactive_hpa_fixed_cpu,reactive_hpa,3,948.0,594.7716974555594,620.0786492199059,620.0786492199059,620.0786492199059,620.0786492199059,True,False,60,False,2,950,0.7453279416736334,154.5271843188006,False,0.114,0.0,rolling
reactive_hpa_fixed_cpu,reactive_hpa,4,1047.0,656.8839316835134,618.175766701962,618.175766701962,618.175766701962,618.175766701962,True,False,60,False,3,950,0.5487752144390254,109.74787647750283,False,0.17099999999999999,0.0,rolling
reactive_hpa_fixed_cpu,reactive_hpa,5,1145.0,718.3687696061346,652.9114765343493,652.9114765343493,652.9114765343493,652.9114765343493,True,False,60,False,3,950,0.600140993823003,118.90741564057593,False,0.17099999999999999,0.0,rolling
reactive_hpa_fixed_cpu,reactive_hpa,6,904.0,567.1662600209132,692.846963244433,692.846963244433,692.846963244433,692.846963244433,True,False,60,False,3,950,0.4738231077868949,99.14790287338027,False,0.17099999999999999,0.0,rolling
reactive_hpa_fixed_cpu,reactive_hpa,7,1008.0,632.4154757755316,635.8331697553622,635.8331697553622,635.8331697553622,635.8331697553622,True,False,60,False,3,950,0.5283337308066263,106.54590407925234,False,0.17099999999999999,0.0,rolling
reactive_hpa_fixed_cpu,reactive_hpa,8,965.0,605.4374346462182,662.1028417388497,662.1028417388497,662.1028417388497,662.1028417388497,True,False,60,False,3,950,0.5057956847503912,103.291521772798,False,0.17099999999999999,0.0,rolling
reactive_hpa_fixed_cpu,reactive_hpa,9,1099.0,689.5085395608226,652.690155118652,652.690155118652,652.690155118652,652.690155118652,True,False,60,False,3,950,0.576030525948891,114.40400496954103,False,0.17099999999999999,0.0,rolling
reactive_hpa_fixed_cpu,reactive_hpa,10,931.0,584.1059602649007,692.1408540052335,692.1408540052335,692.1408540052335,692.1408540052335,True,False,60,False,3,950,0.48797490414778666,100.9153418555826,False,0.17099999999999999,0.0,rolling
reactive_hpa_fixed_cpu,reactive_hpa,11,1011.0,634.2976646915301,650.4107131169385,650.4107131169385,650.4107131169385,650.4107131169385,True,False,60,False,3,950,0.529906152624503,106.78362718750941,False,0.17099999999999999,0.0,rolling
reactive_hpa_fixed_cpu,reactive_hpa,12,1169.0,733.4262809341234,669.9858818912098,669.9858818912098,669.9858818912098,669.9858818912098,True,False,60,False,3,950,0.6127203683660178,121.40563581407896,False,0.17099999999999999,0.0,rolling
reactive_hpa_fixed_cpu,reactive_hpa,13,1013.0,635.5524573021959,717.6409825156861,717.6409825156861,717.6409825156861,717.6409825156861,True,False,60,False,3,950,0.5309544338364209,106.94289511956772,False,0.17099999999999999,0.0,rolling
reactive_hpa_fixed_cpu,reactive_hpa,14,842.0,528.2676890902753,681.4631914676347,681.4631914676347,681.4631914676347,681.4631914676347,True,False,60,False,3,950,0.4413263902174397,95.47220457122366,False,0.17099999999999999,0.0,rolling
reactive_hpa_fixed_cpu,reactive_hpa,15,1180.0,740.327640292785,630.3795114452087,630.3795114452087,630.3795114452087,630.3795114452087,True,False,60,False,3,950,0.6184859150315664,122.58551918718003,False,0.17099999999999999,0.0,rolling
reactive_hpa_fixed_cpu,reactive_hpa,16,1164.0,730.2892994074591,717.5118020941627,717.5118020941627,717.5118020941627,717.5118020941627,True,False,60,False,3,950,0.6100996653362232,120.8766094268361,False,0.17099999999999999,0.0,rolling
reactive_hpa_fixed_cpu,reactive_hpa,17,1061.0,665.6674799581735,724.3028775424373,724.3028775424373,724.3028775424373,724.3028775424373,True,False,60,False,3,950,0.5561131829224507,110.9572287410416,False,0.17099999999999999,0.0,rolling
reactive_hpa_fixed_cpu,reactive_hpa,18,1163.0,729.6619031021262,701.7428318471266,701.7428318471266,701.7428318471266,701.7428318471266,True,False,60,False,3,950,0.6095755247302641,120.77134782343066,False,0.17099999999999999,0.0,rolling
reactive_hpa_fixed_cpu,reactive_hpa,19,1290.0,809.3412338794005,732.6167117626965,732.6167117626965,732.6167117626965,732.6167117626965,True,False,60,False,3,950,0.6761413816870514,135.63973531763736,False,0.17099999999999999,0.0,rolling
reactive_hpa_fixed_cpu,reactive_hpa,20,974.0,611.084001394214,777.1678698427158,777.1678698427158,777.1678698427158,777.1678698427158,True,False,60,False,3,950,0.5105129502040218,103.94929839492254,False,0.17099999999999999,0.0,rolling
reactive_hpa_fixed_cpu,reactive_hpa,21,1143.0,717.1139769954689,695.0557461565213,695.0557461565213,695.0557461565213,695.0557461565213,True,False,60,False,3,950,0.5990927126110851,118.70388990437313,False,0.17099999999999999,0.0,rolling
reactive_hpa_fixed_cpu,reactive_hpa,22,925.0,580.3415824329035,735.7583198886714,735.7583198886714,735.7583198886714,735.7583198886714,True,False,60,False,3,950,0.484830060512033,100.5135640939684,False,0.17099999999999999,0.0,rolling
reactive_hpa_fixed_cpu,reactive_hpa,23,805.0,505.05402579295924,672.9651234247331,672.9651234247331,672.9651234247331,672.9651234247331,True,False,60,False,3,950,0.42193318779695843,93.52083663761523,False,0.17099999999999999,0.0,rolling
reactive_hpa_fixed_cpu,reactive_hpa,24,778.0,488.1143255489718,627.3076472604589,627.3076472604589,627.3076472604589,627.3076472604589,True,False,60,False,3,950,0.4077813914360667,92.20547584091437,False,0.17099999999999999,0.0,rolling
reactive_hpa_fixed_cpu,reactive_hpa,25,767.0,481.2129661903102,603.8256618006517,603.8256618006517,603.8256618006517,603.8256618006517,True,False,60,False,3,950,0.40201584477051816,91.69504820677932,False,0.17099999999999999,0.0,rolling
reactive_hpa_fixed_cpu,reactive_hpa,26,673.0,422.23771348902056,585.3992450969745,585.3992450969745,585.3992450969745,585.3992450969745,True,False,60,False,3,950,0.3527466278103764,87.90061896859773,False,0.17099999999999999,0.0,rolling
reactive_hpa_fixed_cpu,reactive_hpa,27,746.0,468.03764377832,547.1876330612135,547.1876330612135,547.1876330612135,547.1876330612135,True,False,60,False,2,950,0.5865133380680702,116.31668374052376,False,0.114,0.0,rolling
reactive_hpa_fixed_cpu,reactive_hpa,28,670.0,420.35552457302197,553.1132671172686,553.1132671172686,553.1132671172686,553.1132671172686,True,False,60,False,2,950,0.5267613089887493,106.30959178647565,False,0.114,0.0,rolling
reactive_hpa_fixed_cpu,reactive_hpa,29,702.0,440.4322063436738,525.4366989658138,525.4366989658138,525.4366989658138,525.4366989658138,True,False,60,False,2,950,0.5519200580747792,110.26223768768476,False,0.114,0.0,rolling
reactive_hpa_fixed_cpu,reactive_hpa,30,635.0,398.39665388637155,524.8074140265135,524.8074140265135,524.8074140265135,524.8074140265135,True,False,60,False,2,950,0.4992439271759042,102.39808443540112,False,0.114,0.0,rolling
reactive_hpa_fixed_cpu,reactive_hpa,31,779.0,488.74172185430467,502.50129792936514,502.50129792936514,502.50129792936514,502.50129792936514,True,False,60,False,2,950,0.6124582980630384,121.35252897684259,False,0.114,0.0,rolling
reactive_hpa_fixed_cpu,reactive_hpa,32,671.0,420.98292087835483,534.9000077422461,534.9000077422461,534.9000077422461,534.9000077422461,True,False,60,False,2,950,0.5275475198976878,106.42757184335741,False,0.114,0.0,rolling
reactive_hpa_fixed_cpu,reactive_hpa,33,650.0,407.8075984663646,508.87039363380427,508.87039363380427,508.87039363380427,508.87039363380427,True,False,60,False,2,950,0.5110370908099807,104.02313996189983,False,0.114,0.0,rolling
reactive_hpa_fixed_cpu,reactive_hpa,34,821.0,515.0923666782851,500.50225258085766,500.50225258085766,500.50225258085766,500.50225258085766,True,False,60,False,2,950,0.6454791562384525,128.4082266122581,False,0.114,0.0,rolling
reactive_hpa_fixed_cpu,reactive_hpa,35,626.0,392.75008713837576,544.4207541222081,544.4207541222081,544.4207541222081,544.4207541222081,True,False,60,False,2,950,0.49216802899545836,101.45915917820344,False,0.114,0.0,rolling
reactive_hpa_fixed_cpu,reactive_hpa,36,608.0,381.4569536423841,498.13982106897083,498.13982106897083,498.13982106897083,498.13982106897083,True,False,60,False,2,950,0.47801623263456655,99.66076623254419,False,0.114,0.0,rolling
reactive_hpa_fixed_cpu,reactive_hpa,37,366.0,229.6270477518299,488.2766406074202,488.2766406074202,488.2766406074202,488.2766406074202,True,False,60,False,2,950,0.28775319267146604,84.2887719896057,False,0.114,0.0,rolling
reactive_hpa_fixed_cpu,reactive_hpa,38,379.0,237.7831997211572,419.62442325780967,419.62442325780967,419.62442325780967,419.62442325780967,True,False,60,False,2,950,0.2979739344876656,84.76219671957865,False,0.114,0.0,rolling
reactive_hpa_fixed_cpu,reactive_hpa,39,421.0,264.13384454513766,405.369036215905,405.369036215905,405.369036215905,405.369036215905,True,False,60,False,2,950,0.3309947926630798,86.52733630348499,False,0.114,0.0,rolling
reactive_hpa_fixed_cpu,reactive_hpa,40,601.0,377.06517950505406,403.14036086754186,403.14036086754186,403.14036086754186,403.14036086754186,True,False,60,False,2,950,0.47251275627199757,98.9894819794421,False,0.114,0.0,rolling
reactive_hpa_fixed_cpu,reactive_hpa,41,665.0,417.21854304635764,443.0609643746984,443.0609643746984,443.0609643746984,443.0609643746984,True,False,60,False,2,950,0.5228302544440572,105.72495581727088,False,0.114,0.0,rolling
reactive_hpa_fixed_cpu,reactive_hpa,42,709.0,444.82398048100384,464.93724971805295,464.93724971805295,464.93724971805295,464.93724971805295,True,False,60,False,2,950,0.5574235344373482,111.17657532127127,False,0.114,0.0,rolling
reactive_hpa_fixed_cpu,reactive_hpa,43,622.0,390.2405019170443,484.98711560057336,484.98711560057336,484.98711560057336,484.98711560057336,True,False,60,False,2,950,0.4890231853597046,101.05042437940546,False,0.114,0.0,rolling
reactive_hpa_fixed_cpu,reactive_hpa,44,595.0,373.3008016730568,470.3756876653424,470.3756876653424,470.3756876653424,470.3756876653424,True,False,60,False,2,950,0.4677954908183669,98.42640442196411,False,0.114,0.0,rolling
reactive_hpa_fixed_cpu,reactive_hpa,45,776.0,486.859532938306,464.6423311047092,464.6423311047092,464.6423311047092,464.6423311047092,True,False,60,False,2,950,0.6100996653362231,120.8766094268361,False,0.114,0.0,rolling
reactive_hpa_fixed_cpu,reactive_hpa,46,782.0,490.62391077030327,513.8288121624128,513.8288121624128,513.8288121624128,513.8288121624128,True,False,60,False,2,950,0.6148169307898537,121.83212829892241,False,0.114,0.0,rolling
reactive_hpa_fixed_cpu,reactive_hpa,47,777.0,487.4869292436389,525.7278606541468,525.7278606541468,525.7278606541468,525.7278606541468,True,False,60,False,2,950,0.6108858762451616,121.03484128803615,False,0.114,0.0,rolling
reactive_hpa_fixed_cpu,reactive_hpa,48,654.0,410.31718368769606,533.3958890981994,533.3958890981994,533.3958890981994,533.3958890981994,True,False,60,False,2,950,0.5141819344457345,104.46937893888517,False,0.114,0.0,rolling
reactive_hpa_fixed_cpu,reactive_hpa,49,775.0,486.23213663297315,506.01098837498284,506.01098837498284,506.01098837498284,506.01098837498284,True,False,60,False,2,950,0.6093134544272847,120.71878485462891,False,0.114,0.0,rolling
reactive_hpa_fixed_cpu,reactive_hpa,50,1009.0,633.0428720808644,536.6832466483093,536.6832466483093,536.6832466483093,536.6832466483093,True,False,60,False,2,950,0.7932868071188777,169.85933500865139,False,0.114,0.0,rolling
reactive_hpa_fixed_cpu,reactive_hpa,51,884.0,554.6183339142558,607.4942027422367,607.4942027422367,607.4942027422367,607.4942027422367,True,False,60,False,2,950,0.6950104435015737,140.42915155600068,False,0.114,0.0,rolling
reactive_hpa_fixed_cpu,reactive_hpa,52,613.0,384.59393516904845,588.3712617747078,588.3712617747078,588.3712617747078,588.3712617747078,True,False,60,False,3,950,0.32129819145283917,85.97031640840915,False,0.17099999999999999,0.0,rolling
reactive_hpa_fixed_cpu,reactive_hpa,53,1001.0,628.0237016382015,518.9312702326192,518.9312702326192,518.9312702326192,518.9312702326192,True,False,60,False,3,950,0.5246647465649136,105.99669607401722,False,0.17099999999999999,0.0,rolling
reactive_hpa_fixed_cpu,reactive_hpa,54,728.0,456.74451028232835,616.3858809285721,616.3858809285721,616.3858809285721,616.3858809285721,True,False,60,False,3,950,0.38157436113811893,90.00023169789392,False,0.17099999999999999,0.0,rolling
reactive_hpa_fixed_cpu,reactive_hpa,55,694.0,435.4130359010108,552.1217038258101,552.1217038258101,552.1217038258101,552.1217038258101,True,False,60,False,3,950,0.36375358053551443,88.66351907251364,False,0.17099999999999999,0.0,rolling
reactive_hpa_fixed_cpu,reactive_hpa,56,814.0,510.70059254095503,536.8797868086472,536.8797868086472,536.8797868086472,536.8797868086472,True,False,60,False,3,950,0.426650453250589,93.97941955024483,False,0.17099999999999999,0.0,rolling
reactive_hpa_fixed_cpu,reactive_hpa,57,973.0,610.4566050888811,563.2845395125532,563.2845395125532,563.2845395125532,563.2845395125532,True,False,60,False,3,950,0.5099888095980628,103.87560829777306,False,0.17099999999999999,0.0,rolling
reactive_hpa_fixed_cpu,reactive_hpa,58,816.0,511.95538515162076,610.308332238108,610.308332238108,610.308332238108,610.308332238108,True,False,60,False,2,950,0.6415481016937603,127.52916426434645,False,0.114,0.0,rolling
reactive_hpa_fixed_cpu,reactive_hpa,59,805.0,505.05402579295924,576.6632384700588,576.6632384700588,576.6632384700588,576.6632384700588,True,False,60,False,3,950,0.42193318779695843,93.52083663761523,False,0.17099999999999999,0.0,rolling
reactive_hpa_fixed_cpu,reactive_hpa,60,571.0,358.243290345068,572.827610696906,572.827610696906,572.827610696906,572.827610696906,True,False,60,False,3,950,0.29928428600256307,84.82529921766984,False,0.17099999999999999,0.0,rolling
reactive_hpa_fixed_cpu,reactive_hpa,61,580.0,363.88985709306377,506.37661424365706,506.37661424365706,506.37661424365706,506.37661424365706,True,False,60,False,3,950,0.3040015514561936,85.05708094525795,False,0.17099999999999999,0.0,rolling
reactive_hpa_fixed_cpu,reactive_hpa,62,796.0,499.4074590449634,493.7971529164829,493.7971529164829,493.7971529164829,493.7971529164829,True,False,60,False,2,950,0.6258238835149917,124.11932961922221,False,0.114,0.0,rolling
reactive_hpa_fixed_cpu,reactive_hpa,63,710.0,445.4513767863367,542.3064723238517,542.3064723238517,542.3064723238517,542.3064723238517,True,False,60,False,2,950,0.5582097453462866,111.30867927866556,False,0.114,0.0,rolling
reactive_hpa_fixed_cpu,reactive_hpa,64,836.0,524.5033112582781,521.8470775323071,521.8470775323071,521.8470775323071,521.8470775323071,True,False,60,False,2,950,0.657272319872529,131.1103122178053,False,0.114,0.0,rolling
reactive_hpa_fixed_cpu,reactive_hpa,65,604.0,378.94736842105266,555.985532619396,555.985532619396,555.985532619396,555.985532619396,True,False,60,False,2,950,0.47487138899881287,99.27527209947249,False,0.114,0.0,rolling
reactive_hpa_fixed_cpu,reactive_hpa,66,681.0,427.25688393168355,498.7418683019432,498.7418683019432,498.7418683019432,498.7418683019432,True,False,60,False,2,950,0.5354096289870721,107.62682885929503,False,0.114,0.0,rolling
reactive_hpa_fixed_cpu,reactive_hpa,67,836.0,524.5033112582781,511.0939634174092,511.0939634174092,511.0939634174092,511.0939634174092,True,False,60,False,2,950,0.657272319872529,131.1103122178053,False,0.114,0.0,rolling
reactive_hpa_fixed_cpu,reactive_hpa,68,625.0,392.1226908330429,551.2443414215372,551.2443414215372,551.2443414215372,551.2443414215372,True,False,60,False,2,950,0.49138181808651993,101.35648394997068,False,0.114,0.0,rolling
reactive_hpa_fixed_cpu,reactive_hpa,69,601.0,377.06517950505406,500.53011644135404,500.53011644135404,500.53011644135404,500.53011644135404,True,False,60,False,2,950,0.47251275627199757,98.9894819794421,False,0.114,0.0,rolling
reactive_hpa_fixed_cpu,reactive_hpa,70,519.0,325.6186824677588,488.00635875232,488.00635875232,488.00635875232,488.00635875232,True,False,60,False,2,950,0.4080434617390461,92.22902337624367,False,0.114,0.0,rolling
reactive_hpa_fixed_cpu,reactive_hpa,71,493.0,309.3063785291042,460.5117365525075,460.5117365525075,460.5117365525075,460.5117365525075,True,False,60,False,2,950,0.38760197810664687,90.48166944483458,False,0.114,0.0,rolling
reactive_hpa_fixed_cpu,reactive_hpa,72,733.0,459.8814918089927,444.4965673030042,444.4965673030042,444.4965673030042,444.4965673030042,True,False,60,False,2,950,0.5762925962518706,114.45098357703444,False,0.114,0.0,rolling
reactive_hpa_fixed_cpu,reactive_hpa,73,593.0,372.0460090623911,499.6758735756089,499.6758735756089,499.6758735756089,499.6758735756089,True,False,60,False,2,950,0.4662230690004901,98.24121582035879,False,0.114,0.0,rolling
reactive_hpa_fixed_cpu,reactive_hpa,74,569.0,356.98849773440224,468.8141795834713,468.8141795834713,468.8141795834713,468.8141795834713,True,False,60,False,2,950,0.44735400718596774,96.11485866177313,False,0.114,0.0,rolling
reactive_hpa_fixed_cpu,reactive_hpa,75,764.0,479.33077727431163,460.1175243377579,460.1175243377579,460.1175243377579,460.1175243377579,True,False,60,False,2,950,0.600665134428962,119.00944552479064,False,0.114,0.0,rolling
reactive_hpa_fixed_cpu,reactive_hpa,76,531.0,333.14743813175323,510.40858951432665,510.40858951432665,510.40858951432665,510.40858951432665,True,False,60,False,2,950,0.4174779926463073,93.09704334626976,False,0.114,0.0,rolling
reactive_hpa_fixed_cpu,reactive_hpa,77,808.0,506.93621470895783,456.30436586611177,456.30436586611177,456.30436586611177,456.30436586611177,True,False,60,False,2,950,0.635258414422253,126.14490794521001,False,0.114,0.0,rolling
reactive_hpa_fixed_cpu,reactive_hpa,78,684.0,429.13907284768214,524.9514776509641,524.9514776509641,524.9514776509641,524.9514776509641,True,False,60,False,2,950,0.5377682617138874,107.9935519209467,False,0.114,0.0,rolling
reactive_hpa_fixed_cpu,reactive_hpa,79,625.0,392.1226908330429,501.84992901420037,501.84992901420037,501.84992901420037,501.84992901420037,True,False,60,False,2,950,0.49138181808651993,101.35648394997068,False,0.114,0.0,rolling
reactive_hpa_fixed_cpu,reactive_hpa,80,762.0,478.0759846636459,487.67726657109006,487.67726657109006,487.67726657109006,487.67726657109006,True,False,60,False,2,950,0.5990927126110851,118.70388990437313,False,0.114,0.0,rolling
reactive_hpa_fixed_cpu,reactive_hpa,81,567.0,355.7337051237365,523.079252604422,523.079252604422,523.079252604422,523.079252604422,True,False,60,False,2,950,0.44578158536809087,95.94552703832775,False,0.114,0.0,rolling
reactive_hpa_fixed_cpu,reactive_hpa,82,883.0,553.990937608923,476.1978617864861,476.1978617864861,476.1978617864861,476.1978617864861,True,False,60,False,2,950,0.6942242325926353,140.2243071491107,False,0.114,0.0,rolling
reactive_hpa_fixed_cpu,reactive_hpa,83,853.0,535.1690484489369,556.0765176366435,556.0765176366435,556.0765176366435,556.0765176366435,True,False,60,False,2,950,0.6706379053244823,134.29211934962544,False,0.114,0.0,rolling
reactive_hpa_fixed_cpu,reactive_hpa,84,830.0,520.7389334262809,560.5922692510048,560.5922692510048,560.5922692510048,560.5922692510048,True,False,60,False,2,950,0.6525550544188984,130.0177301024845,False,0.114,0.0,rolling
reactive_hpa_fixed_cpu,reactive_hpa,85,794.0,498.15266643429766,562.8880153439509,562.8880153439509,562.8880153439509,562.8880153439509,True,False,60,False,2,950,0.6242514616971149,123.78760673072772,False,0.114,0.0,rolling
reactive_hpa_fixed_cpu,reactive_hpa,86,651.0,408.43499477169746,557.5341804579612,557.5341804579612,557.5341804579612,557.5341804579612,True,False,60,False,2,950,0.5118233017189191,104.13418665847797,False,0.114,0.0,rolling
reactive_hpa_fixed_cpu,reactive_hpa,87,977.0,612.9661903102126,520.0405023420426,520.0405023420426,520.0405023420426,520.0405023420426,True,False,60,False,2,950,0.7681280580328479,161.578063679943,False,0.114,0.0,rolling
reactive_hpa_fixed_cpu,reactive_hpa,88,868.0,544.57999302893,603.7475851924155,603.7475851924155,603.7475851924155,603.7475851924155,True,False,60,False,2,950,0.6824310689585589,137.2069609682441,False,0.114,0.0,rolling
reactive_hpa_fixed_cpu,reactive_hpa,89,694.0,435.4130359010108,585.6317409562935,585.6317409562935,585.6317409562935,585.6317409562935,True,False,60,False,3,950,0.36375358053551443,88.66351907251364,False,0.17099999999999999,0.0,rolling
reactive_hpa_fixed_cpu,reactive_hpa,90,767.0,481.2129661903102,541.3260593931623,541.3260593931623,541.3260593931623,541.3260593931623,True,False,60,False,3,950,0.40201584477051816,91.69504820677932,False,0.17099999999999999,0.0,rolling
reactive_hpa_fixed_cpu,reactive_hpa,91,844.0,529.5224817009411,553.9980470401524,553.9980470401524,553.9980470401524,553.9980470401524,True,False,60,False,3,950,0.4423746714293576,95.58271990197811,False,0.17099999999999999,0.0,rolling
reactive_hpa_fixed_cpu,reactive_hpa,92,771.0,483.7225514116417,574.2205869760514,574.2205869760514,574.2205869760514,574.2205869760514,True,False,60,False,2,950,0.606168610791531,120.0915489585897,False,0.114,0.0,rolling
reactive_hpa_fixed_cpu,reactive_hpa,93,570.0,357.6158940397351,556.22164090661,556.22164090661,556.22164090661,556.22164090661,True,False,60,False,2,950,0.4481402180949062,96.19997217647379,False,0.114,0.0,rolling
reactive_hpa_fixed_cpu,reactive_hpa,94,593.0,372.0460090623911,499.28127603521716,499.28127603521716,499.28127603521716,499.28127603521716,True,False,60,False,2,950,0.4662230690004901,98.24121582035879,False,0.114,0.0,rolling
reactive_hpa_fixed_cpu,reactive_hpa,95,430.0,269.7804112931335,492.2190035834424,492.2190035834424,492.2190035834424,492.2190035834424,True,False,60,False,2,950,0.3380706908435257,86.95496691470467,False,0.114,0.0,rolling
reactive_hpa_fixed_cpu,reactive_hpa,96,437.0,274.17218543046357,440.361806417297,440.361806417297,440.361806417297,440.361806417297,True,False,60,False,2,950,0.3435741672060947,87.30018746189468,False,0.114,0.0,rolling
reactive_hpa_fixed_cpu,reactive_hpa,97,516.0,323.7364935517602,426.62735556069674,426.62735556069674,426.62735556069674,426.62735556069674,True,False,60,False,2,950,0.4056848290122308,92.01818282860967,False,0.114,0.0,rolling
reactive_hpa_fixed_cpu,reactive_hpa,98,523.0,328.1282676890903,434.8131412535063,434.8131412535063,434.8131412535063,434.8131412535063,True,False,60,False,2,950,0.4111883053747999,92.51396016635024,False,0.114,0.0,rolling
reactive_hpa_fixed_cpu,reactive_hpa,99,450.0,282.3283373997909,432.4296613284182,432.4296613284182,432.4296613284182,432.4296613284182,True,False,60,False,2,950,0.3537949090222943,87.97126492135865,False,0.114,0.0,rolling
reactive_hpa_fixed_cpu,reactive_hpa,100,726.0,455.4897176716626,411.59825871225166,411.59825871225166,411.59825871225166,411.59825871225166,True,False,60,False,2,950,0.5707891198893015,113.47337968674859,False,0.114,0.0,rolling
reactive_hpa_fixed_cpu,reactive_hpa,101,653.0,409.6897873823632,479.49492472620705,479.49492472620705,479.49492472620705,479.49492472620705,True,False,60,False,2,950,0.513395723536796,104.3573056221137,False,0.114,0.0,rolling
reactive_hpa_fixed_cpu,reactive_hpa,102,618.0,387.7309166957128,470.96003400162954,470.96003400162954,470.96003400162954,470.96003400162954,True,False,60,False,2,950,0.48587834172395084,100.64691295696943,False,0.114,0.0,rolling
reactive_hpa_fixed_cpu,reactive_hpa,103,755.0,473.6842105263158,466.8454786292814,466.8454786292814,466.8454786292814,466.8454786292814,True,False,60,False,2,950,0.593589236248516,117.64701581928219,False,0.114,0.0,rolling
reactive_hpa_fixed_cpu,reactive_hpa,104,729.0,457.3719065876612,506.63976757437786,506.63976757437786,506.63976757437786,506.63976757437786,True,False,60,False,2,950,0.5731477526161168,113.89005600857413,False,0.114,0.0,rolling
reactive_hpa_fixed_cpu,reactive_hpa,105,672.0,421.6103171836877,508.9844259410215,508.9844259410215,508.9844259410215,508.9844259410215,True,False,60,False,2,950,0.5283337308066262,106.54590407925232,False,0.114,0.0,rolling
reactive_hpa_fixed_cpu,reactive_hpa,106,540.0,338.794004879749,499.6907808613887,499.6907808613887,499.6907808613887,499.6907808613887,True,False,60,False,2,950,0.42455389082675316,93.77434578410777,False,0.114,0.0,rolling
reactive_hpa_fixed_cpu,reactive_hpa,107,662.0,415.33635413035904,465.55851506742647,465.55851506742647,465.55851506742647,465.55851506742647,True,False,60,False,2,950,0.5204716217172419,105.37836679306106,False,0.114,0.0,rolling
reactive_hpa_fixed_cpu,reactive_hpa,108,707.0,443.5691878703381,491.14847261820023,491.14847261820023,491.14847261820023,491.14847261820023,True,False,60,False,2,950,0.5558511126194713,110.91348325235748,False,0.114,0.0,rolling
reactive_hpa_fixed_cpu,reactive_hpa,109,708.0,444.196584175671,504.6120636312371,504.6120636312371,504.6120636312371,504.6120636312371,True,False,60,False,2,950,0.5566373235284098,111.04484348745424,False,0.114,0.0,rolling
reactive_hpa_fixed_cpu,reactive_hpa,110,638.0,400.27884280237015,508.7310261656171,508.7310261656171,508.7310261656171,508.7310261656171,True,False,60,False,2,950,0.5016025599027195,102.7170397412169,False,0.114,0.0,rolling
reactive_hpa_fixed_cpu,reactive_hpa,111,561.0,351.96932729173926,491.9976099191872,491.9976099191872,491.9976099191872,491.9976099191872,True,False,60,False,2,950,0.4410643199144602,95.44465762593875,False,0.114,0.0,rolling
reactive_hpa_fixed_cpu,reactive_hpa,112,756.0,474.31160683164865,469.3400768364181,469.3400768364181,469.3400768364181,469.3400768364181,True,False,60,False,2,950,0.5943754471574545,117.7968048315917,False,0.114,0.0,rolling
reactive_hpa_fixed_cpu,reactive_hpa,113,852.0,534.5416521436041,516.1713512380247,516.1713512380247,516.1713512380247,516.1713512380247,True,False,60,False,2,950,0.6698516944155439,134.1013977935341,False,0.114,0.0,rolling
reactive_hpa_fixed_cpu,reactive_hpa,114,733.0,459.8814918089927,549.0970179493684,549.0970179493684,549.0970179493684,549.0970179493684,True,False,60,False,2,950,0.5762925962518706,114.45098357703444,False,0.114,0.0,rolling
reactive_hpa_fixed_cpu,reactive_hpa,115,925.0,580.3415824329035,526.6190466158309,526.6190466158309,526.6190466158309,526.6190466158309,True,False,60,False,2,950,0.7272450907680494,149.23327881714337,False,0.114,0.0,rolling
reactive_hpa_fixed_cpu,reactive_hpa,116,877.0,550.2265597769258,582.3731864979327,582.3731864979327,582.3731864979327,582.3731864979327,True,False,60,False,2,950,0.6895069671390047,139.0049547601932,False,0.114,0.0,rolling
reactive_hpa_fixed_cpu,reactive_hpa,117,580.0,363.88985709306377,581.2914570062162,581.2914570062162,581.2914570062162,581.2914570062162,True,False,60,False,3,950,0.3040015514561936,85.05708094525795,False,0.17099999999999999,0.0,rolling
reactive_hpa_fixed_cpu,reactive_hpa,118,755.0,473.6842105263158,505.7836944118326,505.7836944118326,505.7836944118326,505.7836944118326,True,False,60,False,3,950,0.3957261574990107,91.15467135386139,False,0.17099999999999999,0.0,rolling
reactive_hpa_fixed_cpu,reactive_hpa,119,685.0,429.766469153015,540.9061507746533,540.9061507746533,540.9061507746533,540.9061507746533,True,False,60,False,3,950,0.3590363150818839,88.33081785066518,False,0.17099999999999999,0.0,rolling
reactive_hpa_fixed_cpu,reactive_hpa,120,842.0,528.2676890902753,521.4462666159361,521.4462666159361,521.4462666159361,521.4462666159361,True,False,60,False,2,950,0.6619895853261596,132.21869042787986,False,0.114,0.0,rolling
reactive_hpa_fixed_cpu,reactive_hpa,121,730.0,457.9993028929941,561.3162479668581,561.3162479668581,561.3162479668581,561.3162479668581,True,False,60,False,2,950,0.5739339635250552,114.02971265747249,False,0.114,0.0,rolling
reactive_hpa_fixed_cpu,reactive_hpa,122,699.0,438.55001742767513,536.4315808382944,536.4315808382944,536.4315808382944,536.4315808382944,True,False,60,False,2,950,0.5495614253479638,109.87591594267974,False,0.114,0.0,rolling
reactive_hpa_fixed_cpu,reactive_hpa,123,389.0,244.0571627744859,525.9245693944531,525.9245693944531,525.9245693944531,525.9245693944531,True,False,60,False,2,950,0.30583604357705,85.14918512038575,False,0.114,0.0,rolling
reactive_hpa_fixed_cpu,reactive_hpa,124,559.0,350.71453468107353,439.9128538785126,439.9128538785126,439.9128538785126,439.9128538785126,True,False,60,False,2,950,0.43949189809658334,95.28006231160614,False,0.114,0.0,rolling
reactive_hpa_fixed_cpu,reactive_hpa,125,667.0,418.47333565702337,463.95409134216334,463.95409134216334,463.95409134216334,463.95409134216334,True,False,60,False,2,950,0.524402676261934,105.95775944133979,False,0.114,0.0,rolling
reactive_hpa_fixed_cpu,reactive_hpa,126,394.0,247.19414430115023,486.17189561870646,486.17189561870646,486.17189561870646,486.17189561870646,True,False,60,False,2,950,0.30976709812174213,85.35030286798157,False,0.114,0.0,rolling
reactive_hpa_fixed_cpu,reactive_hpa,127,485.0,304.2872080864413,415.9796280089208,415.9796280089208,415.9796280089208,415.9796280089208,True,False,60,False,2,950,0.38131229083513946,89.97964097334865,False,0.114,0.0,rolling
reactive_hpa_fixed_cpu,reactive_hpa,128,470.0,294.87626350644825,426.64414130898194,426.64414130898194,426.64414130898194,426.64414130898194,True,False,60,False,2,950,0.369519127201063,89.08203717893245,False,0.114,0.0,rolling
reactive_hpa_fixed_cpu,reactive_hpa,129,463.0,290.4844893691182,417.3488585953701,417.3488585953701,417.3488585953701,417.3488585953701,True,False,60,False,2,950,0.36401565083849396,88.68225775183625,False,0.114,0.0,rolling
reactive_hpa_fixed_cpu,reactive_hpa,130,582.0,365.14464970372956,411.0902791016638,411.0902791016638,411.0902791016638,411.0902791016638,True,False,60,False,2,950,0.4575747490021674,97.24481960194649,False,0.114,0.0,rolling
reactive_hpa_fixed_cpu,reactive_hpa,131,733.0,459.8814918089927,438.29602748414345,438.29602748414345,438.29602748414345,438.29602748414345,True,False,60,False,2,950,0.5762925962518706,114.45098357703444,False,0.114,0.0,rolling
reactive_hpa_fixed_cpu,reactive_hpa,132,638.0,400.27884280237015,483.2021427291206,483.2021427291206,483.2021427291206,483.2021427291206,True,False,60,False,2,950,0.5016025599027195,102.7170397412169,False,0.114,0.0,rolling
reactive_hpa_fixed_cpu,reactive_hpa,133,526.0,330.0104566050889,469.5640955316103,469.5640955316103,469.5640955316103,469.5640955316103,True,False,60,False,2,950,0.4135469381016152,92.73054317386932,False,0.114,0.0,rolling
reactive_hpa_fixed_cpu,reactive_hpa,134,700.0,439.17741373300805,444.6966717255318,444.6966717255318,444.6966717255318,444.6966717255318,True,False,60,False,2,950,0.5503476362569023,110.00432228286442,False,0.114,0.0,rolling
reactive_hpa_fixed_cpu,reactive_hpa,135,642.0,402.78842802370167,487.96180547494896,487.96180547494896,487.96180547494896,487.96180547494896,True,False,60,False,2,950,0.5047474035384732,103.14700395391046,False,0.114,0.0,rolling
reactive_hpa_fixed_cpu,reactive_hpa,136,583.0,365.7720460090624,478.9748555235974,478.9748555235974,478.9748555235974,478.9748555235974,True,False,60,False,2,950,0.4583609599111058,97.33386324548542,False,0.114,0.0,rolling
reactive_hpa_fixed_cpu,reactive_hpa,137,606.0,380.2021610317184,465.9248875045323,465.9248875045323,465.9248875045323,465.9248875045323,True,False,60,False,2,950,0.47644381081668974,99.46738303938548,False,0.114,0.0,rolling
reactive_hpa_fixed_cpu,reactive_hpa,138,657.0,412.19937260369466,470.3911488567328,470.3911488567328,470.3911488567328,470.3911488567328,True,False,60,False,2,950,0.5165405671725497,104.80766052729744,False,0.114,0.0,rolling
reactive_hpa_fixed_cpu,reactive_hpa,139,561.0,351.96932729173926,483.9674235372395,483.9674235372395,483.9674235372395,483.9674235372395,True,False,60,False,2,950,0.4410643199144602,95.44465762593875,False,0.114,0.0,rolling
reactive_hpa_fixed_cpu,reactive_hpa,140,407.0,255.35029627047751,460.98173750449314,460.98173750449314,460.98173750449314,460.98173750449314,True,False,60,False,2,950,0.3199878399379417,85.89756762275954,False,0.114,0.0,rolling
reactive_hpa_fixed_cpu,reactive_hpa,141,696.0,436.66782851167653,417.20267567988776,417.20267567988776,417.20267567988776,417.20267567988776,True,False,60,False,2,950,0.5472027926211486,109.4928960727444,False,0.114,0.0,rolling
reactive_hpa_fixed_cpu,reactive_hpa,142,807.0,506.30881840362497,481.5610167364448,481.5610167364448,481.5610167364448,481.5610167364448,True,False,60,False,2,950,0.6344722035133145,125.9737897961845,False,0.114,0.0,rolling
reactive_hpa_fixed_cpu,reactive_hpa,143,588.0,368.90902753572675,519.4823099837149,519.4823099837149,519.4823099837149,519.4823099837149,True,False,60,False,2,950,0.46229201445579793,97.78368183434287,False,0.114,0.0,rolling
reactive_hpa_fixed_cpu,reactive_hpa,144,561.0,351.96932729173926,472.4745805208663,472.4745805208663,472.4745805208663,472.4745805208663,True,False,60,False,2,950,0.4410643199144602,95.44465762593875,False,0.114,0.0,rolling
reactive_hpa_fixed_cpu,reactive_hpa,145,473.0,296.75845242244685,462.31363966936124,462.31363966936124,462.31363966936124,462.31363966936124,True,False,60,False,2,950,0.37187775992787825,89.25706096347191,False,0.114,0.0,rolling
reactive_hpa_fixed_cpu,reactive_hpa,146,841.0,527.6402927849425,435.13182964239877,435.13182964239877,435.13182964239877,435.13182964239877,True,False,60,False,2,950,0.6612033744172212,132.0328589639875,False,0.114,0.0,rolling
reactive_hpa_fixed_cpu,reactive_hpa,147,686.0,430.3938654583479,526.542198233079,526.542198233079,526.542198233079,526.542198233079,True,False,60,False,2,950,0.5393406835317642,108.23982809805372,False,0.114,0.0,rolling
reactive_hpa_fixed_cpu,reactive_hpa,148,716.0,449.2157546183339,498.2951795513063,498.2951795513063,498.2951795513063,498.2951795513063,True,False,60,False,2,950,0.5629270107999171,112.10914701014227,False,0.114,0.0,rolling
reactive_hpa_fixed_cpu,reactive_hpa,149,760.0,476.82119205298017,509.36772862352836,509.36772862352836,509.36772862352836,509.36772862352836,True,False,60,False,2,950,0.5975202907932082,118.39993404793788,False,0.114,0.0,rolling
reactive_hpa_fixed_cpu,reactive_hpa,150,725.0,454.86232136632975,525.4565914020886,525.4565914020886,525.4565914020886,525.4565914020886,True,False,60,False,2,950,0.5700029089803631,113.33525037157344,False,0.114,0.0,rolling
reactive_hpa_fixed_cpu,reactive_hpa,151,476.0,298.64064133844545,521.6097169367563,521.6097169367563,521.6097169367563,521.6097169367563,True,False,60,False,2,950,0.37423639265469355,89.43431906404562,False,0.114,0.0,rolling
reactive_hpa_fixed_cpu,reactive_hpa,152,452.0,283.5831300104566,456.31130172767007,456.31130172767007,456.31130172767007,456.31130172767007,True,False,60,False,2,950,0.3553673308401712,88.07802152470731,False,0.114,0.0,rolling
reactive_hpa_fixed_cpu,reactive_hpa,153,583.0,365.7720460090624,436.6108057882966,436.6108057882966,436.6108057882966,436.6108057882966,True,False,60,False,2,950,0.4583609599111058,97.33386324548542,False,0.114,0.0,rolling
reactive_hpa_fixed_cpu,reactive_hpa,154,460.0,288.60230045311954,459.58599169729496,459.58599169729496,459.58599169729496,459.58599169729496,True,False,60,False,2,950,0.3616570181116786,88.5145793403058,False,0.114,0.0,rolling
reactive_hpa_fixed_cpu,reactive_hpa,155,476.0,298.64064133844545,426.04435786415706,426.04435786415706,426.04435786415706,426.04435786415706,True,False,60,False,2,950,0.37423639265469355,89.43431906404562,False,0.114,0.0,rolling
reactive_hpa_fixed_cpu,reactive_hpa,156,605.0,379.5747647263855,422.9150560758776,422.9150560758776,422.9150560758776,422.9150560758776,True,False,60,False,2,950,0.4756575999077513,99.37116880020174,False,0.114,0.0,rolling
reactive_hpa_fixed_cpu,reactive_hpa,157,651.0,408.43499477169746,451.21691141309566,451.21691141309566,451.21691141309566,451.21691141309566,True,False,60,False,2,950,0.5118233017189191,104.13418665847797,False,0.114,0.0,rolling
reactive_hpa_fixed_cpu,reactive_hpa,158,484.0,303.65981178110843,467.16633447491085,467.16633447491085,467.16633447491085,467.16633447491085,True,False,60,False,2,950,0.380526079926201,89.91803842570329,False,0.114,0.0,rolling
reactive_hpa_fixed_cpu,reactive_hpa,159,472.0,296.131056117114,428.5563198080422,428.5563198080422,428.5563198080422,428.5563198080422,True,False,60,False,2,950,0.3710915490189398,89.19847214443088,False,0.114,0.0,rolling
reactive_hpa_fixed_cpu,reactive_hpa,160,437.0,274.17218543046357,420.4340646804785,420.4340646804785,420.4340646804785,420.4340646804785,True,False,60,False,2,950,0.3435741672060947,87.30018746189468,False,0.114,0.0,rolling
reactive_hpa_fixed_cpu,reactive_hpa,161,654.0,410.31718368769606,406.81379062821134,406.81379062821134,406.81379062821134,406.81379062821134,True,False,60,False,2,950,0.5141819344457345,104.46937893888517,False,0.114,0.0,rolling
reactive_hpa_fixed_cpu,reactive_hpa,162,485.0,304.2872080864413,459.08607984233913,459.08607984233913,459.08607984233913,459.08607984233913,True,False,60,False,2,950,0.38131229083513946,89.97964097334865,False,0.114,0.0,rolling
reactive_hpa_fixed_cpu,reactive_hpa,163,573.0,359.4980829557337,422.8431205950628,422.8431205950628,422.8431205950628,422.8431205950628,True,False,60,False,2,950,0.4504988508217214,96.45710983077105,False,0.114,0.0,rolling
reactive_hpa_fixed_cpu,reactive_hpa,164,654.0,410.31718368769606,442.99822854358945,442.99822854358945,442.99822854358945,442.99822854358945,True,False,60,False,2,950,0.5141819344457345,104.46937893888517,False,0.114,0.0,rolling
reactive_hpa_fixed_cpu,reactive_hpa,165,784.0,491.878703380969,467.4260198748525,467.4260198748525,467.4260198748525,467.4260198748525,True,False,60,False,2,950,0.6163893526077305,122.15391249622013,False,0.114,0.0,rolling
reactive_hpa_fixed_cpu,reactive_hpa,166,836.0,524.5033112582781,509.7283934245602,509.7283934245602,509.7283934245602,509.7283934245602,True,False,60,False,2,950,0.657272319872529,131.1103122178053,False,0.114,0.0,rolling
reactive_hpa_fixed_cpu,reactive_hpa,167,451.0,282.95573370512375,536.6459663924334,536.6459663924334,536.6459663924334,536.6459663924334,True,False,60,False,2,950,0.35458111993123276,88.02452486779086,False,0.114,0.0,rolling
reactive_hpa_fixed_cpu,reactive_hpa,168,640.0,401.5336354130359,445.05232729321597,445.05232729321597,445.05232729321597,445.05232729321597,True,False,60,False,2,950,0.5031749817205964,102.93135003066824,False,0.114,0.0,rolling
reactive_hpa_fixed_cpu,reactive_hpa,169,597.0,374.55559428372254,482.96572136482246,482.96572136482246,482.96572136482246,482.96572136482246,True,False,60,False,2,950,0.4693679126362438,98.61284218310936,False,0.114,0.0,rolling
reactive_hpa_fixed_cpu,reactive_hpa,170,700.0,439.17741373300805,472.0867020963592,472.0867020963592,472.0867020963592,472.0867020963592,True,False,60,False,2,950,0.5503476362569023,110.00432228286442,False,0.114,0.0,rolling
reactive_hpa_fixed_cpu,reactive_hpa,171,611.0,383.3391425583827,498.22076353667035,498.22076353667035,498.22076353667035,498.22076353667035,True,False,60,False,2,950,0.48037486536138185,99.95323568211461,False,0.114,0.0,rolling
reactive_hpa_fixed_cpu,reactive_hpa,172,684.0,429.13907284768214,478.07996080260773,478.07996080260773,478.07996080260773,478.07996080260773,True,False,60,False,2,950,0.5377682617138874,107.9935519209467,False,0.114,0.0,rolling
reactive_hpa_fixed_cpu,reactive_hpa,173,543.0,340.6761937957477,496.4070357391738,496.4070357391738,496.4070357391738,496.4070357391738,True,False,60,False,2,950,0.4269125235535685,94.00519597808659,False,0.114,0.0,rolling
reactive_hpa_fixed_cpu,reactive_hpa,174,482.0,302.40501917044264,461.19125832240024,461.19125832240024,461.19125832240024,461.19125832240024,True,False,60,False,2,950,0.3789536581083241,89.79559489784636,False,0.114,0.0,rolling
reactive_hpa_fixed_cpu,reactive_hpa,175,545.0,341.9309864064134,439.01136045590147,439.01136045590147,439.01136045590147,439.01136045590147,True,False,60,False,2,950,0.4284849453714454,94.16052021926225,False,0.114,0.0,rolling
reactive_hpa_fixed_cpu,reactive_hpa,176,546.0,342.5583827117463,446.8581077493436,446.8581077493436,446.8581077493436,446.8581077493436,True,False,60,False,2,950,0.4292711562803838,94.23861114797788,False,0.114,0.0,rolling
reactive_hpa_fixed_cpu,reactive_hpa,177,752.0,471.8020216103172,443.98049585393164,443.98049585393164,443.98049585393164,443.98049585393164,True,False,60,False,2,950,0.5912306035217008,117.20002428490734,False,0.114,0.0,rolling
reactive_hpa_fixed_cpu,reactive_hpa,178,773.0,484.9773440223074,498.4765956801907,498.4765956801907,498.4765956801907,498.4765956801907,True,False,60,False,2,950,0.6077410326094078,120.4043554777653,False,0.114,0.0,rolling
reactive_hpa_fixed_cpu,reactive_hpa,179,804.0,504.42662948762637,514.7851181576166,514.7851181576166,514.7851181576166,514.7851181576166,True,False,60,False,2,950,0.6321135707864992,125.46297460702993,False,0.114,0.0,rolling
reactive_hpa_fixed_cpu,reactive_hpa,180,617.0,387.1035203903799,533.2077538534304,533.2077538534304,533.2077538534304,533.2077538534304,True,False,60,False,2,950,0.4850921308150124,100.54684731748986,False,0.114,0.0,rolling
reactive_hpa_fixed_cpu,reactive_hpa,181,509.0,319.34471941443013,490.9036945040384,490.9036945040384,490.9036945040384,490.9036945040384,True,False,60,False,2,950,0.4001813526496618,91.53567597398163,False,0.114,0.0,rolling
reactive_hpa_fixed_cpu,reactive_hpa,182,680.0,426.6294876263507,458.44157454017477,458.44157454017477,458.44157454017477,458.44157454017477,True,False,60,False,2,950,0.5346234180781337,107.50530339371903,False,0.114,0.0,rolling
reactive_hpa_fixed_cpu,reactive_hpa,183,443.0,277.93656326246077,494.4758558693861,494.4758558693861,494.4758558693861,494.4758558693861,True,False,60,False,2,950,0.3482914326597253,87.60502910190847,False,0.114,0.0,rolling
reactive_hpa_fixed_cpu,reactive_hpa,184,608.0,381.4569536423841,434.0363006761236,434.0363006761236,434.0363006761236,434.0363006761236,True,False,60,False,2,950,0.47801623263456655,99.66076623254419,False,0.114,0.0,rolling
reactive_hpa_fixed_cpu,reactive_hpa,185,584.0,366.3994423143953,466.30884042406024,466.30884042406024,466.30884042406024,466.30884042406024,True,False,60,False,2,950,0.4591471708200442,97.42321288062593,False,0.114,0.0,rolling
reactive_hpa_fixed_cpu,reactive_hpa,186,729.0,457.3719065876612,460.23933540637563,460.23933540637563,460.23933540637563,460.23933540637563,True,False,60,False,2,950,0.5731477526161168,113.89005600857413,False,0.114,0.0,rolling
reactive_hpa_fixed_cpu,reactive_hpa,187,673.0,422.23771348902056,498.64411600310586,498.64411600310586,498.64411600310586,498.64411600310586,True,False,60,False,2,950,0.5291199417155646,106.66458901901734,False,0.114,0.0,rolling
reactive_hpa_fixed_cpu,reactive_hpa,188,736.0,461.7636807249913,490.5228964382054,490.5228964382054,490.5228964382054,490.5228964382054,True,False,60,False,2,950,0.5786512289786858,114.87571697789257,False,0.114,0.0,rolling
reactive_hpa_fixed_cpu,reactive_hpa,189,438.0,274.79958173579644,510.34122977551215,510.34122977551215,510.34122977551215,510.34122977551215,True,False,60,False,2,950,0.3443603781150331,87.35041793401406,False,0.114,0.0,rolling
reactive_hpa_fixed_cpu,reactive_hpa,190,501.0,314.32554897176715,436.2271659458529,436.2271659458529,436.2271659458529,436.2271659458529,True,False,60,False,2,950,0.39389166537815434,91.00025820279285,False,0.114,0.0,rolling
reactive_hpa_fixed_cpu,reactive_hpa,191,529.0,331.8926455210875,440.3926806343725,440.3926806343725,440.3926806343725,440.3926806343725,True,False,60,False,2,950,0.41590557082843044,92.94961085418758,False,0.114,0.0,rolling
reactive_hpa_fixed_cpu,reactive_hpa,192,785.0,492.50609968630187,441.7049793571973,441.7049793571973,441.7049793571973,441.7049793571973,True,False,60,False,2,950,0.617175563516669,122.31542156421321,False,0.114,0.0,rolling
reactive_hpa_fixed_cpu,reactive_hpa,193,709.0,444.82398048100384,507.4982971878917,507.4982971878917,507.4982971878917,507.4982971878917,True,False,60,False,2,950,0.5574235344373482,111.17657532127127,False,0.114,0.0,rolling
reactive_hpa_fixed_cpu,reactive_hpa,194,681.0,427.25688393168355,499.39357437704484,499.39357437704484,499.39357437704484,499.39357437704484,True,False,60,False,2,950,0.5354096289870721,107.62682885929503,False,0.114,0.0,rolling
reactive_hpa_fixed_cpu,reactive_hpa,195,688.0,431.6486580690136,497.2396281204019,497.2396281204019,497.2396281204019,497.2396281204019,True,False,60,False,2,950,0.5409131053496411,108.48754448263031,False,0.114,0.0,rolling
reactive_hpa_fixed_cpu,reactive_hpa,196,424.0,266.0160334611363,501.6540872565888,501.6540872565888,501.6540872565888,501.6540872565888,True,False,60,False,2,950,0.33335342538989515,86.66787226272616,False,0.114,0.0,rolling
reactive_hpa_fixed_cpu,reactive_hpa,197,726.0,455.4897176716626,433.3359472387033,433.3359472387033,433.3359472387033,433.3359472387033,True,False,60,False,2,950,0.5707891198893015,113.47337968674859,False,0.114,0.0,rolling
reactive_hpa_fixed_cpu,reactive_hpa,198,532.0,333.7748344370861,500.07425212386397,500.07425212386397,500.07425212386397,500.07425212386397,True,False,60,False,2,950,0.41826420355524574,93.17117737844269,False,0.114,0.0,rolling
reactive_hpa_fixed_cpu,reactive_hpa,199,430.0,269.7804112931335,454.0752329435486,454.0752329435486,454.0752329435486,454.0752329435486,True,False,60,False,2,950,0.3380706908435257,86.95496691470467,False,0.114,0.0,rolling
reactive_hpa_fixed_cpu,reactive_hpa,200,394.0,247.19414430115023,422.55130866970876,422.55130866970876,422.55130866970876,422.55130866970876,True,False,60,False,2,950,0.30976709812174213,85.35030286798157,False,0.114,0.0,rolling
reactive_hpa_fixed_cpu,reactive_hpa,201,572.0,358.87068665040084,403.3861986272195,403.3861986272195,403.3861986272195,403.3861986272195,True,False,60,False,2,950,0.449712639912783,96.37109723611579,False,0.114,0.0,rolling
reactive_hpa_fixed_cpu,reactive_hpa,202,652.0,409.0623910770303,439.77512404430445,439.77512404430445,439.77512404430445,439.77512404430445,True,False,60,False,2,950,0.5126095126278576,104.24557503693029,False,0.114,0.0,rolling
reactive_hpa_fixed_cpu,reactive_hpa,203,621.0,389.61310561171143,463.03080293791936,463.03080293791936,463.03080293791936,463.03080293791936,True,False,60,False,2,950,0.4882369744507662,100.94905814440489,False,0.114,0.0,rolling
reactive_hpa_fixed_cpu,reactive_hpa,204,568.0,356.3611014290694,461.41602358602404,461.41602358602404,461.41602358602404,461.41602358602404,True,False,60,False,2,950,0.4465677962770293,96.03004379067677,False,0.114,0.0,rolling
reactive_hpa_fixed_cpu,reactive_hpa,205,512.0,321.2269083304287,451.03489321289544,451.03489321289544,451.03489321289544,451.03489321289544,True,False,60,False,2,950,0.4025399853764771,91.74085121570215,False,0.114,0.0,rolling
reactive_hpa_fixed_cpu,reactive_hpa,206,710.0,445.4513767863367,436.0928077110134,436.0928077110134,436.0928077110134,436.0928077110134,True,False,60,False,2,950,0.5582097453462866,111.30867927866556,False,0.114,0.0,rolling
reactive_hpa_fixed_cpu,reactive_hpa,207,648.0,406.55280585569886,486.2570766684694,486.2570766684694,486.2570766684694,486.2570766684694,True,False,60,False,2,950,0.5094646689921039,103.80206951493821,False,0.114,0.0,rolling
reactive_hpa_fixed_cpu,reactive_hpa,208,704.0,441.6869989543395,477.56723687005115,477.56723687005115,477.56723687005115,477.56723687005115,True,False,60,False,2,950,0.553492479892656,110.52162689081945,False,0.114,0.0,rolling
reactive_hpa_fixed_cpu,reactive_hpa,209,844.0,529.5224817009411,496.35932760810783,496.35932760810783,496.35932760810783,496.35932760810783,True,False,60,False,2,950,0.6635620071440365,132.59167966917613,False,0.114,0.0,rolling
reactive_hpa_fixed_cpu,reactive_hpa,210,596.0,373.9281979783897,541.2886346401706,541.2886346401706,541.2886346401706,541.2886346401706,True,False,60,False,2,950,0.46858170172730534,98.51946689516576,False,0.114,0.0,rolling
reactive_hpa_fixed_cpu,reactive_hpa,211,506.0,317.46253049843153,485.83502467607605,485.83502467607605,485.83502467607605,485.83502467607605,True,False,60,False,2,950,0.3978227199228465,91.33290510194702,False,0.114,0.0,rolling
reactive_hpa_fixed_cpu,reactive_hpa,212,495.0,310.56117113976995,456.96960650439314,456.96960650439314,456.96960650439314,456.96960650439314,True,False,60,False,2,950,0.38917439992452374,90.60975361032837,False,0.114,0.0,rolling
reactive_hpa_fixed_cpu,reactive_hpa,213,429.0,269.15301498780065,444.4022106863881,444.4022106863881,444.4022106863881,444.4022106863881,True,False,60,False,2,950,0.33728447993458727,86.90655664648635,False,0.114,0.0,rolling
reactive_hpa_fixed_cpu,reactive_hpa,214,424.0,266.0160334611363,419.16576532941417,419.16576532941417,419.16576532941417,419.16576532941417,True,False,60,False,2,950,0.33335342538989515,86.66787226272616,False,0.114,0.0,rolling
reactive_hpa_fixed_cpu,reactive_hpa,215,640.0,401.5336354130359,408.2247808811262,408.2247808811262,408.2247808811262,408.2247808811262,True,False,60,False,2,950,0.5031749817205964,102.93135003066824,False,0.114,0.0,rolling
reactive_hpa_fixed_cpu,reactive_hpa,216,702.0,440.4322063436738,457.4805723887075,457.4805723887075,457.4805723887075,457.4805723887075,True,False,60,False,2,950,0.5519200580747792,110.26223768768476,False,0.114,0.0,rolling
reactive_hpa_fixed_cpu,reactive_hpa,217,644.0,404.0432206343674,480.3723112133325,480.3723112133325,480.3723112133325,480.3723112133325,True,False,60,False,2,950,0.5063198253563501,103.36400570979913,False,0.114,0.0,rolling
reactive_hpa_fixed_cpu,reactive_hpa,218,506.0,317.46253049843153,473.5674603733519,473.5674603733519,473.5674603733519,473.5674603733519,True,False,60,False,2,950,0.3978227199228465,91.33290510194702,False,0.114,0.0,rolling
reactive_hpa_fixed_cpu,reactive_hpa,219,596.0,373.9281979783897,440.45731901083946,440.45731901083946,440.45731901083946,440.45731901083946,True,False,60,False,2,950,0.46858170172730534,98.51946689516576,False,0.114,0.0,rolling
reactive_hpa_fixed_cpu,reactive_hpa,220,694.0,435.4130359010108,458.69574496686346,458.69574496686346,458.69574496686346,458.69574496686346,True,False,60,False,2,950,0.5456303708032717,109.23937686973353,False,0.114,0.0,rolling
reactive_hpa_fixed_cpu,reactive_hpa,221,588.0,368.90902753572675,486.3723131183183,486.3723131183183,486.3723131183183,486.3723131183183,True,False,60,False,2,950,0.46229201445579793,97.78368183434287,False,0.114,0.0,rolling
reactive_hpa_fixed_cpu,reactive_hpa,222,535.0,335.6570233530847,464.6483518178675,464.6483518178675,464.6483518178675,464.6483518178675,True,False,60,False,2,950,0.42062283628206104,93.39525691777226,False,0.114,0.0,rolling
reactive_hpa_fixed_cpu,reactive_hpa,223,640.0,401.5336354130359,449.968648995422,449.968648995422,449.968648995422,449.968648995422,True,False,60,False,2,950,0.5031749817205964,102.93135003066824,False,0.114,0.0,rolling
reactive_hpa_fixed_cpu,reactive_hpa,224,583.0,365.7720460090624,474.37507883639955,474.37507883639955,474.37507883639955,474.37507883639955,True,False,60,False,2,950,0.4583609599111058,97.33386324548542,False,0.114,0.0,rolling
reactive_hpa_fixed_cpu,reactive_hpa,225,634.0,397.7692575810387,462.11295725837044,462.11295725837044,462.11295725837044,462.11295725837044,True,False,60,False,2,950,0.4984577162669658,102.29243326826439,False,0.114,0.0,rolling
reactive_hpa_fixed_cpu,reactive_hpa,226,648.0,406.55280585569886,474.3849528059791,474.3849528059791,474.3849528059791,474.3849528059791,True,False,60,False,2,950,0.5094646689921039,103.80206951493821,False,0.114,0.0,rolling
reactive_hpa_fixed_cpu,reactive_hpa,227,676.0,424.11990240501916,479.82141595935263,479.82141595935263,479.82141595935263,479.82141595935263,True,False,60,False,2,950,0.5314785744423799,107.02276531010247,False,0.114,0.0,rolling
reactive_hpa_fixed_cpu,reactive_hpa,228,653.0,409.6897873823632,489.7555445047601,489.7555445047601,489.7555445047601,489.7555445047601,True,False,60,False,2,950,0.513395723536796,104.3573056221137,False,0.114,0.0,rolling
reactive_hpa_fixed_cpu,reactive_hpa,229,569.0,356.98849773440224,487.2839695047405,487.2839695047405,487.2839695047405,487.2839695047405,True,False,60,False,2,950,0.44735400718596774,96.11485866177313,False,0.114,0.0,rolling
reactive_hpa_fixed_cpu,reactive_hpa,230,403.0,252.84071104914605,466.0303222333596,466.0303222333596,466.0303222333596,466.0303222333596,True,False,60,False,2,950,0.31684299630218804,85.72538690083967,False,0.114,0.0,rolling
reactive_hpa_fixed_cpu,reactive_hpa,231,447.0,280.4461484837923,418.58695804923263,418.58695804923263,418.58695804923263,418.58695804923263,True,False,60,False,2,950,0.3514362762954791,87.81290009639807,False,0.114,0.0,rolling
reactive_hpa_fixed_cpu,reactive_hpa,232,527.0,330.63785291042177,417.5488907693398,417.5488907693398,417.5488907693398,417.5488907693398,True,False,60,False,2,950,0.41433314901055357,92.80328895941068,False,0.114,0.0,rolling
reactive_hpa_fixed_cpu,reactive_hpa,233,589.0,369.5364238410596,431.31351744028916,431.31351744028916,431.31351744028916,431.31351744028916,True,False,60,False,2,950,0.46307822536473636,97.87456930034558,False,0.114,0.0,rolling
reactive_hpa_fixed_cpu,reactive_hpa,234,628.0,394.0048797490415,446.71467027906147,446.71467027906147,446.71467027906147,446.71467027906147,True,False,60,False,2,950,0.49374045081333523,101.66549584087716,False,0.114,0.0,rolling
reactive_hpa_fixed_cpu,reactive_hpa,235,565.0,354.4789125130708,460.36215795480393,460.36215795480393,460.36215795480393,460.36215795480393,True,False,60,False,2,950,0.444209163550214,95.77738579044396,False,0.114,0.0,rolling
reactive_hpa_fixed_cpu,reactive_hpa,236,710.0,445.4513767863367,448.31979240705095,448.31979240705095,448.31979240705095,448.31979240705095,True,False,60,False,2,950,0.5582097453462866,111.30867927866556,False,0.114,0.0,rolling
reactive_hpa_fixed_cpu,reactive_hpa,237,504.0,316.2077378877658,487.4735256378149,487.4735256378149,487.4735256378149,487.4735256378149,True,False,60,False,2,950,0.3962502981049697,91.19905328343458,False,0.114,0.0,rolling
reactive_hpa_fixed_cpu,reactive_hpa,238,457.0,286.72011153712094,440.4992472572735,440.4992472572735,440.4992472572735,440.4992472572735,True,False,60,False,2,950,0.35929838538486336,88.34907383654652,False,0.114,0.0,rolling
reactive_hpa_fixed_cpu,reactive_hpa,239,605.0,379.5747647263855,423.10285416070974,423.10285416070974,423.10285416070974,423.10285416070974,True,False,60,False,2,950,0.4756575999077513,99.37116880020174,False,0.114,0.0,rolling
reactive_hpa_fixed_cpu,reactive_hpa,240,466.0,292.3666782851168,455.28120587199874,455.28120587199874,455.28120587199874,455.28120587199874,True,False,60,False,2,950,0.36637428356530927,88.85212324227548,False,0.114,0.0,rolling
reactive_hpa_fixed_cpu,reactive_hpa,241,459.0,287.9749041477867,422.1969535760668,422.1969535760668,422.1969535760668,422.1969535760668,True,False,60,False,2,950,0.3608708072027402,88.45917010466518,False,0.114,0.0,rolling
reactive_hpa_fixed_cpu,reactive_hpa,242,609.0,382.084349947717,415.3555690486419,415.3555690486419,415.3555690486419,415.3555690486419,True,False,60,False,2,950,0.478802443543505,99.75793623623306,False,0.114,0.0,rolling
reactive_hpa_fixed_cpu,reactive_hpa,243,648.0,406.55280585569886,450.1344112700949,450.1344112700949,450.1344112700949,450.1344112700949,True,False,60,False,2,950,0.5094646689921039,103.80206951493821,False,0.114,0.0,rolling
reactive_hpa_fixed_cpu,reactive_hpa,244,667.0,418.47333565702337,465.35862739057256,465.35862739057256,465.35862739057256,465.35862739057256,True,False,60,False,2,950,0.524402676261934,105.95775944133979,False,0.114,0.0,rolling
reactive_hpa_fixed_cpu,reactive_hpa,245,910.0,570.9306378529104,476.5779132838875,476.5779132838875,476.5779132838875,476.5779132838875,True,False,60,False,2,950,0.715451927133973,145.91949605545312,False,0.114,0.0,rolling
reactive_hpa_fixed_cpu,reactive_hpa,246,616.0,386.47612408504705,550.1505705035042,550.1505705035042,550.1505705035042,550.1505705035042,True,False,60,False,2,950,0.48430591990607397,100.44710551474817,False,0.114,0.0,rolling
reactive_hpa_fixed_cpu,reactive_hpa,247,877.0,550.2265597769258,486.92195606396126,486.92195606396126,486.92195606396126,486.92195606396126,True,False,60,False,3,950,0.45967131142600315,97.48294955857577,False,0.17099999999999999,0.0,rolling
reactive_hpa_fixed_cpu,reactive_hpa,248,728.0,456.74451028232835,556.9052567614503,556.9052567614503,556.9052567614503,556.9052567614503,True,False,60,False,3,950,0.38157436113811893,90.00023169789392,False,0.17099999999999999,0.0,rolling
reactive_hpa_fixed_cpu,reactive_hpa,249,989.0,620.4949459742071,528.1110515850032,528.1110515850032,528.1110515850032,528.1110515850032,True,False,60,False,3,950,0.5183750592934061,105.07291331887754,False,0.17099999999999999,0.0,rolling
reactive_hpa_fixed_cpu,reactive_hpa,250,1344.0,843.2206343673754,603.0420539416791,603.0420539416791,603.0420539416791,603.0420539416791,True,False,60,False,2,950,1.0566674616132523,292.3672326340186,False,0.114,0.0,rolling
reactive_hpa_fixed_cpu,reactive_hpa,251,724.0,454.2349250609969,725.8192302756215,725.8192302756215,725.8192302756215,725.8192302756215,True,False,60,False,3,950,0.3794777987142831,89.83629676375902,False,0.17099999999999999,0.0,rolling
reactive_hpa_fixed_cpu,reactive_hpa,252,703.0,441.05960264900665,577.7945063896414,577.7945063896414,577.7945063896414,577.7945063896414,True,False,60,False,4,950,0.2763531344918588,83.79896847525428,False,0.228,0.0,rolling
reactive_hpa_fixed_cpu,reactive_hpa,253,610.0,382.71174625304985,561.1328570440578,561.1328570440578,561.1328570440578,561.1328570440578,True,False,60,False,4,950,0.2397943272262217,82.48192823472553,False,0.228,0.0,rolling
reactive_hpa_fixed_cpu,reactive_hpa,254,627.0,393.3774834437086,524.5478972065403,524.5478972065403,524.5478972065403,524.5478972065403,True,False,60,False,4,950,0.2464771199521984,82.69527037086083,False,0.228,0.0,rolling
reactive_hpa_fixed_cpu,reactive_hpa,255,560.0,351.3419309864064,514.5935149820684,514.5935149820684,514.5935149820684,514.5935149820684,True,False,60,False,3,950,0.29351873933701456,84.55176681743009,False,0.17099999999999999,0.0,rolling
reactive_hpa_fixed_cpu,reactive_hpa,256,472.0,296.131056117114,485.5970138435041,485.5970138435041,485.5970138435041,485.5970138435041,True,False,60,False,3,950,0.24739436601262654,82.72547322797952,False,0.17099999999999999,0.0,rolling
reactive_hpa_fixed_cpu,reactive_hpa,257,330.0,207.04078075984665,451.2882929882999,451.2882929882999,451.2882929882999,451.2882929882999,True,False,60,False,3,950,0.17296639996645502,80.93144613314269,False,0.17099999999999999,0.0,rolling
reactive_hpa_fixed_cpu,reactive_hpa,258,568.0,356.3611014290694,400.82195281026816,400.82195281026816,400.82195281026816,400.82195281026816,True,False,60,False,3,950,0.2977118641846862,84.74964260464496,False,0.17099999999999999,0.0,rolling
reactive_hpa_fixed_cpu,reactive_hpa,259,750.0,470.54722899965145,444.1714487924587,444.1714487924587,444.1714487924587,444.1714487924587,True,False,60,False,3,950,0.3931054544692159,90.934519782385,False,0.17099999999999999,0.0,rolling
reactive_hpa_fixed_cpu,reactive_hpa,260,497.0,311.8159637504357,492.29101131281504,492.29101131281504,492.29101131281504,492.29101131281504,True,False,60,False,3,950,0.2604978811616004,83.18188947928364,False,0.17099999999999999,0.0,rolling
reactive_hpa_fixed_cpu,reactive_hpa,261,516.0,323.7364935517602,433.9853654428048,433.9853654428048,433.9853654428048,433.9853654428048,True,False,60,False,2,950,0.4056848290122308,92.01818282860967,False,0.114,0.0,rolling
reactive_hpa_fixed_cpu,reactive_hpa,262,627.0,393.3774834437086,434.3914986696077,434.3914986696077,434.3914986696077,434.3914986696077,True,False,60,False,2,950,0.4929542399043968,101.56216296688662,False,0.114,0.0,rolling
reactive_hpa_fixed_cpu,reactive_hpa,263,632.0,396.51446497037296,461.0928557865418,461.0928557865418,461.0928557865418,461.0928557865418,True,False,60,False,2,950,0.4968852944490889,102.08212868705203,False,0.114,0.0,rolling
reactive_hpa_fixed_cpu,reactive_hpa,264,511.0,320.59951202509586,466.8406861416074,466.8406861416074,466.8406861416074,466.8406861416074,True,False,60,False,2,950,0.4017537744675387,91.67219144151306,False,0.114,0.0,rolling
reactive_hpa_fixed_cpu,reactive_hpa,265,714.0,447.9609620076682,438.54415311482126,438.54415311482126,438.54415311482126,438.54415311482126,True,False,60,False,2,950,0.5613545889820403,111.84082684115397,False,0.114,0.0,rolling
reactive_hpa_fixed_cpu,reactive_hpa,266,865.0,542.6978041129313,489.1628173357567,489.1628173357567,489.1628173357567,489.1628173357567,True,False,60,False,2,950,0.6800724362317435,136.61584896409107,False,0.114,0.0,rolling
reactive_hpa_fixed_cpu,reactive_hpa,267,672.0,421.6103171836877,539.8382207574955,539.8382207574955,539.8382207574955,539.8382207574955,True,False,60,False,2,950,0.5283337308066262,106.54590407925232,False,0.114,0.0,rolling
reactive_hpa_fixed_cpu,reactive_hpa,268,526.0,330.0104566050889,502.2536057900347,502.2536057900347,502.2536057900347,502.2536057900347,True,False,60,False,2,950,0.4135469381016152,92.73054317386932,False,0.114,0.0,rolling
reactive_hpa_fixed_cpu,reactive_hpa,269,594.0,372.67340536772394,463.67058800096765,463.67058800096765,463.67058800096765,463.67058800096765,True,False,60,False,2,950,0.4670092799094285,98.33365423864743,False,0.114,0.0,rolling
reactive_hpa_fixed_cpu,reactive_hpa,270,515.0,323.1090972464273,472.8507065132885,472.8507065132885,472.8507065132885,472.8507065132885,True,False,60,False,2,950,0.40489861810329236,91.9484449982462,False,0.114,0.0,rolling
reactive_hpa_fixed_cpu,reactive_hpa,271,396.0,248.44893691181596,449.3220725679312,449.3220725679312,449.3220725679312,449.3220725679312,True,False,60,False,2,950,0.311339519939619,85.43219384848813,False,0.114,0.0,rolling
reactive_hpa_fixed_cpu,reactive_hpa,272,361.0,226.49006622516558,412.0619981225527,412.0619981225527,412.0619981225527,412.0619981225527,True,False,60,False,2,950,0.2838221381267739,84.11539293179385,False,0.114,0.0,rolling
reactive_hpa_fixed_cpu,reactive_hpa,273,543.0,340.6761937957477,391.2986777307797,391.2986777307797,391.2986777307797,391.2986777307797,True,False,60,False,2,950,0.4269125235535685,94.00519597808659,False,0.114,0.0,rolling
reactive_hpa_fixed_cpu,reactive_hpa,274,633.0,397.1418612757058,427.17651684928705,427.17651684928705,427.17651684928705,427.17651684928705,True,False,60,False,2,950,0.49767150535802734,102.18711486043367,False,0.114,0.0,rolling
reactive_hpa_fixed_cpu,reactive_hpa,275,784.0,491.878703380969,453.2557657170055,453.2557657170055,453.2557657170055,453.2557657170055,True,False,60,False,2,950,0.6163893526077305,122.15391249622013,False,0.114,0.0,rolling
reactive_hpa_fixed_cpu,reactive_hpa,276,597.0,374.55559428372254,501.15210427630655,501.15210427630655,501.15210427630655,501.15210427630655,True,False,60,False,2,950,0.4693679126362438,98.61284218310936,False,0.114,0.0,rolling
reactive_hpa_fixed_cpu,reactive_hpa,277,622.0,390.2405019170443,463.96044921525845,463.96044921525845,463.96044921525845,463.96044921525845,True,False,60,False,2,950,0.4890231853597046,101.05042437940546,False,0.114,0.0,rolling
reactive_hpa_fixed_cpu,reactive_hpa,278,848.0,532.0320669222726,471.3020345918708,471.3020345918708,471.3020345918708,471.3020345918708,True,False,60,False,2,950,0.6667068507797903,133.34297810180936,False,0.114,0.0,rolling
reactive_hpa_fixed_cpu,reactive_hpa,279,647.0,405.925409550366,535.3271652993976,535.3271652993976,535.3271652993976,535.3271652993976,True,False,60,False,2,950,0.5086784580831654,103.69204471484085,False,0.114,0.0,rolling
reactive_hpa_fixed_cpu,reactive_hpa,280,579.0,363.2624607877309,493.9095475897211,493.9095475897211,493.9095475897211,493.9095475897211,True,False,60,False,2,950,0.455216116275352,96.97951937236975,False,0.114,0.0,rolling
reactive_hpa_fixed_cpu,reactive_hpa,281,776.0,486.859532938306,475.34195720390926,475.34195720390926,475.34195720390926,475.34195720390926,True,False,60,False,2,950,0.6100996653362231,120.8766094268361,False,0.114,0.0,rolling
reactive_hpa_fixed_cpu,reactive_hpa,282,667.0,418.47333565702337,524.6860605320958,524.6860605320958,524.6860605320958,524.6860605320958,True,False,60,False,2,950,0.524402676261934,105.95775944133979,False,0.114,0.0,rolling
reactive_hpa_fixed_cpu,reactive_hpa,283,786.0,493.13349599163473,502.48971407724866,502.48971407724866,502.48971407724866,502.48971407724866,True,False,60,False,2,950,0.6179617744256074,122.47734264491166,False,0.114,0.0,rolling
reactive_hpa_fixed_cpu,reactive_hpa,284,888.0,557.1279191355874,534.6186477749347,534.6186477749347,534.6186477749347,534.6186477749347,True,False,60,False,2,950,0.6981552871373276,141.25317416756417,False,0.114,0.0,rolling
reactive_hpa_fixed_cpu,reactive_hpa,285,767.0,481.2129661903102,569.3295281862574,569.3295281862574,569.3295281862574,569.3295281862574,True,False,60,False,2,950,0.6030237671557772,119.47078769788018,False,0.114,0.0,rolling
reactive_hpa_fixed_cpu,reactive_hpa,286,830.0,520.7389334262809,545.5504566563695,545.5504566563695,545.5504566563695,545.5504566563695,True,False,60,False,2,950,0.6525550544188984,130.0177301024845,False,0.114,0.0,rolling
reactive_hpa_fixed_cpu,reactive_hpa,287,550.0,345.06796793307774,564.7033807754265,564.7033807754265,564.7033807754265,564.7033807754265,True,False,60,False,2,950,0.4324159999161375,94.55384583035442,False,0.114,0.0,rolling
reactive_hpa_fixed_cpu,reactive_hpa,288,389.0,244.0571627744859,492.30211350787886,492.30211350787886,492.30211350787886,492.30211350787886,True,False,60,False,2,950,0.30583604357705,85.14918512038575,False,0.114,0.0,rolling
reactive_hpa_fixed_cpu,reactive_hpa,289,754.0,473.0568142209829,436.70381376516525,436.70381376516525,436.70381376516525,436.70381376516525,True,False,60,False,2,950,0.5928030253395776,117.49762307396959,False,0.114,0.0,rolling
reactive_hpa_fixed_cpu,reactive_hpa,290,571.0,358.243290345068,514.4103648877945,514.4103648877945,514.4103648877945,514.4103648877945,True,False,60,False,2,950,0.4489264290038446,96.2853848596357,False,0.114,0.0,rolling
reactive_hpa_fixed_cpu,reactive_hpa,291,463.0,290.4844893691182,470.67361663526526,470.67361663526526,470.67361663526526,470.67361663526526,True,False,60,False,2,950,0.36401565083849396,88.68225775183625,False,0.114,0.0,rolling
reactive_hpa_fixed_cpu,reactive_hpa,292,494.0,309.9337748344371,436.58681926707413,436.58681926707413,436.58681926707413,436.58681926707413,True,False,60,False,2,950,0.3883881890155853,90.54558188791493,False,0.114,0.0,rolling
reactive_hpa_fixed_cpu,reactive_hpa,293,619.0,388.35831300104564,434.4724411373072,434.4724411373072,434.4724411373072,434.4724411373072,True,False,60,False,2,950,0.48666455263288927,100.74730295804383,False,0.114,0.0,rolling
reactive_hpa_fixed_cpu,reactive_hpa,294,517.0,324.36388985709306,461.09550490033143,461.09550490033143,461.09550490033143,461.09550490033143,True,False,60,False,2,950,0.40647103992116923,92.0881914851591,False,0.114,0.0,rolling
reactive_hpa_fixed_cpu,reactive_hpa,295,362.0,227.11746253049844,436.22755127149503,436.22755127149503,436.22755127149503,436.22755127149503,True,False,60,False,2,950,0.28460834903571236,84.14968769721084,False,0.114,0.0,rolling
reactive_hpa_fixed_cpu,reactive_hpa,296,518.0,324.9912861624259,393.0578819499151,393.0578819499151,393.0578819499151,393.0578819499151,True,False,60,False,2,950,0.40725725083010766,92.15847149275145,False,0.114,0.0,rolling
reactive_hpa_fixed_cpu,reactive_hpa,297,411.0,257.859881491809,421.9268162180824,421.9268162180824,421.9268162180824,421.9268162180824,True,False,60,False,2,950,0.3231326835736955,86.07316621313493,False,0.114,0.0,rolling
reactive_hpa_fixed_cpu,reactive_hpa,298,412.0,258.48727779714187,395.00712395917753,395.00712395917753,395.00712395917753,395.00712395917753,True,False,60,False,2,950,0.32391889448263395,86.11760383910206,False,0.114,0.0,rolling
reactive_hpa_fixed_cpu,reactive_hpa,299,498.0,312.44336005576855,390.58435623883224,390.58435623883224,390.58435623883224,390.58435623883224,True,False,60,False,2,950,0.39153303265133904,90.80382970213665,False,0.114,0.0,rolling
reactive_hpa_fixed_cpu,reactive_hpa,300,472.0,296.131056117114,408.2716942780553,408.2716942780553,408.2716942780553,408.2716942780553,True,False,60,False,2,950,0.3710915490189398,89.19847214443088,False,0.114,0.0,rolling
reactive_hpa_fixed_cpu,reactive_hpa,301,415.0,260.36946671314047,403.52770946929104,403.52770946929104,403.52770946929104,403.52770946929104,True,False,60,False,2,950,0.3262775272094492,86.25221626281056,False,0.114,0.0,rolling
reactive_hpa_fixed_cpu,reactive_hpa,302,716.0,449.2157546183339,389.45773630980784,389.45773630980784,389.45773630980784,389.45773630980784,True,False,60,False,2,950,0.5629270107999171,112.10914701014227,False,0.114,0.0,rolling
reactive_hpa_fixed_cpu,reactive_hpa,303,603.0,378.3199721157198,466.0353073838546,466.0353073838546,466.0353073838546,466.0353073838546,True,False,60,False,2,950,0.47408517808987444,99.17969241234076,False,0.114,0.0,rolling
reactive_hpa_fixed_cpu,reactive_hpa,304,639.0,400.906239107703,449.86653770025805,449.86653770025805,449.86653770025805,449.86653770025805,True,False,60,False,2,950,0.5023887708116579,102.82402719414719,False,0.114,0.0,rolling
reactive_hpa_fixed_cpu,reactive_hpa,305,622.0,390.2405019170443,464.8238917307094,464.8238917307094,464.8238917307094,464.8238917307094,True,False,60,False,2,950,0.4890231853597046,101.05042437940546,False,0.114,0.0,rolling
reactive_hpa_fixed_cpu,reactive_hpa,306,573.0,359.4980829557337,466.46371724934306,466.46371724934306,466.46371724934306,466.46371724934306,True,False,60,False,2,950,0.4504988508217214,96.45710983077105,False,0.114,0.0,rolling
reactive_hpa_fixed_cpu,reactive_hpa,307,644.0,404.0432206343674,456.59124080667607,456.59124080667607,456.59124080667607,456.59124080667607,True,False,60,False,2,950,0.5063198253563501,103.36400570979913,False,0.114,0.0,rolling
reactive_hpa_fixed_cpu,reactive_hpa,308,582.0,365.14464970372956,475.362186800121,475.362186800121,475.362186800121,475.362186800121,True,False,60,False,2,950,0.4575747490021674,97.24481960194649,False,0.114,0.0,rolling
reactive_hpa_fixed_cpu,reactive_hpa,309,656.0,411.5719762983618,462.35568833005846,462.35568833005846,462.35568833005846,462.35568833005846,True,False,60,False,2,950,0.5157543562636112,104.69455586662009,False,0.114,0.0,rolling
reactive_hpa_fixed_cpu,reactive_hpa,310,766.0,480.58556988497736,481.2370060371204,481.2370060371204,481.2370060371204,481.2370060371204,True,False,60,False,2,950,0.6022375562468388,119.31660510804596,False,0.114,0.0,rolling
reactive_hpa_fixed_cpu,reactive_hpa,311,552.0,346.32276054374347,514.7390476605296,514.7390476605296,514.7390476605296,514.7390476605296,True,False,60,False,2,950,0.43398842173401436,94.71319310004843,False,0.114,0.0,rolling
reactive_hpa_fixed_cpu,reactive_hpa,312,615.0,385.8487277797142,465.77969198600795,465.77969198600795,465.77969198600795,465.77969198600795,True,False,60,False,2,950,0.4835197089971356,100.3476870238874,False,0.114,0.0,rolling
reactive_hpa_fixed_cpu,reactive_hpa,313,637.0,399.6514464970373,476.5633190751919,476.5633190751919,476.5633190751919,476.5633190751919,True,False,60,False,2,950,0.500816348993781,102.61038714702042,False,0.114,0.0,rolling
reactive_hpa_fixed_cpu,reactive_hpa,314,502.0,314.9529452771,481.4011065949617,481.4011065949617,481.4011065949617,481.4011065949617,True,False,60,False,2,950,0.3946778762870927,91.06625957653243,False,0.114,0.0,rolling
reactive_hpa_fixed_cpu,reactive_hpa,315,529.0,331.8926455210875,445.8884357709285,445.8884357709285,445.8884357709285,445.8884357709285,True,False,60,False,2,950,0.41590557082843044,92.94961085418758,False,0.114,0.0,rolling
reactive_hpa_fixed_cpu,reactive_hpa,316,480.0,301.1502265597769,445.7284774637401,445.7284774637401,445.7284774637401,445.7284774637401,True,False,60,False,2,950,0.37738123629044723,89.67416329418816,False,0.114,0.0,rolling
reactive_hpa_fixed_cpu,reactive_hpa,317,502.0,314.9529452771,428.8640745818393,428.8640745818393,428.8640745818393,428.8640745818393,True,False,60,False,2,950,0.3946778762870927,91.06625957653243,False,0.114,0.0,rolling
reactive_hpa_fixed_cpu,reactive_hpa,318,576.0,361.3802718717323,428.66859406701724,428.66859406701724,428.66859406701724,428.66859406701724,True,False,60,False,2,950,0.4528574835485367,96.71695417235715,False,0.114,0.0,rolling
reactive_hpa_fixed_cpu,reactive_hpa,319,346.0,217.07912164517253,445.0674031589642,445.0674031589642,445.0674031589642,445.0674031589642,True,False,60,False,2,950,0.2720289744926974,83.62341433370183,False,0.114,0.0,rolling
reactive_hpa_fixed_cpu,reactive_hpa,320,453.0,284.2105263157895,387.38680364619086,387.38680364619086,387.38680364619086,387.38680364619086,True,False,60,False,2,950,0.3561535417491096,88.13175541696495,False,0.114,0.0,rolling
reactive_hpa_fixed_cpu,reactive_hpa,321,441.0,276.68177065179503,403.21020114017756,403.21020114017756,403.21020114017756,403.21020114017756,True,False,60,False,2,950,0.3467190108418484,87.5024907738634,False,0.114,0.0,rolling
reactive_hpa_fixed_cpu,reactive_hpa,322,458.0,287.3475078424538,397.6990088950838,397.6990088950838,397.6990088950838,397.6990088950838,True,False,60,False,2,950,0.36008459629380174,88.4040017783644,False,0.114,0.0,rolling
reactive_hpa_fixed_cpu,reactive_hpa,323,671.0,420.98292087835483,399.6619299646418,399.6619299646418,399.6619299646418,399.6619299646418,True,False,60,False,2,950,0.5275475198976878,106.42757184335741,False,0.114,0.0,rolling
reactive_hpa_fixed_cpu,reactive_hpa,324,598.0,375.1829905890554,455.0631356414069,455.0631356414069,455.0631356414069,455.0631356414069,True,False,60,False,2,950,0.4701541235451822,98.70653081065184,False,0.114,0.0,rolling
reactive_hpa_fixed_cpu,reactive_hpa,325,644.0,404.0432206343674,447.2599060626726,447.2599060626726,447.2599060626726,447.2599060626726,True,False,60,False,2,950,0.5063198253563501,103.36400570979913,False,0.114,0.0,rolling
reactive_hpa_fixed_cpu,reactive_hpa,326,477.0,299.2680376437783,464.74641719378906,464.74641719378906,464.74641719378906,464.74641719378906,True,False,60,False,2,950,0.375022603563632,89.4939040615769,False,0.114,0.0,rolling
reactive_hpa_fixed_cpu,reactive_hpa,327,647.0,405.925409550366,427.0282628084783,427.0282628084783,427.0282628084783,427.0282628084783,True,False,60,False,2,950,0.5086784580831654,103.69204471484085,False,0.114,0.0,rolling
reactive_hpa_fixed_cpu,reactive_hpa,328,562.0,352.5967235970722,467.37787825243913,467.37787825243913,467.37787825243913,467.37787825243913,True,False,60,False,2,950,0.4418505308233987,95.52739668779964,False,0.114,0.0,rolling
reactive_hpa_fixed_cpu,reactive_hpa,329,490.0,307.4241896131056,450.1635274389282,450.1635274389282,450.1635274389282,450.1635274389282,True,False,60,False,2,950,0.3852433453798316,90.2914825430225,False,0.114,0.0,rolling
reactive_hpa_fixed_cpu,reactive_hpa,330,548.0,343.813175322412,431.41167914762127,431.41167914762127,431.41167914762127,431.41167914762127,True,False,60,False,2,950,0.4308435780982607,94.39565324594943,False,0.114,0.0,rolling
reactive_hpa_fixed_cpu,reactive_hpa,331,467.0,292.99407459044966,442.1998819788055,442.1998819788055,442.1998819788055,442.1998819788055,True,False,60,False,2,950,0.3671604944742477,88.90923353928962,False,0.114,0.0,rolling
reactive_hpa_fixed_cpu,reactive_hpa,332,474.0,297.3858487277797,420.7542702890869,420.7542702890869,420.7542702890869,420.7542702890869,True,False,60,False,2,950,0.3726639708368167,89.31589803985008,False,0.114,0.0,rolling
reactive_hpa_fixed_cpu,reactive_hpa,333,531.0,333.14743813175323,417.84390571409403,417.84390571409403,417.84390571409403,417.84390571409403,True,False,60,False,2,950,0.4174779926463073,93.09704334626976,False,0.114,0.0,rolling
reactive_hpa_fixed_cpu,reactive_hpa,334,661.0,414.7089578250262,428.88709778895645,428.88709778895645,428.88709778895645,428.88709778895645,True,False,60,False,2,950,0.5196854108083034,105.26353272873492,False,0.114,0.0,rolling
reactive_hpa_fixed_cpu,reactive_hpa,335,544.0,341.30359010108054,464.0800205785813,464.0800205785813,464.0800205785813,464.0800205785813,True,False,60,False,2,950,0.42769873446250695,94.08271533758415,False,0.114,0.0,rolling
reactive_hpa_fixed_cpu,reactive_hpa,336,597.0,374.55559428372254,440.71425896558094,440.71425896558094,440.71425896558094,440.71425896558094,True,False,60,False,2,950,0.4693679126362438,98.61284218310936,False,0.114,0.0,rolling
reactive_hpa_fixed_cpu,reactive_hpa,337,566.0,355.10630881840365,454.83475794988817,454.83475794988817,454.83475794988817,454.83475794988817,True,False,60,False,2,950,0.44499537445915244,95.86130787986913,False,0.114,0.0,rolling
reactive_hpa_fixed_cpu,reactive_hpa,338,573.0,359.4980829557337,448.96535735473117,448.96535735473117,448.96535735473117,448.96535735473117,True,False,60,False,2,950,0.4504988508217214,96.45710983077105,False,0.114,0.0,rolling
reactive_hpa_fixed_cpu,reactive_hpa,339,454.0,284.83792262112235,451.1313932033959,451.1313932033959,451.1313932033959,451.1313932033959,True,False,60,False,2,950,0.35693975265804806,88.18572706942075,False,0.114,0.0,rolling
reactive_hpa_fixed_cpu,reactive_hpa,340,529.0,331.8926455210875,420.68541741340914,420.68541741340914,420.68541741340914,420.68541741340914,True,False,60,False,2,950,0.41590557082843044,92.94961085418758,False,0.114,0.0,rolling
reactive_hpa_fixed_cpu,reactive_hpa,341,495.0,310.56117113976995,433.9027853411262,433.9027853411262,433.9027853411262,433.9027853411262,True,False,60,False,2,950,0.38917439992452374,90.60975361032837,False,0.114,0.0,rolling
reactive_hpa_fixed_cpu,reactive_hpa,342,429.0,269.15301498780065,424.410793887208,424.410793887208,424.410793887208,424.410793887208,True,False,60,False,2,950,0.33728447993458727,86.90655664648635,False,0.114,0.0,rolling
reactive_hpa_fixed_cpu,reactive_hpa,343,512.0,321.2269083304287,405.0923001562992,405.0923001562992,405.0923001562992,405.0923001562992,True,False,60,False,2,950,0.4025399853764771,91.74085121570215,False,0.114,0.0,rolling
reactive_hpa_fixed_cpu,reactive_hpa,344,571.0,358.243290345068,421.0313675914822,421.0313675914822,421.0313675914822,421.0313675914822,True,False,60,False,2,950,0.4489264290038446,96.2853848596357,False,0.114,0.0,rolling
reactive_hpa_fixed_cpu,reactive_hpa,345,535.0,335.6570233530847,436.5913950090744,436.5913950090744,436.5913950090744,436.5913950090744,True,False,60,False,2,950,0.42062283628206104,93.39525691777226,False,0.114,0.0,rolling
reactive_hpa_fixed_cpu,reactive_hpa,346,471.0,295.5036598117811,430.9759480949324,430.9759480949324,430.9759480949324,430.9759480949324,True,False,60,False,2,950,0.3703053381100014,89.14013105787005,False,0.114,0.0,rolling
reactive_hpa_fixed_cpu,reactive_hpa,347,601.0,377.06517950505406,415.2509531368041,415.2509531368041,415.2509531368041,415.2509531368041,True,False,60,False,2,950,0.47251275627199757,98.9894819794421,False,0.114,0.0,rolling
reactive_hpa_fixed_cpu,reactive_hpa,348,568.0,356.3611014290694,446.5949303357702,446.5949303357702,446.5949303357702,446.5949303357702,True,False,60,False,2,950,0.4465677962770293,96.03004379067677,False,0.114,0.0,rolling
reactive_hpa_fixed_cpu,reactive_hpa,349,428.0,268.5256186824678,442.84197899570654,442.84197899570654,442.84197899570654,442.84197899570654,True,False,60,False,2,950,0.33649826902564883,86.8583715418994,False,0.114,0.0,rolling
reactive_hpa_fixed_cpu,reactive_hpa,350,425.0,266.6434297664692,408.79732661962316,408.79732661962316,408.79732661962316,408.79732661962316,True,False,60,False,2,950,0.3341396362988336,86.71516196135718,False,0.114,0.0,rolling
reactive_hpa_fixed_cpu,reactive_hpa,351,620.0,388.9857093063785,401.81984989196917,401.81984989196917,401.81984989196917,401.81984989196917,True,False,60,False,2,950,0.4874507635418277,100.84801784557,False,0.114,0.0,rolling
reactive_hpa_fixed_cpu,reactive_hpa,352,463.0,290.4844893691182,447.781107159356,447.781107159356,447.781107159356,447.781107159356,True,False,60,False,2,950,0.36401565083849396,88.68225775183625,False,0.114,0.0,rolling
reactive_hpa_fixed_cpu,reactive_hpa,353,470.0,294.87626350644825,413.67167190968985,413.67167190968985,413.67167190968985,413.67167190968985,True,False,60,False,2,950,0.369519127201063,89.08203717893245,False,0.114,0.0,rolling
reactive_hpa_fixed_cpu,reactive_hpa,354,429.0,269.15301498780065,412.3214186111154,412.3214186111154,412.3214186111154,412.3214186111154,True,False,60,False,2,950,0.33728447993458727,86.90655664648635,False,0.114,0.0,rolling
reactive_hpa_fixed_cpu,reactive_hpa,355,379.0,237.7831997211572,399.4118295400481,399.4118295400481,399.4118295400481,399.4118295400481,True,False,60,False,2,950,0.2979739344876656,84.76219671957865,False,0.114,0.0,rolling
reactive_hpa_fixed_cpu,reactive_hpa,356,366.0,229.6270477518299,382.7367540041216,382.7367540041216,382.7367540041216,382.7367540041216,True,False,60,False,2,950,0.28775319267146604,84.2887719896057,False,0.114,0.0,rolling
reactive_hpa_fixed_cpu,reactive_hpa,357,494.0,309.9337748344371,373.86394473282417,373.86394473282417,373.86394473282417,373.86394473282417,True,False,60,False,2,950,0.3883881890155853,90.54558188791493,False,0.114,0.0,rolling
reactive_hpa_fixed_cpu,reactive_hpa,358,523.0,328.1282676890903,401.31738525463425,401.31738525463425,401.31738525463425,401.31738525463425,True,False,60,False,2,950,0.4111883053747999,92.51396016635024,False,0.114,0.0,rolling
reactive_hpa_fixed_cpu,reactive_hpa,359,372.0,233.39142558382713,412.1218199284931,412.1218199284931,412.1218199284931,412.1218199284931,True,False,60,False,2,950,0.29247045812509664,84.50317185464311,False,0.114,0.0,rolling
reactive_hpa_fixed_cpu,reactive_hpa,360,412.0,258.48727779714187,378.06238068089306,378.06238068089306,378.06238068089306,378.06238068089306,True,False,60,False,2,950,0.32391889448263395,86.11760383910206,False,0.114,0.0,rolling
reactive_hpa_fixed_cpu,reactive_hpa,361,472.0,296.131056117114,383.5469974981063,383.5469974981063,383.5469974981063,383.5469974981063,True,False,60,False,2,950,0.3710915490189398,89.19847214443088,False,0.114,0.0,rolling
reactive_hpa_fixed_cpu,reactive_hpa,362,561.0,351.96932729173926,396.86986036178223,396.86986036178223,396.86986036178223,396.86986036178223,True,False,60,False,2,950,0.4410643199144602,95.44465762593875,False,0.114,0.0,rolling
reactive_hpa_fixed_cpu,reactive_hpa,363,390.0,244.68455907981877,422.28492823673514,422.28492823673514,422.28492823673514,422.28492823673514,True,False,60,False,2,950,0.30662225448598845,85.18899823177037,False,0.114,0.0,rolling
reactive_hpa_fixed_cpu,reactive_hpa,364,396.0,248.44893691181596,384.7908888780271,384.7908888780271,384.7908888780271,384.7908888780271,True,False,60,False,2,950,0.311339519939619,85.43219384848813,False,0.114,0.0,rolling
reactive_hpa_fixed_cpu,reactive_hpa,365,402.0,252.21331474381319,382.2277869965758,382.2277869965758,382.2277869965758,382.2277869965758,True,False,60,False,2,950,0.3160567853932496,85.68287182587875,False,0.114,0.0,rolling
reactive_hpa_fixed_cpu,reactive_hpa,366,511.0,320.59951202509586,380.77683124971645,380.77683124971645,380.77683124971645,380.77683124971645,True,False,60,False,2,950,0.4017537744675387,91.67219144151306,False,0.114,0.0,rolling
reactive_hpa_fixed_cpu,reactive_hpa,367,541.0,339.4214011850819,406.8379938951075,406.8379938951075,406.8379938951075,406.8379938951075,True,False,60,False,2,950,0.4253401017356916,93.85101172620534,False,0.114,0.0,rolling
reactive_hpa_fixed_cpu,reactive_hpa,368,595.0,373.3008016730568,418.9243828974736,418.9243828974736,418.9243828974736,418.9243828974736,True,False,60,False,2,950,0.4677954908183669,98.42640442196411,False,0.114,0.0,rolling
reactive_hpa_fixed_cpu,reactive_hpa,369,682.0,427.8842802370164,438.2595660452571,438.2595660452571,438.2595660452571,438.2595660452571,True,False,60,False,2,950,0.5361958398960105,107.74871175245367,False,0.114,0.0,rolling
reactive_hpa_fixed_cpu,reactive_hpa,370,584.0,366.3994423143953,468.92806739357275,468.92806739357275,468.92806739357275,468.92806739357275,True,False,60,False,2,950,0.4591471708200442,97.42321288062593,False,0.114,0.0,rolling
reactive_hpa_fixed_cpu,reactive_hpa,371,567.0,355.7337051237365,452.94923916869266,452.94923916869266,452.94923916869266,452.94923916869266,True,False,60,False,2,950,0.44578158536809087,95.94552703832775,False,0.114,0.0,rolling
reactive_hpa_fixed_cpu,reactive_hpa,372,609.0,382.084349947717,450.62572554666076,450.62572554666076,450.62572554666076,450.62572554666076,True,False,60,False,2,950,0.478802443543505,99.75793623623306,False,0.114,0.0,rolling
reactive_hpa_fixed_cpu,reactive_hpa,373,733.0,459.8814918089927,461.9947104519424,461.9947104519424,461.9947104519424,461.9947104519424,True,False,60,False,2,950,0.5762925962518706,114.45098357703444,False,0.114,0.0,rolling
reactive_hpa_fixed_cpu,reactive_hpa,374,827.0,518.8567445102823,498.41224629795533,498.41224629795533,498.41224629795533,498.41224629795533,True,False,60,False,2,950,0.650196421692083,129.47732715251271,False,0.114,0.0,rolling
reactive_hpa_fixed_cpu,reactive_hpa,375,777.0,487.4869292436389,533.6954316192487,533.6954316192487,533.6954316192487,533.6954316192487,True,False,60,False,2,950,0.6108858762451616,121.03484128803615,False,0.114,0.0,rolling
reactive_hpa_fixed_cpu,reactive_hpa,376,684.0,429.13907284768214,532.2897155110604,532.2897155110604,532.2897155110604,532.2897155110604,True,False,60,False,2,950,0.5377682617138874,107.9935519209467,False,0.114,0.0,rolling
reactive_hpa_fixed_cpu,reactive_hpa,377,601.0,377.06517950505406,513.0793778713264,513.0793778713264,513.0793778713264,513.0793778713264,True,False,60,False,2,950,0.47251275627199757,98.9894819794421,False,0.114,0.0,rolling
reactive_hpa_fixed_cpu,reactive_hpa,378,819.0,513.8375740676194,489.75549633905484,489.75549633905484,489.75549633905484,489.75549633905484,True,False,60,False,2,950,0.6439067344205757,128.0553126244253,False,0.114,0.0,rolling
reactive_hpa_fixed_cpu,reactive_hpa,379,820.0,514.4649703729523,543.631077384372,543.631077384372,543.631077384372,543.631077384372,True,False,60,False,2,950,0.6446929453295142,128.23155442699237,False,0.114,0.0,rolling
reactive_hpa_fixed_cpu,reactive_hpa,380,756.0,474.31160683164865,551.5147196080479,551.5147196080479,551.5147196080479,551.5147196080479,True,False,60,False,2,950,0.5943754471574545,117.7968048315917,False,0.114,0.0,rolling
reactive_hpa_fixed_cpu,reactive_hpa,381,852.0,534.5416521436041,540.184074604158,540.184074604158,540.184074604158,540.184074604158,True,False,60,False,2,950,0.6698516944155439,134.1013977935341,False,0.114,0.0,rolling
reactive_hpa_fixed_cpu,reactive_hpa,382,837.0,525.130707563611,568.399183506192,568.399183506192,568.399183506192,568.399183506192,True,False,60,False,2,950,0.6580585307814675,131.2939419067943,False,0.114,0.0,rolling
reactive_hpa_fixed_cpu,reactive_hpa,383,748.0,469.2924363889857,570.3963263093415,570.3963263093415,570.3963263093415,570.3963263093415,True,False,60,False,2,950,0.588085759885947,116.60955881704001,False,0.114,0.0,rolling
reactive_hpa_fixed_cpu,reactive_hpa,384,769.0,482.46775880097596,549.0391709373439,549.0391709373439,549.0391709373439,549.0391709373439,True,False,60,False,2,950,0.6045961889736541,119.78036109824653,False,0.114,0.0,rolling
reactive_hpa_fixed_cpu,reactive_hpa,385,553.0,346.95015684907634,552.0507316591006,552.0507316591006,552.0507316591006,552.0507316591006,True,False,60,False,2,950,0.4347746326429528,94.79330105402119,False,0.114,0.0,rolling
reactive_hpa_fixed_cpu,reactive_hpa,386,790.0,495.6430812129662,492.17483563171345,492.17483563171345,492.17483563171345,492.17483563171345,True,False,60,False,2,950,0.6211066180613611,123.1291575918985,False,0.114,0.0,rolling
reactive_hpa_fixed_cpu,reactive_hpa,387,766.0,480.58556988497736,543.7453986858209,543.7453986858209,543.7453986858209,543.7453986858209,True,False,60,False,2,950,0.6022375562468388,119.31660510804596,False,0.114,0.0,rolling
reactive_hpa_fixed_cpu,reactive_hpa,388,676.0,424.11990240501916,540.6431901067535,540.6431901067535,540.6431901067535,540.6431901067535,True,False,60,False,2,950,0.5314785744423799,107.02276531010247,False,0.114,0.0,rolling
reactive_hpa_fixed_cpu,reactive_hpa,389,635.0,398.39665388637155,516.9753331903248,516.9753331903248,516.9753331903248,516.9753331903248,True,False,60,False,2,950,0.4992439271759042,102.39808443540112,False,0.114,0.0,rolling
reactive_hpa_fixed_cpu,reactive_hpa,390,644.0,404.0432206343674,501.59953959537506,501.59953959537506,501.59953959537506,501.59953959537506,True,False,60,False,2,950,0.5063198253563501,103.36400570979913,False,0.114,0.0,rolling
reactive_hpa_fixed_cpu,reactive_hpa,391,576.0,361.3802718717323,498.49200870587583,498.49200870587583,498.49200870587583,498.49200870587583,True,False,60,False,2,950,0.4528574835485367,96.71695417235715,False,0.114,0.0,rolling
reactive_hpa_fixed_cpu,reactive_hpa,392,716.0,449.2157546183339,476.20031823745467,476.20031823745467,476.20031823745467,476.20031823745467,True,False,60,False,2,950,0.5629270107999171,112.10914701014227,False,0.114,0.0,rolling
reactive_hpa_fixed_cpu,reactive_hpa,393,674.0,422.86510979435343,507.30866880625945,507.30866880625945,507.30866880625945,507.30866880625945,True,False,60,False,2,950,0.529906152624503,106.78362718750941,False,0.114,0.0,rolling
reactive_hpa_fixed_cpu,reactive_hpa,394,535.0,335.6570233530847,498.9912221581053,498.9912221581053,498.9912221581053,498.9912221581053,True,False,60,False,2,950,0.42062283628206104,93.39525691777226,False,0.114,0.0,rolling
reactive_hpa_fixed_cpu,reactive_hpa,395,676.0,424.11990240501916,462.01108679173285,462.01108679173285,462.01108679173285,462.01108679173285,True,False,60,False,2,950,0.5314785744423799,107.02276531010247,False,0.114,0.0,rolling
reactive_hpa_fixed_cpu,reactive_hpa,396,693.0,434.78563959567794,492.6639102029844,492.6639102029844,492.6639102029844,492.6639102029844,True,False,60,False,2,950,0.5448441598943332,109.11316390674105,False,0.114,0.0,rolling
reactive_hpa_fixed_cpu,reactive_hpa,397,549.0,344.4405716277449,498.99577381725294,498.99577381725294,498.99577381725294,498.99577381725294,True,False,60,False,2,950,0.4316297890071991,94.47460546491928,False,0.114,0.0,rolling
reactive_hpa_fixed_cpu,reactive_hpa,398,552.0,346.32276054374347,462.9374096354086,462.9374096354086,462.9374096354086,462.9374096354086,True,False,60,False,2,950,0.43398842173401436,94.71319310004843,False,0.114,0.0,rolling
reactive_hpa_fixed_cpu,reactive_hpa,399,621.0,389.61310561171143,457.933522681029,457.933522681029,457.933522681029,457.933522681029,True,False,60,False,2,950,0.4882369744507662,100.94905814440489,False,0.114,0.0,rolling
reactive_hpa_fixed_cpu,reactive_hpa,400,754.0,473.0568142209829,471.9494298363511,471.9494298363511,471.9494298363511,471.9494298363511,True,False,60,False,2,950,0.5928030253395776,117.49762307396959,False,0.114,0.0,rolling
reactive_hpa_fixed_cpu,reactive_hpa,401,699.0,438.55001742767513,508.7460779485127,508.7460779485127,508.7460779485127,508.7460779485127,True,False,60,False,2,950,0.5495614253479638,109.87591594267974,False,0.114,0.0,rolling
reactive_hpa_fixed_cpu,reactive_hpa,402,717.0,449.84315092366677,502.0572101268126,502.0572101268126,502.0572101268126,502.0572101268126,True,False,60,False,2,950,0.5637132217088556,112.24387052857179,False,0.114,0.0,rolling
reactive_hpa_fixed_cpu,reactive_hpa,403,648.0,406.55280585569886,510.1679536508177,510.1679536508177,510.1679536508177,510.1679536508177,True,False,60,False,2,950,0.5094646689921039,103.80206951493821,False,0.114,0.0,rolling
reactive_hpa_fixed_cpu,reactive_hpa,404,682.0,427.8842802370164,494.83972368981813,494.83972368981813,494.83972368981813,494.83972368981813,True,False,60,False,2,950,0.5361958398960105,107.74871175245367,False,0.114,0.0,rolling
reactive_hpa_fixed_cpu,reactive_hpa,405,545.0,341.9309864064134,503.0625488099772,503.0625488099772,503.0625488099772,503.0625488099772,True,False,60,False,2,950,0.4284849453714454,94.16052021926225,False,0.114,0.0,rolling
reactive_hpa_fixed_cpu,reactive_hpa,406,473.0,296.75845242244685,466.7993840493418,466.7993840493418,466.7993840493418,466.7993840493418,True,False,60,False,2,950,0.37187775992787825,89.25706096347191,False,0.114,0.0,rolling
reactive_hpa_fixed_cpu,reactive_hpa,407,812.0,509.4457999302893,440.49520133803117,440.49520133803117,440.49520133803117,440.49520133803117,True,False,60,False,2,950,0.6384032580580067,126.83362663403395,False,0.114,0.0,rolling
reactive_hpa_fixed_cpu,reactive_hpa,408,732.0,459.2540955036598,522.3816686950545,522.3816686950545,522.3816686950545,522.3816686950545,True,False,60,False,2,950,0.5755063853429321,114.31017591684568,False,0.114,0.0,rolling
reactive_hpa_fixed_cpu,reactive_hpa,409,901.0,565.2840711049146,512.1529586962401,512.1529586962401,512.1529586962401,512.1529586962401,True,False,60,False,2,950,0.708376028953527,143.98292270854228,False,0.114,0.0,rolling
reactive_hpa_fixed_cpu,reactive_hpa,410,726.0,455.4897176716626,564.5441208709644,564.5441208709644,564.5441208709644,564.5441208709644,True,False,60,False,2,950,0.5707891198893015,113.47337968674859,False,0.114,0.0,rolling
reactive_hpa_fixed_cpu,reactive_hpa,411,880.0,552.1087486929243,528.7168075772811,528.7168075772811,528.7168075772811,528.7168075772811,True,False,60,False,3,950,0.46124373324387996,97.66297852477976,False,0.17099999999999999,0.0,rolling
reactive_hpa_fixed_cpu,reactive_hpa,412,695.0,436.04043220634367,572.1982775919005,572.1982775919005,572.1982775919005,572.1982775919005,True,False,60,False,3,950,0.3642777211414734,88.70102343213303,False,0.17099999999999999,0.0,rolling
reactive_hpa_fixed_cpu,reactive_hpa,413,570.0,357.6158940397351,529.2711948448928,529.2711948448928,529.2711948448928,529.2711948448928,True,False,60,False,3,950,0.2987601453966041,84.79999175599224,False,0.17099999999999999,0.0,rolling
reactive_hpa_fixed_cpu,reactive_hpa,414,689.0,432.2760543743465,491.63458499859735,491.63458499859735,491.63458499859735,491.63458499859735,True,False,60,False,2,950,0.5416993162585796,108.61194406486209,False,0.114,0.0,rolling
reactive_hpa_fixed_cpu,reactive_hpa,415,865.0,542.6978041129313,513.1290607963083,513.1290607963083,513.1290607963083,513.1290607963083,True,False,60,False,2,950,0.6800724362317435,136.61584896409107,False,0.114,0.0,rolling
reactive_hpa_fixed_cpu,reactive_hpa,416,617.0,387.1035203903799,560.9182788270978,560.9182788270978,560.9182788270978,560.9182788270978,True,False,60,False,2,950,0.4850921308150124,100.54684731748986,False,0.114,0.0,rolling
reactive_hpa_fixed_cpu,reactive_hpa,417,673.0,422.23771348902056,501.9842872490399,501.9842872490399,501.9842872490399,501.9842872490399,True,False,60,False,2,950,0.5291199417155646,106.66458901901734,False,0.114,0.0,rolling
reactive_hpa_fixed_cpu,reactive_hpa,418,801.0,502.5444405716278,509.5200526664321,509.5200526664321,509.5200526664321,509.5200526664321,True,False,60,False,2,950,0.629754938059684,124.95595728276234,False,0.114,0.0,rolling
reactive_hpa_fixed_cpu,reactive_hpa,419,594.0,372.67340536772394,542.1207694471987,542.1207694471987,542.1207694471987,542.1207694471987,True,False,60,False,2,950,0.4670092799094285,98.33365423864743,False,0.114,0.0,rolling
reactive_hpa_fixed_cpu,reactive_hpa,420,733.0,459.8814918089927,490.32888497739395,490.32888497739395,490.32888497739395,490.32888497739395,True,False,60,False,2,950,0.5762925962518706,114.45098357703444,False,0.114,0.0,rolling
reactive_hpa_fixed_cpu,reactive_hpa,421,816.0,511.95538515162076,520.7692012970119,520.7692012970119,520.7692012970119,520.7692012970119,True,False,60,False,2,950,0.6415481016937603,127.52916426434645,False,0.114,0.0,rolling
reactive_hpa_fixed_cpu,reactive_hpa,422,745.0,467.4102474729871,545.5498305022011,545.5498305022011,545.5498305022011,545.5498305022011,True,False,60,False,2,950,0.5857271271591318,116.17083377962066,False,0.114,0.0,rolling
reactive_hpa_fixed_cpu,reactive_hpa,423,527.0,330.63785291042177,532.702567853748,532.702567853748,532.702567853748,532.702567853748,True,False,60,False,2,950,0.41433314901055357,92.80328895941068,False,0.114,0.0,rolling
reactive_hpa_fixed_cpu,reactive_hpa,424,618.0,387.7309166957128,475.37047130142673,475.37047130142673,475.37047130142673,475.37047130142673,True,False,60,False,2,950,0.48587834172395084,100.64691295696943,False,0.114,0.0,rolling
reactive_hpa_fixed_cpu,reactive_hpa,425,846.0,530.7772743116068,487.7866749706018,487.7866749706018,487.7866749706018,487.7866749706018,True,False,60,False,2,950,0.6651344289619132,132.96644082753403,False,0.114,0.0,rolling
reactive_hpa_fixed_cpu,reactive_hpa,426,682.0,427.8842802370164,545.8729983016833,545.8729983016833,545.8729983016833,545.8729983016833,True,False,60,False,2,950,0.5361958398960105,107.74871175245367,False,0.114,0.0,rolling
reactive_hpa_fixed_cpu,reactive_hpa,427,583.0,365.7720460090624,510.8664767914379,510.8664767914379,510.8664767914379,510.8664767914379,True,False,60,False,2,950,0.4583609599111058,97.33386324548542,False,0.114,0.0,rolling
reactive_hpa_fixed_cpu,reactive_hpa,428,639.0,400.906239107703,482.97191065794914,482.97191065794914,482.97191065794914,482.97191065794914,True,False,60,False,2,950,0.5023887708116579,102.82402719414719,False,0.114,0.0,rolling
reactive_hpa_fixed_cpu,reactive_hpa,429,649.0,407.18020216103173,490.8555287987724,490.8555287987724,490.8555287987724,490.8555287987724,True,False,60,False,2,950,0.5102508799010422,103.91243442233889,False,0.114,0.0,rolling
reactive_hpa_fixed_cpu,reactive_hpa,430,625.0,392.1226908330429,491.6555611632407,491.6555611632407,491.6555611632407,491.6555611632407,True,False,60,False,2,950,0.49138181808651993,101.35648394997068,False,0.114,0.0,rolling
reactive_hpa_fixed_cpu,reactive_hpa,431,470.0,294.87626350644825,483.99324035526206,483.99324035526206,483.99324035526206,483.99324035526206,True,False,60,False,2,950,0.369519127201063,89.08203717893245,False,0.114,0.0,rolling
reactive_hpa_fixed_cpu,reactive_hpa,432,434.0,272.289996514465,440.6196374375859,440.6196374375859,440.6196374375859,440.6196374375859,True,False,60,False,2,950,0.34121553447927944,87.15087012103051,False,0.114,0.0,rolling
reactive_hpa_fixed_cpu,reactive_hpa,433,678.0,425.3746950156849,421.0397725070511,421.0397725070511,421.0397725070511,421.0397725070511,True,False,60,False,2,950,0.5330509962602568,107.26332264588714,False,0.114,0.0,rolling
reactive_hpa_fixed_cpu,reactive_hpa,434,619.0,388.35831300104564,476.0841666392057,476.0841666392057,476.0841666392057,476.0841666392057,True,False,60,False,2,950,0.48666455263288927,100.74730295804383,False,0.114,0.0,rolling
reactive_hpa_fixed_cpu,reactive_hpa,435,816.0,511.95538515162076,466.490232470092,466.490232470092,466.490232470092,466.490232470092,True,False,60,False,2,950,0.6415481016937603,127.52916426434645,False,0.114,0.0,rolling
reactive_hpa_fixed_cpu,reactive_hpa,436,671.0,420.98292087835483,521.934690950186,521.934690950186,521.934690950186,521.934690950186,True,False,60,False,2,950,0.5275475198976878,106.42757184335741,False,0.114,0.0,rolling
reactive_hpa_fixed_cpu,reactive_hpa,437,544.0,341.30359010108054,494.9236283483915,494.9236283483915,494.9236283483915,494.9236283483915,True,False,60,False,2,950,0.42769873446250695,94.08271533758415,False,0.114,0.0,rolling
reactive_hpa_fixed_cpu,reactive_hpa,438,500.0,313.6981526664343,462.97671285090564,462.97671285090564,462.97671285090564,462.97671285090564,True,False,60,False,2,950,0.3931054544692159,90.934519782385,False,0.114,0.0,rolling
reactive_hpa_fixed_cpu,reactive_hpa,439,304.0,190.72847682119206,445.2655809532812,445.2655809532812,445.2655809532812,445.2655809532812,True,False,60,False,2,950,0.23900811631728328,82.45759577906803,False,0.114,0.0,rolling
reactive_hpa_fixed_cpu,reactive_hpa,440,770.0,483.0951551063088,387.66279313736504,387.66279313736504,387.66279313736504,387.66279313736504,True,False,60,False,2,950,0.6053823998825925,119.93575295849251,False,0.114,0.0,rolling
reactive_hpa_fixed_cpu,reactive_hpa,441,751.0,471.1746253049843,493.5363356224675,493.5363356224675,493.5363356224675,493.5363356224675,True,False,60,False,2,950,0.5904443926127623,117.05181719144377,False,0.114,0.0,rolling
reactive_hpa_fixed_cpu,reactive_hpa,442,620.0,388.9857093063785,502.10051109584674,502.10051109584674,502.10051109584674,502.10051109584674,True,False,60,False,2,950,0.4874507635418277,100.84801784557,False,0.114,0.0,rolling
reactive_hpa_fixed_cpu,reactive_hpa,443,710.0,445.4513767863367,476.85886384270407,476.85886384270407,476.85886384270407,476.85886384270407,True,False,60,False,2,950,0.5582097453462866,111.30867927866556,False,0.114,0.0,rolling
reactive_hpa_fixed_cpu,reactive_hpa,444,788.0,494.38828860230046,501.13765456472674,501.13765456472674,501.13765456472674,501.13765456472674,True,False,60,False,2,950,0.6195341962434843,122.80242294385258,False,0.114,0.0,rolling
reactive_hpa_fixed_cpu,reactive_hpa,445,448.0,281.07354478912515,527.5789168732244,527.5789168732244,527.5789168732244,527.5789168732244,True,False,60,False,2,950,0.35222248720441746,87.86545306051922,False,0.114,0.0,rolling
reactive_hpa_fixed_cpu,reactive_hpa,446,671.0,420.98292087835483,443.85752880838754,443.85752880838754,443.85752880838754,443.85752880838754,True,False,60,False,2,950,0.5275475198976878,106.42757184335741,False,0.114,0.0,rolling
reactive_hpa_fixed_cpu,reactive_hpa,447,560.0,351.3419309864064,490.03639873216616,490.03639873216616,490.03639873216616,490.03639873216616,True,False,60,False,2,950,0.4402781090055218,95.36221300882657,False,0.114,0.0,rolling
reactive_hpa_fixed_cpu,reactive_hpa,448,642.0,402.78842802370167,462.7211697016169,462.7211697016169,462.7211697016169,462.7211697016169,True,False,60,False,2,950,0.5047474035384732,103.14700395391046,False,0.114,0.0,rolling
reactive_hpa_fixed_cpu,reactive_hpa,449,699.0,438.55001742767513,480.6308647192004,480.6308647192004,480.6308647192004,480.6308647192004,True,False,60,False,2,950,0.5495614253479638,109.87591594267974,False,0.114,0.0,rolling
reactive_hpa_fixed_cpu,reactive_hpa,450,518.0,324.9912861624259,498.046235103639,498.046235103639,498.046235103639,498.046235103639,True,False,60,False,2,950,0.40725725083010766,92.15847149275145,False,0.114,0.0,rolling
reactive_hpa_fixed_cpu,reactive_hpa,451,716.0,449.2157546183339,453.05014632122493,453.05014632122493,453.05014632122493,453.05014632122493,True,False,60,False,2,950,0.5629270107999171,112.10914701014227,False,0.114,0.0,rolling
reactive_hpa_fixed_cpu,reactive_hpa,452,841.0,527.6402927849425,498.85349232389717,498.85349232389717,498.85349232389717,498.85349232389717,True,False,60,False,2,950,0.6612033744172212,132.0328589639875,False,0.114,0.0,rolling
reactive_hpa_fixed_cpu,reactive_hpa,453,751.0,471.1746253049843,539.3765524725209,539.3765524725209,539.3765524725209,539.3765524725209,True,False,60,False,2,950,0.5904443926127623,117.05181719144377,False,0.114,0.0,rolling
reactive_hpa_fixed_cpu,reactive_hpa,454,680.0,426.6294876263507,526.0225866046694,526.0225866046694,526.0225866046694,526.0225866046694,True,False,60,False,2,950,0.5346234180781337,107.50530339371903,False,0.114,0.0,rolling
reactive_hpa_fixed_cpu,reactive_hpa,455,659.0,413.4541652143604,510.3768964802616,510.3768964802616,510.3768964802616,510.3768964802616,True,False,60,False,2,950,0.5181129889904266,105.03490486655667,False,0.114,0.0,rolling
reactive_hpa_fixed_cpu,reactive_hpa,456,451.0,282.95573370512375,504.18904832473845,504.18904832473845,504.18904832473845,504.18904832473845,True,False,60,False,2,950,0.35458111993123276,88.02452486779086,False,0.114,0.0,rolling
reactive_hpa_fixed_cpu,reactive_hpa,457,464.0,291.11188567445106,446.3980289326428,446.3980289326428,446.3980289326428,446.3980289326428,True,False,60,False,2,950,0.3648018617474324,88.73863587340576,False,0.114,0.0,rolling
reactive_hpa_fixed_cpu,reactive_hpa,458,429.0,269.15301498780065,436.173220355955,436.173220355955,436.173220355955,436.173220355955,True,False,60,False,2,950,0.33728447993458727,86.90655664648635,False,0.114,0.0,rolling
reactive_hpa_fixed_cpu,reactive_hpa,459,482.0,302.40501917044264,416.97335875711633,416.97335875711633,416.97335875711633,416.97335875711633,True,False,60,False,2,950,0.3789536581083241,89.79559489784636,False,0.114,0.0,rolling
reactive_hpa_fixed_cpu,reactive_hpa,460,697.0,437.2952248170094,421.0075014845229,421.0075014845229,421.0075014845229,421.0075014845229,True,False,60,False,2,950,0.547989003530087,109.62020336247669,False,0.114,0.0,rolling
reactive_hpa_fixed_cpu,reactive_hpa,461,809.0,507.5636110142907,474.4428239008562,474.4428239008562,474.4428239008562,474.4428239008562,True,False,60,False,2,950,0.6360446253311913,126.31645017865074,False,0.114,0.0,rolling
reactive_hpa_fixed_cpu,reactive_hpa,462,885.0,555.2457302195887,514.3695444525815,514.3695444525815,514.3695444525815,514.3695444525815,True,False,60,False,2,950,0.6957966544105122,140.63445993643407,False,0.114,0.0,rolling
reactive_hpa_fixed_cpu,reactive_hpa,463,648.0,406.55280585569886,549.4247374079982,549.4247374079982,549.4247374079982,549.4247374079982,True,False,60,False,2,950,0.5094646689921039,103.80206951493821,False,0.114,0.0,rolling
reactive_hpa_fixed_cpu,reactive_hpa,464,552.0,346.32276054374347,499.0833149865739,499.0833149865739,499.0833149865739,499.0833149865739,True,False,60,False,2,950,0.43398842173401436,94.71319310004843,False,0.114,0.0,rolling
reactive_hpa_fixed_cpu,reactive_hpa,465,458.0,287.3475078424538,471.63827938033273,471.63827938033273,471.63827938033273,471.63827938033273,True,False,60,False,2,950,0.36008459629380174,88.4040017783644,False,0.114,0.0,rolling
reactive_hpa_fixed_cpu,reactive_hpa,466,678.0,425.3746950156849,439.63178290543283,439.63178290543283,439.63178290543283,439.63178290543283,True,False,60,False,2,950,0.5330509962602568,107.26332264588714,False,0.114,0.0,rolling
reactive_hpa_fixed_cpu,reactive_hpa,467,555.0,348.20494945974207,487.3165776872056,487.3165776872056,487.3165776872056,487.3165776872056,True,False,60,False,2,950,0.43634705446082966,94.95438822450296,False,0.114,0.0,rolling
reactive_hpa_fixed_cpu,reactive_hpa,468,719.0,451.09794353433256,458.3619084636648,458.3619084636648,458.3619084636648,458.3619084636648,True,False,60,False,2,950,0.5652856435267325,112.51444705758622,False,0.114,0.0,rolling
reactive_hpa_fixed_cpu,reactive_hpa,469,500.0,313.6981526664343,499.1525531878938,499.1525531878938,499.1525531878938,499.1525531878938,True,False,60,False,2,950,0.3931054544692159,90.934519782385,False,0.114,0.0,rolling
reactive_hpa_fixed_cpu,reactive_hpa,470,618.0,387.7309166957128,446.86557343365985,446.86557343365985,446.86557343365985,446.86557343365985,True,False,60,False,2,950,0.48587834172395084,100.64691295696943,False,0.114,0.0,rolling
reactive_hpa_fixed_cpu,reactive_hpa,471,742.0,465.5280585569885,470.23041989826015,470.23041989826015,470.23041989826015,470.23041989826015,True,False,60,False,2,950,0.5833684944323164,115.73562790804803,False,0.114,0.0,rolling
reactive_hpa_fixed_cpu,reactive_hpa,472,693.0,434.78563959567794,504.0378561759085,504.0378561759085,504.0378561759085,504.0378561759085,True,False,60,False,2,950,0.5448441598943332,109.11316390674105,False,0.114,0.0,rolling
reactive_hpa_fixed_cpu,reactive_hpa,473,625.0,392.1226908330429,497.8855543108716,497.8855543108716,497.8855543108716,497.8855543108716,True,False,60,False,2,950,0.49138181808651993,101.35648394997068,False,0.114,0.0,rolling
reactive_hpa_fixed_cpu,reactive_hpa,474,486.0,304.91460439177416,483.195688524615,483.195688524615,483.195688524615,483.195688524615,True,False,60,False,2,950,0.3820985017440779,90.04149807661456,False,0.114,0.0,rolling
reactive_hpa_fixed_cpu,reactive_hpa,475,622.0,390.2405019170443,445.4300668367646,445.4300668367646,445.4300668367646,445.4300668367646,True,False,60,False,2,950,0.4890231853597046,101.05042437940546,False,0.114,0.0,rolling
reactive_hpa_fixed_cpu,reactive_hpa,476,551.0,345.6953642384106,472.82286673564477,472.82286673564477,472.82286673564477,472.82286673564477,True,False,60,False,2,950,0.43320221082507593,94.63337486711183,False,0.114,0.0,rolling
reactive_hpa_fixed_cpu,reactive_hpa,477,593.0,372.0460090623911,454.13772794613124,454.13772794613124,454.13772794613124,454.13772794613124,True,False,60,False,2,950,0.4662230690004901,98.24121582035879,False,0.114,0.0,rolling
reactive_hpa_fixed_cpu,reactive_hpa,478,648.0,406.55280585569886,462.0633706647991,462.0633706647991,462.0633706647991,462.0633706647991,True,False,60,False,2,950,0.5094646689921039,103.80206951493821,False,0.114,0.0,rolling
reactive_hpa_fixed_cpu,reactive_hpa,479,454.0,284.83792262112235,476.290195443481,476.290195443481,476.290195443481,476.290195443481,True,False,60,False,2,950,0.35693975265804806,88.18572706942075,False,0.114,0.0,rolling
reactive_hpa_fixed_cpu,reactive_hpa,480,484.0,303.65981178110843,428.4132917462548,428.4132917462548,428.4132917462548,428.4132917462548,True,False,60,False,2,950,0.380526079926201,89.91803842570329,False,0.114,0.0,rolling
reactive_hpa_fixed_cpu,reactive_hpa,481,603.0,378.3199721157198,427.6311770241455,427.6311770241455,427.6311770241455,427.6311770241455,True,False,60,False,2,950,0.47408517808987444,99.17969241234076,False,0.114,0.0,rolling
reactive_hpa_fixed_cpu,reactive_hpa,482,759.0,476.1937957476473,453.5595709029708,453.5595709029708,453.5595709029708,453.5595709029708,True,False,60,False,2,950,0.5967340798842699,118.24855471907122,False,0.114,0.0,rolling
reactive_hpa_fixed_cpu,reactive_hpa,483,789.0,495.01568490763333,498.7661438173973,498.7661438173973,498.7661438173973,498.7661438173973,True,False,60,False,2,950,0.6203204071524228,122.96558321180896,False,0.114,0.0,rolling
reactive_hpa_fixed_cpu,reactive_hpa,484,883.0,553.990937608923,518.7100933140377,518.7100933140377,518.7100933140377,518.7100933140377,True,False,60,False,2,950,0.6942242325926353,140.2243071491107,False,0.114,0.0,rolling
reactive_hpa_fixed_cpu,reactive_hpa,485,899.0,564.0292784942488,556.478219618562,556.478219618562,556.478219618562,556.478219618562,True,False,60,False,2,950,0.7068036071356502,143.55778840445083,False,0.114,0.0,rolling
reactive_hpa_fixed_cpu,reactive_hpa,486,855.0,536.4238410596026,574.8231640317817,574.8231640317817,574.8231640317817,574.8231640317817,True,False,60,False,2,950,0.6722103271423592,134.67490609559903,False,0.114,0.0,rolling
reactive_hpa_fixed_cpu,reactive_hpa,487,799.0,501.28964796096204,574.024865632703,574.024865632703,574.024865632703,574.024865632703,True,False,60,False,3,950,0.4187883441612047,93.22075515854671,False,0.17099999999999999,0.0,rolling
reactive_hpa_fixed_cpu,reactive_hpa,488,957.0,600.4182642035553,564.307386429582,564.307386429582,564.307386429582,564.307386429582,True,False,60,False,3,950,0.5016025599027195,102.7170397412169,False,0.17099999999999999,0.0,rolling
reactive_hpa_fixed_cpu,reactive_hpa,489,887.0,556.5005228302545,610.2308817840403,610.2308817840403,610.2308817840403,610.2308817840403,True,False,60,False,3,950,0.4649127174855927,98.08784317551374,False,0.17099999999999999,0.0,rolling
reactive_hpa_fixed_cpu,reactive_hpa,490,646.0,405.29801324503313,600.3905318667858,600.3905318667858,600.3905318667858,600.3905318667858,True,False,60,False,3,950,0.33859483144948466,86.98736577694514,False,0.17099999999999999,0.0,rolling
reactive_hpa_fixed_cpu,reactive_hpa,491,773.0,484.9773440223074,536.751641949787,536.751641949787,536.751641949787,536.751641949787,True,False,60,False,3,950,0.40516068840627184,91.97166088230082,False,0.17099999999999999,0.0,rolling
reactive_hpa_fixed_cpu,reactive_hpa,492,630.0,395.2596723597072,559.6659223244765,559.6659223244765,559.6659223244765,559.6659223244765,True,False,60,False,3,950,0.33020858175414136,86.48093361309871,False,0.17099999999999999,0.0,rolling
reactive_hpa_fixed_cpu,reactive_hpa,493,692.0,434.15824329034507,517.3872463017597,517.3872463017597,517.3872463017597,517.3872463017597,True,False,60,False,2,950,0.5440579489853948,108.98731466961462,False,0.114,0.0,rolling
reactive_hpa_fixed_cpu,reactive_hpa,494,772.0,484.34994771697455,523.7796301246949,523.7796301246949,523.7796301246949,523.7796301246949,True,False,60,False,2,950,0.6069548217004693,120.24774962339495,False,0.114,0.0,rolling
reactive_hpa_fixed_cpu,reactive_hpa,495,686.0,430.3938654583479,541.0617500855151,541.0617500855151,541.0617500855151,541.0617500855151,True,False,60,False,2,950,0.5393406835317642,108.23982809805372,False,0.114,0.0,rolling
reactive_hpa_fixed_cpu,reactive_hpa,496,552.0,346.32276054374347,518.5387679004066,518.5387679004066,518.5387679004066,518.5387679004066,True,False,60,False,2,950,0.43398842173401436,94.71319310004843,False,0.114,0.0,rolling
reactive_hpa_fixed_cpu,reactive_hpa,497,581.0,364.5172533983967,478.8194729584093,478.8194729584093,478.8194729584093,478.8194729584093,True,False,60,False,2,950,0.45678853809322895,97.1560814251522,False,0.114,0.0,rolling
reactive_hpa_fixed_cpu,reactive_hpa,498,754.0,473.0568142209829,476.2233173617192,476.2233173617192,476.2233173617192,476.2233173617192,True,False,60,False,2,950,0.5928030253395776,117.49762307396959,False,0.114,0.0,rolling
reactive_hpa_fixed_cpu,reactive_hpa,499,790.0,495.6430812129662,516.4387672336616,516.4387672336616,516.4387672336616,516.4387672336616,True,False,60,False,2,950,0.6211066180613611,123.1291575918985,False,0.114,0.0,rolling
reactive_hpa_fixed_cpu,reactive_hpa,500,816.0,511.95538515162076,531.6899320662355,531.6899320662355,531.6899320662355,531.6899320662355,True,False,60,False,2,950,0.6415481016937603,127.52916426434645,False,0.114,0.0,rolling
reactive_hpa_fixed_cpu,reactive_hpa,501,696.0,436.66782851167653,546.2558193271375,546.2558193271375,546.2558193271375,546.2558193271375,True,False,60,False,2,950,0.5472027926211486,109.4928960727444,False,0.114,0.0,rolling
reactive_hpa_fixed_cpu,reactive_hpa,502,862.0,540.8156151969328,519.828717735988,519.828717735988,519.828717735988,519.828717735988,True,False,60,False,2,950,0.6777138035049283,136.02882297129034,False,0.114,0.0,rolling
reactive_hpa_fixed_cpu,reactive_hpa,503,579.0,363.2624607877309,564.7609147103667,564.7609147103667,564.7609147103667,564.7609147103667,True,False,60,False,2,950,0.455216116275352,96.97951937236975,False,0.114,0.0,rolling
reactive_hpa_fixed_cpu,reactive_hpa,504,563.0,353.22411990240505,494.8725967836622,494.8725967836622,494.8725967836622,494.8725967836622,True,False,60,False,2,950,0.44263674173233714,95.61043071926616,False,0.114,0.0,rolling
reactive_hpa_fixed_cpu,reactive_hpa,505,756.0,474.31160683164865,480.36335239215305,480.36335239215305,480.36335239215305,480.36335239215305,True,False,60,False,2,950,0.5943754471574545,117.7968048315917,False,0.114,0.0,rolling
reactive_hpa_fixed_cpu,reactive_hpa,506,648.0,406.55280585569886,523.7766197681158,523.7766197681158,523.7766197681158,523.7766197681158,True,False,60,False,2,950,0.5094646689921039,103.80206951493821,False,0.114,0.0,rolling
reactive_hpa_fixed_cpu,reactive_hpa,507,725.0,454.86232136632975,498.7199769888998,498.7199769888998,498.7199769888998,498.7199769888998,True,False,60,False,2,950,0.5700029089803631,113.33525037157344,False,0.114,0.0,rolling
reactive_hpa_fixed_cpu,reactive_hpa,508,641.0,402.1610317183688,517.2602333369732,517.2602333369732,517.2602333369732,517.2602333369732,True,False,60,False,2,950,0.5039611926295349,103.03900877563703,False,0.114,0.0,rolling
reactive_hpa_fixed_cpu,reactive_hpa,509,502.0,314.9529452771,496.26184022064945,496.26184022064945,496.26184022064945,496.26184022064945,True,False,60,False,2,950,0.3946778762870927,91.06625957653243,False,0.114,0.0,rolling
reactive_hpa_fixed_cpu,reactive_hpa,510,677.0,424.747298710352,455.93830650609016,455.93830650609016,455.93830650609016,455.93830650609016,True,False,60,False,2,950,0.5322647853513184,107.1428663139174,False,0.114,0.0,rolling
reactive_hpa_fixed_cpu,reactive_hpa,511,657.0,412.19937260369466,492.10039553422484,492.10039553422484,492.10039553422484,492.10039553422484,True,False,60,False,2,950,0.5165405671725497,104.80766052729744,False,0.114,0.0,rolling
reactive_hpa_fixed_cpu,reactive_hpa,512,718.0,450.47054722899964,488.75572079484846,488.75572079484846,488.75572079484846,488.75572079484846,True,False,60,False,2,950,0.564499432617794,112.37897036943411,False,0.114,0.0,rolling
reactive_hpa_fixed_cpu,reactive_hpa,513,584.0,366.3994423143953,505.8111488638342,505.8111488638342,505.8111488638342,505.8111488638342,True,False,60,False,2,950,0.4591471708200442,97.42321288062593,False,0.114,0.0,rolling
reactive_hpa_fixed_cpu,reactive_hpa,514,468.0,293.6214708957825,474.2477527945289,474.2477527945289,474.2477527945289,474.2477527945289,True,False,60,False,2,950,0.36794670538318613,88.9665889444992,False,0.114,0.0,rolling
reactive_hpa_fixed_cpu,reactive_hpa,515,590.0,370.1638201463925,439.70819779683734,439.70819779683734,439.70819779683734,439.70819779683734,True,False,60,False,2,950,0.4638644362736748,97.96576590709158,False,0.114,0.0,rolling
reactive_hpa_fixed_cpu,reactive_hpa,516,761.0,477.44858835831303,461.4353139509831,461.4353139509831,461.4353139509831,461.4353139509831,True,False,60,False,2,950,0.5983065017021466,118.55171226808619,False,0.114,0.0,rolling
reactive_hpa_fixed_cpu,reactive_hpa,517,632.0,396.51446497037296,506.99698852748315,506.99698852748315,506.99698852748315,506.99698852748315,True,False,60,False,2,950,0.4968852944490889,102.08212868705203,False,0.114,0.0,rolling
reactive_hpa_fixed_cpu,reactive_hpa,518,489.0,306.79679330777276,480.99950094445376,480.99950094445376,480.99950094445376,480.99950094445376,True,False,60,False,2,950,0.3844571344708932,90.22860196870496,False,0.114,0.0,rolling
reactive_hpa_fixed_cpu,reactive_hpa,519,472.0,296.131056117114,443.37428228745375,443.37428228745375,443.37428228745375,443.37428228745375,True,False,60,False,2,950,0.3710915490189398,89.19847214443088,False,0.114,0.0,rolling
reactive_hpa_fixed_cpu,reactive_hpa,520,471.0,295.5036598117811,431.2097685111462,431.2097685111462,431.2097685111462,431.2097685111462,True,False,60,False,2,950,0.3703053381100014,89.14013105787005,False,0.114,0.0,rolling
reactive_hpa_fixed_cpu,reactive_hpa,521,483.0,303.03241547577557,423.313940364038,423.313940364038,423.313940364038,423.313940364038,True,False,60,False,2,950,0.3797398690172626,89.85668990882151,False,0.114,0.0,rolling
reactive_hpa_fixed_cpu,reactive_hpa,522,629.0,394.63227605437436,420.67409847267163,420.67409847267163,420.67409847267163,420.67409847267163,True,False,60,False,2,950,0.4945266617222736,101.76915832503202,False,0.114,0.0,rolling
reactive_hpa_fixed_cpu,reactive_hpa,523,614.0,385.2213314743813,455.52911475700284,455.52911475700284,455.52911475700284,455.52911475700284,True,False,60,False,2,950,0.48273349808819715,100.24859132005062,False,0.114,0.0,rolling
reactive_hpa_fixed_cpu,reactive_hpa,524,792.0,496.8978738236319,457.4739255213808,457.4739255213808,457.4739255213808,457.4739255213808,True,False,60,False,2,950,0.622679039879238,123.45755078790502,False,0.114,0.0,rolling
reactive_hpa_fixed_cpu,reactive_hpa,525,716.0,449.2157546183339,510.3536806103234,510.3536806103234,510.3536806103234,510.3536806103234,True,False,60,False,2,950,0.5629270107999171,112.10914701014227,False,0.114,0.0,rolling
reactive_hpa_fixed_cpu,reactive_hpa,526,672.0,421.6103171836877,502.4891360887855,502.4891360887855,502.4891360887855,502.4891360887855,True,False,60,False,2,950,0.5283337308066262,106.54590407925232,False,0.114,0.0,rolling
reactive_hpa_fixed_cpu,reactive_hpa,527,626.0,392.75008713837576,495.95073793033635,495.95073793033635,495.95073793033635,495.95073793033635,True,False,60,False,2,950,0.49216802899545836,101.45915917820344,False,0.114,0.0,rolling
reactive_hpa_fixed_cpu,reactive_hpa,528,546.0,342.5583827117463,485.31213777970834,485.31213777970834,485.31213777970834,485.31213777970834,True,False,60,False,2,950,0.4292711562803838,94.23861114797788,False,0.114,0.0,rolling
reactive_hpa_fixed_cpu,reactive_hpa,529,645.0,404.67061693970027,462.80887945090626,462.80887945090626,462.80887945090626,462.80887945090626,True,False,60,False,2,950,0.5071060362652886,103.47301333712826,False,0.114,0.0,rolling
reactive_hpa_fixed_cpu,reactive_hpa,530,609.0,382.084349947717,483.6372957933463,483.6372957933463,483.6372957933463,483.6372957933463,True,False,60,False,2,950,0.478802443543505,99.75793623623306,False,0.114,0.0,rolling
reactive_hpa_fixed_cpu,reactive_hpa,531,652.0,409.0623910770303,475.0580203713662,475.0580203713662,475.0580203713662,475.0580203713662,True,False,60,False,2,950,0.5126095126278576,104.24557503693029,False,0.114,0.0,rolling
reactive_hpa_fixed_cpu,reactive_hpa,532,820.0,514.4649703729523,485.52204392325757,485.52204392325757,485.52204392325757,485.52204392325757,True,False,60,False,2,950,0.6446929453295142,128.23155442699237,False,0.114,0.0,rolling
reactive_hpa_fixed_cpu,reactive_hpa,533,803.0,503.7992331822935,532.9573403517525,532.9573403517525,532.9573403517525,532.9573403517525,True,False,60,False,2,950,0.6313273598775608,125.2935475470959,False,0.114,0.0,rolling
reactive_hpa_fixed_cpu,reactive_hpa,534,739.0,463.64586964098993,538.937016329116,538.937016329116,538.937016329116,538.937016329116,True,False,60,False,2,950,0.5810098617055012,115.30392703118457,False,0.114,0.0,rolling
reactive_hpa_fixed_cpu,reactive_hpa,535,663.0,415.9637504356919,528.2031925791771,528.2031925791771,528.2031925791771,528.2031925791771,True,False,60,False,2,950,0.5212578326261803,105.49354831268778,False,0.114,0.0,rolling
reactive_hpa_fixed_cpu,reactive_hpa,536,729.0,457.3719065876612,509.22337600484616,509.22337600484616,509.22337600484616,509.22337600484616,True,False,60,False,2,950,0.5731477526161168,113.89005600857413,False,0.114,0.0,rolling
reactive_hpa_fixed_cpu,reactive_hpa,537,474.0,297.3858487277797,524.2026695140462,524.2026695140462,524.2026695140462,524.2026695140462,True,False,60,False,2,950,0.3726639708368167,89.31589803985008,False,0.114,0.0,rolling
reactive_hpa_fixed_cpu,reactive_hpa,538,897.0,562.7744858835831,457.0522588546296,457.0522588546296,457.0522588546296,457.0522588546296,True,False,60,False,2,950,0.7052311853177733,143.13454148594997,False,0.114,0.0,rolling
reactive_hpa_fixed_cpu,reactive_hpa,539,834.0,523.2485186476124,559.0551089331457,559.0551089331457,559.0551089331457,559.0551089331457,True,False,60,False,2,950,0.6556998980546521,130.74436865619987,False,0.114,0.0,rolling
reactive_hpa_fixed_cpu,reactive_hpa,540,733.0,459.8814918089927,554.7014349170045,554.7014349170045,554.7014349170045,554.7014349170045,True,False,60,False,3,950,0.38419506416791366,90.20769883763982,False,0.17099999999999999,0.0,rolling
reactive_hpa_fixed_cpu,reactive_hpa,541,767.0,481.2129661903102,534.0335789530686,534.0335789530686,534.0335789530686,534.0335789530686,True,False,60,False,3,950,0.40201584477051816,91.69504820677932,False,0.17099999999999999,0.0,rolling
reactive_hpa_fixed_cpu,reactive_hpa,542,771.0,483.7225514116417,543.1223752882051,543.1223752882051,543.1223752882051,543.1223752882051,True,False,60,False,3,950,0.404112407194354,91.87897746921176,False,0.17099999999999999,0.0,rolling
reactive_hpa_fixed_cpu,reactive_hpa,543,760.0,476.82119205298017,545.1694177620102,545.1694177620102,545.1694177620102,545.1694177620102,True,False,60,False,2,950,0.5975202907932082,118.39993404793788,False,0.114,0.0,rolling
reactive_hpa_fixed_cpu,reactive_hpa,544,897.0,562.7744858835831,543.1198465886787,543.1198465886787,543.1198465886787,543.1198465886787,True,False,60,False,2,950,0.7052311853177733,143.13454148594997,False,0.114,0.0,rolling
reactive_hpa_fixed_cpu,reactive_hpa,545,833.0,522.6211223422796,582.062710361788,582.062710361788,582.062710361788,582.062710361788,True,False,60,False,2,950,0.6549136871457137,130.5620537338695,False,0.114,0.0,rolling
reactive_hpa_fixed_cpu,reactive_hpa,546,833.0,522.6211223422796,572.376009044332,572.376009044332,572.376009044332,572.376009044332,True,False,60,False,3,950,0.4366091247638092,94.98134925447987,False,0.17099999999999999,0.0,rolling
reactive_hpa_fixed_cpu,reactive_hpa,547,932.0,584.7333565702336,575.1199851904835,575.1199851904835,575.1199851904835,575.1199851904835,True,False,60,False,3,950,0.48849904475374567,100.9828106483567,False,0.17099999999999999,0.0,rolling
reactive_hpa_fixed_cpu,reactive_hpa,548,974.0,611.084001394214,606.0111325113912,606.0111325113912,606.0111325113912,606.0111325113912,True,False,60,False,3,950,0.5105129502040218,103.94929839492254,False,0.17099999999999999,0.0,rolling
reactive_hpa_fixed_cpu,reactive_hpa,549,782.0,490.62391077030327,624.6325721556905,624.6325721556905,624.6325721556905,624.6325721556905,True,False,60,False,3,950,0.4098779538599025,92.3947046811622,False,0.17099999999999999,0.0,rolling
reactive_hpa_fixed_cpu,reactive_hpa,550,783.0,491.25130707563613,577.6582937751491,577.6582937751491,577.6582937751491,577.6582937751491,True,False,60,False,3,950,0.41040209446586146,92.44231553068904,False,0.17099999999999999,0.0,rolling
reactive_hpa_fixed_cpu,reactive_hpa,551,882.0,553.3635413035901,572.872958708414,572.872958708414,572.872958708414,572.872958708414,True,False,60,False,3,950,0.4622920144557979,97.78368183434287,False,0.17099999999999999,0.0,rolling
reactive_hpa_fixed_cpu,reactive_hpa,552,904.0,567.1662600209132,596.4280356259624,596.4280356259624,596.4280356259624,596.4280356259624,True,False,60,False,3,950,0.4738231077868949,99.14790287338027,False,0.17099999999999999,0.0,rolling
reactive_hpa_fixed_cpu,reactive_hpa,553,674.0,422.86510979435343,605.045072960871,605.045072960871,605.045072960871,605.045072960871,True,False,60,False,2,950,0.529906152624503,106.78362718750941,False,0.114,0.0,rolling
reactive_hpa_fixed_cpu,reactive_hpa,554,700.0,439.17741373300805,543.8037996034559,543.8037996034559,543.8037996034559,543.8037996034559,True,False,60,False,3,950,0.3668984241712682,88.89016956529316,False,0.17099999999999999,0.0,rolling
reactive_hpa_fixed_cpu,reactive_hpa,555,927.0,581.5963750435692,539.5205920141188,539.5205920141188,539.5205920141188,539.5205920141188,True,False,60,False,3,950,0.4858783417239509,100.64691295696944,False,0.17099999999999999,0.0,rolling
reactive_hpa_fixed_cpu,reactive_hpa,556,600.0,376.43778319972114,595.9273531197223,595.9273531197223,595.9273531197223,595.9273531197223,True,False,60,False,3,950,0.31448436357537274,85.59847412858112,False,0.17099999999999999,0.0,rolling
reactive_hpa_fixed_cpu,reactive_hpa,557,594.0,372.67340536772394,512.5288197772834,512.5288197772834,512.5288197772834,512.5288197772834,True,False,60,False,3,950,0.311339519939619,85.43219384848813,False,0.17099999999999999,0.0,rolling
reactive_hpa_fixed_cpu,reactive_hpa,558,530.0,332.52004182642037,497.9400778892327,497.9400778892327,497.9400778892327,497.9400778892327,True,False,60,False,3,950,0.27779452115824593,83.85872237426283,False,0.17099999999999999,0.0,rolling
reactive_hpa_fixed_cpu,reactive_hpa,559,613.0,384.59393516904845,470.1465152396868,470.1465152396868,470.1465152396868,470.1465152396868,True,False,60,False,3,950,0.32129819145283917,85.97031640840915,False,0.17099999999999999,0.0,rolling
reactive_hpa_fixed_cpu,reactive_hpa,560,730.0,457.9993028929941,481.0344933293295,481.0344933293295,481.0344933293295,481.0344933293295,True,False,60,False,2,950,0.5739339635250552,114.02971265747249,False,0.114,0.0,rolling
reactive_hpa_fixed_cpu,reactive_hpa,561,849.0,532.6594632276054,509.0964834543229,509.0964834543229,509.0964834543229,509.0964834543229,True,False,60,False,2,950,0.6674930616887286,133.5319140945583,False,0.114,0.0,rolling
reactive_hpa_fixed_cpu,reactive_hpa,562,967.0,606.6922272568839,546.2499912768003,546.2499912768003,546.2499912768003,546.2499912768003,True,False,60,False,2,950,0.7602659489434636,159.09865956976404,False,0.114,0.0,rolling
reactive_hpa_fixed_cpu,reactive_hpa,563,860.0,539.560822586267,590.3928727561324,590.3928727561324,590.3928727561324,590.3928727561324,True,False,60,False,2,950,0.6761413816870514,135.63973531763736,False,0.114,0.0,rolling
reactive_hpa_fixed_cpu,reactive_hpa,564,834.0,523.2485186476124,575.7046686867075,575.7046686867075,575.7046686867075,575.7046686867075,True,False,60,False,3,950,0.4371332653697681,95.03536849072589,False,0.17099999999999999,0.0,rolling
reactive_hpa_fixed_cpu,reactive_hpa,565,782.0,490.62391077030327,574.3271776818051,574.3271776818051,574.3271776818051,574.3271776818051,True,False,60,False,3,950,0.4098779538599025,92.3947046811622,False,0.17099999999999999,0.0,rolling
reactive_hpa_fixed_cpu,reactive_hpa,566,673.0,422.23771348902056,561.781047022675,561.781047022675,561.781047022675,561.781047022675,True,False,60,False,3,950,0.3527466278103764,87.90061896859773,False,0.17099999999999999,0.0,rolling
reactive_hpa_fixed_cpu,reactive_hpa,567,361.0,226.49006622516558,530.8736678590926,530.8736678590926,530.8736678590926,530.8736678590926,True,False,60,False,2,950,0.2838221381267739,84.11539293179385,False,0.114,0.0,rolling
reactive_hpa_fixed_cpu,reactive_hpa,568,682.0,427.8842802370164,441.19206276181967,441.19206276181967,441.19206276181967,441.19206276181967,True,False,60,False,2,950,0.5361958398960105,107.74871175245367,False,0.114,0.0,rolling
reactive_hpa_fixed_cpu,reactive_hpa,569,699.0,438.55001742767513,502.24756099402384,502.24756099402384,502.24756099402384,502.24756099402384,True,False,60,False,2,950,0.5495614253479638,109.87591594267974,False,0.114,0.0,rolling
reactive_hpa_fixed_cpu,reactive_hpa,570,726.0,455.4897176716626,506.4371344523238,506.4371344523238,506.4371344523238,506.4371344523238,True,False,60,False,2,950,0.5707891198893015,113.47337968674859,False,0.114,0.0,rolling
reactive_hpa_fixed_cpu,reactive_hpa,571,731.0,458.62669919832695,514.8404364701146,514.8404364701146,514.8404364701146,514.8404364701146,True,False,60,False,2,950,0.5747201744339937,114.16975245194403,False,0.114,0.0,rolling
reactive_hpa_fixed_cpu,reactive_hpa,572,657.0,412.19937260369466,518.5402369544172,518.5402369544172,518.5402369544172,518.5402369544172,True,False,60,False,2,950,0.5165405671725497,104.80766052729744,False,0.114,0.0,rolling
reactive_hpa_fixed_cpu,reactive_hpa,573,728.0,456.74451028232835,500.2656867194437,500.2656867194437,500.2656867194437,500.2656867194437,True,False,60,False,2,950,0.5723615417071783,113.75078198039199,False,0.114,0.0,rolling
reactive_hpa_fixed_cpu,reactive_hpa,574,857.0,537.6786336702684,517.3497011345048,517.3497011345048,517.3497011345048,517.3497011345048,True,False,60,False,2,950,0.673782748960236,135.0594878523401,False,0.114,0.0,rolling
reactive_hpa_fixed_cpu,reactive_hpa,575,437.0,274.17218543046357,555.683485481673,555.683485481673,555.683485481673,555.683485481673,True,False,60,False,2,950,0.3435741672060947,87.30018746189468,False,0.114,0.0,rolling
reactive_hpa_fixed_cpu,reactive_hpa,576,648.0,406.55280585569886,451.37489492636814,451.37489492636814,451.37489492636814,451.37489492636814,True,False,60,False,2,950,0.5094646689921039,103.80206951493821,False,0.114,0.0,rolling
reactive_hpa_fixed_cpu,reactive_hpa,577,926.0,580.9689787382364,490.9203839209131,490.9203839209131,490.9203839209131,490.9203839209131,True,False,60,False,2,950,0.7280313016769879,149.45806201468997,False,0.114,0.0,rolling
reactive_hpa_fixed_cpu,reactive_hpa,578,647.0,405.925409550366,567.9943266705786,567.9943266705786,567.9943266705786,567.9943266705786,True,False,60,False,2,950,0.5086784580831654,103.69204471484085,False,0.114,0.0,rolling
reactive_hpa_fixed_cpu,reactive_hpa,579,807.0,506.30881840362497,505.3619554965235,505.3619554965235,505.3619554965235,505.3619554965235,True,False,60,False,3,950,0.42298146900887634,93.62186364331393,False,0.17099999999999999,0.0,rolling
reactive_hpa_fixed_cpu,reactive_hpa,580,854.0,535.7964447542698,545.4593753077115,545.4593753077115,545.4593753077115,545.4593753077115,True,False,60,False,3,950,0.4476160774889472,96.14319662479846,False,0.17099999999999999,0.0,rolling
reactive_hpa_fixed_cpu,reactive_hpa,581,661.0,414.7089578250262,564.390400022608,564.390400022608,564.390400022608,564.390400022608,True,False,60,False,3,950,0.346456940538869,87.48549117888442,False,0.17099999999999999,0.0,rolling
reactive_hpa_fixed_cpu,reactive_hpa,582,814.0,510.70059254095503,518.0328834979978,518.0328834979978,518.0328834979978,518.0328834979978,True,False,60,False,2,950,0.6399756798758834,127.18054098207631,False,0.114,0.0,rolling
reactive_hpa_fixed_cpu,reactive_hpa,583,993.0,623.0045311955386,554.9020932451426,554.9020932451426,554.9020932451426,554.9020932451426,True,False,60,False,2,950,0.7807074325758628,165.65198792658106,False,0.114,0.0,rolling
reactive_hpa_fixed_cpu,reactive_hpa,584,874.0,548.3443708609271,610.218695860608,610.218695860608,610.218695860608,610.218695860608,True,False,60,False,2,950,0.6871483344121894,138.4014996951575,False,0.114,0.0,rolling
reactive_hpa_fixed_cpu,reactive_hpa,585,853.0,535.1690484489369,589.6035331782332,589.6035331782332,589.6035331782332,589.6035331782332,True,False,60,False,3,950,0.4470919368829882,96.08655388137049,False,0.17099999999999999,0.0,rolling
reactive_hpa_fixed_cpu,reactive_hpa,586,657.0,412.19937260369466,588.6237945674175,588.6237945674175,588.6237945674175,588.6237945674175,True,False,60,False,3,950,0.3443603781150331,87.35041793401406,False,0.17099999999999999,0.0,rolling
reactive_hpa_fixed_cpu,reactive_hpa,587,822.0,515.719762983618,535.523609128325,535.523609128325,535.523609128325,535.523609128325,True,False,60,False,3,950,0.4308435780982607,94.39565324594943,False,0.17099999999999999,0.0,rolling
reactive_hpa_fixed_cpu,reactive_hpa,588,951.0,596.6538863715581,569.8198069001601,569.8198069001601,569.8198069001601,569.8198069001601,True,False,60,False,2,950,0.7476865744004487,155.23696228039233,False,0.114,0.0,rolling
reactive_hpa_fixed_cpu,reactive_hpa,589,834.0,523.2485186476124,607.9861672558236,607.9861672558236,607.9861672558236,607.9861672558236,True,False,60,False,2,950,0.6556998980546521,130.74436865619987,False,0.114,0.0,rolling
reactive_hpa_fixed_cpu,reactive_hpa,590,917.0,575.3224119902405,582.9706339060522,582.9706339060522,582.9706339060522,582.9706339060522,True,False,60,False,3,950,0.48063693566436133,99.98591018820946,False,0.17099999999999999,0.0,rolling
reactive_hpa_fixed_cpu,reactive_hpa,591,933.0,585.3607528755664,606.4007449012879,606.4007449012879,606.4007449012879,606.4007449012879,True,False,60,False,3,950,0.48902318535970457,101.05042437940546,False,0.17099999999999999,0.0,rolling
reactive_hpa_fixed_cpu,reactive_hpa,592,582.0,365.14464970372956,616.1201988983248,616.1201988983248,616.1201988983248,616.1201988983248,True,False,60,False,3,950,0.3050498326681116,85.10957617835452,False,0.17099999999999999,0.0,rolling
reactive_hpa_fixed_cpu,reactive_hpa,593,540.0,338.794004879749,522.5988237772463,522.5988237772463,522.5988237772463,522.5988237772463,True,False,60,False,3,950,0.28303592721783544,84.08128763973563,False,0.17099999999999999,0.0,rolling
reactive_hpa_fixed_cpu,reactive_hpa,594,633.0,397.1418612757058,493.54185059572046,493.54185059572046,493.54185059572046,493.54185059572046,True,False,60,False,3,950,0.33178100357201823,86.57395995864701,False,0.17099999999999999,0.0,rolling
reactive_hpa_fixed_cpu,reactive_hpa,595,688.0,431.6486580690136,502.1851141571465,502.1851141571465,502.1851141571465,502.1851141571465,True,False,60,False,3,950,0.36060873689976075,88.44075392077936,False,0.17099999999999999,0.0,rolling
reactive_hpa_fixed_cpu,reactive_hpa,596,840.0,527.0128964796096,510.1197879455517,510.1197879455517,510.1197879455517,510.1197879455517,True,False,60,False,2,950,0.6604171635082827,131.8474689047897,False,0.114,0.0,rolling
reactive_hpa_fixed_cpu,reactive_hpa,597,719.0,451.09794353433256,551.0998924714445,551.0998924714445,551.0998924714445,551.0998924714445,True,False,60,False,2,950,0.5652856435267325,112.51444705758622,False,0.114,0.0,rolling
reactive_hpa_fixed_cpu,reactive_hpa,598,1045.0,655.6291390728477,525.1126160179315,525.1126160179315,525.1126160179315,525.1126160179315,True,False,60,False,2,950,0.8215903998406613,179.82482855040098,False,0.114,0.0,rolling
reactive_hpa_fixed_cpu,reactive_hpa,599,952.0,597.2812826768909,616.8151336939027,616.8151336939027,616.8151336939027,616.8151336939027,True,False,60,False,2,950,0.7484727853093871,155.474552512365,False,0.114,0.0,rolling
reactive_hpa_fixed_cpu,reactive_hpa,600,803.0,503.7992331822935,608.4621889209675,608.4621889209675,608.4621889209675,608.4621889209675,True,False,60,False,3,950,0.4208849065850405,93.42031038432471,False,0.17099999999999999,0.0,rolling
reactive_hpa_fixed_cpu,reactive_hpa,601,751.0,471.1746253049843,575.1891029775402,575.1891029775402,575.1891029775402,575.1891029775402,True,False,60,False,3,950,0.39362959507517487,90.97831620487223,False,0.17099999999999999,0.0,rolling
reactive_hpa_fixed_cpu,reactive_hpa,602,748.0,469.2924363889857,558.697719400072,558.697719400072,558.697719400072,558.697719400072,True,False,60,False,3,950,0.392057173257298,90.84727668653038,False,0.17099999999999999,0.0,rolling
reactive_hpa_fixed_cpu,reactive_hpa,603,934.0,585.9881491808993,553.8455303344276,553.8455303344276,553.8455303344276,553.8455303344276,True,False,60,False,3,950,0.4895473259656636,101.11818320424204,False,0.17099999999999999,0.0,rolling
reactive_hpa_fixed_cpu,reactive_hpa,604,968.0,607.3196235622169,602.9680714183905,602.9680714183905,602.9680714183905,602.9680714183905,True,False,60,False,2,950,0.761052159852402,159.34430740562632,False,0.114,0.0,rolling
reactive_hpa_fixed_cpu,reactive_hpa,605,896.0,562.1470895782503,620.718048957312,620.718048957312,620.718048957312,620.718048957312,True,False,60,False,3,950,0.4696299829392233,98.64403688419368,False,0.17099999999999999,0.0,rolling
reactive_hpa_fixed_cpu,reactive_hpa,606,902.0,565.9114674102475,608.2258398052272,608.2258398052272,608.2258398052272,608.2258398052272,True,False,60,False,3,950,0.47277482657497705,99.02109598291167,False,0.17099999999999999,0.0,rolling
reactive_hpa_fixed_cpu,reactive_hpa,607,802.0,503.17183687696064,611.5962831969209,611.5962831969209,611.5962831969209,611.5962831969209,True,False,60,False,3,950,0.42036076597908156,93.37023465104959,False,0.17099999999999999,0.0,rolling
reactive_hpa_fixed_cpu,reactive_hpa,608,843.0,528.8950853956082,584.9147703505564,584.9147703505564,584.9147703505564,584.9147703505564,True,False,60,False,3,950,0.4418505308233987,95.52739668779964,False,0.17099999999999999,0.0,rolling
reactive_hpa_fixed_cpu,reactive_hpa,609,637.0,399.6514464970373,590.7619183898805,590.7619183898805,590.7619183898805,590.7619183898805,True,False,60,False,3,950,0.33387756599585405,86.69937396948754,False,0.17099999999999999,0.0,rolling
reactive_hpa_fixed_cpu,reactive_hpa,610,737.0,462.39107703032414,531.7251652796376,531.7251652796376,531.7251652796376,531.7251652796376,True,False,60,False,3,950,0.3862916265917495,90.37572345712566,False,0.17099999999999999,0.0,rolling
reactive_hpa_fixed_cpu,reactive_hpa,611,1073.0,673.196235622168,546.1986707178394,546.1986707178394,546.1986707178394,546.1986707178394,True,False,60,False,2,950,0.8436043052909374,188.06594797256383,False,0.114,0.0,rolling
reactive_hpa_fixed_cpu,reactive_hpa,612,839.0,526.3855001742768,638.0906963611797,638.0906963611797,638.0906963611797,638.0906963611797,True,False,60,False,2,950,0.6596309525993443,131.66251972542955,False,0.114,0.0,rolling
reactive_hpa_fixed_cpu,reactive_hpa,613,767.0,481.2129661903102,587.2368390014303,587.2368390014303,587.2368390014303,587.2368390014303,True,False,60,False,3,950,0.40201584477051816,91.69504820677932,False,0.17099999999999999,0.0,rolling
reactive_hpa_fixed_cpu,reactive_hpa,614,574.0,360.1254792610666,566.2055005427046,566.2055005427046,566.2055005427046,566.2055005427046,True,False,60,False,3,950,0.3008567078204399,84.90175501287656,False,0.17099999999999999,0.0,rolling
reactive_hpa_fixed_cpu,reactive_hpa,615,661.0,414.7089578250262,508.1211760883916,508.1211760883916,508.1211760883916,508.1211760883916,True,False,60,False,3,950,0.346456940538869,87.48549117888442,False,0.17099999999999999,0.0,rolling
reactive_hpa_fixed_cpu,reactive_hpa,616,607.0,380.82955733705126,516.3276489516129,516.3276489516129,516.3276489516129,516.3276489516129,True,False,60,False,2,950,0.4772300217256281,99.56391534188064,False,0.114,0.0,rolling
reactive_hpa_fixed_cpu,reactive_hpa,617,850.0,533.2868595329384,494.7616229987293,494.7616229987293,494.7616229987293,494.7616229987293,True,False,60,False,2,950,0.6682792725976672,133.7212956908575,False,0.114,0.0,rolling
reactive_hpa_fixed_cpu,reactive_hpa,618,969.0,607.9470198675497,553.9061709573575,553.9061709573575,553.9061709573575,553.9061709573575,True,False,60,False,2,950,0.7618383707613404,159.59046330301572,False,0.114,0.0,rolling
reactive_hpa_fixed_cpu,reactive_hpa,619,886.0,555.8731265249215,596.1151512045544,596.1151512045544,596.1151512045544,596.1151512045544,True,False,60,False,2,950,0.6965828653194506,140.8402328152678,False,0.114,0.0,rolling
reactive_hpa_fixed_cpu,reactive_hpa,620,747.0,468.66504008365285,586.7776994159822,586.7776994159822,586.7776994159822,586.7776994159822,True,False,60,False,3,950,0.39153303265133904,90.80382970213665,False,0.17099999999999999,0.0,rolling
reactive_hpa_fixed_cpu,reactive_hpa,621,938.0,588.4977344022308,553.7877796538137,553.7877796538137,553.7877796538137,553.7877796538137,True,False,60,False,3,950,0.4916438883894994,101.39067255173013,False,0.17099999999999999,0.0,rolling
reactive_hpa_fixed_cpu,reactive_hpa,622,854.0,535.7964447542698,603.1866955545929,603.1866955545929,603.1866955545929,603.1866955545929,True,False,60,False,3,950,0.4476160774889472,96.14319662479846,False,0.17099999999999999,0.0,rolling
reactive_hpa_fixed_cpu,reactive_hpa,623,881.0,552.7361449982573,587.2821147643804,587.2821147643804,587.2821147643804,587.2821147643804,True,False,60,False,3,950,0.461767873849839,97.72326167600983,False,0.17099999999999999,0.0,rolling
reactive_hpa_fixed_cpu,reactive_hpa,624,900.0,564.6566747995818,596.7246400389904,596.7246400389904,596.7246400389904,596.7246400389904,True,False,60,False,3,950,0.47172654536305914,98.89485018396127,False,0.17099999999999999,0.0,rolling
reactive_hpa_fixed_cpu,reactive_hpa,625,729.0,457.3719065876612,605.4726880922226,605.4726880922226,605.4726880922226,605.4726880922226,True,False,60,False,3,950,0.3820985017440779,90.04149807661456,False,0.17099999999999999,0.0,rolling
reactive_hpa_fixed_cpu,reactive_hpa,626,859.0,538.9334262809341,560.4844503197669,560.4844503197669,560.4844503197669,560.4844503197669,True,False,60,False,3,950,0.45023678051874194,96.42840557591236,False,0.17099999999999999,0.0,rolling
reactive_hpa_fixed_cpu,reactive_hpa,627,748.0,469.2924363889857,589.359236721124,589.359236721124,589.359236721124,589.359236721124,True,False,60,False,3,950,0.392057173257298,90.84727668653038,False,0.17099999999999999,0.0,rolling
reactive_hpa_fixed_cpu,reactive_hpa,628,834.0,523.2485186476124,558.7778912164872,558.7778912164872,558.7778912164872,558.7778912164872,True,False,60,False,3,950,0.4371332653697681,95.03536849072589,False,0.17099999999999999,0.0,rolling
reactive_hpa_fixed_cpu,reactive_hpa,629,701.0,439.8048100383409,576.7141977862302,576.7141977862302,576.7141977862302,576.7141977862302,True,False,60,False,2,950,0.5511338471658408,110.13309602291378,False,0.114,0.0,rolling
reactive_hpa_fixed_cpu,reactive_hpa,630,638.0,400.27884280237015,540.1474686681559,540.1474686681559,540.1474686681559,540.1474686681559,True,False,60,False,2,950,0.5016025599027195,102.7170397412169,False,0.114,0.0,rolling
reactive_hpa_fixed_cpu,reactive_hpa,631,668.0,419.10073196235624,516.1381409842438,516.1381409842438,516.1381409842438,516.1381409842438,True,False,60,False,2,950,0.5251888871708724,106.07468611032378,False,0.114,0.0,rolling
reactive_hpa_fixed_cpu,reactive_hpa,632,664.0,416.5911467410248,514.6643908173673,514.6643908173673,514.6643908173673,514.6643908173673,True,False,60,False,2,950,0.5220440435351188,105.6090778124721,False,0.114,0.0,rolling
reactive_hpa_fixed_cpu,reactive_hpa,633,750.0,470.54722899965145,508.2077298607546,508.2077298607546,508.2077298607546,508.2077298607546,True,False,60,False,2,950,0.5896581817038239,116.90400426554933,False,0.114,0.0,rolling
reactive_hpa_fixed_cpu,reactive_hpa,634,663.0,415.9637504356919,527.620026302669,527.620026302669,527.620026302669,527.620026302669,True,False,60,False,2,950,0.5212578326261803,105.49354831268778,False,0.114,0.0,rolling
reactive_hpa_fixed_cpu,reactive_hpa,635,699.0,438.55001742767513,505.6807883825318,505.6807883825318,505.6807883825318,505.6807883825318,True,False,60,False,2,950,0.5495614253479638,109.87591594267974,False,0.114,0.0,rolling
reactive_hpa_fixed_cpu,reactive_hpa,636,893.0,560.2649006622516,512.745131959633,512.745131959633,512.745131959633,512.745131959633,True,False,60,False,2,950,0.7020863416820196,142.2936930102977,False,0.114,0.0,rolling
reactive_hpa_fixed_cpu,reactive_hpa,637,888.0,557.1279191355874,566.4768902090259,566.4768902090259,566.4768902090259,566.4768902090259,True,False,60,False,2,950,0.6981552871373276,141.25317416756417,False,0.114,0.0,rolling
reactive_hpa_fixed_cpu,reactive_hpa,638,868.0,544.57999302893,576.4870001544905,576.4870001544905,576.4870001544905,576.4870001544905,True,False,60,False,3,950,0.45495404597237254,96.9502106572575,False,0.17099999999999999,0.0,rolling
reactive_hpa_fixed_cpu,reactive_hpa,639,1000.0,627.3963053328686,579.4530924504761,579.4530924504761,579.4530924504761,579.4530924504761,True,False,60,False,3,950,0.5241406059589545,105.91886170639404,False,0.17099999999999999,0.0,rolling
reactive_hpa_fixed_cpu,reactive_hpa,640,893.0,560.2649006622516,623.3445248654671,623.3445248654671,623.3445248654671,623.3445248654671,True,False,60,False,3,950,0.4680575611213464,98.45739052156969,False,0.17099999999999999,0.0,rolling
reactive_hpa_fixed_cpu,reactive_hpa,641,786.0,493.13349599163473,604.7693724639284,604.7693724639284,604.7693724639284,604.7693724639284,True,False,60,False,3,950,0.41197451628373827,92.58587930219605,False,0.17099999999999999,0.0,rolling
reactive_hpa_fixed_cpu,reactive_hpa,642,716.0,449.2157546183339,577.4972999052975,577.4972999052975,577.4972999052975,577.4972999052975,True,False,60,False,3,950,0.37528467386661146,89.51382133633845,False,0.17099999999999999,0.0,rolling
reactive_hpa_fixed_cpu,reactive_hpa,643,729.0,457.3719065876612,553.6094220472137,553.6094220472137,553.6094220472137,553.6094220472137,True,False,60,False,3,950,0.3820985017440779,90.04149807661456,False,0.17099999999999999,0.0,rolling
reactive_hpa_fixed_cpu,reactive_hpa,644,886.0,555.8731265249215,549.0212051292797,549.0212051292797,549.0212051292797,549.0212051292797,True,False,60,False,3,950,0.4643885768796337,98.02673564896824,False,0.17099999999999999,0.0,rolling
reactive_hpa_fixed_cpu,reactive_hpa,645,685.0,429.766469153015,587.6612751962343,587.6612751962343,587.6612751962343,587.6612751962343,True,False,60,False,2,950,0.5385544726228259,108.11651024599499,False,0.114,0.0,rolling
reactive_hpa_fixed_cpu,reactive_hpa,646,933.0,585.3607528755664,536.3179097738666,536.3179097738666,536.3179097738666,536.3179097738666,True,False,60,False,2,950,0.7335347780395569,151.0451822804934,False,0.114,0.0,rolling
reactive_hpa_fixed_cpu,reactive_hpa,647,695.0,436.04043220634367,597.7284133367339,597.7284133367339,597.7284133367339,597.7284133367339,True,False,60,False,2,950,0.5464165817122101,109.36595408344898,False,0.114,0.0,rolling
reactive_hpa_fixed_cpu,reactive_hpa,648,671.0,420.98292087835483,538.7783344131171,538.7783344131171,538.7783344131171,538.7783344131171,True,False,60,False,3,950,0.3516983465984585,87.83039165729109,False,0.17099999999999999,0.0,rolling
reactive_hpa_fixed_cpu,reactive_hpa,649,853.0,535.1690484489369,524.9079358534036,524.9079358534036,524.9079358534036,524.9079358534036,True,False,60,False,3,950,0.4470919368829882,96.08655388137049,False,0.17099999999999999,0.0,rolling
reactive_hpa_fixed_cpu,reactive_hpa,650,730.0,457.9993028929941,567.8337422092218,567.8337422092218,567.8337422092218,567.8337422092218,True,False,60,False,3,950,0.38262264235003685,90.0828778244363,False,0.17099999999999999,0.0,rolling
reactive_hpa_fixed_cpu,reactive_hpa,651,675.0,423.4925060996863,538.5319909135342,538.5319909135342,538.5319909135342,538.5319909135342,True,False,60,False,2,950,0.5306923635334415,106.90301910958547,False,0.114,0.0,rolling
reactive_hpa_fixed_cpu,reactive_hpa,652,629.0,394.63227605437436,520.8892302345348,520.8892302345348,520.8892302345348,520.8892302345348,True,False,60,False,2,950,0.4945266617222736,101.76915832503202,False,0.114,0.0,rolling
reactive_hpa_fixed_cpu,reactive_hpa,653,629.0,394.63227605437436,503.2895537788959,503.2895537788959,503.2895537788959,503.2895537788959,True,False,60,False,2,950,0.4945266617222736,101.76915832503202,False,0.114,0.0,rolling
reactive_hpa_fixed_cpu,reactive_hpa,654,536.0,336.28441965841756,496.54242953667654,496.54242953667654,496.54242953667654,496.54242953667654,True,False,60,False,2,950,0.4214090471909995,93.47051099467554,False,0.114,0.0,rolling
reactive_hpa_fixed_cpu,reactive_hpa,655,585.0,367.02683861972815,466.08460498319437,466.08460498319437,466.08460498319437,466.08460498319437,True,False,60,False,2,950,0.4599333817289826,97.51286903222497,False,0.114,0.0,rolling
reactive_hpa_fixed_cpu,reactive_hpa,656,598.0,375.1829905890554,470.221701905607,470.221701905607,470.221701905607,470.221701905607,True,False,60,False,2,950,0.4701541235451822,98.70653081065184,False,0.114,0.0,rolling
reactive_hpa_fixed_cpu,reactive_hpa,657,697.0,437.2952248170094,469.038029698695,469.038029698695,469.038029698695,469.038029698695,True,False,60,False,2,950,0.547989003530087,109.62020336247669,False,0.114,0.0,rolling
reactive_hpa_fixed_cpu,reactive_hpa,658,606.0,380.2021610317184,493.94037364109136,493.94037364109136,493.94037364109136,493.94037364109136,True,False,60,False,2,950,0.47644381081668974,99.46738303938548,False,0.114,0.0,rolling
reactive_hpa_fixed_cpu,reactive_hpa,659,789.0,495.01568490763333,473.79345386245996,473.79345386245996,473.79345386245996,473.79345386245996,True,False,60,False,2,950,0.6203204071524228,122.96558321180896,False,0.114,0.0,rolling
reactive_hpa_fixed_cpu,reactive_hpa,660,661.0,414.7089578250262,521.7801994505453,521.7801994505453,521.7801994505453,521.7801994505453,True,False,60,False,2,950,0.5196854108083034,105.26353272873492,False,0.114,0.0,rolling
reactive_hpa_fixed_cpu,reactive_hpa,661,769.0,482.46775880097596,495.8664238632682,495.8664238632682,495.8664238632682,495.8664238632682,True,False,60,False,2,950,0.6045961889736541,119.78036109824653,False,0.114,0.0,rolling
reactive_hpa_fixed_cpu,reactive_hpa,662,911.0,571.5580341582433,525.6939519976395,525.6939519976395,525.6939519976395,525.6939519976395,True,False,60,False,2,950,0.7162381380429115,146.1370519728044,False,0.114,0.0,rolling
reactive_hpa_fixed_cpu,reactive_hpa,663,761.0,477.44858835831303,571.9835548778246,571.9835548778246,571.9835548778246,571.9835548778246,True,False,60,False,2,950,0.5983065017021466,118.55171226808619,False,0.114,0.0,rolling
reactive_hpa_fixed_cpu,reactive_hpa,664,849.0,532.6594632276054,542.8855926811175,542.8855926811175,542.8855926811175,542.8855926811175,True,False,60,False,3,950,0.44499537445915244,95.86130787986913,False,0.17099999999999999,0.0,rolling
reactive_hpa_fixed_cpu,reactive_hpa,665,657.0,412.19937260369466,569.327457060931,569.327457060931,569.327457060931,569.327457060931,True,False,60,False,3,950,0.3443603781150331,87.35041793401406,False,0.17099999999999999,0.0,rolling
reactive_hpa_fixed_cpu,reactive_hpa,666,744.0,466.78285116765426,521.8935333550362,521.8935333550362,521.8935333550362,521.8935333550362,True,False,60,False,3,950,0.38996061083346223,90.67418513693184,False,0.17099999999999999,0.0,rolling
reactive_hpa_fixed_cpu,reactive_hpa,667,772.0,484.34994771697455,538.9680109604546,538.9680109604546,538.9680109604546,538.9680109604546,True,False,60,False,2,950,0.6069548217004693,120.24774962339495,False,0.114,0.0,rolling
reactive_hpa_fixed_cpu,reactive_hpa,668,777.0,487.4869292436389,545.8448936126606,545.8448936126606,545.8448936126606,545.8448936126606,True,False,60,False,2,950,0.6108858762451616,121.03484128803615,False,0.114,0.0,rolling
reactive_hpa_fixed_cpu,reactive_hpa,669,727.0,456.1171139769955,548.5234848139135,548.5234848139135,548.5234848139135,548.5234848139135,True,False,60,False,2,950,0.57157533079824,113.61189004806914,False,0.114,0.0,rolling
reactive_hpa_fixed_cpu,reactive_hpa,670,610.0,382.71174625304985,535.4463513370783,535.4463513370783,535.4463513370783,535.4463513370783,True,False,60,False,2,950,0.4795886544524434,99.85542587780422,False,0.114,0.0,rolling
reactive_hpa_fixed_cpu,reactive_hpa,671,579.0,363.2624607877309,501.6212382455974,501.6212382455974,501.6212382455974,501.6212382455974,True,False,60,False,2,950,0.455216116275352,96.97951937236975,False,0.114,0.0,rolling
reactive_hpa_fixed_cpu,reactive_hpa,672,580.0,363.88985709306377,484.61768464118313,484.61768464118313,484.61768464118313,484.61768464118313,True,False,60,False,2,950,0.45600232718429046,97.0676481902456,False,0.114,0.0,rolling
reactive_hpa_fixed_cpu,reactive_hpa,673,798.0,500.6622516556292,475.92336543217516,475.92336543217516,475.92336543217516,475.92336543217516,True,False,60,False,2,950,0.6273963053328686,124.45272365224407,False,0.114,0.0,rolling
reactive_hpa_fixed_cpu,reactive_hpa,674,1238.0,776.7166260020913,529.1624607652548,529.1624607652548,529.1624607652548,529.1624607652548,True,False,60,False,2,950,0.9733291052657785,245.97842366435063,False,0.114,0.0,rolling
reactive_hpa_fixed_cpu,reactive_hpa,675,901.0,565.2840711049146,665.0978816237002,665.0978816237002,665.0978816237002,665.0978816237002,True,False,60,False,2,950,0.708376028953527,143.98292270854228,False,0.114,0.0,rolling
reactive_hpa_fixed_cpu,reactive_hpa,676,796.0,499.4074590449634,598.9725335037547,598.9725335037547,598.9725335037547,598.9725335037547,True,False,60,False,3,950,0.4172159223433278,93.07239396125102,False,0.17099999999999999,0.0,rolling
reactive_hpa_fixed_cpu,reactive_hpa,677,696.0,436.66782851167653,575.2660958574079,575.2660958574079,575.2660958574079,575.2660958574079,True,False,60,False,3,950,0.36480186174743234,88.73863587340574,False,0.17099999999999999,0.0,rolling
reactive_hpa_fixed_cpu,reactive_hpa,678,669.0,419.7281282676891,545.0423325486659,545.0423325486659,545.0423325486659,545.0423325486659,True,False,60,False,3,950,0.3506500653865406,87.76058174333336,False,0.17099999999999999,0.0,rolling
reactive_hpa_fixed_cpu,reactive_hpa,679,535.0,335.6570233530847,529.3225154038537,529.3225154038537,529.3225154038537,529.3225154038537,True,False,60,False,3,950,0.28041522418804066,83.96896501267327,False,0.17099999999999999,0.0,rolling
reactive_hpa_fixed_cpu,reactive_hpa,680,819.0,513.8375740676194,485.12672389728687,485.12672389728687,485.12672389728687,485.12672389728687,True,False,60,False,2,950,0.6439067344205757,128.0553126244253,False,0.114,0.0,rolling
reactive_hpa_fixed_cpu,reactive_hpa,681,1021.0,640.5716277448588,548.929449460748,548.929449460748,548.929449460748,548.929449460748,True,False,60,False,2,950,0.8027213380261389,173.10369730348035,False,0.114,0.0,rolling
reactive_hpa_fixed_cpu,reactive_hpa,682,783.0,491.25130707563613,612.7377140803146,612.7377140803146,612.7377140803146,612.7377140803146,True,False,60,False,2,950,0.6156031416987922,121.99281491607553,False,0.114,0.0,rolling
reactive_hpa_fixed_cpu,reactive_hpa,683,823.0,516.3471592889508,561.6820183326481,561.6820183326481,561.6820183326481,561.6820183326481,True,False,60,False,3,950,0.4313677187042196,94.44825606824094,False,0.17099999999999999,0.0,rolling
reactive_hpa_fixed_cpu,reactive_hpa,684,725.0,454.86232136632975,571.7078062151768,571.7078062151768,571.7078062151768,571.7078062151768,True,False,60,False,3,950,0.38000193932024207,89.87711122120695,False,0.17099999999999999,0.0,rolling
reactive_hpa_fixed_cpu,reactive_hpa,685,661.0,414.7089578250262,544.0881217616411,544.0881217616411,544.0881217616411,544.0881217616411,True,False,60,False,3,950,0.346456940538869,87.48549117888442,False,0.17099999999999999,0.0,rolling
reactive_hpa_fixed_cpu,reactive_hpa,686,549.0,344.4405716277449,521.6920802927611,521.6920802927611,521.6920802927611,521.6920802927611,True,False,60,False,2,950,0.4316297890071991,94.47460546491928,False,0.114,0.0,rolling
reactive_hpa_fixed_cpu,reactive_hpa,687,760.0,476.82119205298017,484.26258297910954,484.26258297910954,484.26258297910954,484.26258297910954,True,False,60,False,2,950,0.5975202907932082,118.39993404793788,False,0.114,0.0,rolling
reactive_hpa_fixed_cpu,reactive_hpa,688,916.0,574.6950156849076,529.6817352337275,529.6817352337275,529.6817352337275,529.6817352337275,True,False,60,False,2,950,0.7201691925876035,147.23201422691517,False,0.114,0.0,rolling
reactive_hpa_fixed_cpu,reactive_hpa,689,666.0,417.8459393516905,576.7196164280726,576.7196164280726,576.7196164280726,576.7196164280726,True,False,60,False,2,950,0.5236164653529957,105.84118285194114,False,0.114,0.0,rolling
reactive_hpa_fixed_cpu,reactive_hpa,690,655.0,410.9445799930289,519.1166600321881,519.1166600321881,519.1166600321881,519.1166600321881,True,False,60,False,3,950,0.3433120969031152,87.28349496654863,False,0.17099999999999999,0.0,rolling
reactive_hpa_fixed_cpu,reactive_hpa,691,690.0,432.90345067967934,510.4357549720967,510.4357549720967,510.4357549720967,510.4357549720967,True,False,60,False,3,950,0.36165701811167866,88.5145793403058,False,0.17099999999999999,0.0,rolling
reactive_hpa_fixed_cpu,reactive_hpa,692,585.0,367.02683861972815,514.0428364737622,514.0428364737622,514.0428364737622,514.0428364737622,True,False,60,False,3,950,0.30662225448598845,85.18899823177037,False,0.17099999999999999,0.0,rolling
reactive_hpa_fixed_cpu,reactive_hpa,693,558.0,350.08713837574066,483.82401014980996,483.82401014980996,483.82401014980996,483.82401014980996,True,False,60,False,2,950,0.43870568718764497,95.19820500942053,False,0.114,0.0,rolling
reactive_hpa_fixed_cpu,reactive_hpa,694,444.0,278.5639595677937,469.2420355433492,469.2420355433492,469.2420355433492,469.2420355433492,True,False,60,False,2,950,0.3490776435686638,87.65664677094553,False,0.114,0.0,rolling
reactive_hpa_fixed_cpu,reactive_hpa,695,506.0,317.46253049843153,432.44100435200835,432.44100435200835,432.44100435200835,432.44100435200835,True,False,60,False,2,950,0.3978227199228465,91.33290510194702,False,0.114,0.0,rolling
reactive_hpa_fixed_cpu,reactive_hpa,696,462.0,289.85709306378527,437.0701380365658,437.0701380365658,437.0701380365658,437.0701380365658,True,False,60,False,2,950,0.3632294399295555,88.62612263903438,False,0.114,0.0,rolling
reactive_hpa_fixed_cpu,reactive_hpa,697,671.0,420.98292087835483,420.6034153001938,420.6034153001938,420.6034153001938,420.6034153001938,True,False,60,False,2,950,0.5275475198976878,106.42757184335741,False,0.114,0.0,rolling
reactive_hpa_fixed_cpu,reactive_hpa,698,648.0,406.55280585569886,469.32360416521715,469.32360416521715,469.32360416521715,469.32360416521715,True,False,60,False,2,950,0.5094646689921039,103.80206951493821,False,0.114,0.0,rolling
reactive_hpa_fixed_cpu,reactive_hpa,699,780.0,489.36911815963754,469.6926979646705,469.6926979646705,469.6926979646705,469.6926979646705,True,False,60,False,2,950,0.6132445089719769,121.5119858541629,False,0.114,0.0,rolling
reactive_hpa_fixed_cpu,reactive_hpa,700,817.0,512.5827814569536,510.78529349521204,510.78529349521204,510.78529349521204,510.78529349521204,True,False,60,False,2,950,0.6423343126026988,127.70411806795931,False,0.114,0.0,rolling
reactive_hpa_fixed_cpu,reactive_hpa,701,684.0,429.13907284768214,532.5550603813708,532.5550603813708,532.5550603813708,532.5550603813708,True,False,60,False,2,950,0.5377682617138874,107.9935519209467,False,0.114,0.0,rolling
reactive_hpa_fixed_cpu,reactive_hpa,702,497.0,311.8159637504357,506.7508617735739,506.7508617735739,506.7508617735739,506.7508617735739,True,False,60,False,2,950,0.3907468217424006,90.73887699258228,False,0.114,0.0,rolling
reactive_hpa_fixed_cpu,reactive_hpa,703,491.0,308.0515859184385,457.6422164955802,457.6422164955802,457.6422164955802,457.6422164955802,True,False,60,False,2,950,0.38602955628877006,90.3546202972453,False,0.114,0.0,rolling
reactive_hpa_fixed_cpu,reactive_hpa,704,515.0,323.1090972464273,445.74165078413034,445.74165078413034,445.74165078413034,445.74165078413034,True,False,60,False,2,950,0.40489861810329236,91.9484449982462,False,0.114,0.0,rolling
reactive_hpa_fixed_cpu,reactive_hpa,705,666.0,417.8459393516905,443.63042750805835,443.63042750805835,443.63042750805835,443.63042750805835,True,False,60,False,2,950,0.5236164653529957,105.84118285194114,False,0.114,0.0,rolling
reactive_hpa_fixed_cpu,reactive_hpa,706,691.0,433.5308469850122,478.6096631462706,478.6096631462706,478.6096631462706,478.6096631462706,True,False,60,False,2,950,0.5432717380764563,108.86182863349728,False,0.114,0.0,rolling
reactive_hpa_fixed_cpu,reactive_hpa,707,722.0,452.98013245033115,490.2058938489972,490.2058938489972,490.2058938489972,490.2058938489972,True,False,60,False,2,950,0.5676442762535479,112.92314345435074,False,0.114,0.0,rolling
reactive_hpa_fixed_cpu,reactive_hpa,708,799.0,501.28964796096204,503.5779941048813,503.5779941048813,503.5779941048813,503.5779941048813,True,False,60,False,2,950,0.6281825162418071,124.62004866009516,False,0.114,0.0,rolling
reactive_hpa_fixed_cpu,reactive_hpa,709,738.0,463.018473335657,530.6225559546883,530.6225559546883,530.6225559546883,530.6225559546883,True,False,60,False,2,950,0.5802236507965627,115.16080317727744,False,0.114,0.0,rolling
reactive_hpa_fixed_cpu,reactive_hpa,710,935.0,586.6155454862321,522.198687180749,522.198687180749,522.198687180749,522.198687180749,True,False,60,False,2,950,0.7351071998574338,151.50304456453128,False,0.114,0.0,rolling
reactive_hpa_fixed_cpu,reactive_hpa,711,769.0,482.46775880097596,580.7239927496248,580.7239927496248,580.7239927496248,580.7239927496248,True,False,60,False,2,950,0.6045961889736541,119.78036109824653,False,0.114,0.0,rolling
reactive_hpa_fixed_cpu,reactive_hpa,712,904.0,567.1662600209132,547.8298745752304,547.8298745752304,547.8298745752304,547.8298745752304,True,False,60,False,3,950,0.4738231077868949,99.14790287338027,False,0.17099999999999999,0.0,rolling
reactive_hpa_fixed_cpu,reactive_hpa,713,638.0,400.27884280237015,587.7343907368281,587.7343907368281,587.7343907368281,587.7343907368281,True,False,60,False,3,950,0.334401706601813,86.73097473813834,False,0.17099999999999999,0.0,rolling
reactive_hpa_fixed_cpu,reactive_hpa,714,824.0,516.9745555942837,522.3286864192619,522.3286864192619,522.3286864192619,522.3286864192619,True,False,60,False,3,950,0.43189185931017854,94.50098687787154,False,0.17099999999999999,0.0,rolling
reactive_hpa_fixed_cpu,reactive_hpa,715,763.0,478.70338096897876,564.7913795189475,564.7913795189475,564.7913795189475,564.7913795189475,True,False,60,False,3,950,0.39991928234668234,91.51302740197204,False,0.17099999999999999,0.0,rolling
reactive_hpa_fixed_cpu,reactive_hpa,716,749.0,469.9198326943186,550.6244728776164,550.6244728776164,550.6244728776164,550.6244728776164,True,False,60,False,3,950,0.39258131386325695,90.89083999477543,False,0.17099999999999999,0.0,rolling
reactive_hpa_fixed_cpu,reactive_hpa,717,595.0,373.3008016730568,545.53966753839,545.53966753839,545.53966753839,545.53966753839,True,False,60,False,2,950,0.4677954908183669,98.42640442196411,False,0.114,0.0,rolling
reactive_hpa_fixed_cpu,reactive_hpa,718,684.0,429.13907284768214,501.5597306399727,501.5597306399727,501.5597306399727,501.5597306399727,True,False,60,False,2,950,0.5377682617138874,107.9935519209467,False,0.114,0.0,rolling
reactive_hpa_fixed_cpu,reactive_hpa,719,759.0,476.1937957476473,514.9937719928289,514.9937719928289,514.9937719928289,514.9937719928289,True,False,60,False,2,950,0.5967340798842699,118.24855471907122,False,0.114,0.0,rolling
reactive_hpa_fixed_cpu,reactive_hpa,720,631.0,395.8870686650401,532.5771202743827,532.5771202743827,532.5771202743827,532.5771202743827,True,False,60,False,2,950,0.4960990835401505,101.9774742232625,False,0.114,0.0,rolling
reactive_hpa_fixed_cpu,reactive_hpa,721,637.0,399.6514464970373,499.20763067186545,499.20763067186545,499.20763067186545,499.20763067186545,True,False,60,False,2,950,0.500816348993781,102.61038714702042,False,0.114,0.0,rolling
reactive_hpa_fixed_cpu,reactive_hpa,722,693.0,434.78563959567794,495.5373557648909,495.5373557648909,495.5373557648909,495.5373557648909,True,False,60,False,2,950,0.5448441598943332,109.11316390674105,False,0.114,0.0,rolling
reactive_hpa_fixed_cpu,reactive_hpa,723,704.0,441.6869989543395,506.5705534559106,506.5705534559106,506.5705534559106,506.5705534559106,True,False,60,False,2,950,0.553492479892656,110.52162689081945,False,0.114,0.0,rolling
reactive_hpa_fixed_cpu,reactive_hpa,724,753.0,472.42941791565005,510.4375852688968,510.4375852688968,510.4375852688968,510.4375852688968,True,False,60,False,2,950,0.5920168144306391,117.34862607079694,False,0.114,0.0,rolling
reactive_hpa_fixed_cpu,reactive_hpa,725,866.0,543.3252004182642,524.8603240537482,524.8603240537482,524.8603240537482,524.8603240537482,True,False,60,False,2,950,0.680858647140682,136.8124315977381,False,0.114,0.0,rolling
reactive_hpa_fixed_cpu,reactive_hpa,726,685.0,429.766469153015,560.3851326355084,560.3851326355084,560.3851326355084,560.3851326355084,True,False,60,False,2,950,0.5385544726228259,108.11651024599499,False,0.114,0.0,rolling
reactive_hpa_fixed_cpu,reactive_hpa,727,763.0,478.70338096897876,519.6760565331474,519.6760565331474,519.6760565331474,519.6760565331474,True,False,60,False,2,950,0.5998789235200235,118.85646748165561,False,0.114,0.0,rolling
reactive_hpa_fixed_cpu,reactive_hpa,728,645.0,404.67061693970027,538.657799735689,538.657799735689,538.657799735689,538.657799735689,True,False,60,False,2,950,0.5071060362652886,103.47301333712826,False,0.114,0.0,rolling
reactive_hpa_fixed_cpu,reactive_hpa,729,729.0,457.3719065876612,508.1494734402354,508.1494734402354,508.1494734402354,508.1494734402354,True,False,60,False,2,950,0.5731477526161168,113.89005600857413,False,0.114,0.0,rolling
reactive_hpa_fixed_cpu,reactive_hpa,730,740.0,464.2732659463228,525.5459628682097,525.5459628682097,525.5459628682097,525.5459628682097,True,False,60,False,2,950,0.5817960726144396,115.4474387543774,False,0.114,0.0,rolling
reactive_hpa_fixed_cpu,reactive_hpa,731,757.0,474.9390031369815,529.3449124568024,529.3449124568024,529.3449124568024,529.3449124568024,True,False,60,False,2,950,0.5951616580663929,117.94699063575507,False,0.114,0.0,rolling
reactive_hpa_fixed_cpu,reactive_hpa,732,874.0,548.3443708609271,535.3633859097577,535.3633859097577,535.3633859097577,535.3633859097577,True,False,60,False,2,950,0.6871483344121894,138.4014996951575,False,0.114,0.0,rolling
reactive_hpa_fixed_cpu,reactive_hpa,733,834.0,523.2485186476124,570.0947367458184,570.0947367458184,570.0947367458184,570.0947367458184,True,False,60,False,2,950,0.6556998980546521,130.74436865619987,False,0.114,0.0,rolling
reactive_hpa_fixed_cpu,reactive_hpa,734,861.0,540.1882188915998,567.059141337134,567.059141337134,567.059141337134,567.059141337134,True,False,60,False,2,950,0.6769275925959898,135.83405319354705,False,0.114,0.0,rolling
reactive_hpa_fixed_cpu,reactive_hpa,735,914.0,573.4402230742419,578.7625648169301,578.7625648169301,578.7625648169301,578.7625648169301,True,False,60,False,2,950,0.7185967707697267,146.79259069237213,False,0.114,0.0,rolling
reactive_hpa_fixed_cpu,reactive_hpa,736,756.0,474.31160683164865,598.1963913290983,598.1963913290983,598.1963913290983,598.1963913290983,True,False,60,False,2,950,0.5943754471574545,117.7968048315917,False,0.114,0.0,rolling
reactive_hpa_fixed_cpu,reactive_hpa,737,925.0,580.3415824329035,560.4555749794599,560.4555749794599,560.4555749794599,560.4555749794599,True,False,60,False,3,950,0.484830060512033,100.5135640939684,False,0.17099999999999999,0.0,rolling
reactive_hpa_fixed_cpu,reactive_hpa,738,845.0,530.149878006274,604.0321963448323,604.0321963448323,604.0321963448323,604.0321963448323,True,False,60,False,3,950,0.4428988120353166,95.63817436927226,False,0.17099999999999999,0.0,rolling
reactive_hpa_fixed_cpu,reactive_hpa,739,803.0,503.7992331822935,587.8616204472883,587.8616204472883,587.8616204472883,587.8616204472883,True,False,60,False,3,950,0.4208849065850405,93.42031038432471,False,0.17099999999999999,0.0,rolling
reactive_hpa_fixed_cpu,reactive_hpa,740,1068.0,670.0592540955037,576.2845837781101,576.2845837781101,576.2845837781101,576.2845837781101,True,False,60,False,3,950,0.5597821671641635,111.5740056636136,False,0.17099999999999999,0.0,rolling
reactive_hpa_fixed_cpu,reactive_hpa,741,790.0,495.6430812129662,650.2249379917275,650.2249379917275,650.2249379917275,650.2249379917275,True,False,60,False,3,950,0.4140710787075741,92.77900965685882,False,0.17099999999999999,0.0,rolling
reactive_hpa_fixed_cpu,reactive_hpa,742,610.0,382.71174625304985,583.7229822223071,583.7229822223071,583.7229822223071,583.7229822223071,True,False,60,False,3,950,0.3197257696349623,85.88308914897902,False,0.17099999999999999,0.0,rolling
reactive_hpa_fixed_cpu,reactive_hpa,743,577.0,362.00766817706517,528.1051031204029,528.1051031204029,528.1051031204029,528.1051031204029,True,False,60,False,3,950,0.30242912963831675,84.97901418912073,False,0.17099999999999999,0.0,rolling
reactive_hpa_fixed_cpu,reactive_hpa,744,618.0,387.7309166957128,503.67427734970806,503.67427734970806,503.67427734970806,503.67427734970806,True,False,60,False,3,950,0.3239188944826339,86.11760383910206,False,0.17099999999999999,0.0,rolling
reactive_hpa_fixed_cpu,reactive_hpa,745,688.0,431.6486580690136,500.39467447814604,500.39467447814604,500.39467447814604,500.39467447814604,True,False,60,False,2,950,0.5409131053496411,108.48754448263031,False,0.114,0.0,rolling
reactive_hpa_fixed_cpu,reactive_hpa,746,555.0,348.20494945974207,510.76501573329506,510.76501573329506,510.76501573329506,510.76501573329506,True,False,60,False,2,950,0.43634705446082966,94.95438822450296,False,0.114,0.0,rolling
reactive_hpa_fixed_cpu,reactive_hpa,747,413.0,259.11467410247474,473.1939112461614,473.1939112461614,473.1939112461614,473.1939112461614,True,False,60,False,2,950,0.3247051053915724,86.16225770613241,False,0.114,0.0,rolling
reactive_hpa_fixed_cpu,reactive_hpa,748,737.0,462.39107703032414,427.0855559148922,427.0855559148922,427.0855559148922,427.0855559148922,True,False,60,False,2,950,0.5794374398876242,115.01806666779908,False,0.114,0.0,rolling
reactive_hpa_fixed_cpu,reactive_hpa,749,756.0,474.31160683164865,498.5611024100799,498.5611024100799,498.5611024100799,498.5611024100799,True,False,60,False,2,950,0.5943754471574545,117.7968048315917,False,0.114,0.0,rolling
reactive_hpa_fixed_cpu,reactive_hpa,750,554.0,347.5775531544092,511.1331221357905,511.1331221357905,511.1331221357905,511.1331221357905,True,False,60,False,2,950,0.43556084355189123,94.87369925388705,False,0.114,0.0,rolling
reactive_hpa_fixed_cpu,reactive_hpa,751,586.0,367.654234925061,463.2401310930054,463.2401310930054,463.2401310930054,463.2401310930054,True,False,60,False,2,950,0.46071959263792106,97.60283222513951,False,0.114,0.0,rolling
reactive_hpa_fixed_cpu,reactive_hpa,752,592.0,371.4186127570582,466.4986373856609,466.4986373856609,466.4986373856609,466.4986373856609,True,False,60,False,2,950,0.46543685809155166,98.14908864224122,False,0.114,0.0,rolling
reactive_hpa_fixed_cpu,reactive_hpa,753,777.0,487.4869292436389,466.02634856267514,466.02634856267514,466.02634856267514,466.02634856267514,True,False,60,False,2,950,0.6108858762451616,121.03484128803615,False,0.114,0.0,rolling
reactive_hpa_fixed_cpu,reactive_hpa,754,841.0,527.6402927849425,515.1929371841038,515.1929371841038,515.1929371841038,515.1929371841038,True,False,60,False,2,950,0.6612033744172212,132.0328589639875,False,0.114,0.0,rolling
reactive_hpa_fixed_cpu,reactive_hpa,755,601.0,377.06517950505406,542.7354601778034,542.7354601778034,542.7354601778034,542.7354601778034,True,False,60,False,2,950,0.47251275627199757,98.9894819794421,False,0.114,0.0,rolling
reactive_hpa_fixed_cpu,reactive_hpa,756,710.0,445.4513767863367,487.98114400561326,487.98114400561326,487.98114400561326,487.98114400561326,True,False,60,False,2,950,0.5582097453462866,111.30867927866556,False,0.114,0.0,rolling
reactive_hpa_fixed_cpu,reactive_hpa,757,606.0,380.2021610317184,512.7477088248647,512.7477088248647,512.7477088248647,512.7477088248647,True,False,60,False,2,950,0.47644381081668974,99.46738303938548,False,0.114,0.0,rolling
reactive_hpa_fixed_cpu,reactive_hpa,758,712.0,446.70616939700244,486.8646147918421,486.8646147918421,486.8646147918421,486.8646147918421,True,False,60,False,2,950,0.5597821671641635,111.5740056636136,False,0.114,0.0,rolling
reactive_hpa_fixed_cpu,reactive_hpa,759,437.0,274.17218543046357,510.5404912981976,510.5404912981976,510.5404912981976,510.5404912981976,True,False,60,False,2,950,0.3435741672060947,87.30018746189468,False,0.114,0.0,rolling
reactive_hpa_fixed_cpu,reactive_hpa,760,585.0,367.02683861972815,439.2874462784862,439.2874462784862,439.2874462784862,439.2874462784862,True,False,60,False,2,950,0.4599333817289826,97.51286903222497,False,0.114,0.0,rolling
reactive_hpa_fixed_cpu,reactive_hpa,761,547.0,343.18577901707914,464.7785678020541,464.7785678020541,464.7785678020541,464.7785678020541,True,False,60,False,2,950,0.43005736718932225,94.31698864858795,False,0.114,0.0,rolling
reactive_hpa_fixed_cpu,reactive_hpa,762,578.0,362.63506448239804,452.36674721205827,452.36674721205827,452.36674721205827,452.36674721205827,True,False,60,False,2,950,0.4544299053664136,96.89169444666769,False,0.114,0.0,rolling
reactive_hpa_fixed_cpu,reactive_hpa,763,779.0,488.74172185430467,456.9122893151266,456.9122893151266,456.9122893151266,456.9122893151266,True,False,60,False,2,950,0.6124582980630384,121.35252897684259,False,0.114,0.0,rolling
reactive_hpa_fixed_cpu,reactive_hpa,764,741.0,464.90066225165566,510.0762943136965,510.0762943136965,510.0762943136965,510.0762943136965,True,False,60,False,2,950,0.582582283523378,115.59133887171292,False,0.114,0.0,rolling
reactive_hpa_fixed_cpu,reactive_hpa,765,532.0,333.7748344370861,510.05269311811617,510.05269311811617,510.05269311811617,510.05269311811617,True,False,60,False,2,950,0.41826420355524574,93.17117737844269,False,0.114,0.0,rolling
reactive_hpa_fixed_cpu,reactive_hpa,766,699.0,438.55001742767513,460.56455024833167,460.56455024833167,460.56455024833167,460.56455024833167,True,False,60,False,2,950,0.5495614253479638,109.87591594267974,False,0.114,0.0,rolling
reactive_hpa_fixed_cpu,reactive_hpa,767,677.0,424.747298710352,498.3414908769196,498.3414908769196,498.3414908769196,498.3414908769196,True,False,60,False,2,950,0.5322647853513184,107.1428663139174,False,0.114,0.0,rolling
reactive_hpa_fixed_cpu,reactive_hpa,768,601.0,377.06517950505406,496.31335344243143,496.31335344243143,496.31335344243143,496.31335344243143,True,False,60,False,2,950,0.47251275627199757,98.9894819794421,False,0.114,0.0,rolling
reactive_hpa_fixed_cpu,reactive_hpa,769,662.0,415.33635413035904,477.49814316584707,477.49814316584707,477.49814316584707,477.49814316584707,True,False,60,False,2,950,0.5204716217172419,105.37836679306106,False,0.114,0.0,rolling
reactive_hpa_fixed_cpu,reactive_hpa,770,441.0,276.68177065179503,491.6128140998171,491.6128140998171,491.6128140998171,491.6128140998171,True,False,60,False,2,950,0.3467190108418484,87.5024907738634,False,0.114,0.0,rolling
reactive_hpa_fixed_cpu,reactive_hpa,771,521.0,326.8734750784245,434.13597960317156,434.13597960317156,434.13597960317156,434.13597960317156,True,False,60,False,2,950,0.40961588355692297,92.37094487035552,False,0.114,0.0,rolling
reactive_hpa_fixed_cpu,reactive_hpa,772,544.0,341.30359010108054,443.4161142024773,443.4161142024773,443.4161142024773,443.4161142024773,True,False,60,False,2,950,0.42769873446250695,94.08271533758415,False,0.114,0.0,rolling
reactive_hpa_fixed_cpu,reactive_hpa,773,1193.0,748.4837922621123,444.733735235734,444.733735235734,444.733735235734,444.733735235734,True,False,60,False,2,950,0.9379496143635492,228.52892323593014,False,0.114,0.0,rolling
reactive_hpa_fixed_cpu,reactive_hpa,774,723.0,453.607528755664,625.1103277862239,625.1103277862239,625.1103277862239,625.1103277862239,True,False,60,False,2,950,0.5684304871624862,113.06013278023146,False,0.114,0.0,rolling
reactive_hpa_fixed_cpu,reactive_hpa,775,864.0,542.0704078075985,525.8627968774495,525.8627968774495,525.8627968774495,525.8627968774495,True,False,60,False,3,950,0.4528574835485367,96.71695417235715,False,0.17099999999999999,0.0,rolling
reactive_hpa_fixed_cpu,reactive_hpa,776,915.0,574.0676193795748,567.2683972436621,567.2683972436621,567.2683972436621,567.2683972436621,True,False,60,False,3,950,0.4795886544524435,99.85542587780422,False,0.17099999999999999,0.0,rolling
reactive_hpa_fixed_cpu,reactive_hpa,777,543.0,340.6761937957477,590.1860973834255,590.1860973834255,590.1860973834255,590.1860973834255,True,False,60,False,3,950,0.28460834903571236,84.14968769721084,False,0.17099999999999999,0.0,rolling
reactive_hpa_fixed_cpu,reactive_hpa,778,808.0,506.93621470895783,496.65651000959906,496.65651000959906,496.65651000959906,496.65651000959906,True,False,60,False,3,950,0.4235056096148353,93.67256531709927,False,0.17099999999999999,0.0,rolling
reactive_hpa_fixed_cpu,reactive_hpa,779,666.0,417.8459393516905,554.6125451079361,554.6125451079361,554.6125451079361,554.6125451079361,True,False,60,False,3,950,0.3490776435686637,87.65664677094551,False,0.17099999999999999,0.0,rolling
reactive_hpa_fixed_cpu,reactive_hpa,780,788.0,494.38828860230046,518.6882501666996,518.6882501666996,518.6882501666996,518.6882501666996,True,False,60,False,3,950,0.4130227974956562,92.68219939077113,False,0.17099999999999999,0.0,rolling
reactive_hpa_fixed_cpu,reactive_hpa,781,806.0,505.6814220982921,547.6159225124388,547.6159225124388,547.6159225124388,547.6159225124388,True,False,60,False,2,950,0.6336859926043761,125.8030952067173,False,0.114,0.0,rolling
reactive_hpa_fixed_cpu,reactive_hpa,782,940.0,589.7525270128965,555.6057460333736,555.6057460333736,555.6057460333736,555.6057460333736,True,False,60,False,2,950,0.739038254402126,152.65629743145968,False,0.114,0.0,rolling
reactive_hpa_fixed_cpu,reactive_hpa,783,940.0,589.7525270128965,597.0772611672428,597.0772611672428,597.0772611672428,597.0772611672428,True,False,60,False,2,950,0.739038254402126,152.65629743145968,False,0.114,0.0,rolling
reactive_hpa_fixed_cpu,reactive_hpa,784,1053.0,660.6483095155106,605.7660172372925,605.7660172372925,605.7660172372925,605.7660172372925,True,False,60,False,3,950,0.5519200580747792,110.26223768768476,False,0.17099999999999999,0.0,rolling
reactive_hpa_fixed_cpu,reactive_hpa,785,712.0,446.70616939700244,647.2540772909206,647.2540772909206,647.2540772909206,647.2540772909206,True,False,60,False,3,950,0.37318811144277564,89.35526093736699,False,0.17099999999999999,0.0,rolling
reactive_hpa_fixed_cpu,reactive_hpa,786,653.0,409.6897873823632,562.5772983792799,562.5772983792799,562.5772983792799,562.5772983792799,True,False,60,False,3,950,0.3422638156911973,87.21697944358924,False,0.17099999999999999,0.0,rolling
reactive_hpa_fixed_cpu,reactive_hpa,787,773.0,484.9773440223074,535.9029863058527,535.9029863058527,535.9029863058527,535.9029863058527,True,False,60,False,3,950,0.40516068840627184,91.97166088230082,False,0.17099999999999999,0.0,rolling
reactive_hpa_fixed_cpu,reactive_hpa,788,766.0,480.58556988497736,557.8300383025576,557.8300383025576,557.8300383025576,557.8300383025576,True,False,60,False,3,950,0.4014917041645592,91.64936447645806,False,0.17099999999999999,0.0,rolling
reactive_hpa_fixed_cpu,reactive_hpa,789,635.0,398.39665388637155,553.1932703537154,553.1932703537154,553.1932703537154,553.1932703537154,True,False,60,False,2,950,0.4992439271759042,102.39808443540112,False,0.114,0.0,rolling
reactive_hpa_fixed_cpu,reactive_hpa,790,718.0,450.47054722899964,515.4213148756226,515.4213148756226,515.4213148756226,515.4213148756226,True,False,60,False,2,950,0.564499432617794,112.37897036943411,False,0.114,0.0,rolling
reactive_hpa_fixed_cpu,reactive_hpa,791,806.0,505.6814220982921,528.8134279820447,528.8134279820447,528.8134279820447,528.8134279820447,True,False,60,False,2,950,0.6336859926043761,125.8030952067173,False,0.114,0.0,rolling
reactive_hpa_fixed_cpu,reactive_hpa,792,843.0,528.8950853956082,550.7799517742151,550.7799517742151,550.7799517742151,550.7799517742151,True,False,60,False,2,950,0.6627757962350981,132.40496382132378,False,0.114,0.0,rolling
reactive_hpa_fixed_cpu,reactive_hpa,793,832.0,521.9937260369467,564.3033405103397,564.3033405103397,564.3033405103397,564.3033405103397,True,False,60,False,2,950,0.6541274762367753,130.38017601737812,False,0.114,0.0,rolling
reactive_hpa_fixed_cpu,reactive_hpa,794,531.0,333.14743813175323,566.1435353628799,566.1435353628799,566.1435353628799,566.1435353628799,True,False,60,False,2,950,0.4174779926463073,93.09704334626976,False,0.114,0.0,rolling
reactive_hpa_fixed_cpu,reactive_hpa,795,614.0,385.2213314743813,486.80585263141757,486.80585263141757,486.80585263141757,486.80585263141757,True,False,60,False,2,950,0.48273349808819715,100.24859132005062,False,0.114,0.0,rolling
reactive_hpa_fixed_cpu,reactive_hpa,796,606.0,380.2021610317184,494.84104824671294,494.84104824671294,494.84104824671294,494.84104824671294,True,False,60,False,2,950,0.47644381081668974,99.46738303938548,False,0.114,0.0,rolling
reactive_hpa_fixed_cpu,reactive_hpa,797,570.0,357.6158940397351,486.2116804912562,486.2116804912562,486.2116804912562,486.2116804912562,True,False,60,False,2,950,0.4481402180949062,96.19997217647379,False,0.114,0.0,rolling
reactive_hpa_fixed_cpu,reactive_hpa,798,577.0,362.00766817706517,470.97703649558844,470.97703649558844,470.97703649558844,470.97703649558844,True,False,60,False,2,950,0.45364369445747516,96.80417288828248,False,0.114,0.0,rolling
reactive_hpa_fixed_cpu,reactive_hpa,799,782.0,490.62391077030327,466.72576276884274,466.72576276884274,466.72576276884274,466.72576276884274,True,False,60,False,2,950,0.6148169307898537,121.83212829892241,False,0.114,0.0,rolling
reactive_hpa_fixed_cpu,reactive_hpa,800,410.0,257.23248518647614,518.6946080397947,518.6946080397947,518.6946080397947,518.6946080397947,True,False,60,False,2,950,0.3223464726647571,86.02894430337405,False,0.114,0.0,rolling
reactive_hpa_fixed_cpu,reactive_hpa,801,626.0,392.75008713837576,427.9083706579513,427.9083706579513,427.9083706579513,427.9083706579513,True,False,60,False,2,950,0.49216802899545836,101.45915917820344,False,0.114,0.0,rolling
reactive_hpa_fixed_cpu,reactive_hpa,802,885.0,555.2457302195887,470.35972073404673,470.35972073404673,470.35972073404673,470.35972073404673,True,False,60,False,2,950,0.6957966544105122,140.63445993643407,False,0.114,0.0,rolling
reactive_hpa_fixed_cpu,reactive_hpa,803,695.0,436.04043220634367,542.6616462344832,542.6616462344832,542.6616462344832,542.6616462344832,True,False,60,False,2,950,0.5464165817122101,109.36595408344898,False,0.114,0.0,rolling
reactive_hpa_fixed_cpu,reactive_hpa,804,571.0,358.243290345068,505.76796830906324,505.76796830906324,505.76796830906324,505.76796830906324,True,False,60,False,2,950,0.4489264290038446,96.2853848596357,False,0.114,0.0,rolling
reactive_hpa_fixed_cpu,reactive_hpa,805,431.0,270.4078075984664,474.96727618264504,474.96727618264504,474.96727618264504,474.96727618264504,True,False,60,False,2,950,0.33885690175246413,87.00360287141129,False,0.114,0.0,rolling
reactive_hpa_fixed_cpu,reactive_hpa,806,700.0,439.17741373300805,432.55549423342563,432.55549423342563,432.55549423342563,432.55549423342563,True,False,60,False,2,950,0.5503476362569023,110.00432228286442,False,0.114,0.0,rolling
reactive_hpa_fixed_cpu,reactive_hpa,807,550.0,345.06796793307774,491.27584682577617,491.27584682577617,491.27584682577617,491.27584682577617,True,False,60,False,2,950,0.4324159999161375,94.55384583035442,False,0.114,0.0,rolling
reactive_hpa_fixed_cpu,reactive_hpa,808,860.0,539.560822586267,456.39804816285414,456.39804816285414,456.39804816285414,456.39804816285414,True,False,60,False,2,950,0.6761413816870514,135.63973531763736,False,0.114,0.0,rolling
reactive_hpa_fixed_cpu,reactive_hpa,809,866.0,543.3252004182642,537.259477063259,537.259477063259,537.259477063259,537.259477063259,True,False,60,False,2,950,0.680858647140682,136.8124315977381,False,0.114,0.0,rolling
reactive_hpa_fixed_cpu,reactive_hpa,810,720.0,451.7253398396654,553.1995800611053,553.1995800611053,553.1995800611053,553.1995800611053,True,False,60,False,2,950,0.566071854435671,112.65030111788508,False,0.114,0.0,rolling
reactive_hpa_fixed_cpu,reactive_hpa,811,773.0,484.9773440223074,525.2462276843394,525.2462276843394,525.2462276843394,525.2462276843394,True,False,60,False,2,950,0.6077410326094078,120.4043554777653,False,0.114,0.0,rolling
reactive_hpa_fixed_cpu,reactive_hpa,812,623.0,390.86789822237716,540.5176461959777,540.5176461959777,540.5176461959777,540.5176461959777,True,False,60,False,2,950,0.48980939626864306,101.15211707542865,False,0.114,0.0,rolling
reactive_hpa_fixed_cpu,reactive_hpa,813,864.0,542.0704078075985,501.77987199589097,501.77987199589097,501.77987199589097,501.77987199589097,True,False,60,False,2,950,0.6792862253228051,136.41972033170538,False,0.114,0.0,rolling
reactive_hpa_fixed_cpu,reactive_hpa,814,740.0,464.2732659463228,562.1260338866427,562.1260338866427,562.1260338866427,562.1260338866427,True,False,60,False,2,950,0.5817960726144396,115.4474387543774,False,0.114,0.0,rolling
reactive_hpa_fixed_cpu,reactive_hpa,815,784.0,491.878703380969,536.6022800977571,536.6022800977571,536.6022800977571,536.6022800977571,True,False,60,False,2,950,0.6163893526077305,122.15391249622013,False,0.114,0.0,rolling
reactive_hpa_fixed_cpu,reactive_hpa,816,588.0,368.90902753572675,549.3504658904781,549.3504658904781,549.3504658904781,549.3504658904781,True,False,60,False,2,950,0.46229201445579793,97.78368183434287,False,0.114,0.0,rolling
reactive_hpa_fixed_cpu,reactive_hpa,817,591.0,370.79121645172535,497.552175381873,497.552175381873,497.552175381873,497.552175381873,True,False,60,False,2,950,0.46465064718261323,98.0572721794378,False,0.114,0.0,rolling
reactive_hpa_fixed_cpu,reactive_hpa,818,631.0,395.8870686650401,488.7945664361455,488.7945664361455,488.7945664361455,488.7945664361455,True,False,60,False,2,950,0.4960990835401505,101.9774742232625,False,0.114,0.0,rolling
reactive_hpa_fixed_cpu,reactive_hpa,819,791.0,496.27047751829906,491.1279299449043,491.1279299449043,491.1279299449043,491.1279299449043,True,False,60,False,2,950,0.6218928289702996,123.29314660897822,False,0.114,0.0,rolling
reactive_hpa_fixed_cpu,reactive_hpa,820,839.0,526.3855001742768,531.0078093482584,531.0078093482584,531.0078093482584,531.0078093482584,True,False,60,False,2,950,0.6596309525993443,131.66251972542955,False,0.114,0.0,rolling
reactive_hpa_fixed_cpu,reactive_hpa,821,756.0,474.31160683164865,551.353219998291,551.353219998291,551.353219998291,551.353219998291,True,False,60,False,2,950,0.5943754471574545,117.7968048315917,False,0.114,0.0,rolling
reactive_hpa_fixed_cpu,reactive_hpa,822,555.0,348.20494945974207,536.4837924628027,536.4837924628027,536.4837924628027,536.4837924628027,True,False,60,False,2,950,0.43634705446082966,94.95438822450296,False,0.114,0.0,rolling
reactive_hpa_fixed_cpu,reactive_hpa,823,571.0,358.243290345068,483.9233519169211,483.9233519169211,483.9233519169211,483.9233519169211,True,False,60,False,2,950,0.4489264290038446,96.2853848596357,False,0.114,0.0,rolling
reactive_hpa_fixed_cpu,reactive_hpa,824,702.0,440.4322063436738,477.2418775309793,477.2418775309793,477.2418775309793,477.2418775309793,True,False,60,False,2,950,0.5519200580747792,110.26223768768476,False,0.114,0.0,rolling
reactive_hpa_fixed_cpu,reactive_hpa,825,540.0,338.794004879749,505.16014119145893,505.16014119145893,505.16014119145893,505.16014119145893,True,False,60,False,2,950,0.42455389082675316,93.77434578410777,False,0.114,0.0,rolling
reactive_hpa_fixed_cpu,reactive_hpa,826,338.0,212.05995120250958,463.3436632764747,463.3436632764747,463.3436632764747,463.3436632764747,True,False,60,False,2,950,0.26573928722118995,83.37784566376281,False,0.114,0.0,rolling
reactive_hpa_fixed_cpu,reactive_hpa,827,563.0,353.22411990240505,404.21339644945783,404.21339644945783,404.21339644945783,404.21339644945783,True,False,60,False,2,950,0.44263674173233714,95.61043071926616,False,0.114,0.0,rolling
reactive_hpa_fixed_cpu,reactive_hpa,828,547.0,343.18577901707914,445.47580017391465,445.47580017391465,445.47580017391465,445.47580017391465,True,False,60,False,2,950,0.43005736718932225,94.31698864858795,False,0.114,0.0,rolling
reactive_hpa_fixed_cpu,reactive_hpa,829,632.0,396.51446497037296,440.65792917327235,440.65792917327235,440.65792917327235,440.65792917327235,True,False,60,False,2,950,0.4968852944490889,102.08212868705203,False,0.114,0.0,rolling
reactive_hpa_fixed_cpu,reactive_hpa,830,682.0,427.8842802370164,462.0778203763789,462.0778203763789,462.0778203763789,462.0778203763789,True,False,60,False,2,950,0.5361958398960105,107.74871175245367,False,0.114,0.0,rolling
reactive_hpa_fixed_cpu,reactive_hpa,831,612.0,383.9665388637156,479.64999421431094,479.64999421431094,479.64999421431094,479.64999421431094,True,False,60,False,2,950,0.4811610762703203,100.05136617402117,False,0.114,0.0,rolling
reactive_hpa_fixed_cpu,reactive_hpa,832,614.0,385.2213314743813,467.23807729290456,467.23807729290456,467.23807729290456,467.23807729290456,True,False,60,False,2,950,0.48273349808819715,100.24859132005062,False,0.114,0.0,rolling
reactive_hpa_fixed_cpu,reactive_hpa,833,699.0,438.55001742767513,469.35987294128245,469.35987294128245,469.35987294128245,469.35987294128245,True,False,60,False,2,950,0.5495614253479638,109.87591594267974,False,0.114,0.0,rolling
reactive_hpa_fixed_cpu,reactive_hpa,834,734.0,460.50888811432554,493.4190521301448,493.4190521301448,493.4190521301448,493.4190521301448,True,False,60,False,2,950,0.577078807160809,114.59217595736717,False,0.114,0.0,rolling
reactive_hpa_fixed_cpu,reactive_hpa,835,804.0,504.42662948762637,508.28241078676956,508.28241078676956,508.28241078676956,508.28241078676956,True,False,60,False,2,950,0.6321135707864992,125.46297460702993,False,0.114,0.0,rolling
reactive_hpa_fixed_cpu,reactive_hpa,836,743.0,466.1554548623214,534.3239459072647,534.3239459072647,534.3239459072647,534.3239459072647,True,False,60,False,2,950,0.5841547053412549,115.88030638823975,False,0.114,0.0,rolling
reactive_hpa_fixed_cpu,reactive_hpa,837,721.0,452.3527361449983,526.9779052029153,526.9779052029153,526.9779052029153,526.9779052029153,True,False,60,False,2,950,0.5668580653446094,112.78653307518758,False,0.114,0.0,rolling
reactive_hpa_fixed_cpu,reactive_hpa,838,491.0,308.0515859184385,524.0267442755621,524.0267442755621,524.0267442755621,524.0267442755621,True,False,60,False,2,950,0.38602955628877006,90.3546202972453,False,0.114,0.0,rolling
reactive_hpa_fixed_cpu,reactive_hpa,839,431.0,270.4078075984664,463.06904650790057,463.06904650790057,463.06904650790057,463.06904650790057,True,False,60,False,2,950,0.33885690175246413,87.00360287141129,False,0.114,0.0,rolling
reactive_hpa_fixed_cpu,reactive_hpa,840,572.0,358.87068665040084,434.51427305233074,434.51427305233074,434.51427305233074,434.51427305233074,True,False,60,False,2,950,0.449712639912783,96.37109723611579,False,0.114,0.0,rolling
reactive_hpa_fixed_cpu,reactive_hpa,841,624.0,391.49529452771003,457.5988432779882,457.5988432779882,457.5988432779882,457.5988432779882,True,False,60,False,2,950,0.4905956071775815,101.25413675733141,False,0.114,0.0,rolling
reactive_hpa_fixed_cpu,reactive_hpa,842,588.0,368.90902753572675,469.1008618612145,469.1008618612145,469.1008618612145,469.1008618612145,True,False,60,False,2,950,0.46229201445579793,97.78368183434287,False,0.114,0.0,rolling
reactive_hpa_fixed_cpu,reactive_hpa,843,885.0,555.2457302195887,461.0175487063584,461.0175487063584,461.0175487063584,461.0175487063584,True,False,60,False,2,950,0.6957966544105122,140.63445993643407,False,0.114,0.0,rolling
reactive_hpa_fixed_cpu,reactive_hpa,844,780.0,489.36911815963754,541.8872380252164,541.8872380252164,541.8872380252164,541.8872380252164,True,False,60,False,2,950,0.6132445089719769,121.5119858541629,False,0.114,0.0,rolling
reactive_hpa_fixed_cpu,reactive_hpa,845,702.0,440.4322063436738,528.8415326710674,528.8415326710674,528.8415326710674,528.8415326710674,True,False,60,False,2,950,0.5519200580747792,110.26223768768476,False,0.114,0.0,rolling
reactive_hpa_fixed_cpu,reactive_hpa,846,624.0,391.49529452771003,514.1809034679072,514.1809034679072,514.1809034679072,514.1809034679072,True,False,60,False,2,950,0.4905956071775815,101.25413675733141,False,0.114,0.0,rolling
reactive_hpa_fixed_cpu,reactive_hpa,847,567.0,355.7337051237365,493.70231464281414,493.70231464281414,493.70231464281414,493.70231464281414,True,False,60,False,2,950,0.44578158536809087,95.94552703832775,False,0.114,0.0,rolling
reactive_hpa_fixed_cpu,reactive_hpa,848,597.0,374.55559428372254,474.2666578338458,474.2666578338458,474.2666578338458,474.2666578338458,True,False,60,False,2,950,0.4693679126362438,98.61284218310936,False,0.114,0.0,rolling
reactive_hpa_fixed_cpu,reactive_hpa,849,630.0,395.2596723597072,476.1900348593804,476.1900348593804,476.1900348593804,476.1900348593804,True,False,60,False,2,950,0.49531287263121204,101.87315094420816,False,0.114,0.0,rolling
reactive_hpa_fixed_cpu,reactive_hpa,850,618.0,387.7309166957128,482.07569138006465,482.07569138006465,482.07569138006465,482.07569138006465,True,False,60,False,2,950,0.48587834172395084,100.64691295696943,False,0.114,0.0,rolling
reactive_hpa_fixed_cpu,reactive_hpa,851,720.0,451.7253398396654,478.1011777957774,478.1011777957774,478.1011777957774,478.1011777957774,True,False,60,False,2,950,0.566071854435671,112.65030111788508,False,0.114,0.0,rolling
reactive_hpa_fixed_cpu,reactive_hpa,852,810.0,508.19100731962357,504.5262323444531,504.5262323444531,504.5262323444531,504.5262323444531,True,False,60,False,2,950,0.6368308362401298,126.48841702136369,False,0.114,0.0,rolling
reactive_hpa_fixed_cpu,reactive_hpa,853,725.0,454.86232136632975,534.4851083570848,534.4851083570848,534.4851083570848,534.4851083570848,True,False,60,False,2,950,0.5700029089803631,113.33525037157344,False,0.114,0.0,rolling
reactive_hpa_fixed_cpu,reactive_hpa,854,848.0,532.0320669222726,519.3363919796116,519.3363919796116,519.3363919796116,519.3363919796116,True,False,60,False,2,950,0.6667068507797903,133.34297810180936,False,0.114,0.0,rolling
reactive_hpa_fixed_cpu,reactive_hpa,855,880.0,552.1087486929243,555.7453302472345,555.7453302472345,555.7453302472345,555.7453302472345,True,False,60,False,2,950,0.69186559986582,139.6125525211317,False,0.114,0.0,rolling
reactive_hpa_fixed_cpu,reactive_hpa,856,744.0,466.78285116765426,573.6589507697972,573.6589507697972,573.6589507697972,573.6589507697972,True,False,60,False,2,950,0.5849409162501933,116.02537483714497,False,0.114,0.0,rolling
reactive_hpa_fixed_cpu,reactive_hpa,857,873.0,547.7169745555943,544.4182976712395,544.4182976712395,544.4182976712395,544.4182976712395,True,False,60,False,2,950,0.6863621235032511,138.20126615656937,False,0.114,0.0,rolling
reactive_hpa_fixed_cpu,reactive_hpa,858,718.0,450.47054722899964,579.6313537256656,579.6313537256656,579.6313537256656,579.6313537256656,True,False,60,False,2,950,0.564499432617794,112.37897036943411,False,0.114,0.0,rolling
reactive_hpa_fixed_cpu,reactive_hpa,859,859.0,538.9334262809341,542.4405897301649,542.4405897301649,542.4405897301649,542.4405897301649,True,False,60,False,2,950,0.6753551707781129,135.44586881870424,False,0.114,0.0,rolling
reactive_hpa_fixed_cpu,reactive_hpa,860,832.0,521.9937260369467,577.5419013483738,577.5419013483738,577.5419013483738,577.5419013483738,True,False,60,False,2,950,0.6541274762367753,130.38017601737812,False,0.114,0.0,rolling
reactive_hpa_fixed_cpu,reactive_hpa,861,1119.0,702.05646566748,574.5009354635522,574.5009354635522,574.5009354635522,574.5009354635522,True,False,60,False,2,950,0.8797700071021053,202.5688076242677,False,0.114,0.0,rolling
reactive_hpa_fixed_cpu,reactive_hpa,862,965.0,605.4374346462182,659.6189363182821,659.6189363182821,659.6189363182821,659.6189363182821,True,False,60,False,2,950,0.7586935271255867,158.60888598319326,False,0.114,0.0,rolling
reactive_hpa_fixed_cpu,reactive_hpa,863,1061.0,665.6674799581735,632.5568903174635,632.5568903174635,632.5568903174635,632.5568903174635,True,False,60,False,3,950,0.5561131829224507,110.9572287410416,False,0.17099999999999999,0.0,rolling
reactive_hpa_fixed_cpu,reactive_hpa,864,837.0,525.130707563611,666.3000494614344,666.3000494614344,666.3000494614344,666.3000494614344,True,False,60,False,3,950,0.43870568718764497,95.19820500942053,False,0.17099999999999999,0.0,rolling
reactive_hpa_fixed_cpu,reactive_hpa,865,1016.0,637.4346462181945,610.6403384445066,610.6403384445066,610.6403384445066,610.6403384445066,True,False,60,False,3,950,0.5325268556542978,107.18297891774901,False,0.17099999999999999,0.0,rolling
reactive_hpa_fixed_cpu,reactive_hpa,866,1014.0,636.1798536075288,655.9129224580001,655.9129224580001,655.9129224580001,655.9129224580001,True,False,60,False,3,950,0.53147857444238,107.0227653101025,False,0.17099999999999999,0.0,rolling
reactive_hpa_fixed_cpu,reactive_hpa,867,871.0,546.4621819449286,661.0117921831643,661.0117921831643,661.0117921831643,661.0117921831643,True,False,60,False,3,950,0.45652646779024947,97.12656982367022,False,0.17099999999999999,0.0,rolling
reactive_hpa_fixed_cpu,reactive_hpa,868,750.0,470.54722899965145,623.5628600074378,623.5628600074378,623.5628600074378,623.5628600074378,True,False,60,False,3,950,0.3931054544692159,90.934519782385,False,0.17099999999999999,0.0,rolling
reactive_hpa_fixed_cpu,reactive_hpa,869,821.0,515.0923666782851,584.2798259408873,584.2798259408873,584.2798259408873,584.2798259408873,True,False,60,False,3,950,0.43031943749230167,94.34317825548388,False,0.17099999999999999,0.0,rolling
reactive_hpa_fixed_cpu,reactive_hpa,870,540.0,338.794004879749,592.1681643208267,592.1681643208267,592.1681643208267,592.1681643208267,True,False,60,False,3,950,0.28303592721783544,84.08128763973563,False,0.17099999999999999,0.0,rolling
reactive_hpa_fixed_cpu,reactive_hpa,871,510.0,319.972115719763,509.7198680947281,509.7198680947281,509.7198680947281,509.7198680947281,True,False,60,False,2,950,0.40096756355860025,91.60379986922521,False,0.114,0.0,rolling
reactive_hpa_fixed_cpu,reactive_hpa,872,759.0,476.1937957476473,480.5996774250407,480.5996774250407,480.5996774250407,480.5996774250407,True,False,60,False,2,950,0.5967340798842699,118.24855471907122,False,0.114,0.0,rolling
reactive_hpa_fixed_cpu,reactive_hpa,873,859.0,538.9334262809341,530.3513348683355,530.3513348683355,530.3513348683355,530.3513348683355,True,False,60,False,2,950,0.6753551707781129,135.44586881870424,False,0.114,0.0,rolling
reactive_hpa_fixed_cpu,reactive_hpa,874,618.0,387.7309166957128,559.2936014227703,559.2936014227703,559.2936014227703,559.2936014227703,True,False,60,False,2,950,0.48587834172395084,100.64691295696943,False,0.114,0.0,rolling
reactive_hpa_fixed_cpu,reactive_hpa,875,561.0,351.96932729173926,500.7236944108181,500.7236944108181,500.7236944108181,500.7236944108181,True,False,60,False,2,950,0.4410643199144602,95.44465762593875,False,0.114,0.0,rolling
reactive_hpa_fixed_cpu,reactive_hpa,876,626.0,392.75008713837576,477.5910548113052,477.5910548113052,477.5910548113052,477.5910548113052,True,False,60,False,2,950,0.49216802899545836,101.45915917820344,False,0.114,0.0,rolling
reactive_hpa_fixed_cpu,reactive_hpa,877,722.0,452.98013245033115,485.4999358645405,485.4999358645405,485.4999358645405,485.4999358645405,True,False,60,False,2,950,0.5676442762535479,112.92314345435074,False,0.114,0.0,rolling
reactive_hpa_fixed_cpu,reactive_hpa,878,705.0,442.3143952596724,508.5123056980042,508.5123056980042,508.5123056980042,508.5123056980042,True,False,60,False,2,950,0.5542786908015944,110.65187547889703,False,0.114,0.0,rolling
reactive_hpa_fixed_cpu,reactive_hpa,879,694.0,435.4130359010108,507.60546588210855,507.60546588210855,507.60546588210855,507.60546588210855,True,False,60,False,2,950,0.5456303708032717,109.23937686973353,False,0.114,0.0,rolling
reactive_hpa_fixed_cpu,reactive_hpa,880,912.0,572.1854304635762,506.62445088010327,506.62445088010327,506.62445088010327,506.62445088010327,True,False,60,False,2,950,0.7170243489518499,146.35508603483663,False,0.114,0.0,rolling
reactive_hpa_fixed_cpu,reactive_hpa,881,777.0,487.4869292436389,569.3192688910358,569.3192688910358,569.3192688910358,569.3192688910358,True,False,60,False,2,950,0.6108858762451616,121.03484128803615,False,0.114,0.0,rolling
reactive_hpa_fixed_cpu,reactive_hpa,882,574.0,360.1254792610666,545.186492504527,545.186492504527,545.186492504527,545.186492504527,True,False,60,False,3,950,0.3008567078204399,84.90175501287656,False,0.17099999999999999,0.0,rolling
reactive_hpa_fixed_cpu,reactive_hpa,883,808.0,506.93621470895783,492.13083625995296,492.13083625995296,492.13083625995296,492.13083625995296,True,False,60,False,3,950,0.4235056096148353,93.67256531709927,False,0.17099999999999999,0.0,rolling
reactive_hpa_fixed_cpu,reactive_hpa,884,895.0,561.5196932729174,545.696495074736,545.696495074736,545.696495074736,545.696495074736,True,False,60,False,3,950,0.4691058423332643,98.58168229753605,False,0.17099999999999999,0.0,rolling
reactive_hpa_fixed_cpu,reactive_hpa,885,983.0,616.7305681422098,576.1197607346899,576.1197607346899,576.1197607346899,576.1197607346899,True,False,60,False,2,950,0.7728453234864784,163.0902862467119,False,0.114,0.0,rolling
reactive_hpa_fixed_cpu,reactive_hpa,886,917.0,575.3224119902405,611.5650718199086,611.5650718199086,611.5650718199086,611.5650718199086,True,False,60,False,3,950,0.48063693566436133,99.98591018820946,False,0.17099999999999999,0.0,rolling
reactive_hpa_fixed_cpu,reactive_hpa,887,827.0,518.8567445102823,605.4634402768115,605.4634402768115,605.4634402768115,605.4634402768115,True,False,60,False,3,950,0.43346428112805535,94.65994878592969,False,0.17099999999999999,0.0,rolling
reactive_hpa_fixed_cpu,reactive_hpa,888,810.0,508.19100731962357,585.6202293527349,585.6202293527349,585.6202293527349,585.6202293527349,True,False,60,False,3,950,0.4245538908267532,93.77434578410777,False,0.17099999999999999,0.0,rolling
reactive_hpa_fixed_cpu,reactive_hpa,889,925.0,580.3415824329035,579.6848417413635,579.6848417413635,579.6848417413635,579.6848417413635,True,False,60,False,3,950,0.484830060512033,100.5135640939684,False,0.17099999999999999,0.0,rolling
reactive_hpa_fixed_cpu,reactive_hpa,890,1094.0,686.3715580341583,610.1862321752587,610.1862321752587,610.1862321752587,610.1862321752587,True,False,60,False,3,950,0.5734098229190963,113.93656568554181,False,0.17099999999999999,0.0,rolling
reactive_hpa_fixed_cpu,reactive_hpa,891,817.0,512.5827814569536,663.9576067172329,663.9576067172329,663.9576067172329,663.9576067172329,True,False,60,False,3,950,0.42822287506846585,94.13455350161757,False,0.17099999999999999,0.0,rolling
reactive_hpa_fixed_cpu,reactive_hpa,892,668.0,419.10073196235624,597.759046725283,597.759046725283,597.759046725283,597.759046725283,True,False,60,False,3,950,0.35012592478058163,87.72583292157742,False,0.17099999999999999,0.0,rolling
reactive_hpa_fixed_cpu,reactive_hpa,893,507.0,318.0899268037644,551.4262632903269,551.4262632903269,551.4262632903269,551.4262632903269,True,False,60,False,3,950,0.26573928722119,83.37784566376281,False,0.17099999999999999,0.0,rolling
reactive_hpa_fixed_cpu,reactive_hpa,894,642.0,402.78842802370167,494.10866461529076,494.10866461529076,494.10866461529076,494.10866461529076,True,False,60,False,3,950,0.33649826902564883,86.8583715418994,False,0.17099999999999999,0.0,rolling
reactive_hpa_fixed_cpu,reactive_hpa,895,713.0,447.3335657023353,509.4878779753144,509.4878779753144,509.4878779753144,509.4878779753144,True,False,60,False,2,950,0.5605683780731019,111.70722914088127,False,0.114,0.0,rolling
reactive_hpa_fixed_cpu,reactive_hpa,896,528.0,331.26524921575464,520.4289587550129,520.4289587550129,520.4289587550129,520.4289587550129,True,False,60,False,2,950,0.415119359919492,92.87631134456444,False,0.114,0.0,rolling
reactive_hpa_fixed_cpu,reactive_hpa,897,867.0,543.9525967235971,469.0154640657779,469.0154640657779,469.0154640657779,469.0154640657779,True,False,60,False,2,950,0.6816448580496205,137.00946875750347,False,0.114,0.0,rolling
reactive_hpa_fixed_cpu,reactive_hpa,898,668.0,419.10073196235624,550.6592244339658,550.6592244339658,550.6592244339658,550.6592244339658,True,False,60,False,2,950,0.5251888871708724,106.07468611032378,False,0.114,0.0,rolling
reactive_hpa_fixed_cpu,reactive_hpa,899,687.0,431.02126176368074,506.43171581048136,506.43171581048136,506.43171581048136,506.43171581048136,True,False,60,False,2,950,0.5401268944407027,108.36350600197986,False,0.114,0.0,rolling
reactive_hpa_fixed_cpu,reactive_hpa,900,650.0,407.8075984663646,508.93308129920797,508.93308129920797,508.93308129920797,508.93308129920797,True,False,60,False,2,950,0.5110370908099807,104.02313996189983,False,0.114,0.0,rolling
reactive_hpa_fixed_cpu,reactive_hpa,901,671.0,420.98292087835483,497.3447979378502,497.3447979378502,497.3447979378502,497.3447979378502,True,False,60,False,2,950,0.5275475198976878,106.42757184335741,False,0.114,0.0,rolling
reactive_hpa_fixed_cpu,reactive_hpa,902,801.0,502.5444405716278,500.6616569824355,500.6616569824355,500.6616569824355,500.6616569824355,True,False,60,False,2,950,0.629754938059684,124.95595728276234,False,0.114,0.0,rolling
reactive_hpa_fixed_cpu,reactive_hpa,903,687.0,431.02126176368074,536.286650231149,536.286650231149,536.286650231149,536.286650231149,True,False,60,False,2,950,0.5401268944407027,108.36350600197986,False,0.114,0.0,rolling
reactive_hpa_fixed_cpu,reactive_hpa,904,886.0,555.8731265249215,512.567689501433,512.567689501433,512.567689501433,512.567689501433,True,False,60,False,2,950,0.6965828653194506,140.8402328152678,False,0.114,0.0,rolling
reactive_hpa_fixed_cpu,reactive_hpa,905,747.0,468.66504008365285,567.2386067549551,567.2386067549551,567.2386067549551,567.2386067549551,True,False,60,False,2,950,0.5872995489770086,116.46292524471124,False,0.114,0.0,rolling
reactive_hpa_fixed_cpu,reactive_hpa,906,877.0,550.2265597769258,538.7325047445565,538.7325047445565,538.7325047445565,538.7325047445565,True,False,60,False,2,950,0.6895069671390047,139.0049547601932,False,0.114,0.0,rolling
reactive_hpa_fixed_cpu,reactive_hpa,907,721.0,452.3527361449983,575.9736982334707,575.9736982334707,575.9736982334707,575.9736982334707,True,False,60,False,2,950,0.5668580653446094,112.78653307518758,False,0.114,0.0,rolling
reactive_hpa_fixed_cpu,reactive_hpa,908,811.0,508.81840362495643,539.1163131669687,539.1163131669687,539.1163131669687,539.1163131669687,True,False,60,False,2,950,0.6376170471490682,126.66080899820577,False,0.114,0.0,rolling
reactive_hpa_fixed_cpu,reactive_hpa,909,972.0,609.8292087835483,561.0384281788838,561.0384281788838,561.0384281788838,561.0384281788838,True,False,60,False,2,950,0.7641970034881558,160.33198461291647,False,0.114,0.0,rolling
reactive_hpa_fixed_cpu,reactive_hpa,910,775.0,486.23213663297315,609.4617718023528,609.4617718023528,609.4617718023528,609.4617718023528,True,False,60,False,2,950,0.6093134544272847,120.71878485462891,False,0.114,0.0,rolling
reactive_hpa_fixed_cpu,reactive_hpa,911,636.0,399.0240501917044,564.9229441428815,564.9229441428815,564.9229441428815,564.9229441428815,True,False,60,False,3,950,0.3333534253898951,86.66787226272616,False,0.17099999999999999,0.0,rolling
reactive_hpa_fixed_cpu,reactive_hpa,912,570.0,357.6158940397351,524.0079114848031,524.0079114848031,524.0079114848031,524.0079114848031,True,False,60,False,3,950,0.2987601453966041,84.79999175599224,False,0.17099999999999999,0.0,rolling
reactive_hpa_fixed_cpu,reactive_hpa,913,864.0,542.0704078075985,495.2621850907062,495.2621850907062,495.2621850907062,495.2621850907062,True,False,60,False,3,950,0.4528574835485367,96.71695417235715,False,0.17099999999999999,0.0,rolling
reactive_hpa_fixed_cpu,reactive_hpa,914,598.0,375.1829905890554,563.9469624570766,563.9469624570766,563.9469624570766,563.9469624570766,True,False,60,False,2,950,0.4701541235451822,98.70653081065184,False,0.114,0.0,rolling
reactive_hpa_fixed_cpu,reactive_hpa,915,565.0,354.4789125130708,497.55347585591517,497.55347585591517,497.55347585591517,497.55347585591517,True,False,60,False,2,950,0.444209163550214,95.77738579044396,False,0.114,0.0,rolling
reactive_hpa_fixed_cpu,reactive_hpa,916,623.0,390.86789822237716,479.82404099028963,479.82404099028963,479.82404099028963,479.82404099028963,True,False,60,False,2,950,0.48980939626864306,101.15211707542865,False,0.114,0.0,rolling
reactive_hpa_fixed_cpu,reactive_hpa,917,660.0,414.0815615196933,485.9931526864643,485.9931526864643,485.9931526864643,485.9931526864643,True,False,60,False,2,950,0.5188991998993651,105.14904559485245,False,0.114,0.0,rolling
reactive_hpa_fixed_cpu,reactive_hpa,918,575.0,360.75287556639944,492.6293031437508,492.6293031437508,492.6293031437508,492.6293031437508,True,False,60,False,2,950,0.4520712726395983,96.63003777403478,False,0.114,0.0,rolling
reactive_hpa_fixed_cpu,reactive_hpa,919,614.0,385.2213314743813,469.3210754656907,469.3210754656907,469.3210754656907,469.3210754656907,True,False,60,False,2,950,0.48273349808819715,100.24859132005062,False,0.114,0.0,rolling
reactive_hpa_fixed_cpu,reactive_hpa,920,662.0,415.33635413035904,474.4046044137276,474.4046044137276,474.4046044137276,474.4046044137276,True,False,60,False,2,950,0.5204716217172419,105.37836679306106,False,0.114,0.0,rolling
reactive_hpa_fixed_cpu,reactive_hpa,921,849.0,532.6594632276054,486.1079315621132,486.1079315621132,486.1079315621132,486.1079315621132,True,False,60,False,2,950,0.6674930616887286,133.5319140945583,False,0.114,0.0,rolling
reactive_hpa_fixed_cpu,reactive_hpa,922,814.0,510.70059254095503,540.1226151642386,540.1226151642386,540.1226151642386,540.1226151642386,True,False,60,False,2,950,0.6399756798758834,127.18054098207631,False,0.114,0.0,rolling
reactive_hpa_fixed_cpu,reactive_hpa,923,760.0,476.82119205298017,543.1734550186397,543.1734550186397,543.1734550186397,543.1734550186397,True,False,60,False,2,950,0.5975202907932082,118.39993404793788,False,0.114,0.0,rolling
reactive_hpa_fixed_cpu,reactive_hpa,924,900.0,564.6566747995818,535.4882795835124,535.4882795835124,535.4882795835124,535.4882795835124,True,False,60,False,2,950,0.7075898180445886,143.77011937086928,False,0.114,0.0,rolling
reactive_hpa_fixed_cpu,reactive_hpa,925,574.0,360.1254792610666,578.1082337108915,578.1082337108915,578.1082337108915,578.1082337108915,True,False,60,False,2,950,0.45128506173065985,96.54342316845839,False,0.114,0.0,rolling
reactive_hpa_fixed_cpu,reactive_hpa,926,845.0,530.149878006274,498.2978768308012,498.2978768308012,498.2978768308012,498.2978768308012,True,False,60,False,3,950,0.4428988120353166,95.63817436927226,False,0.17099999999999999,0.0,rolling
reactive_hpa_fixed_cpu,reactive_hpa,927,955.0,599.1634715928896,561.6584171370678,561.6584171370678,561.6584171370678,561.6584171370678,True,False,60,False,3,950,0.5005542786908016,102.57491060462421,False,0.17099999999999999,0.0,rolling
reactive_hpa_fixed_cpu,reactive_hpa,928,827.0,518.8567445102823,599.571763042969,599.571763042969,599.571763042969,599.571763042969,True,False,60,False,3,950,0.43346428112805535,94.65994878592969,False,0.17099999999999999,0.0,rolling
reactive_hpa_fixed_cpu,reactive_hpa,929,983.0,616.7305681422098,575.1160356026517,575.1160356026517,575.1160356026517,575.1160356026517,True,False,60,False,3,950,0.5152302156576523,104.61934407309982,False,0.17099999999999999,0.0,rolling
reactive_hpa_fixed_cpu,reactive_hpa,930,1172.0,735.308469850122,621.6205297768811,621.6205297768811,621.6205297768811,621.6205297768811,True,False,60,False,3,950,0.6142927901838948,121.72523194107146,False,0.17099999999999999,0.0,rolling
reactive_hpa_fixed_cpu,reactive_hpa,931,739.0,463.64586964098993,687.7725135318387,687.7725135318387,687.7725135318387,687.7725135318387,True,False,60,False,3,950,0.38733990780366745,90.46042282405469,False,0.17099999999999999,0.0,rolling
reactive_hpa_fixed_cpu,reactive_hpa,932,789.0,495.01568490763333,580.9281430913948,580.9281430913948,580.9281430913948,580.9281430913948,True,False,60,False,3,950,0.41354693810161514,92.73054317386932,False,0.17099999999999999,0.0,rolling
reactive_hpa_fixed_cpu,reactive_hpa,933,578.0,362.63506448239804,583.810595640186,583.810595640186,583.810595640186,583.810595640186,True,False,60,False,3,950,0.3029532702442757,85.00494650271635,False,0.17099999999999999,0.0,rolling
reactive_hpa_fixed_cpu,reactive_hpa,934,682.0,427.8842802370164,519.4396110859966,519.4396110859966,519.4396110859966,519.4396110859966,True,False,60,False,3,950,0.357463893264007,88.22184051924553,False,0.17099999999999999,0.0,rolling
reactive_hpa_fixed_cpu,reactive_hpa,935,564.0,353.8515162077379,529.795165469629,529.795165469629,529.795165469629,529.795165469629,True,False,60,False,2,950,0.44342295264127557,95.69376024519528,False,0.114,0.0,rolling
reactive_hpa_fixed_cpu,reactive_hpa,936,616.0,386.47612408504705,490.9742572622531,490.9742572622531,490.9742572622531,490.9742572622531,True,False,60,False,2,950,0.48430591990607397,100.44710551474817,False,0.114,0.0,rolling
reactive_hpa_fixed_cpu,reactive_hpa,937,552.0,346.32276054374347,492.19716043610424,492.19716043610424,492.19716043610424,492.19716043610424,True,False,60,False,2,950,0.43398842173401436,94.71319310004843,False,0.114,0.0,rolling
reactive_hpa_fixed_cpu,reactive_hpa,938,766.0,480.58556988497736,468.18120996771813,468.18120996771813,468.18120996771813,468.18120996771813,True,False,60,False,2,950,0.6022375562468388,119.31660510804596,False,0.114,0.0,rolling
reactive_hpa_fixed_cpu,reactive_hpa,939,831.0,521.3663297316139,518.0218535514919,518.0218535514919,518.0218535514919,518.0218535514919,True,False,60,False,2,950,0.6533412653278369,130.1987349818688,False,0.114,0.0,rolling
reactive_hpa_fixed_cpu,reactive_hpa,940,971.0,609.2018124782154,541.9651701363368,541.9651701363368,541.9651701363368,541.9651701363368,True,False,60,False,2,950,0.7634107925792173,160.08430138180384,False,0.114,0.0,rolling
reactive_hpa_fixed_cpu,reactive_hpa,941,663.0,415.9637504356919,590.3512575867826,590.3512575867826,590.3512575867826,590.3512575867826,True,False,60,False,2,950,0.5212578326261803,105.49354831268778,False,0.114,0.0,rolling
reactive_hpa_fixed_cpu,reactive_hpa,942,686.0,430.3938654583479,520.0733272701814,520.0733272701814,520.0733272701814,520.0733272701814,True,False,60,False,3,950,0.35956045568784284,88.3673564734974,False,0.17099999999999999,0.0,rolling
reactive_hpa_fixed_cpu,reactive_hpa,943,432.0,271.03520390379924,520.848337550764,520.848337550764,520.848337550764,520.848337550764,True,False,60,False,3,950,0.22642874177426836,82.08961927154465,False,0.17099999999999999,0.0,rolling
reactive_hpa_fixed_cpu,reactive_hpa,944,561.0,351.96932729173926,450.2141014294575,450.2141014294575,450.2141014294575,450.2141014294575,True,False,60,False,3,950,0.2940428799429735,84.57619485213,False,0.17099999999999999,0.0,rolling
reactive_hpa_fixed_cpu,reactive_hpa,945,958.0,601.0456605088881,466.70767654651536,466.70767654651536,466.70767654651536,466.70767654651536,True,False,60,False,2,950,0.7531900507630177,156.9106052143298,False,0.114,0.0,rolling
reactive_hpa_fixed_cpu,reactive_hpa,946,721.0,452.3527361449983,570.6075088440803,570.6075088440803,570.6075088440803,570.6075088440803,True,False,60,False,2,950,0.5668580653446094,112.78653307518758,False,0.114,0.0,rolling
reactive_hpa_fixed_cpu,reactive_hpa,947,782.0,490.62391077030327,522.4436579577318,522.4436579577318,522.4436579577318,522.4436579577318,True,False,60,False,3,950,0.4098779538599025,92.3947046811622,False,0.17099999999999999,0.0,rolling
reactive_hpa_fixed_cpu,reactive_hpa,948,481.0,301.7776228651098,540.8200786593429,540.8200786593429,540.8200786593429,540.8200786593429,True,False,60,False,3,950,0.25211163146625715,82.8843712201247,False,0.17099999999999999,0.0,rolling
reactive_hpa_fixed_cpu,reactive_hpa,949,756.0,474.31160683164865,463.0656989913846,463.0656989913846,463.0656989913846,463.0656989913846,True,False,60,False,3,950,0.39625029810496964,91.19905328343458,False,0.17099999999999999,0.0,rolling
reactive_hpa_fixed_cpu,reactive_hpa,950,777.0,487.4869292436389,522.3232677774195,522.3232677774195,522.3232677774195,522.3232677774195,True,False,60,False,2,950,0.6108858762451616,121.03484128803615,False,0.114,0.0,rolling
reactive_hpa_fixed_cpu,reactive_hpa,951,525.0,329.38306029975604,531.855333098119,531.855333098119,531.855333098119,531.855333098119,True,False,60,False,2,950,0.41276072719267676,92.65807346308343,False,0.114,0.0,rolling
reactive_hpa_fixed_cpu,reactive_hpa,952,533.0,334.40223074241896,468.9949695581872,468.9949695581872,468.9949695581872,468.9949695581872,True,False,60,False,2,950,0.4190504144641842,93.24559063451278,False,0.114,0.0,rolling
reactive_hpa_fixed_cpu,reactive_hpa,953,504.0,316.2077378877658,460.8825161516452,460.8825161516452,460.8825161516452,460.8825161516452,True,False,60,False,2,950,0.3962502981049697,91.19905328343458,False,0.114,0.0,rolling
reactive_hpa_fixed_cpu,reactive_hpa,954,533.0,334.40223074241896,446.1307333512691,446.1307333512691,446.1307333512691,446.1307333512691,True,False,60,False,2,950,0.4190504144641842,93.24559063451278,False,0.114,0.0,rolling
reactive_hpa_fixed_cpu,reactive_hpa,955,717.0,449.84315092366677,446.219261917548,446.219261917548,446.219261917548,446.219261917548,True,False,60,False,2,950,0.5637132217088556,112.24387052857179,False,0.114,0.0,rolling
reactive_hpa_fixed_cpu,reactive_hpa,956,666.0,417.8459393516905,490.57428924572423,490.57428924572423,490.57428924572423,490.57428924572423,True,False,60,False,2,950,0.5236164653529957,105.84118285194114,False,0.114,0.0,rolling
reactive_hpa_fixed_cpu,reactive_hpa,957,691.0,433.5308469850122,484.29309595339555,484.29309595339555,484.29309595339555,484.29309595339555,True,False,60,False,2,950,0.5432717380764563,108.86182863349728,False,0.114,0.0,rolling
reactive_hpa_fixed_cpu,reactive_hpa,958,670.0,420.35552457302197,494.326180940272,494.326180940272,494.326180940272,494.326180940272,True,False,60,False,2,950,0.5267613089887493,106.30959178647565,False,0.114,0.0,rolling
reactive_hpa_fixed_cpu,reactive_hpa,959,872.0,547.0895782502614,493.27130382924133,493.27130382924133,493.27130382924133,493.27130382924133,True,False,60,False,2,950,0.6855759125943125,138.00149081809815,False,0.114,0.0,rolling
reactive_hpa_fixed_cpu,reactive_hpa,960,854.0,535.7964447542698,550.8858922429476,550.8858922429476,550.8858922429476,550.8858922429476,True,False,60,False,2,950,0.6714241162334208,134.48328860869478,False,0.114,0.0,rolling
reactive_hpa_fixed_cpu,reactive_hpa,961,954.0,598.5360752875566,558.6410524478265,558.6410524478265,558.6410524478265,558.6410524478265,True,False,60,False,2,950,0.750045207127264,155.95123249261525,False,0.114,0.0,rolling
reactive_hpa_fixed_cpu,reactive_hpa,962,876.0,549.5991634715929,597.0710477912635,597.0710477912635,597.0710477912635,597.0710477912635,True,False,60,False,2,950,0.6887207562300662,138.80334347211246,False,0.114,0.0,rolling
reactive_hpa_fixed_cpu,reactive_hpa,963,719.0,451.09794353433256,587.9830943559691,587.9830943559691,587.9830943559691,587.9830943559691,True,False,60,False,3,950,0.37685709568448833,89.6339102392848,False,0.17099999999999999,0.0,rolling
reactive_hpa_fixed_cpu,reactive_hpa,964,987.0,619.2401533635414,549.486630339265,549.486630339265,549.486630339265,549.486630339265,True,False,60,False,3,950,0.5173267780814882,104.92111001899066,False,0.17099999999999999,0.0,rolling
reactive_hpa_fixed_cpu,reactive_hpa,965,919.0,576.5772046009063,620.0141553405547,620.0141553405547,620.0141553405547,620.0141553405547,True,False,60,False,3,950,0.48168521687627924,100.11696492092314,False,0.17099999999999999,0.0,rolling
reactive_hpa_fixed_cpu,reactive_hpa,966,796.0,499.4074590449634,610.932848772587,610.932848772587,610.932848772587,610.932848772587,True,False,60,False,3,950,0.4172159223433278,93.07239396125102,False,0.17099999999999999,0.0,rolling
reactive_hpa_fixed_cpu,reactive_hpa,967,708.0,444.196584175671,580.5706572269105,580.5706572269105,580.5706572269105,580.5706572269105,True,False,60,False,3,950,0.3710915490189398,89.19847214443088,False,0.17099999999999999,0.0,rolling
reactive_hpa_fixed_cpu,reactive_hpa,968,841.0,527.6402927849425,552.0208689218357,552.0208689218357,552.0208689218357,552.0208689218357,True,False,60,False,3,950,0.4408022496114808,95.41714339673703,False,0.17099999999999999,0.0,rolling
reactive_hpa_fixed_cpu,reactive_hpa,969,756.0,474.31160683164865,580.530920520066,580.530920520066,580.530920520066,580.530920520066,True,False,60,False,3,950,0.39625029810496964,91.19905328343458,False,0.17099999999999999,0.0,rolling
reactive_hpa_fixed_cpu,reactive_hpa,970,789.0,495.01568490763333,556.9602379140115,556.9602379140115,556.9602379140115,556.9602379140115,True,False,60,False,2,950,0.6203204071524228,122.96558321180896,False,0.114,0.0,rolling
reactive_hpa_fixed_cpu,reactive_hpa,971,755.0,473.6842105263158,561.7622864804739,561.7622864804739,561.7622864804739,561.7622864804739,True,False,60,False,2,950,0.593589236248516,117.64701581928219,False,0.114,0.0,rolling
reactive_hpa_fixed_cpu,reactive_hpa,972,666.0,417.8459393516905,550.519110397347,550.519110397347,550.519110397347,550.519110397347,True,False,60,False,2,950,0.5236164653529957,105.84118285194114,False,0.114,0.0,rolling
reactive_hpa_fixed_cpu,reactive_hpa,973,663.0,415.9637504356919,523.0631893417158,523.0631893417158,523.0631893417158,523.0631893417158,True,False,60,False,2,950,0.5212578326261803,105.49354831268778,False,0.114,0.0,rolling
reactive_hpa_fixed_cpu,reactive_hpa,974,907.0,569.0484489369119,515.2574551463076,515.2574551463076,515.2574551463076,515.2574551463076,True,False,60,False,2,950,0.7130932944071577,145.2696919229162,False,0.114,0.0,rolling
reactive_hpa_fixed_cpu,reactive_hpa,975,896.0,562.1470895782503,576.9336407394221,576.9336407394221,576.9336407394221,576.9336407394221,True,False,60,False,2,950,0.7044449744088349,142.92362448415366,False,0.114,0.0,rolling
reactive_hpa_fixed_cpu,reactive_hpa,976,909.0,570.3032415475776,583.5639631463714,583.5639631463714,583.5639631463714,583.5639631463714,True,False,60,False,3,950,0.47644381081668974,99.46738303938548,False,0.17099999999999999,0.0,rolling
reactive_hpa_fixed_cpu,reactive_hpa,977,1086.0,681.3523875914954,595.1333414684123,595.1333414684123,595.1333414684123,595.1333414684123,True,False,60,False,3,950,0.5692166980714247,113.19750157768672,False,0.17099999999999999,0.0,rolling
reactive_hpa_fixed_cpu,reactive_hpa,978,1209.0,758.5221331474381,653.8659763156056,653.8659763156056,653.8659763156056,653.8659763156056,True,False,60,False,3,950,0.6336859926043761,125.8030952067173,False,0.17099999999999999,0.0,rolling
reactive_hpa_fixed_cpu,reactive_hpa,979,1289.0,808.7138375740676,706.4251645531504,706.4251645531504,706.4251645531504,706.4251645531504,True,False,60,False,3,950,0.6756172410810924,135.51044086441647,False,0.17099999999999999,0.0,rolling
reactive_hpa_fixed_cpu,reactive_hpa,980,956.0,599.7908678982224,751.0435619577211,751.0435619577211,751.0435619577211,751.0435619577211,True,False,60,False,3,950,0.5010784192967606,102.64590083762518,False,0.17099999999999999,0.0,rolling
reactive_hpa_fixed_cpu,reactive_hpa,981,997.0,625.51411641687,671.7241821942598,671.7241821942598,671.7241821942598,671.7241821942598,True,False,60,False,3,950,0.5225681841410778,105.68629106049332,False,0.17099999999999999,0.0,rolling
reactive_hpa_fixed_cpu,reactive_hpa,982,1003.0,629.2784942488672,679.2381767128718,679.2381767128718,679.2381767128718,679.2381767128718,True,False,60,False,3,950,0.5257130277768314,106.15283197082692,False,0.17099999999999999,0.0,rolling
reactive_hpa_fixed_cpu,reactive_hpa,983,951.0,596.6538863715581,679.2653421706418,679.2653421706418,679.2653421706418,679.2653421706418,True,False,60,False,3,950,0.49845771626696583,102.29243326826439,False,0.17099999999999999,0.0,rolling
reactive_hpa_fixed_cpu,reactive_hpa,984,913.0,572.8128267689091,662.698266187348,662.698266187348,662.698266187348,662.698266187348,True,False,60,False,3,950,0.47854037324052556,99.72551074560205,False,0.17099999999999999,0.0,rolling
reactive_hpa_fixed_cpu,reactive_hpa,985,844.0,529.5224817009411,646.441136517441,646.441136517441,646.441136517441,646.441136517441,True,False,60,False,3,950,0.4423746714293576,95.58271990197811,False,0.17099999999999999,0.0,rolling
reactive_hpa_fixed_cpu,reactive_hpa,986,779.0,488.74172185430467,620.1831688003331,620.1831688003331,620.1831688003331,620.1831688003331,True,False,60,False,3,950,0.40830553204202563,92.25260117832373,False,0.17099999999999999,0.0,rolling
reactive_hpa_fixed_cpu,reactive_hpa,987,832.0,521.9937260369467,592.4802780909504,592.4802780909504,592.4802780909504,592.4802780909504,True,False,60,False,3,950,0.4360849841578502,94.92745956070463,False,0.17099999999999999,0.0,rolling
reactive_hpa_fixed_cpu,reactive_hpa,988,871.0,546.4621819449286,595.6675954712227,595.6675954712227,595.6675954712227,595.6675954712227,True,False,60,False,3,950,0.45652646779024947,97.12656982367022,False,0.17099999999999999,0.0,rolling
reactive_hpa_fixed_cpu,reactive_hpa,989,810.0,508.19100731962357,600.5689858047963,600.5689858047963,600.5689858047963,600.5689858047963,True,False,60,False,2,950,0.6368308362401298,126.48841702136369,False,0.114,0.0,rolling
reactive_hpa_fixed_cpu,reactive_hpa,990,654.0,410.31718368769606,581.0718936387611,581.0718936387611,581.0718936387611,581.0718936387611,True,False,60,False,2,950,0.5141819344457345,104.46937893888517,False,0.114,0.0,rolling
reactive_hpa_fixed_cpu,reactive_hpa,991,969.0,607.9470198675497,533.9774418235811,533.9774418235811,533.9774418235811,533.9774418235811,True,False,60,False,2,950,0.7618383707613404,159.59046330301572,False,0.114,0.0,rolling
reactive_hpa_fixed_cpu,reactive_hpa,992,902.0,565.9114674102475,610.3408440891626,610.3408440891626,610.3408440891626,610.3408440891626,True,False,60,False,2,950,0.7091622398624655,144.19619894232684,False,0.114,0.0,rolling
reactive_hpa_fixed_cpu,reactive_hpa,993,905.0,567.793656326246,600.0912301742628,600.0912301742628,600.0912301742628,600.0912301742628,True,False,60,False,3,950,0.4743472483928538,99.21151711671683,False,0.17099999999999999,0.0,rolling
reactive_hpa_fixed_cpu,reactive_hpa,994,798.0,500.6622516556292,604.8538069452597,604.8538069452597,604.8538069452597,604.8538069452597,True,False,60,False,3,950,0.41826420355524574,93.17117737844269,False,0.17099999999999999,0.0,rolling
reactive_hpa_fixed_cpu,reactive_hpa,995,940.0,589.7525270128965,577.7946027210519,577.7946027210519,577.7946027210519,577.7946027210519,True,False,60,False,3,950,0.4926921696014173,101.5277918315436,False,0.17099999999999999,0.0,rolling
reactive_hpa_fixed_cpu,reactive_hpa,996,890.0,558.3827117462531,614.6261468866787,614.6261468866787,614.6261468866787,614.6261468866787,True,False,60,False,3,950,0.4664851393034696,98.27199401829492,False,0.17099999999999999,0.0,rolling
reactive_hpa_fixed_cpu,reactive_hpa,997,747.0,468.66504008365285,605.8257908775277,605.8257908775277,605.8257908775277,605.8257908775277,True,False,60,False,3,950,0.39153303265133904,90.80382970213665,False,0.17099999999999999,0.0,rolling
reactive_hpa_fixed_cpu,reactive_hpa,998,780.0,489.36911815963754,566.770147105538,566.770147105538,566.770147105538,566.770147105538,True,False,60,False,3,950,0.4088296726479846,92.29984766049272,False,0.17099999999999999,0.0,rolling
reactive_hpa_fixed_cpu,reactive_hpa,999,821.0,515.0923666782851,568.3010458817125,568.3010458817125,568.3010458817125,568.3010458817125,True,False,60,False,3,950,0.43031943749230167,94.34317825548388,False,0.17099999999999999,0.0,rolling
reactive_hpa_fixed_cpu,reactive_hpa,1000,757.0,474.9390031369815,575.7478010757732,575.7478010757732,575.7478010757732,575.7478010757732,True,False,60,False,2,950,0.5951616580663929,117.94699063575507,False,0.114,0.0,rolling
reactive_hpa_fixed_cpu,reactive_hpa,1001,757.0,474.9390031369815,557.5735800048687,557.5735800048687,557.5735800048687,557.5735800048687,True,False,60,False,2,950,0.5951616580663929,117.94699063575507,False,0.114,0.0,rolling
reactive_hpa_fixed_cpu,reactive_hpa,1002,927.0,581.5963750435692,552.7463648574048,552.7463648574048,552.7463648574048,552.7463648574048,True,False,60,False,2,950,0.7288175125859263,149.68333122977185,False,0.114,0.0,rolling
reactive_hpa_fixed_cpu,reactive_hpa,1003,669.0,419.7281282676891,597.3781523280395,597.3781523280395,597.3781523280395,597.3781523280395,True,False,60,False,2,950,0.5259750980798109,106.19196338375009,False,0.114,0.0,rolling
reactive_hpa_fixed_cpu,reactive_hpa,1004,806.0,505.6814220982921,532.4417505597326,532.4417505597326,532.4417505597326,532.4417505597326,True,False,60,False,3,950,0.4224573284029174,93.57128746865698,False,0.17099999999999999,0.0,rolling
reactive_hpa_fixed_cpu,reactive_hpa,1005,639.0,400.906239107703,561.6491934045093,561.6491934045093,561.6491934045093,561.6491934045093,True,False,60,False,3,950,0.33492584720777197,86.76267472419175,False,0.17099999999999999,0.0,rolling
reactive_hpa_fixed_cpu,reactive_hpa,1006,666.0,417.8459393516905,516.0174377268472,516.0174377268472,516.0174377268472,516.0174377268472,True,False,60,False,3,950,0.3490776435686637,87.65664677094551,False,0.17099999999999999,0.0,rolling
reactive_hpa_fixed_cpu,reactive_hpa,1007,957.0,600.4182642035553,514.4192996261213,514.4192996261213,514.4192996261213,514.4192996261213,True,False,60,False,2,950,0.7524038398540793,156.67000912660706,False,0.114,0.0,rolling
reactive_hpa_fixed_cpu,reactive_hpa,1008,851.0,533.9142558382712,591.0158479880429,591.0158479880429,591.0158479880429,591.0158479880429,True,False,60,False,2,950,0.6690654835066054,133.91112341556374,False,0.114,0.0,rolling
reactive_hpa_fixed_cpu,reactive_hpa,1009,801.0,502.5444405716278,573.9087381173067,573.9087381173067,573.9087381173067,573.9087381173067,True,False,60,False,3,950,0.4198366253731226,93.32028363933699,False,0.17099999999999999,0.0,rolling
reactive_hpa_fixed_cpu,reactive_hpa,1010,1078.0,676.3332171488323,564.2230723625139,564.2230723625139,564.2230723625139,564.2230723625139,True,False,60,False,3,950,0.565023573223753,112.46924625721584,False,0.17099999999999999,0.0,rolling
reactive_hpa_fixed_cpu,reactive_hpa,1011,935.0,586.6155454862321,644.5767865637099,644.5767865637099,644.5767865637099,644.5767865637099,True,False,60,False,3,950,0.4900714665716225,101.18608727837963,False,0.17099999999999999,0.0,rolling
reactive_hpa_fixed_cpu,reactive_hpa,1012,675.0,423.4925060996863,619.4596235758272,619.4596235758272,619.4596235758272,619.4596235758272,True,False,60,False,3,950,0.3537949090222943,87.97126492135865,False,0.17099999999999999,0.0,rolling
reactive_hpa_fixed_cpu,reactive_hpa,1013,816.0,511.95538515162076,550.4255966805731,550.4255966805731,550.4255966805731,550.4255966805731,True,False,60,False,3,950,0.4276987344625069,94.08271533758413,False,0.17099999999999999,0.0,rolling
reactive_hpa_fixed_cpu,reactive_hpa,1014,916.0,574.6950156849076,577.8983275673422,577.8983275673422,577.8983275673422,577.8983275673422,True,False,60,False,3,950,0.4801127950584024,99.92059680797487,False,0.17099999999999999,0.0,rolling
reactive_hpa_fixed_cpu,reactive_hpa,1015,627.0,393.3774834437086,604.5380807472411,604.5380807472411,604.5380807472411,604.5380807472411,True,False,60,False,3,950,0.3286361599362645,86.38878902722567,False,0.17099999999999999,0.0,rolling
reactive_hpa_fixed_cpu,reactive_hpa,1016,887.0,556.5005228302545,528.953373438695,528.953373438695,528.953373438695,528.953373438695,True,False,60,False,3,950,0.4649127174855927,98.08784317551374,False,0.17099999999999999,0.0,rolling
reactive_hpa_fixed_cpu,reactive_hpa,1017,956.0,599.7908678982224,588.3228552409155,588.3228552409155,588.3228552409155,588.3228552409155,True,False,60,False,3,950,0.5010784192967606,102.64590083762518,False,0.17099999999999999,0.0,rolling
reactive_hpa_fixed_cpu,reactive_hpa,1018,818.0,513.2101777622865,612.096050554761,612.096050554761,612.096050554761,612.096050554761,True,False,60,False,3,950,0.42874701567442486,94.1865187199111,False,0.17099999999999999,0.0,rolling
reactive_hpa_fixed_cpu,reactive_hpa,1019,930.0,583.4785639595679,580.6665069803898,580.6665069803898,580.6665069803898,580.6665069803898,True,False,60,False,3,950,0.48745076354182776,100.84801784557,False,0.17099999999999999,0.0,rolling
reactive_hpa_fixed_cpu,reactive_hpa,1020,1033.0,648.1003834088533,610.9503329235986,610.9503329235986,610.9503329235986,610.9503329235986,True,False,60,False,3,950,0.5414372459556,108.57043738265499,False,0.17099999999999999,0.0,rolling
reactive_hpa_fixed_cpu,reactive_hpa,1021,980.0,614.8483792262113,645.2517807573076,645.2517807573076,645.2517807573076,645.2517807573076,True,False,60,False,3,950,0.5136577938397755,104.39462528716443,False,0.17099999999999999,0.0,rolling
reactive_hpa_fixed_cpu,reactive_hpa,1022,1016.0,637.4346462181945,639.9677138953957,639.9677138953957,639.9677138953957,639.9677138953957,True,False,60,False,3,950,0.5325268556542978,107.18297891774901,False,0.17099999999999999,0.0,rolling
reactive_hpa_fixed_cpu,reactive_hpa,1023,1093.0,685.7441617288254,656.185058692753,656.185058692753,656.185058692753,656.185058692753,True,False,60,False,3,950,0.5728856823131373,113.84358884501935,False,0.17099999999999999,0.0,rolling
reactive_hpa_fixed_cpu,reactive_hpa,1024,1014.0,636.1798536075288,684.824146215391,684.824146215391,684.824146215391,684.824146215391,True,False,60,False,3,950,0.53147857444238,107.0227653101025,False,0.17099999999999999,0.0,rolling
reactive_hpa_fixed_cpu,reactive_hpa,1025,990.0,621.1223422795399,670.2734793173531,670.2734793173531,670.2734793173531,670.2734793173531,True,False,60,False,3,950,0.518899199899365,105.14904559485242,False,0.17099999999999999,0.0,rolling
reactive_hpa_fixed_cpu,reactive_hpa,1026,784.0,491.878703380969,666.1846925973223,666.1846925973223,666.1846925973223,666.1846925973223,True,False,60,False,3,950,0.4109262350718204,92.49004814702819,False,0.17099999999999999,0.0,rolling
reactive_hpa_fixed_cpu,reactive_hpa,1027,840.0,527.0128964796096,606.570962503698,606.570962503698,606.570962503698,606.570962503698,True,False,60,False,3,950,0.4402781090055218,95.36221300882657,False,0.17099999999999999,0.0,rolling
reactive_hpa_fixed_cpu,reactive_hpa,1028,1312.0,823.1439525967236,609.2307690798971,609.2307690798971,609.2307690798971,609.2307690798971,True,False,60,False,3,950,0.6876724750181483,138.53524353569208,False,0.17099999999999999,0.0,rolling
reactive_hpa_fixed_cpu,reactive_hpa,1029,1357.0,851.3767863367027,742.3307712007436,742.3307712007436,742.3307712007436,742.3307712007436,True,False,60,False,3,950,0.7112588022863013,144.7672514938024,False,0.17099999999999999,0.0,rolling
reactive_hpa_fixed_cpu,reactive_hpa,1030,961.0,602.9278494248867,779.4883008596107,779.4883008596107,779.4883008596107,779.4883008596107,True,False,60,False,3,950,0.5036991223265553,103.00308517175466,False,0.17099999999999999,0.0,rolling
reactive_hpa_fixed_cpu,reactive_hpa,1031,1196.0,750.3659811781108,681.4669965583507,681.4669965583507,681.4669965583507,681.4669965583507,True,False,60,False,4,950,0.4701541235451822,98.70653081065184,False,0.228,0.0,rolling
reactive_hpa_fixed_cpu,reactive_hpa,1032,968.0,607.3196235622169,744.2349541927297,744.2349541927297,744.2349541927297,744.2349541927297,True,False,60,False,4,950,0.380526079926201,89.91803842570329,False,0.228,0.0,rolling
reactive_hpa_fixed_cpu,reactive_hpa,1033,912.0,572.1854304635762,683.8810135405774,683.8810135405774,683.8810135405774,683.8810135405774,True,False,60,False,4,950,0.3585121744759249,88.29438575435458,False,0.228,0.0,rolling
reactive_hpa_fixed_cpu,reactive_hpa,1034,1040.0,652.4921575461833,659.4726570713892,659.4726570713892,659.4726570713892,659.4726570713892,True,False,60,False,3,950,0.5451062301973127,109.15519445450124,False,0.17099999999999999,0.0,rolling
reactive_hpa_fixed_cpu,reactive_hpa,1035,996.0,624.8867201115371,687.0070641437514,687.0070641437514,687.0070641437514,687.0070641437514,True,False,60,False,3,950,0.5220440435351187,105.60907781247207,False,0.17099999999999999,0.0,rolling
reactive_hpa_fixed_cpu,reactive_hpa,1036,1044.0,655.0017427675149,674.0675882525666,674.0675882525666,674.0675882525666,674.0675882525666,True,False,60,False,3,950,0.5472027926211486,109.4928960727444,False,0.17099999999999999,0.0,rolling
reactive_hpa_fixed_cpu,reactive_hpa,1037,899.0,564.0292784942488,686.463225165593,686.463225165593,686.463225165593,686.463225165593,True,False,60,False,3,950,0.4712024047571001,98.83193730502246,False,0.17099999999999999,0.0,rolling
reactive_hpa_fixed_cpu,reactive_hpa,1038,940.0,589.7525270128965,645.323547658154,645.323547658154,645.323547658154,645.323547658154,True,False,60,False,3,950,0.4926921696014173,101.5277918315436,False,0.17099999999999999,0.0,rolling
reactive_hpa_fixed_cpu,reactive_hpa,1039,885.0,555.2457302195887,647.7463789644444,647.7463789644444,647.7463789644444,647.7463789644444,True,False,60,False,3,950,0.4638644362736748,97.96576590709158,False,0.17099999999999999,0.0,rolling
reactive_hpa_fixed_cpu,reactive_hpa,1040,881.0,552.7361449982573,626.9509802129642,626.9509802129642,626.9509802129642,626.9509802129642,True,False,60,False,3,950,0.461767873849839,97.72326167600983,False,0.17099999999999999,0.0,rolling
reactive_hpa_fixed_cpu,reactive_hpa,1041,801.0,502.5444405716278,620.2680367730118,620.2680367730118,620.2680367730118,620.2680367730118,True,False,60,False,3,950,0.4198366253731226,93.32028363933699,False,0.17099999999999999,0.0,rolling
reactive_hpa_fixed_cpu,reactive_hpa,1042,748.0,469.2924363889857,592.2647847255903,592.2647847255903,592.2647847255903,592.2647847255903,True,False,60,False,3,950,0.392057173257298,90.84727668653038,False,0.17099999999999999,0.0,rolling
reactive_hpa_fixed_cpu,reactive_hpa,1043,741.0,464.90066225165566,569.4968799292042,569.4968799292042,569.4968799292042,569.4968799292042,True,False,60,False,3,950,0.38838818901558536,90.54558188791493,False,0.17099999999999999,0.0,rolling
reactive_hpa_fixed_cpu,reactive_hpa,1044,824.0,516.9745555942837,558.4252219225295,558.4252219225295,558.4252219225295,558.4252219225295,True,False,60,False,3,950,0.43189185931017854,94.50098687787154,False,0.17099999999999999,0.0,rolling
reactive_hpa_fixed_cpu,reactive_hpa,1045,927.0,581.5963750435692,573.8411134671132,573.8411134671132,573.8411134671132,573.8411134671132,True,False,60,False,3,950,0.4858783417239509,100.64691295696944,False,0.17099999999999999,0.0,rolling
reactive_hpa_fixed_cpu,reactive_hpa,1046,699.0,438.55001742767513,602.4446065335596,602.4446065335596,602.4446065335596,602.4446065335596,True,False,60,False,3,950,0.3663742835653092,88.85212324227548,False,0.17099999999999999,0.0,rolling
reactive_hpa_fixed_cpu,reactive_hpa,1047,549.0,344.4405716277449,544.0136334984472,544.0136334984472,544.0136334984472,544.0136334984472,True,False,60,False,3,950,0.28775319267146604,84.2887719896057,False,0.17099999999999999,0.0,rolling
reactive_hpa_fixed_cpu,reactive_hpa,1048,842.0,528.2676890902753,495.22791519140947,495.22791519140947,495.22791519140947,495.22791519140947,True,False,60,False,3,950,0.4413263902174397,95.47220457122366,False,0.17099999999999999,0.0,rolling
reactive_hpa_fixed_cpu,reactive_hpa,1049,738.0,463.018473335657,560.1189448653558,560.1189448653558,560.1189448653558,560.1189448653558,True,False,60,False,3,950,0.38681576719770844,90.41801575623035,False,0.17099999999999999,0.0,rolling
reactive_hpa_fixed_cpu,reactive_hpa,1050,754.0,473.0568142209829,536.2368709747566,536.2368709747566,536.2368709747566,536.2368709747566,True,False,60,False,3,950,0.39520201689305173,91.11040683673173,False,0.17099999999999999,0.0,rolling
reactive_hpa_fixed_cpu,reactive_hpa,1051,595.0,373.3008016730568,539.2807749675994,539.2807749675994,539.2807749675994,539.2807749675994,True,False,60,False,2,950,0.4677954908183669,98.42640442196411,False,0.114,0.0,rolling
reactive_hpa_fixed_cpu,reactive_hpa,1052,727.0,456.1171139769955,495.9853690724226,495.9853690724226,495.9853690724226,495.9853690724226,True,False,60,False,2,950,0.57157533079824,113.61189004806914,False,0.114,0.0,rolling
reactive_hpa_fixed_cpu,reactive_hpa,1053,876.0,549.5991634715929,522.935935548403,522.935935548403,522.935935548403,522.935935548403,True,False,60,False,2,950,0.6887207562300662,138.80334347211246,False,0.114,0.0,rolling
reactive_hpa_fixed_cpu,reactive_hpa,1054,704.0,441.6869989543395,565.1797396005072,565.1797396005072,565.1797396005072,565.1797396005072,True,False,60,False,2,950,0.553492479892656,110.52162689081945,False,0.114,0.0,rolling
reactive_hpa_fixed_cpu,reactive_hpa,1055,831.0,521.3663297316139,526.2781538368108,526.2781538368108,526.2781538368108,526.2781538368108,True,False,60,False,2,950,0.6533412653278369,130.1987349818688,False,0.114,0.0,rolling
reactive_hpa_fixed_cpu,reactive_hpa,1056,789.0,495.01568490763333,558.7340122589899,558.7340122589899,558.7340122589899,558.7340122589899,True,False,60,False,2,950,0.6203204071524228,122.96558321180896,False,0.114,0.0,rolling
reactive_hpa_fixed_cpu,reactive_hpa,1057,859.0,538.9334262809341,552.568585239268,552.568585239268,552.568585239268,552.568585239268,True,False,60,False,2,950,0.6753551707781129,135.44586881870424,False,0.114,0.0,rolling
reactive_hpa_fixed_cpu,reactive_hpa,1058,781.0,489.9965144649704,574.6513569610979,574.6513569610979,574.6513569610979,574.6513569610979,True,False,60,False,2,950,0.6140307198809153,121.67185211990386,False,0.114,0.0,rolling
reactive_hpa_fixed_cpu,reactive_hpa,1059,689.0,432.2760543743465,557.606573512976,557.606573512976,557.606573512976,557.606573512976,True,False,60,False,2,950,0.5416993162585796,108.61194406486209,False,0.114,0.0,rolling
reactive_hpa_fixed_cpu,reactive_hpa,1060,559.0,350.71453468107353,531.7163027898687,531.7163027898687,531.7163027898687,531.7163027898687,True,False,60,False,2,950,0.43949189809658334,95.28006231160614,False,0.114,0.0,rolling
reactive_hpa_fixed_cpu,reactive_hpa,1061,823.0,516.3471592889508,490.61975767149534,490.61975767149534,490.61975767149534,490.61975767149534,True,False,60,False,2,950,0.6470515780563294,128.76286423031314,False,0.114,0.0,rolling
reactive_hpa_fixed_cpu,reactive_hpa,1062,848.0,532.0320669222726,551.0028867410388,551.0028867410388,551.0028867410388,551.0028867410388,True,False,60,False,2,950,0.6667068507797903,133.34297810180936,False,0.114,0.0,rolling
reactive_hpa_fixed_cpu,reactive_hpa,1063,841.0,527.6402927849425,563.6446744908271,563.6446744908271,563.6446744908271,563.6446744908271,True,False,60,False,2,950,0.6612033744172212,132.0328589639875,False,0.114,0.0,rolling
reactive_hpa_fixed_cpu,reactive_hpa,1064,995.0,624.2593238062043,567.594864393955,567.594864393955,567.594864393955,567.594864393955,True,False,60,False,2,950,0.7822798543937397,166.17056566254337,False,0.114,0.0,rolling
reactive_hpa_fixed_cpu,reactive_hpa,1065,881.0,552.7361449982573,616.6629300652621,616.6629300652621,616.6629300652621,616.6629300652621,True,False,60,False,2,950,0.6926518107747585,139.81600815653317,False,0.114,0.0,rolling
reactive_hpa_fixed_cpu,reactive_hpa,1066,796.0,499.4074590449634,596.2452949401832,596.2452949401832,596.2452949401832,596.2452949401832,True,False,60,False,3,950,0.4172159223433278,93.07239396125102,False,0.17099999999999999,0.0,rolling
reactive_hpa_fixed_cpu,reactive_hpa,1067,832.0,521.9937260369467,575.3065550498313,575.3065550498313,575.3065550498313,575.3065550498313,True,False,60,False,3,950,0.4360849841578502,94.92745956070463,False,0.17099999999999999,0.0,rolling
reactive_hpa_fixed_cpu,reactive_hpa,1068,822.0,515.719762983618,582.3073921445393,582.3073921445393,582.3073921445393,582.3073921445393,True,False,60,False,3,950,0.4308435780982607,94.39565324594943,False,0.17099999999999999,0.0,rolling
reactive_hpa_fixed_cpu,reactive_hpa,1069,899.0,564.0292784942488,579.1423273200999,579.1423273200999,579.1423273200999,579.1423273200999,True,False,60,False,2,950,0.7068036071356502,143.55778840445083,False,0.114,0.0,rolling
reactive_hpa_fixed_cpu,reactive_hpa,1070,886.0,555.8731265249215,600.426800642851,600.426800642851,600.426800642851,600.426800642851,True,False,60,False,2,950,0.6965828653194506,140.8402328152678,False,0.114,0.0,rolling
reactive_hpa_fixed_cpu,reactive_hpa,1071,872.0,547.0895782502614,601.0979897457328,601.0979897457328,601.0979897457328,601.0979897457328,True,False,60,False,3,950,0.45705060839620837,97.18562690906613,False,0.17099999999999999,0.0,rolling
reactive_hpa_fixed_cpu,reactive_hpa,1072,803.0,503.7992331822935,598.9235008157939,598.9235008157939,598.9235008157939,598.9235008157939,True,False,60,False,3,950,0.4208849065850405,93.42031038432471,False,0.17099999999999999,0.0,rolling
reactive_hpa_fixed_cpu,reactive_hpa,1073,917.0,575.3224119902405,579.8357930616671,579.8357930616671,579.8357930616671,579.8357930616671,True,False,60,False,3,950,0.48063693566436133,99.98591018820946,False,0.17099999999999999,0.0,rolling
reactive_hpa_fixed_cpu,reactive_hpa,1074,1014.0,636.1798536075288,608.4724000504839,608.4724000504839,608.4724000504839,608.4724000504839,True,False,60,False,2,950,0.7972178616635699,171.2018329215959,False,0.114,0.0,rolling
reactive_hpa_fixed_cpu,reactive_hpa,1075,983.0,616.7305681422098,639.9066879468237,639.9066879468237,639.9066879468237,639.9066879468237,True,False,60,False,3,950,0.5152302156576523,104.61934407309982,False,0.17099999999999999,0.0,rolling
reactive_hpa_fixed_cpu,reactive_hpa,1076,928.0,582.2237713489021,639.8472033008202,639.8472033008202,639.8472033008202,639.8472033008202,True,False,60,False,3,950,0.48640248232990985,100.71380355177659,False,0.17099999999999999,0.0,rolling
reactive_hpa_fixed_cpu,reactive_hpa,1077,949.0,595.3990937608924,629.4315140341632,629.4315140341632,629.4315140341632,629.4315140341632,True,False,60,False,3,950,0.4974094350550479,102.15208258028655,False,0.17099999999999999,0.0,rolling
reactive_hpa_fixed_cpu,reactive_hpa,1078,1154.0,724.0153363541303,636.2078026109211,636.2078026109211,636.2078026109211,636.2078026109211,True,False,60,False,3,950,0.6048582592766335,119.83211351296586,False,0.17099999999999999,0.0,rolling
reactive_hpa_fixed_cpu,reactive_hpa,1079,990.0,621.1223422795399,698.3564456069898,698.3564456069898,698.3564456069898,698.3564456069898,True,False,60,False,3,950,0.518899199899365,105.14904559485242,False,0.17099999999999999,0.0,rolling
reactive_hpa_fixed_cpu,reactive_hpa,1080,1004.0,629.9058905542,663.0379307408839,663.0379307408839,663.0379307408839,663.0379307408839,True,False,60,False,3,950,0.5262371683827903,106.23113381103983,False,0.17099999999999999,0.0,rolling
reactive_hpa_fixed_cpu,reactive_hpa,1081,972.0,609.8292087835483,667.8999696932551,667.8999696932551,667.8999696932551,667.8999696932551,True,False,60,False,3,950,0.5094646689921039,103.80206951493821,False,0.17099999999999999,0.0,rolling
reactive_hpa_fixed_cpu,reactive_hpa,1082,973.0,610.4566050888811,659.6176358442399,659.6176358442399,659.6176358442399,659.6176358442399,True,False,60,False,3,950,0.5099888095980628,103.87560829777306,False,0.17099999999999999,0.0,rolling
reactive_hpa_fixed_cpu,reactive_hpa,1083,932.0,584.7333565702336,658.8337389910357,658.8337389910357,658.8337389910357,658.8337389910357,True,False,60,False,3,950,0.48849904475374567,100.9828106483567,False,0.17099999999999999,0.0,rolling
reactive_hpa_fixed_cpu,reactive_hpa,1084,730.0,457.9993028929941,645.5515641068832,645.5515641068832,645.5515641068832,645.5515641068832,True,False,60,False,3,950,0.38262264235003685,90.0828778244363,False,0.17099999999999999,0.0,rolling
reactive_hpa_fixed_cpu,reactive_hpa,1085,698.0,437.92262112234226,584.294612812404,584.294612812404,584.294612812404,584.294612812404,True,False,60,False,3,950,0.36585014295935026,88.8141856229638,False,0.17099999999999999,0.0,rolling
reactive_hpa_fixed_cpu,reactive_hpa,1086,1049.0,658.1387242941792,560.3981614587829,560.3981614587829,560.3981614587829,560.3981614587829,True,False,60,False,3,950,0.5498234956509434,109.91867726626603,False,0.17099999999999999,0.0,rolling
reactive_hpa_fixed_cpu,reactive_hpa,1087,953.0,597.9086789822238,646.8766508244562,646.8766508244562,646.8766508244562,646.8766508244562,True,False,60,False,3,950,0.49950599747888375,102.43337552834183,False,0.17099999999999999,0.0,rolling
reactive_hpa_fixed_cpu,reactive_hpa,1088,974.0,611.084001394214,629.2329268313515,629.2329268313515,629.2329268313515,629.2329268313515,True,False,60,False,3,950,0.5105129502040218,103.94929839492254,False,0.17099999999999999,0.0,rolling
reactive_hpa_fixed_cpu,reactive_hpa,1089,936.0,587.242941791565,637.8758773156933,637.8758773156933,637.8758773156933,637.8758773156933,True,False,60,False,3,950,0.4905956071775815,101.25413675733141,False,0.17099999999999999,0.0,rolling
reactive_hpa_fixed_cpu,reactive_hpa,1090,883.0,553.990937608923,630.7176828618813,630.7176828618813,630.7176828618813,630.7176828618813,True,False,60,False,3,950,0.4628161550617569,97.84423915529206,False,0.17099999999999999,0.0,rolling
reactive_hpa_fixed_cpu,reactive_hpa,1091,784.0,491.878703380969,616.1382128720943,616.1382128720943,616.1382128720943,616.1382128720943,True,False,60,False,3,950,0.4109262350718204,92.49004814702819,False,0.17099999999999999,0.0,rolling
reactive_hpa_fixed_cpu,reactive_hpa,1092,868.0,544.57999302893,585.4129000744174,585.4129000744174,585.4129000744174,585.4129000744174,True,False,60,False,3,950,0.45495404597237254,96.9502106572575,False,0.17099999999999999,0.0,rolling
reactive_hpa_fixed_cpu,reactive_hpa,1093,962.0,603.5552457302196,601.1075265553754,601.1075265553754,601.1075265553754,601.1075265553754,True,False,60,False,3,950,0.5042232629325143,103.07496976099767,False,0.17099999999999999,0.0,rolling
reactive_hpa_fixed_cpu,reactive_hpa,1094,885.0,555.2457302195887,626.9159637452358,626.9159637452358,626.9159637452358,626.9159637452358,True,False,60,False,2,950,0.6957966544105122,140.63445993643407,False,0.114,0.0,rolling
reactive_hpa_fixed_cpu,reactive_hpa,1095,984.0,617.3579644475427,610.2090145538496,610.2090145538496,610.2090145538496,610.2090145538496,True,False,60,False,3,950,0.5157543562636113,104.6945558666201,False,0.17099999999999999,0.0,rolling
reactive_hpa_fixed_cpu,reactive_hpa,1096,1046.0,656.2565353781806,638.6680586702032,638.6680586702032,638.6680586702032,638.6680586702032,True,False,60,False,3,950,0.5482510738330665,109.66272039431168,False,0.17099999999999999,0.0,rolling
reactive_hpa_fixed_cpu,reactive_hpa,1097,956.0,599.7908678982224,661.4034756983874,661.4034756983874,661.4034756983874,661.4034756983874,True,False,60,False,3,950,0.5010784192967606,102.64590083762518,False,0.17099999999999999,0.0,rolling
reactive_hpa_fixed_cpu,reactive_hpa,1098,981.0,615.4757755315441,642.8588603539874,642.8588603539874,642.8588603539874,642.8588603539874,True,False,60,False,3,950,0.5141819344457343,104.46937893888516,False,0.17099999999999999,0.0,rolling
reactive_hpa_fixed_cpu,reactive_hpa,1099,1033.0,648.1003834088533,650.8062980542882,650.8062980542882,650.8062980542882,650.8062980542882,True,False,60,False,3,950,0.5414372459556,108.57043738265499,False,0.17099999999999999,0.0,rolling
reactive_hpa_fixed_cpu,reactive_hpa,1100,944.0,592.262112234228,668.0028516397033,668.0028516397033,668.0028516397033,668.0028516397033,True,False,60,False,3,950,0.4947887320252531,101.80378582383617,False,0.17099999999999999,0.0,rolling
reactive_hpa_fixed_cpu,reactive_hpa,1101,945.0,592.8895085395608,646.7428946609325,646.7428946609325,646.7428946609325,646.7428946609325,True,False,60,False,3,950,0.495312872631212,101.87315094420815,False,0.17099999999999999,0.0,rolling
reactive_hpa_fixed_cpu,reactive_hpa,1102,948.0,594.7716974555594,645.6419229699623,645.6419229699623,645.6419229699623,645.6419229699623,True,False,60,False,3,950,0.4968852944490889,102.08212868705203,False,0.17099999999999999,0.0,rolling
reactive_hpa_fixed_cpu,reactive_hpa,1103,906.0,568.421052631579,644.9115382153086,644.9115382153086,644.9115382153086,644.9115382153086,True,False,60,False,3,950,0.4748713889988128,99.27527209947247,False,0.17099999999999999,0.0,rolling
reactive_hpa_fixed_cpu,reactive_hpa,1104,1135.0,712.0948065528058,631.3120476648637,631.3120476648637,631.3120476648637,631.3120476648637,True,False,60,False,3,950,0.5948995877634135,117.8968845806516,False,0.17099999999999999,0.0,rolling
reactive_hpa_fixed_cpu,reactive_hpa,1105,852.0,534.5416521436041,695.2117548758779,695.2117548758779,695.2117548758779,695.2117548758779,True,False,60,False,3,950,0.4465677962770293,96.03004379067677,False,0.17099999999999999,0.0,rolling
reactive_hpa_fixed_cpu,reactive_hpa,1106,673.0,422.23771348902056,623.199112601269,623.199112601269,623.199112601269,623.199112601269,True,False,60,False,3,950,0.3527466278103764,87.90061896859773,False,0.17099999999999999,0.0,rolling
reactive_hpa_fixed_cpu,reactive_hpa,1107,705.0,442.3143952596724,564.6123235096211,564.6123235096211,564.6123235096211,564.6123235096211,True,False,60,False,3,950,0.369519127201063,89.08203717893245,False,0.17099999999999999,0.0,rolling
reactive_hpa_fixed_cpu,reactive_hpa,1108,882.0,553.3635413035901,556.0778903592436,556.0778903592436,556.0778903592436,556.0778903592436,True,False,60,False,3,950,0.4622920144557979,97.78368183434287,False,0.17099999999999999,0.0,rolling
reactive_hpa_fixed_cpu,reactive_hpa,1109,828.0,519.4841408156152,593.8475579663364,593.8475579663364,593.8475579663364,593.8475579663364,True,False,60,False,2,950,0.6509826326010215,129.65702671266342,False,0.114,0.0,rolling
reactive_hpa_fixed_cpu,reactive_hpa,1110,790.0,495.6430812129662,579.8994922068814,579.8994922068814,579.8994922068814,579.8994922068814,True,False,60,False,2,950,0.6211066180613611,123.1291575918985,False,0.114,0.0,rolling
reactive_hpa_fixed_cpu,reactive_hpa,1111,819.0,513.8375740676194,567.9834893868938,567.9834893868938,567.9834893868938,567.9834893868938,True,False,60,False,2,950,0.6439067344205757,128.0553126244253,False,0.114,0.0,rolling
reactive_hpa_fixed_cpu,reactive_hpa,1112,813.0,510.07319623562216,573.0591191592671,573.0591191592671,573.0591191592671,573.0591191592671,True,False,60,False,2,950,0.6391894689669451,127.00687045370512,False,0.114,0.0,rolling
reactive_hpa_fixed_cpu,reactive_hpa,1113,678.0,425.3746950156849,570.7230583710134,570.7230583710134,570.7230583710134,570.7230583710134,True,False,60,False,2,950,0.5330509962602568,107.26332264588714,False,0.114,0.0,rolling
reactive_hpa_fixed_cpu,reactive_hpa,1114,569.0,356.98849773440224,532.6371347431441,532.6371347431441,532.6371347431441,532.6371347431441,True,False,60,False,2,950,0.44735400718596774,96.11485866177313,False,0.114,0.0,rolling
reactive_hpa_fixed_cpu,reactive_hpa,1115,863.0,541.4430115022656,494.2430469329829,494.2430469329829,494.2430469329829,494.2430469329829,True,False,60,False,2,950,0.6785000144138666,136.22404517572411,False,0.114,0.0,rolling
reactive_hpa_fixed_cpu,reactive_hpa,1116,905.0,567.793656326246,562.7756206707127,562.7756206707127,562.7756206707127,562.7756206707127,True,False,60,False,2,950,0.7115208725892808,144.83887026891932,False,0.114,0.0,rolling
reactive_hpa_fixed_cpu,reactive_hpa,1117,797.0,500.03485535029625,582.7841844609675,582.7841844609675,582.7841844609675,582.7841844609675,True,False,60,False,2,950,0.6266100944239301,124.28581748023873,False,0.114,0.0,rolling
reactive_hpa_fixed_cpu,reactive_hpa,1118,690.0,432.90345067967934,561.3437987502703,561.3437987502703,561.3437987502703,561.3437987502703,True,False,60,False,3,950,0.36165701811167866,88.5145793403058,False,0.17099999999999999,0.0,rolling
reactive_hpa_fixed_cpu,reactive_hpa,1119,778.0,488.1143255489718,531.981912571558,531.981912571558,531.981912571558,531.981912571558,True,False,60,False,3,950,0.4077813914360667,92.20547584091437,False,0.17099999999999999,0.0,rolling
reactive_hpa_fixed_cpu,reactive_hpa,1120,693.0,434.78563959567794,550.2555235752789,550.2555235752789,550.2555235752789,550.2555235752789,True,False,60,False,3,950,0.3632294399295555,88.62612263903438,False,0.17099999999999999,0.0,rolling
reactive_hpa_fixed_cpu,reactive_hpa,1121,769.0,482.46775880097596,527.0640495667835,527.0640495667835,527.0640495667835,527.0640495667835,True,False,60,False,2,950,0.6045961889736541,119.78036109824653,False,0.114,0.0,rolling
reactive_hpa_fixed_cpu,reactive_hpa,1122,870.0,545.8347856395957,543.4245187573388,543.4245187573388,543.4245187573388,543.4245187573388,True,False,60,False,2,950,0.6840034907764357,137.60331264207892,False,0.114,0.0,rolling
reactive_hpa_fixed_cpu,reactive_hpa,1123,683.0,428.5116765423493,572.6807293786974,572.6807293786974,572.6807293786974,572.6807293786974,True,False,60,False,2,950,0.536982050804949,107.87095259805193,False,0.114,0.0,rolling
reactive_hpa_fixed_cpu,reactive_hpa,1124,866.0,543.3252004182642,527.63695654807,527.63695654807,527.63695654807,527.63695654807,True,False,60,False,2,950,0.680858647140682,136.8124315977381,False,0.114,0.0,rolling
reactive_hpa_fixed_cpu,reactive_hpa,1125,821.0,515.0923666782851,573.6406959675014,573.6406959675014,573.6406959675014,573.6406959675014,True,False,60,False,2,950,0.6454791562384525,128.4082266122581,False,0.114,0.0,rolling
reactive_hpa_fixed_cpu,reactive_hpa,1126,693.0,434.78563959567794,566.5170122415125,566.5170122415125,566.5170122415125,566.5170122415125,True,False,60,False,2,950,0.5448441598943332,109.11316390674105,False,0.114,0.0,rolling
reactive_hpa_fixed_cpu,reactive_hpa,1127,1020.0,639.944231439526,532.7923246455111,532.7923246455111,532.7923246455111,532.7923246455111,True,False,60,False,2,950,0.8019351271172005,172.8303989538017,False,0.114,0.0,rolling
reactive_hpa_fixed_cpu,reactive_hpa,1128,736.0,461.7636807249913,619.73898466637,619.73898466637,619.73898466637,619.73898466637,True,False,60,False,2,950,0.5786512289786858,114.87571697789257,False,0.114,0.0,rolling
reactive_hpa_fixed_cpu,reactive_hpa,1129,642.0,402.78842802370167,553.71695198422,553.71695198422,553.71695198422,553.71695198422,True,False,60,False,3,950,0.33649826902564883,86.8583715418994,False,0.17099999999999999,0.0,rolling
reactive_hpa_fixed_cpu,reactive_hpa,1130,691.0,433.5308469850122,522.8440594656081,522.8440594656081,522.8440594656081,522.8440594656081,True,False,60,False,3,950,0.3621811587176376,88.55165292844364,False,0.17099999999999999,0.0,rolling
reactive_hpa_fixed_cpu,reactive_hpa,1131,650.0,407.8075984663646,526.5507717286164,526.5507717286164,526.5507717286164,526.5507717286164,True,False,60,False,3,950,0.3406913938733205,87.11796739611847,False,0.17099999999999999,0.0,rolling
reactive_hpa_fixed_cpu,reactive_hpa,1132,757.0,474.9390031369815,510.27502601362403,510.27502601362403,510.27502601362403,510.27502601362403,True,False,60,False,2,950,0.5951616580663929,117.94699063575507,False,0.114,0.0,rolling
reactive_hpa_fixed_cpu,reactive_hpa,1133,1150.0,721.5057511327989,533.233763334274,533.233763334274,533.233763334274,533.233763334274,True,False,60,False,2,950,0.9041425452791966,213.04030219227815,False,0.114,0.0,rolling
reactive_hpa_fixed_cpu,reactive_hpa,1134,1267.0,794.9111188567446,648.5003167489731,648.5003167489731,648.5003167489731,648.5003167489731,True,False,60,False,2,950,0.9961292216249932,257.91786001791473,False,0.114,0.0,rolling
reactive_hpa_fixed_cpu,reactive_hpa,1135,920.0,577.2046009062391,708.6031695795737,708.6031695795737,708.6031695795737,708.6031695795737,True,False,60,False,3,950,0.48220935748223814,100.18270658442856,False,0.17099999999999999,0.0,rolling
reactive_hpa_fixed_cpu,reactive_hpa,1136,852.0,534.5416521436041,632.65765297288,632.65765297288,632.65765297288,632.65765297288,True,False,60,False,3,950,0.4465677962770293,96.03004379067677,False,0.17099999999999999,0.0,rolling
reactive_hpa_fixed_cpu,reactive_hpa,1137,992.0,622.3771348902056,613.7247257126255,613.7247257126255,613.7247257126255,613.7247257126255,True,False,60,False,3,950,0.5199474811112829,105.30177217643103,False,0.17099999999999999,0.0,rolling
reactive_hpa_fixed_cpu,reactive_hpa,1138,1035.0,649.355176019519,648.4859152030986,648.4859152030986,648.4859152030986,648.4859152030986,True,False,60,False,3,950,0.542485527167518,108.7367052735321,False,0.17099999999999999,0.0,rolling
reactive_hpa_fixed_cpu,reactive_hpa,1139,975.0,611.7113976995469,665.6551588336279,665.6551588336279,665.6551588336279,665.6551588336279,True,False,60,False,3,950,0.5110370908099807,104.02313996189983,False,0.17099999999999999,0.0,rolling
reactive_hpa_fixed_cpu,reactive_hpa,1140,862.0,540.8156151969328,654.5585028259202,654.5585028259202,654.5585028259202,654.5585028259202,True,False,60,False,3,950,0.45180920233661886,96.60113273223418,False,0.17099999999999999,0.0,rolling
reactive_hpa_fixed_cpu,reactive_hpa,1141,1033.0,648.1003834088533,623.1033591792002,623.1033591792002,623.1033591792002,623.1033591792002,True,False,60,False,3,950,0.5414372459556,108.57043738265499,False,0.17099999999999999,0.0,rolling
reactive_hpa_fixed_cpu,reactive_hpa,1142,1157.0,725.897525270129,666.6055645299366,666.6055645299366,666.6055645299366,666.6055645299366,True,False,60,False,3,950,0.6064306810945105,120.14357085819393,False,0.17099999999999999,0.0,rolling
reactive_hpa_fixed_cpu,reactive_hpa,1143,1020.0,639.944231439526,708.3546345404011,708.3546345404011,708.3546345404011,708.3546345404011,True,False,60,False,3,950,0.5346234180781336,107.50530339371902,False,0.17099999999999999,0.0,rolling
reactive_hpa_fixed_cpu,reactive_hpa,1144,1129.0,708.3304287208086,677.7775517006803,677.7775517006803,677.7775517006803,677.7775517006803,True,False,60,False,3,950,0.5917547441276597,117.2990482550545,False,0.17099999999999999,0.0,rolling
reactive_hpa_fixed_cpu,reactive_hpa,1145,1221.0,766.0508888114326,709.8603908184268,709.8603908184268,709.8603908184268,709.8603908184268,True,False,60,False,3,950,0.6399756798758836,127.18054098207634,False,0.17099999999999999,0.0,rolling
reactive_hpa_fixed_cpu,reactive_hpa,1146,919.0,576.5772046009063,745.1145563022974,745.1145563022974,745.1145563022974,745.1145563022974,True,False,60,False,3,950,0.48168521687627924,100.11696492092314,False,0.17099999999999999,0.0,rolling
reactive_hpa_fixed_cpu,reactive_hpa,1147,850.0,533.2868595329384,666.9142103692811,666.9142103692811,666.9142103692811,666.9142103692811,True,False,60,False,3,950,0.4455195150651114,95.91742094543925,False,0.17099999999999999,0.0,rolling
reactive_hpa_fixed_cpu,reactive_hpa,1148,1049.0,658.1387242941792,637.1645180146197,637.1645180146197,637.1645180146197,637.1645180146197,True,False,60,False,3,950,0.5498234956509434,109.91867726626603,False,0.17099999999999999,0.0,rolling
reactive_hpa_fixed_cpu,reactive_hpa,1149,1121.0,703.3112582781457,682.3149537995587,682.3149537995587,682.3149537995587,682.3149537995587,True,False,60,False,3,950,0.5875616192799881,116.51175951310847,False,0.17099999999999999,0.0,rolling
reactive_hpa_fixed_cpu,reactive_hpa,1150,784.0,491.878703380969,705.9640260909337,705.9640260909337,705.9640260909337,705.9640260909337,True,False,60,False,3,950,0.4109262350718204,92.49004814702819,False,0.17099999999999999,0.0,rolling
reactive_hpa_fixed_cpu,reactive_hpa,1151,874.0,548.3443708609271,614.7875501650251,614.7875501650251,614.7875501650251,614.7875501650251,True,False,60,False,3,950,0.4580988896081263,97.30414805782445,False,0.17099999999999999,0.0,rolling
reactive_hpa_fixed_cpu,reactive_hpa,1152,1105.0,693.2729173928199,624.8450310816188,624.8450310816188,624.8450310816188,624.8450310816188,True,False,60,False,3,950,0.5791753695846449,114.97057381713003,False,0.17099999999999999,0.0,rolling
reactive_hpa_fixed_cpu,reactive_hpa,1153,983.0,616.7305681422098,684.7996298714106,684.7996298714106,684.7996298714106,684.7996298714106,True,False,60,False,3,950,0.5152302156576523,104.61934407309982,False,0.17099999999999999,0.0,rolling
reactive_hpa_fixed_cpu,reactive_hpa,1154,686.0,430.3938654583479,657.6089814375318,657.6089814375318,657.6089814375318,657.6089814375318,True,False,60,False,3,950,0.35956045568784284,88.3673564734974,False,0.17099999999999999,0.0,rolling
reactive_hpa_fixed_cpu,reactive_hpa,1155,821.0,515.0923666782851,572.9210521651221,572.9210521651221,572.9210521651221,572.9210521651221,True,False,60,False,3,950,0.43031943749230167,94.34317825548388,False,0.17099999999999999,0.0,rolling
reactive_hpa_fixed_cpu,reactive_hpa,1156,1074.0,673.8236319275009,592.2952254513184,592.2952254513184,592.2952254513184,592.2952254513184,True,False,60,False,3,950,0.5629270107999171,112.10914701014227,False,0.17099999999999999,0.0,rolling
reactive_hpa_fixed_cpu,reactive_hpa,1157,1016.0,637.4346462181945,659.9404424009326,659.9404424009326,659.9404424009326,659.9404424009326,True,False,60,False,3,950,0.5325268556542978,107.18297891774901,False,0.17099999999999999,0.0,rolling
reactive_hpa_fixed_cpu,reactive_hpa,1158,1080.0,677.588009759498,654.2034252466992,654.2034252466992,654.2034252466992,654.2034252466992,True,False,60,False,3,950,0.5660718544356709,112.65030111788505,False,0.17099999999999999,0.0,rolling
reactive_hpa_fixed_cpu,reactive_hpa,1159,872.0,547.0895782502614,678.4025980579172,678.4025980579172,678.4025980579172,678.4025980579172,True,False,60,False,3,950,0.45705060839620837,97.18562690906613,False,0.17099999999999999,0.0,rolling
reactive_hpa_fixed_cpu,reactive_hpa,1160,731.0,458.62669919832695,625.5503696695341,625.5503696695341,625.5503696695341,625.5503696695341,True,False,60,False,3,950,0.3831467829559958,90.12437109687231,False,0.17099999999999999,0.0,rolling
reactive_hpa_fixed_cpu,reactive_hpa,1161,846.0,530.7772743116068,580.3913603890578,580.3913603890578,580.3913603890578,580.3913603890578,True,False,60,False,3,950,0.4434229526412755,95.69376024519528,False,0.17099999999999999,0.0,rolling
reactive_hpa_fixed_cpu,reactive_hpa,1162,893.0,560.2649006622516,599.253435896866,599.253435896866,599.253435896866,599.253435896866,True,False,60,False,3,950,0.4680575611213464,98.45739052156969,False,0.17099999999999999,0.0,rolling
reactive_hpa_fixed_cpu,reactive_hpa,1163,857.0,537.6786336702684,608.0781637528817,608.0781637528817,608.0781637528817,608.0781637528817,True,False,60,False,2,950,0.673782748960236,135.0594878523401,False,0.114,0.0,rolling
reactive_hpa_fixed_cpu,reactive_hpa,1164,654.0,410.31718368769606,597.8639997970577,597.8639997970577,597.8639997970577,597.8639997970577,True,False,60,False,3,950,0.34278795629715625,87.25018635226228,False,0.17099999999999999,0.0,rolling
reactive_hpa_fixed_cpu,reactive_hpa,1165,727.0,456.1171139769955,540.3232253266715,540.3232253266715,540.3232253266715,540.3232253266715,True,False,60,False,3,950,0.38105022053216,89.95907853276123,False,0.17099999999999999,0.0,rolling
reactive_hpa_fixed_cpu,reactive_hpa,1166,866.0,543.3252004182642,547.1279316695363,547.1279316695363,547.1279316695363,547.1279316695363,True,False,60,False,3,950,0.45390576476045463,96.83331306599648,False,0.17099999999999999,0.0,rolling
reactive_hpa_fixed_cpu,reactive_hpa,1167,590.0,370.1638201463925,579.1085631607084,579.1085631607084,579.1085631607084,579.1085631607084,True,False,60,False,2,950,0.4638644362736748,97.96576590709158,False,0.114,0.0,rolling
reactive_hpa_fixed_cpu,reactive_hpa,1168,695.0,436.04043220634367,506.12995766698987,506.12995766698987,506.12995766698987,506.12995766698987,True,False,60,False,2,950,0.5464165817122101,109.36595408344898,False,0.114,0.0,rolling
reactive_hpa_fixed_cpu,reactive_hpa,1169,819.0,513.8375740676194,521.4272170795034,521.4272170795034,521.4272170795034,521.4272170795034,True,False,60,False,2,950,0.6439067344205757,128.0553126244253,False,0.114,0.0,rolling
reactive_hpa_fixed_cpu,reactive_hpa,1170,859.0,538.9334262809341,552.2040912646676,552.2040912646676,552.2040912646676,552.2040912646676,True,False,60,False,2,950,0.6753551707781129,135.44586881870424,False,0.114,0.0,rolling
reactive_hpa_fixed_cpu,reactive_hpa,1171,954.0,598.5360752875566,568.6034301793725,568.6034301793725,568.6034301793725,568.6034301793725,True,False,60,False,2,950,0.750045207127264,155.95123249261525,False,0.114,0.0,rolling
reactive_hpa_fixed_cpu,reactive_hpa,1172,764.0,479.33077727431163,602.0933340450547,602.0933340450547,602.0933340450547,602.0933340450547,True,False,60,False,2,950,0.600665134428962,119.00944552479064,False,0.114,0.0,rolling
reactive_hpa_fixed_cpu,reactive_hpa,1173,783.0,491.25130707563613,558.6489516234901,558.6489516234901,558.6489516234901,558.6489516234901,True,False,60,False,3,950,0.41040209446586146,92.44231553068904,False,0.17099999999999999,0.0,rolling
reactive_hpa_fixed_cpu,reactive_hpa,1174,817.0,512.5827814569536,561.0820663078548,561.0820663078548,561.0820663078548,561.0820663078548,True,False,60,False,3,950,0.42822287506846585,94.13455350161757,False,0.17099999999999999,0.0,rolling
reactive_hpa_fixed_cpu,reactive_hpa,1175,908.0,569.6758452422447,569.6756469442989,569.6756469442989,569.6756469442989,569.6756469442989,True,False,60,False,3,950,0.4759196702107307,99.40320490529362,False,0.17099999999999999,0.0,rolling
reactive_hpa_fixed_cpu,reactive_hpa,1176,784.0,491.878703380969,596.4439303087001,596.4439303087001,596.4439303087001,596.4439303087001,True,False,60,False,2,950,0.6163893526077305,122.15391249622013,False,0.114,0.0,rolling
reactive_hpa_fixed_cpu,reactive_hpa,1177,972.0,609.8292087835483,567.0291100199006,567.0291100199006,567.0291100199006,567.0291100199006,True,False,60,False,3,950,0.5094646689921039,103.80206951493821,False,0.17099999999999999,0.0,rolling
reactive_hpa_fixed_cpu,reactive_hpa,1178,732.0,459.2540955036598,618.7020733634035,618.7020733634035,618.7020733634035,618.7020733634035,True,False,60,False,3,950,0.38367092356195476,90.16597804943576,False,0.17099999999999999,0.0,rolling
reactive_hpa_fixed_cpu,reactive_hpa,1179,982.0,616.103171836877,559.532936812237,559.532936812237,559.532936812237,559.532936812237,True,False,60,False,3,950,0.5147060750516934,104.54428514902592,False,0.17099999999999999,0.0,rolling
reactive_hpa_fixed_cpu,reactive_hpa,1180,1137.0,713.3495991634716,623.0850562111991,623.0850562111991,623.0850562111991,623.0850562111991,True,False,60,False,3,950,0.5959478689753313,118.09757375662925,False,0.17099999999999999,0.0,rolling
reactive_hpa_fixed_cpu,reactive_hpa,1181,758.0,475.5663994423144,677.4288801602597,677.4288801602597,677.4288801602597,677.4288801602597,True,False,60,False,3,950,0.39729857931688756,91.28817000196423,False,0.17099999999999999,0.0,rolling
reactive_hpa_fixed_cpu,reactive_hpa,1182,694.0,435.4130359010108,583.7402255447923,583.7402255447923,583.7402255447923,583.7402255447923,True,False,60,False,3,950,0.36375358053551443,88.66351907251364,False,0.17099999999999999,0.0,rolling
reactive_hpa_fixed_cpu,reactive_hpa,1183,776.0,486.859532938306,556.6021018125061,556.6021018125061,556.6021018125061,556.6021018125061,True,False,60,False,3,950,0.4067331102241487,92.11158797832181,False,0.17099999999999999,0.0,rolling
reactive_hpa_fixed_cpu,reactive_hpa,1184,943.0,591.634715928895,567.4200710495447,567.4200710495447,567.4200710495447,567.4200710495447,True,False,60,False,3,950,0.49426459141929413,101.7345675078969,False,0.17099999999999999,0.0,rolling
reactive_hpa_fixed_cpu,reactive_hpa,1185,737.0,462.39107703032414,610.1212084731496,610.1212084731496,610.1212084731496,610.1212084731496,True,False,60,False,2,950,0.5794374398876242,115.01806666779908,False,0.114,0.0,rolling
reactive_hpa_fixed_cpu,reactive_hpa,1186,729.0,457.3719065876612,557.9675273082394,557.9675273082394,557.9675273082394,557.9675273082394,True,False,60,False,3,950,0.3820985017440779,90.04149807661456,False,0.17099999999999999,0.0,rolling
reactive_hpa_fixed_cpu,reactive_hpa,1187,892.0,559.6375043569188,549.1646425995618,549.1646425995618,549.1646425995618,549.1646425995618,True,False,60,False,3,950,0.4675334205153875,98.39545302123463,False,0.17099999999999999,0.0,rolling
reactive_hpa_fixed_cpu,reactive_hpa,1188,862.0,540.8156151969328,588.595473132721,588.595473132721,588.595473132721,588.595473132721,True,False,60,False,3,950,0.45180920233661886,96.60113273223418,False,0.17099999999999999,0.0,rolling
reactive_hpa_fixed_cpu,reactive_hpa,1189,1201.0,753.5029627047752,585.484257566769,585.484257566769,585.484257566769,585.484257566769,True,False,60,False,3,950,0.6294928677567044,124.89985584504154,False,0.17099999999999999,0.0,rolling
reactive_hpa_fixed_cpu,reactive_hpa,1190,947.0,594.1443011502266,686.9549970163589,686.9549970163589,686.9549970163589,686.9549970163589,True,False,60,False,3,950,0.49636115384313,102.01232222030292,False,0.17099999999999999,0.0,rolling
reactive_hpa_fixed_cpu,reactive_hpa,1191,832.0,521.9937260369467,633.3725765361432,633.3725765361432,633.3725765361432,633.3725765361432,True,False,60,False,3,950,0.4360849841578502,94.92745956070463,False,0.17099999999999999,0.0,rolling
reactive_hpa_fixed_cpu,reactive_hpa,1192,886.0,555.8731265249215,603.6522170959888,603.6522170959888,603.6522170959888,603.6522170959888,True,False,60,False,3,950,0.4643885768796337,98.02673564896824,False,0.17099999999999999,0.0,rolling
reactive_hpa_fixed_cpu,reactive_hpa,1193,820.0,514.4649703729523,614.1882724601055,614.1882724601055,614.1882724601055,614.1882724601055,True,False,60,False,3,950,0.42979529688634277,94.29083094133108,False,0.17099999999999999,0.0,rolling
reactive_hpa_fixed_cpu,reactive_hpa,1194,753.0,472.42941791565005,594.0734069583286,594.0734069583286,594.0734069583286,594.0734069583286,True,False,60,False,3,950,0.3946778762870928,91.06625957653243,False,0.17099999999999999,0.0,rolling
reactive_hpa_fixed_cpu,reactive_hpa,1195,776.0,486.859532938306,569.7630436165041,569.7630436165041,569.7630436165041,569.7630436165041,True,False,60,False,2,950,0.6100996653362231,120.8766094268361,False,0.114,0.0,rolling
reactive_hpa_fixed_cpu,reactive_hpa,1196,760.0,476.82119205298017,568.5359259434422,568.5359259434422,568.5359259434422,568.5359259434422,True,False,60,False,2,950,0.5975202907932082,118.39993404793788,False,0.114,0.0,rolling
reactive_hpa_fixed_cpu,reactive_hpa,1197,814.0,510.70059254095503,559.3936656754604,559.3936656754604,559.3936656754604,559.3936656754604,True,False,60,False,2,950,0.6399756798758834,127.18054098207631,False,0.114,0.0,rolling
reactive_hpa_fixed_cpu,reactive_hpa,1198,892.0,559.6375043569188,569.5321613083115,569.5321613083115,569.5321613083115,569.5321613083115,True,False,60,False,2,950,0.7013001307730813,142.0846539466669,False,0.114,0.0,rolling
reactive_hpa_fixed_cpu,reactive_hpa,1199,1123.0,704.5660508888114,591.2151576764336,591.2151576764336,591.2151576764336,591.2151576764336,True,False,60,False,2,950,0.8829148507378589,203.88792254777636,False,0.114,0.0,rolling
reactive_hpa_fixed_cpu,reactive_hpa,1200,1079.0,676.9606134541652,662.2438709238686,662.2438709238686,662.2438709238686,662.2438709238686,True,False,60,False,3,950,0.565547713829712,112.55968978819513,False,0.17099999999999999,0.0,rolling
reactive_hpa_fixed_cpu,reactive_hpa,1201,663.0,415.9637504356919,667.0000416560652,667.0000416560652,667.0000416560652,667.0000416560652,True,False,60,False,3,950,0.3475052217507869,87.55364394450008,False,0.17099999999999999,0.0,rolling
reactive_hpa_fixed_cpu,reactive_hpa,1202,787.0,493.7608922969676,560.0695991003108,560.0695991003108,560.0695991003108,560.0695991003108,True,False,60,False,3,950,0.4124986568896972,92.6339781520511,False,0.17099999999999999,0.0,rolling
reactive_hpa_fixed_cpu,reactive_hpa,1203,675.0,423.4925060996863,578.4262236970576,578.4262236970576,578.4262236970576,578.4262236970576,True,False,60,False,3,950,0.3537949090222943,87.97126492135865,False,0.17099999999999999,0.0,rolling
reactive_hpa_fixed_cpu,reactive_hpa,1204,659.0,413.4541652143604,541.601157818789,541.601157818789,541.601157818789,541.601157818789,True,False,60,False,3,950,0.34540865932695103,87.41774959009086,False,0.17099999999999999,0.0,rolling
reactive_hpa_fixed_cpu,reactive_hpa,1205,563.0,353.22411990240505,526.4756332284014,526.4756332284014,526.4756332284014,526.4756332284014,True,False,60,False,2,950,0.44263674173233714,95.61043071926616,False,0.114,0.0,rolling
reactive_hpa_fixed_cpu,reactive_hpa,1206,839.0,526.3855001742768,491.2408544409004,491.2408544409004,491.2408544409004,491.2408544409004,True,False,60,False,2,950,0.6596309525993443,131.66251972542955,False,0.114,0.0,rolling
reactive_hpa_fixed_cpu,reactive_hpa,1207,757.0,474.9390031369815,554.3538952706576,554.3538952706576,554.3538952706576,554.3538952706576,True,False,60,False,2,950,0.5951616580663929,117.94699063575507,False,0.114,0.0,rolling
reactive_hpa_fixed_cpu,reactive_hpa,1208,1090.0,683.8619728128268,537.6539782722402,537.6539782722402,537.6539782722402,537.6539782722402,True,False,60,False,2,950,0.8569698907428908,193.28416175409802,False,0.114,0.0,rolling
reactive_hpa_fixed_cpu,reactive_hpa,1209,882.0,553.3635413035901,633.6469283933384,633.6469283933384,633.6469283933384,633.6469283933384,True,False,60,False,2,950,0.6934380216836968,140.01992619090717,False,0.114,0.0,rolling
reactive_hpa_fixed_cpu,reactive_hpa,1210,602.0,377.6925758103869,592.7298727756388,592.7298727756388,592.7298727756388,592.7298727756388,True,False,60,False,3,950,0.31553264478729065,85.6546456930221,False,0.17099999999999999,0.0,rolling
reactive_hpa_fixed_cpu,reactive_hpa,1211,544.0,341.30359010108054,518.5677395721241,518.5677395721241,518.5677395721241,518.5677395721241,True,False,60,False,3,950,0.2851324896416713,84.17265639632123,False,0.17099999999999999,0.0,rolling
reactive_hpa_fixed_cpu,reactive_hpa,1212,538.0,337.5392122690833,490.19963230731264,490.19963230731264,490.19963230731264,490.19963230731264,True,False,60,False,3,950,0.2819876460059175,84.03610774616709,False,0.17099999999999999,0.0,rolling
reactive_hpa_fixed_cpu,reactive_hpa,1213,861.0,540.1882188915998,474.3390749717132,474.3390749717132,474.3390749717132,474.3390749717132,True,False,60,False,2,950,0.6769275925959898,135.83405319354705,False,0.114,0.0,rolling
reactive_hpa_fixed_cpu,reactive_hpa,1214,900.0,564.6566747995818,551.6980141994377,551.6980141994377,551.6980141994377,551.6980141994377,True,False,60,False,2,950,0.7075898180445886,143.77011937086928,False,0.114,0.0,rolling
reactive_hpa_fixed_cpu,reactive_hpa,1215,811.0,508.81840362495643,573.2335030951826,573.2335030951826,573.2335030951826,573.2335030951826,True,False,60,False,2,950,0.6376170471490682,126.66080899820577,False,0.114,0.0,rolling
reactive_hpa_fixed_cpu,reactive_hpa,1216,940.0,589.7525270128965,559.35963660469,559.35963660469,559.35963660469,559.35963660469,True,False,60,False,3,950,0.4926921696014173,101.5277918315436,False,0.17099999999999999,0.0,rolling
reactive_hpa_fixed_cpu,reactive_hpa,1217,487.0,305.542000697107,598.8734566480225,598.8734566480225,598.8734566480225,598.8734566480225,True,False,60,False,3,950,0.2552564751020109,82.99366229936531,False,0.17099999999999999,0.0,rolling
reactive_hpa_fixed_cpu,reactive_hpa,1218,747.0,468.66504008365285,483.69827357621307,483.69827357621307,483.69827357621307,483.69827357621307,True,False,60,False,3,950,0.39153303265133904,90.80382970213665,False,0.17099999999999999,0.0,rolling
reactive_hpa_fixed_cpu,reactive_hpa,1219,741.0,464.90066225165566,534.0709796232077,534.0709796232077,534.0709796232077,534.0709796232077,True,False,60,False,3,950,0.38838818901558536,90.54558188791493,False,0.17099999999999999,0.0,rolling
reactive_hpa_fixed_cpu,reactive_hpa,1220,684.0,429.13907284768214,532.2485097502054,532.2485097502054,532.2485097502054,532.2485097502054,True,False,60,False,3,950,0.3585121744759249,88.29438575435458,False,0.17099999999999999,0.0,rolling
reactive_hpa_fixed_cpu,reactive_hpa,1221,737.0,462.39107703032414,517.3352032572197,517.3352032572197,517.3352032572197,517.3352032572197,True,False,60,False,2,950,0.5794374398876242,115.01806666779908,False,0.114,0.0,rolling
reactive_hpa_fixed_cpu,reactive_hpa,1222,766.0,480.58556988497736,529.3882615915418,529.3882615915418,529.3882615915418,529.3882615915418,True,False,60,False,2,950,0.6022375562468388,119.31660510804596,False,0.114,0.0,rolling
reactive_hpa_fixed_cpu,reactive_hpa,1223,703.0,441.05960264900665,538.4199574830855,538.4199574830855,538.4199574830855,538.4199574830855,True,False,60,False,2,950,0.5527062689837176,110.39174780203433,False,0.114,0.0,rolling
reactive_hpa_fixed_cpu,reactive_hpa,1224,803.0,503.7992331822935,522.5731755391921,522.5731755391921,522.5731755391921,522.5731755391921,True,False,60,False,2,950,0.6313273598775608,125.2935475470959,False,0.114,0.0,rolling
reactive_hpa_fixed_cpu,reactive_hpa,1225,743.0,466.1554548623214,547.8966804084343,547.8966804084343,547.8966804084343,547.8966804084343,True,False,60,False,2,950,0.5841547053412549,115.88030638823975,False,0.114,0.0,rolling
reactive_hpa_fixed_cpu,reactive_hpa,1226,914.0,573.4402230742419,535.4045435049075,535.4045435049075,535.4045435049075,535.4045435049075,True,False,60,False,2,950,0.7185967707697267,146.79259069237213,False,0.114,0.0,rolling
reactive_hpa_fixed_cpu,reactive_hpa,1227,757.0,474.9390031369815,583.1797693983171,583.1797693983171,583.1797693983171,583.1797693983171,True,False,60,False,2,950,0.5951616580663929,117.94699063575507,False,0.114,0.0,rolling
reactive_hpa_fixed_cpu,reactive_hpa,1228,571.0,358.243290345068,549.8160837632845,549.8160837632845,549.8160837632845,549.8160837632845,True,False,60,False,3,950,0.29928428600256307,84.82529921766984,False,0.17099999999999999,0.0,rolling
reactive_hpa_fixed_cpu,reactive_hpa,1229,760.0,476.82119205298017,497.64927744368924,497.64927744368924,497.64927744368924,497.64927744368924,True,False,60,False,3,950,0.39834686052880547,91.37775823642603,False,0.17099999999999999,0.0,rolling
reactive_hpa_fixed_cpu,reactive_hpa,1230,830.0,520.7389334262809,536.9205590781548,536.9205590781548,536.9205590781548,536.9205590781548,True,False,60,False,3,950,0.4350367029459323,94.82006817851394,False,0.17099999999999999,0.0,rolling
reactive_hpa_fixed_cpu,reactive_hpa,1231,884.0,554.6183339142558,557.8611051824541,557.8611051824541,557.8611051824541,557.8611051824541,True,False,60,False,2,950,0.6950104435015737,140.42915155600068,False,0.114,0.0,rolling
reactive_hpa_fixed_cpu,reactive_hpa,1232,882.0,553.3635413035901,578.5054321993675,578.5054321993675,578.5054321993675,578.5054321993675,True,False,60,False,2,950,0.6934380216836968,140.01992619090717,False,0.114,0.0,rolling
reactive_hpa_fixed_cpu,reactive_hpa,1233,764.0,479.33077727431163,585.3953677577006,585.3953677577006,585.3953677577006,585.3953677577006,True,False,60,False,2,950,0.600665134428962,119.00944552479064,False,0.114,0.0,rolling
reactive_hpa_fixed_cpu,reactive_hpa,1234,832.0,521.9937260369467,558.004494487031,558.004494487031,558.004494487031,558.004494487031,True,False,60,False,2,950,0.6541274762367753,130.38017601737812,False,0.114,0.0,rolling
reactive_hpa_fixed_cpu,reactive_hpa,1235,759.0,476.1937957476473,574.2353738475681,574.2353738475681,574.2353738475681,574.2353738475681,True,False,60,False,2,950,0.5967340798842699,118.24855471907122,False,0.114,0.0,rolling
reactive_hpa_fixed_cpu,reactive_hpa,1236,807.0,506.30881840362497,555.4321327487423,555.4321327487423,555.4321327487423,555.4321327487423,True,False,60,False,2,950,0.6344722035133145,125.9737897961845,False,0.114,0.0,rolling
reactive_hpa_fixed_cpu,reactive_hpa,1237,574.0,360.1254792610666,565.3946308945515,565.3946308945515,565.3946308945515,565.3946308945515,True,False,60,False,2,950,0.45128506173065985,96.54342316845839,False,0.114,0.0,rolling
reactive_hpa_fixed_cpu,reactive_hpa,1238,807.0,506.30881840362497,501.9986165463565,501.9986165463565,501.9986165463565,501.9986165463565,True,False,60,False,2,950,0.6344722035133145,125.9737897961845,False,0.114,0.0,rolling
reactive_hpa_fixed_cpu,reactive_hpa,1239,575.0,360.75287556639944,553.2328384805915,553.2328384805915,553.2328384805915,553.2328384805915,True,False,60,False,2,950,0.4520712726395983,96.63003777403478,False,0.114,0.0,rolling
reactive_hpa_fixed_cpu,reactive_hpa,1240,760.0,476.82119205298017,492.53280315325037,492.53280315325037,492.53280315325037,492.53280315325037,True,False,60,False,2,950,0.5975202907932082,118.39993404793788,False,0.114,0.0,rolling
reactive_hpa_fixed_cpu,reactive_hpa,1241,900.0,564.6566747995818,531.9110126534065,531.9110126534065,531.9110126534065,531.9110126534065,True,False,60,False,2,950,0.7075898180445886,143.77011937086928,False,0.114,0.0,rolling
reactive_hpa_fixed_cpu,reactive_hpa,1242,1047.0,656.8839316835134,573.2621616898159,573.2621616898159,573.2621616898159,573.2621616898159,True,False,60,False,2,950,0.8231628216585382,180.39908311157205,False,0.114,0.0,rolling
reactive_hpa_fixed_cpu,reactive_hpa,1243,885.0,555.2457302195887,626.0627564421538,626.0627564421538,626.0627564421538,626.0627564421538,True,False,60,False,3,950,0.4638644362736748,97.96576590709158,False,0.17099999999999999,0.0,rolling
reactive_hpa_fixed_cpu,reactive_hpa,1244,844.0,529.5224817009411,596.4799100905338,596.4799100905338,596.4799100905338,596.4799100905338,True,False,60,False,3,950,0.4423746714293576,95.58271990197811,False,0.17099999999999999,0.0,rolling
reactive_hpa_fixed_cpu,reactive_hpa,1245,1238.0,776.7166260020913,588.5752917022146,588.5752917022146,588.5752917022146,588.5752917022146,True,False,60,False,3,950,0.6488860701771857,129.17879219684463,False,0.17099999999999999,0.0,rolling
reactive_hpa_fixed_cpu,reactive_hpa,1246,1148.0,720.2509585221331,704.7012657959749,704.7012657959749,704.7012657959749,704.7012657959749,True,False,60,False,3,950,0.6017134156408798,119.21404010301245,False,0.17099999999999999,0.0,rolling
reactive_hpa_fixed_cpu,reactive_hpa,1247,875.0,548.9717671662601,701.0843103247298,701.0843103247298,701.0843103247298,701.0843103247298,True,False,60,False,3,950,0.4586230302140853,97.36361243221322,False,0.17099999999999999,0.0,rolling
reactive_hpa_fixed_cpu,reactive_hpa,1248,797.0,500.03485535029625,634.9868501481333,634.9868501481333,634.9868501481333,634.9868501481333,True,False,60,False,3,950,0.4177400629492868,93.12172369784852,False,0.17099999999999999,0.0,rolling
reactive_hpa_fixed_cpu,reactive_hpa,1249,829.0,520.1115371209481,606.0454746592459,606.0454746592459,606.0454746592459,606.0454746592459,True,False,60,False,3,950,0.4345125623399734,94.76656617907213,False,0.17099999999999999,0.0,rolling
reactive_hpa_fixed_cpu,reactive_hpa,1250,870.0,545.8347856395957,605.0323090489755,605.0323090489755,605.0323090489755,605.0323090489755,True,False,60,False,3,950,0.45600232718429046,97.0676481902456,False,0.17099999999999999,0.0,rolling
reactive_hpa_fixed_cpu,reactive_hpa,1251,1021.0,640.5716277448588,609.7190248341785,609.7190248341785,609.7190248341785,609.7190248341785,True,False,60,False,2,950,0.8027213380261389,173.10369730348035,False,0.114,0.0,rolling
reactive_hpa_fixed_cpu,reactive_hpa,1252,963.0,604.1826420355525,650.0780807563715,650.0780807563715,650.0780807563715,650.0780807563715,True,False,60,False,2,950,0.7571211053077098,158.1211383444478,False,0.114,0.0,rolling
reactive_hpa_fixed_cpu,reactive_hpa,1253,771.0,483.7225514116417,639.3915075632985,639.3915075632985,639.3915075632985,639.3915075632985,True,False,60,False,3,950,0.404112407194354,91.87897746921176,False,0.17099999999999999,0.0,rolling
reactive_hpa_fixed_cpu,reactive_hpa,1254,636.0,399.0240501917044,586.8729470981457,586.8729470981457,586.8729470981457,586.8729470981457,True,False,60,False,3,950,0.3333534253898951,86.66787226272616,False,0.17099999999999999,0.0,rolling
reactive_hpa_fixed_cpu,reactive_hpa,1255,787.0,493.7608922969676,539.8955138639094,539.8955138639094,539.8955138639094,539.8955138639094,True,False,60,False,3,950,0.4124986568896972,92.6339781520511,False,0.17099999999999999,0.0,rolling
reactive_hpa_fixed_cpu,reactive_hpa,1256,901.0,565.2840711049146,564.5447229422803,564.5447229422803,564.5447229422803,564.5447229422803,True,False,60,False,3,950,0.47225068596901804,98.95790302475326,False,0.17099999999999999,0.0,rolling
reactive_hpa_fixed_cpu,reactive_hpa,1257,994.0,623.6319275008714,592.9268223444715,592.9268223444715,592.9268223444715,592.9268223444715,True,False,60,False,2,950,0.7814936434848012,165.91101594065827,False,0.114,0.0,rolling
reactive_hpa_fixed_cpu,reactive_hpa,1258,757.0,474.9390031369815,624.9597136258571,624.9597136258571,624.9597136258571,624.9597136258571,True,False,60,False,3,950,0.3967744387109286,91.24355278096446,False,0.17099999999999999,0.0,rolling
reactive_hpa_fixed_cpu,reactive_hpa,1259,763.0,478.70338096897876,567.488755345254,567.488755345254,567.488755345254,567.488755345254,True,False,60,False,3,950,0.39991928234668234,91.51302740197204,False,0.17099999999999999,0.0,rolling
reactive_hpa_fixed_cpu,reactive_hpa,1260,581.0,364.5172533983967,562.9719440853769,562.9719440853769,562.9719440853769,562.9719440853769,True,False,60,False,3,950,0.30452569206215263,85.08328338523029,False,0.17099999999999999,0.0,rolling
reactive_hpa_fixed_cpu,reactive_hpa,1261,652.0,409.0623910770303,508.1432118985508,508.1432118985508,508.1432118985508,508.1432118985508,True,False,60,False,3,950,0.3417396750852384,87.18387408501638,False,0.17099999999999999,0.0,rolling
reactive_hpa_fixed_cpu,reactive_hpa,1262,1180.0,740.327640292785,512.3717032467057,512.3717032467057,512.3717032467057,512.3717032467057,True,False,60,False,2,950,0.9277288725473496,223.7261272567326,False,0.114,0.0,rolling
reactive_hpa_fixed_cpu,reactive_hpa,1263,770.0,483.0951551063088,656.2229651027974,656.2229651027974,656.2229651027974,656.2229651027974,True,False,60,False,2,950,0.6053823998825925,119.93575295849251,False,0.114,0.0,rolling
reactive_hpa_fixed_cpu,reactive_hpa,1264,753.0,472.42941791565005,563.8312925158802,563.8312925158802,563.8312925158802,563.8312925158802,True,False,60,False,3,950,0.3946778762870928,91.06625957653243,False,0.17099999999999999,0.0,rolling
reactive_hpa_fixed_cpu,reactive_hpa,1265,646.0,405.29801324503313,556.648437220972,556.648437220972,556.648437220972,556.648437220972,True,False,60,False,3,950,0.33859483144948466,86.98736577694514,False,0.17099999999999999,0.0,rolling
reactive_hpa_fixed_cpu,reactive_hpa,1266,773.0,484.9773440223074,523.0813237297484,523.0813237297484,523.0813237297484,523.0813237297484,True,False,60,False,3,950,0.40516068840627184,91.97166088230082,False,0.17099999999999999,0.0,rolling
reactive_hpa_fixed_cpu,reactive_hpa,1267,562.0,352.5967235970722,548.0314962174739,548.0314962174739,548.0314962174739,548.0314962174739,True,False,60,False,2,950,0.4418505308233987,95.52739668779964,False,0.114,0.0,rolling
reactive_hpa_fixed_cpu,reactive_hpa,1268,571.0,358.243290345068,489.8439285739232,489.8439285739232,489.8439285739232,489.8439285739232,True,False,60,False,2,950,0.4489264290038446,96.2853848596357,False,0.114,0.0,rolling
reactive_hpa_fixed_cpu,reactive_hpa,1269,499.0,313.0707563611014,480.617570984547,480.617570984547,480.617570984547,480.617570984547,True,False,60,False,2,950,0.3923192435602775,90.86904379045191,False,0.114,0.0,rolling
reactive_hpa_fixed_cpu,reactive_hpa,1270,466.0,292.3666782851168,452.9899873553477,452.9899873553477,452.9899873553477,452.9899873553477,True,False,60,False,2,950,0.36637428356530927,88.85212324227548,False,0.114,0.0,rolling
reactive_hpa_fixed_cpu,reactive_hpa,1271,590.0,370.1638201463925,434.35417024802655,434.35417024802655,434.35417024802655,434.35417024802655,True,False,60,False,2,950,0.4638644362736748,97.96576590709158,False,0.114,0.0,rolling
reactive_hpa_fixed_cpu,reactive_hpa,1272,648.0,406.55280585569886,457.25925097301024,457.25925097301024,457.25925097301024,457.25925097301024,True,False,60,False,2,950,0.5094646689921039,103.80206951493821,False,0.114,0.0,rolling
reactive_hpa_fixed_cpu,reactive_hpa,1273,579.0,363.2624607877309,471.2273295830032,471.2273295830032,471.2273295830032,471.2273295830032,True,False,60,False,2,950,0.455216116275352,96.97951937236975,False,0.114,0.0,rolling
reactive_hpa_fixed_cpu,reactive_hpa,1274,692.0,434.15824329034507,456.5834620452756,456.5834620452756,456.5834620452756,456.5834620452756,True,False,60,False,2,950,0.5440579489853948,108.98731466961462,False,0.114,0.0,rolling
reactive_hpa_fixed_cpu,reactive_hpa,1275,667.0,418.47333565702337,486.34863967418005,486.34863967418005,486.34863967418005,486.34863967418005,True,False,60,False,2,950,0.524402676261934,105.95775944133979,False,0.114,0.0,rolling
reactive_hpa_fixed_cpu,reactive_hpa,1276,614.0,385.2213314743813,485.7134062702794,485.7134062702794,485.7134062702794,485.7134062702794,True,False,60,False,2,950,0.48273349808819715,100.24859132005062,False,0.114,0.0,rolling
reactive_hpa_fixed_cpu,reactive_hpa,1277,630.0,395.2596723597072,474.54132276812516,474.54132276812516,474.54132276812516,474.54132276812516,True,False,60,False,2,950,0.49531287263121204,101.87315094420816,False,0.114,0.0,rolling
reactive_hpa_fixed_cpu,reactive_hpa,1278,615.0,385.8487277797142,478.7216965767193,478.7216965767193,478.7216965767193,478.7216965767193,True,False,60,False,2,950,0.4835197089971356,100.3476870238874,False,0.114,0.0,rolling
reactive_hpa_fixed_cpu,reactive_hpa,1279,563.0,353.22411990240505,475.29311717876953,475.29311717876953,475.29311717876953,475.29311717876953,True,False,60,False,2,950,0.44263674173233714,95.61043071926616,False,0.114,0.0,rolling
reactive_hpa_fixed_cpu,reactive_hpa,1280,749.0,469.9198326943186,461.15118445561893,461.15118445561893,461.15118445561893,461.15118445561893,True,False,60,False,2,950,0.5888719707948854,116.75658498236706,False,0.114,0.0,rolling
reactive_hpa_fixed_cpu,reactive_hpa,1281,724.0,454.2349250609969,508.3155006262873,508.3155006262873,508.3155006262873,508.3155006262873,True,False,60,False,2,950,0.5692166980714247,113.19750157768672,False,0.114,0.0,rolling
reactive_hpa_fixed_cpu,reactive_hpa,1282,851.0,533.9142558382712,509.1876370515388,509.1876370515388,509.1876370515388,509.1876370515388,True,False,60,False,2,950,0.6690654835066054,133.91112341556374,False,0.114,0.0,rolling
reactive_hpa_fixed_cpu,reactive_hpa,1283,952.0,597.2812826768909,549.2572411679357,549.2572411679357,549.2572411679357,549.2572411679357,True,False,60,False,2,950,0.7484727853093871,155.474552512365,False,0.114,0.0,rolling
reactive_hpa_fixed_cpu,reactive_hpa,1284,1150.0,721.5057511327989,589.2406527547591,589.2406527547591,589.2406527547591,589.2406527547591,True,False,60,False,2,950,0.9041425452791966,213.04030219227815,False,0.114,0.0,rolling
reactive_hpa_fixed_cpu,reactive_hpa,1285,838.0,525.7581038689439,661.844143735866,661.844143735866,661.844143735866,661.844143735866,True,False,60,False,3,950,0.4392298277936039,95.2527439706815,False,0.17099999999999999,0.0,rolling
reactive_hpa_fixed_cpu,reactive_hpa,1286,840.0,527.0128964796096,593.968453886554,593.968453886554,593.968453886554,593.968453886554,True,False,60,False,3,950,0.4402781090055218,95.36221300882657,False,0.17099999999999999,0.0,rolling
reactive_hpa_fixed_cpu,reactive_hpa,1287,919.0,576.5772046009063,593.9810251356284,593.9810251356284,593.9810251356284,593.9810251356284,True,False,60,False,3,950,0.48168521687627924,100.11696492092314,False,0.17099999999999999,0.0,rolling
reactive_hpa_fixed_cpu,reactive_hpa,1288,1014.0,636.1798536075288,615.3053314966346,615.3053314966346,615.3053314966346,615.3053314966346,True,False,60,False,3,950,0.53147857444238,107.0227653101025,False,0.17099999999999999,0.0,rolling
reactive_hpa_fixed_cpu,reactive_hpa,1289,1005.0,630.533286859533,646.3572800245729,646.3572800245729,646.3572800245729,646.3572800245729,True,False,60,False,3,950,0.5267613089887493,106.30959178647565,False,0.17099999999999999,0.0,rolling
reactive_hpa_fixed_cpu,reactive_hpa,1290,799.0,501.28964796096204,652.2311841131723,652.2311841131723,652.2311841131723,652.2311841131723,True,False,60,False,3,950,0.4187883441612047,93.22075515854671,False,0.17099999999999999,0.0,rolling
reactive_hpa_fixed_cpu,reactive_hpa,1291,741.0,464.90066225165566,598.4645779760194,598.4645779760194,598.4645779760194,598.4645779760194,True,False,60,False,3,950,0.38838818901558536,90.54558188791493,False,0.17099999999999999,0.0,rolling
reactive_hpa_fixed_cpu,reactive_hpa,1292,968.0,607.3196235622169,573.9900177449431,573.9900177449431,573.9900177449431,573.9900177449431,True,False,60,False,3,950,0.507368106568268,103.50942441648186,False,0.17099999999999999,0.0,rolling
reactive_hpa_fixed_cpu,reactive_hpa,1293,938.0,588.4977344022308,627.7710976765284,627.7710976765284,627.7710976765284,627.7710976765284,True,False,60,False,3,950,0.4916438883894994,101.39067255173013,False,0.17099999999999999,0.0,rolling
reactive_hpa_fixed_cpu,reactive_hpa,1294,830.0,520.7389334262809,623.8458335258756,623.8458335258756,623.8458335258756,623.8458335258756,True,False,60,False,3,950,0.4350367029459323,94.82006817851394,False,0.17099999999999999,0.0,rolling
reactive_hpa_fixed_cpu,reactive_hpa,1295,838.0,525.7581038689439,594.8043697014455,594.8043697014455,594.8043697014455,594.8043697014455,True,False,60,False,3,950,0.4392298277936039,95.2527439706815,False,0.17099999999999999,0.0,rolling
reactive_hpa_fixed_cpu,reactive_hpa,1296,634.0,397.7692575810387,593.2080137318144,593.2080137318144,593.2080137318144,593.2080137318144,True,False,60,False,3,950,0.3323051441779772,86.60516541281908,False,0.17099999999999999,0.0,rolling
reactive_hpa_fixed_cpu,reactive_hpa,1297,639.0,400.906239107703,533.7734118960743,533.7734118960743,533.7734118960743,533.7734118960743,True,False,60,False,3,950,0.33492584720777197,86.76267472419175,False,0.17099999999999999,0.0,rolling
reactive_hpa_fixed_cpu,reactive_hpa,1298,701.0,439.8048100383409,520.7082475969978,520.7082475969978,520.7082475969978,520.7082475969978,True,False,60,False,2,950,0.5511338471658408,110.13309602291378,False,0.114,0.0,rolling
reactive_hpa_fixed_cpu,reactive_hpa,1299,726.0,455.4897176716626,526.3454894927727,526.3454894927727,526.3454894927727,526.3454894927727,True,False,60,False,2,950,0.5707891198893015,113.47337968674859,False,0.114,0.0,rolling
reactive_hpa_fixed_cpu,reactive_hpa,1300,777.0,487.4869292436389,528.4620350792766,528.4620350792766,528.4620350792766,528.4620350792766,True,False,60,False,2,950,0.6108858762451616,121.03484128803615,False,0.114,0.0,rolling
reactive_hpa_fixed_cpu,reactive_hpa,1301,819.0,513.8375740676194,541.4165627533571,541.4165627533571,541.4165627533571,541.4165627533571,True,False,60,False,2,950,0.6439067344205757,128.0553126244253,False,0.114,0.0,rolling
reactive_hpa_fixed_cpu,reactive_hpa,1302,723.0,453.607528755664,555.6116704151214,555.6116704151214,555.6116704151214,555.6116704151214,True,False,60,False,2,950,0.5684304871624862,113.06013278023146,False,0.114,0.0,rolling
reactive_hpa_fixed_cpu,reactive_hpa,1303,793.0,497.5252701289648,532.7291794059074,532.7291794059074,532.7291794059074,532.7291794059074,True,False,60,False,2,950,0.6234652507881764,123.62237065353585,False,0.114,0.0,rolling
reactive_hpa_fixed_cpu,reactive_hpa,1304,828.0,519.4841408156152,549.831930280317,549.831930280317,549.831930280317,549.831930280317,True,False,60,False,2,950,0.6509826326010215,129.65702671266342,False,0.114,0.0,rolling
reactive_hpa_fixed_cpu,reactive_hpa,1305,798.0,500.6622516556292,562.1597257974763,562.1597257974763,562.1597257974763,562.1597257974763,True,False,60,False,2,950,0.6273963053328686,124.45272365224407,False,0.114,0.0,rolling
reactive_hpa_fixed_cpu,reactive_hpa,1306,836.0,524.5033112582781,557.8083396523352,557.8083396523352,557.8083396523352,557.8083396523352,True,False,60,False,2,950,0.657272319872529,131.1103122178053,False,0.114,0.0,rolling
reactive_hpa_fixed_cpu,reactive_hpa,1307,962.0,603.5552457302196,570.526349630707,570.526349630707,570.526349630707,570.526349630707,True,False,60,False,2,950,0.7563348943987713,157.8780229433671,False,0.114,0.0,rolling
reactive_hpa_fixed_cpu,reactive_hpa,1308,802.0,503.17183687696064,610.1943721794487,610.1943721794487,610.1943721794487,610.1943721794487,True,False,60,False,2,950,0.6305411489686223,125.12454194729234,False,0.114,0.0,rolling
reactive_hpa_fixed_cpu,reactive_hpa,1309,1151.0,722.1331474381318,574.5525209338921,574.5525209338921,574.5525209338921,574.5525209338921,True,False,60,False,3,950,0.6032858374587567,119.52227132752392,False,0.17099999999999999,0.0,rolling
reactive_hpa_fixed_cpu,reactive_hpa,1310,915.0,574.0676193795748,674.2571203027883,674.2571203027883,674.2571203027883,674.2571203027883,True,False,60,False,3,950,0.4795886544524435,99.85542587780422,False,0.17099999999999999,0.0,rolling
reactive_hpa_fixed_cpu,reactive_hpa,1311,666.0,417.8459393516905,623.9445732216709,623.9445732216709,623.9445732216709,623.9445732216709,True,False,60,False,3,950,0.3490776435686637,87.65664677094551,False,0.17099999999999999,0.0,rolling
reactive_hpa_fixed_cpu,reactive_hpa,1312,587.0,368.2816312303939,554.832710546707,554.832710546707,554.832710546707,554.832710546707,True,False,60,False,3,950,0.3076705356979063,85.24240088421526,False,0.17099999999999999,0.0,rolling
reactive_hpa_fixed_cpu,reactive_hpa,1313,706.0,442.94179156500525,519.0542372781633,519.0542372781633,519.0542372781633,519.0542372781633,True,False,60,False,3,950,0.3700432678070219,89.12073898996269,False,0.17099999999999999,0.0,rolling
reactive_hpa_fixed_cpu,reactive_hpa,1314,518.0,324.9912861624259,534.8934331234773,534.8934331234773,534.8934331234773,534.8934331234773,True,False,60,False,3,950,0.27150483388673846,83.60251007192636,False,0.17099999999999999,0.0,rolling
reactive_hpa_fixed_cpu,reactive_hpa,1315,629.0,394.63227605437436,478.2238317642373,478.2238317642373,478.2238317642373,478.2238317642373,True,False,60,False,2,950,0.4945266617222736,101.76915832503202,False,0.114,0.0,rolling
reactive_hpa_fixed_cpu,reactive_hpa,1316,623.0,390.86789822237716,492.92906241047376,492.92906241047376,492.92906241047376,492.92906241047376,True,False,60,False,2,950,0.48980939626864306,101.15211707542865,False,0.114,0.0,rolling
reactive_hpa_fixed_cpu,reactive_hpa,1317,742.0,465.5280585569885,486.13013595224083,486.13013595224083,486.13013595224083,486.13013595224083,True,False,60,False,2,950,0.5833684944323164,115.73562790804803,False,0.114,0.0,rolling
reactive_hpa_fixed_cpu,reactive_hpa,1318,944.0,592.262112234228,514.3607782942231,514.3607782942231,514.3607782942231,514.3607782942231,True,False,60,False,2,950,0.7421830980378796,153.5877771554471,False,0.114,0.0,rolling
reactive_hpa_fixed_cpu,reactive_hpa,1319,945.0,592.8895085395608,575.6951318770648,575.6951318770648,575.6951318770648,575.6951318770648,True,False,60,False,2,950,0.742969308946818,153.8218844367025,False,0.114,0.0,rolling
reactive_hpa_fixed_cpu,reactive_hpa,1320,905.0,567.793656326246,590.6848050957497,590.6848050957497,590.6848050957497,590.6848050957497,True,False,60,False,3,950,0.4743472483928538,99.21151711671683,False,0.17099999999999999,0.0,rolling
reactive_hpa_fixed_cpu,reactive_hpa,1321,923.0,579.0867898222377,591.8678511484932,591.8678511484932,591.8678511484932,591.8678511484932,True,False,60,False,3,950,0.48378177930011507,100.38079062969726,False,0.17099999999999999,0.0,rolling
reactive_hpa_fixed_cpu,reactive_hpa,1322,902.0,565.9114674102475,605.0968992597373,605.0968992597373,605.0968992597373,605.0968992597373,True,False,60,False,3,950,0.47277482657497705,99.02109598291167,False,0.17099999999999999,0.0,rolling
reactive_hpa_fixed_cpu,reactive_hpa,1323,801.0,502.5444405716278,606.2246029171301,606.2246029171301,606.2246029171301,606.2246029171301,True,False,60,False,3,950,0.4198366253731226,93.32028363933699,False,0.17099999999999999,0.0,rolling
reactive_hpa_fixed_cpu,reactive_hpa,1324,644.0,404.0432206343674,581.1907665993576,581.1907665993576,581.1907665993576,581.1907665993576,True,False,60,False,3,950,0.33754655023756674,86.922668358459,False,0.17099999999999999,0.0,rolling
reactive_hpa_fixed_cpu,reactive_hpa,1325,764.0,479.33077727431163,534.8253749819364,534.8253749819364,534.8253749819364,534.8253749819364,True,False,60,False,3,950,0.4004434229526413,91.5583542295676,False,0.17099999999999999,0.0,rolling
reactive_hpa_fixed_cpu,reactive_hpa,1326,768.0,481.8403624956431,555.6268907779854,555.6268907779854,555.6268907779854,555.6268907779854,True,False,60,False,3,950,0.4025399853764771,91.74085121570215,False,0.17099999999999999,0.0,rolling
reactive_hpa_fixed_cpu,reactive_hpa,1327,866.0,543.3252004182642,553.9626934124872,553.9626934124872,553.9626934124872,553.9626934124872,True,False,60,False,2,950,0.680858647140682,136.8124315977381,False,0.114,0.0,rolling
reactive_hpa_fixed_cpu,reactive_hpa,1328,694.0,435.4130359010108,579.4686740561297,579.4686740561297,579.4686740561297,579.4686740561297,True,False,60,False,2,950,0.5456303708032717,109.23937686973353,False,0.114,0.0,rolling
reactive_hpa_fixed_cpu,reactive_hpa,1329,966.0,606.0648309515511,535.1124185024692,535.1124185024692,535.1124185024692,535.1124185024692,True,False,60,False,2,950,0.7594797380345252,158.85351927057206,False,0.114,0.0,rolling
reactive_hpa_fixed_cpu,reactive_hpa,1330,744.0,466.78285116765426,604.9340991759382,604.9340991759382,604.9340991759382,604.9340991759382,True,False,60,False,2,950,0.5849409162501933,116.02537483714497,False,0.114,0.0,rolling
reactive_hpa_fixed_cpu,reactive_hpa,1331,792.0,496.8978738236319,552.6147279849129,552.6147279849129,552.6147279849129,552.6147279849129,True,False,60,False,3,950,0.415119359919492,92.87631134456444,False,0.17099999999999999,0.0,rolling
reactive_hpa_fixed_cpu,reactive_hpa,1332,877.0,550.2265597769258,561.5708759677468,561.5708759677468,561.5708759677468,561.5708759677468,True,False,60,False,3,950,0.45967131142600315,97.48294955857577,False,0.17099999999999999,0.0,rolling
reactive_hpa_fixed_cpu,reactive_hpa,1333,632.0,396.51446497037296,584.7690931749794,584.7690931749794,584.7690931749794,584.7690931749794,True,False,60,False,3,950,0.3312568629660593,86.54285294431172,False,0.17099999999999999,0.0,rolling
reactive_hpa_fixed_cpu,reactive_hpa,1334,635.0,398.39665388637155,521.3472379259092,521.3472379259092,521.3472379259092,521.3472379259092,True,False,60,False,2,950,0.4992439271759042,102.39808443540112,False,0.114,0.0,rolling
reactive_hpa_fixed_cpu,reactive_hpa,1335,744.0,466.78285116765426,512.0106531200317,512.0106531200317,512.0106531200317,512.0106531200317,True,False,60,False,2,950,0.5849409162501933,116.02537483714497,False,0.114,0.0,rolling
reactive_hpa_fixed_cpu,reactive_hpa,1336,716.0,449.2157546183339,533.4067745475895,533.4067745475895,533.4067745475895,533.4067745475895,True,False,60,False,2,950,0.5629270107999171,112.10914701014227,False,0.114,0.0,rolling
reactive_hpa_fixed_cpu,reactive_hpa,1337,616.0,386.47612408504705,525.533078542051,525.533078542051,525.533078542051,525.533078542051,True,False,60,False,2,950,0.48430591990607397,100.44710551474817,False,0.114,0.0,rolling
reactive_hpa_fixed_cpu,reactive_hpa,1338,787.0,493.7608922969676,496.61766436830203,496.61766436830203,496.61766436830203,496.61766436830203,True,False,60,False,2,950,0.6187479853345459,122.63967626317248,False,0.114,0.0,rolling
reactive_hpa_fixed_cpu,reactive_hpa,1339,680.0,426.6294876263507,537.0189375311606,537.0189375311606,537.0189375311606,537.0189375311606,True,False,60,False,2,950,0.5346234180781337,107.50530339371903,False,0.114,0.0,rolling
reactive_hpa_fixed_cpu,reactive_hpa,1340,597.0,374.55559428372254,511.55490921680484,511.55490921680484,511.55490921680484,511.55490921680484,True,False,60,False,2,950,0.4693679126362438,98.61284218310936,False,0.114,0.0,rolling
reactive_hpa_fixed_cpu,reactive_hpa,1341,806.0,505.6814220982921,487.0774831262652,487.0774831262652,487.0774831262652,487.0774831262652,True,False,60,False,2,950,0.6336859926043761,125.8030952067173,False,0.114,0.0,rolling
reactive_hpa_fixed_cpu,reactive_hpa,1342,1023.0,641.8264203555245,537.7496835286038,537.7496835286038,537.7496835286038,537.7496835286038,True,False,60,False,2,950,0.8042937598440157,173.65190216453112,False,0.114,0.0,rolling
reactive_hpa_fixed_cpu,reactive_hpa,1343,596.0,373.9281979783897,606.5872425120779,606.5872425120779,606.5872425120779,606.5872425120779,True,False,60,False,2,950,0.46858170172730534,98.51946689516576,False,0.114,0.0,rolling
reactive_hpa_fixed_cpu,reactive_hpa,1344,766.0,480.58556988497736,505.80541714490755,505.80541714490755,505.80541714490755,505.80541714490755,True,False,60,False,3,950,0.4014917041645592,91.64936447645806,False,0.17099999999999999,0.0,rolling
reactive_hpa_fixed_cpu,reactive_hpa,1345,589.0,369.5364238410596,542.2887232614612,542.2887232614612,542.2887232614612,542.2887232614612,True,False,60,False,3,950,0.3087188169098242,85.29616868158388,False,0.17099999999999999,0.0,rolling
reactive_hpa_fixed_cpu,reactive_hpa,1346,741.0,464.90066225165566,494.94236480774,494.94236480774,494.94236480774,494.94236480774,True,False,60,False,3,950,0.38838818901558536,90.54558188791493,False,0.17099999999999999,0.0,rolling
reactive_hpa_fixed_cpu,reactive_hpa,1347,716.0,449.2157546183339,527.0394368913926,527.0394368913926,527.0394368913926,527.0394368913926,True,False,60,False,2,950,0.5629270107999171,112.10914701014227,False,0.114,0.0,rolling
reactive_hpa_fixed_cpu,reactive_hpa,1348,747.0,468.66504008365285,521.8516051086021,521.8516051086021,521.8516051086021,521.8516051086021,True,False,60,False,2,950,0.5872995489770086,116.46292524471124,False,0.114,0.0,rolling
reactive_hpa_fixed_cpu,reactive_hpa,1349,846.0,530.7772743116068,530.0576203976234,530.0576203976234,530.0576203976234,530.0576203976234,True,False,60,False,2,950,0.6651344289619132,132.96644082753403,False,0.114,0.0,rolling
reactive_hpa_fixed_cpu,reactive_hpa,1350,777.0,487.4869292436389,559.6636103706237,559.6636103706237,559.6636103706237,559.6636103706237,True,False,60,False,2,950,0.6108858762451616,121.03484128803615,False,0.114,0.0,rolling
reactive_hpa_fixed_cpu,reactive_hpa,1351,774.0,485.6047403276403,547.808970659145,547.808970659145,547.808970659145,547.808970659145,True,False,60,False,2,950,0.6085272435183462,120.5613670465576,False,0.114,0.0,rolling
reactive_hpa_fixed_cpu,reactive_hpa,1352,747.0,468.66504008365285,548.2127919320951,548.2127919320951,548.2127919320951,548.2127919320951,True,False,60,False,2,950,0.5872995489770086,116.46292524471124,False,0.114,0.0,rolling
reactive_hpa_fixed_cpu,reactive_hpa,1353,740.0,464.2732659463228,540.7872537312041,540.7872537312041,540.7872537312041,540.7872537312041,True,False,60,False,2,950,0.5817960726144396,115.4474387543774,False,0.114,0.0,rolling
reactive_hpa_fixed_cpu,reactive_hpa,1354,771.0,483.7225514116417,538.5507273728826,538.5507273728826,538.5507273728826,538.5507273728826,True,False,60,False,2,950,0.606168610791531,120.0915489585897,False,0.114,0.0,rolling
reactive_hpa_fixed_cpu,reactive_hpa,1355,745.0,467.4102474729871,545.8850638108524,545.8850638108524,545.8850638108524,545.8850638108524,True,False,60,False,2,950,0.5857271271591318,116.17083377962066,False,0.114,0.0,rolling
reactive_hpa_fixed_cpu,reactive_hpa,1356,667.0,418.47333565702337,539.9535535387549,539.9535535387549,539.9535535387549,539.9535535387549,True,False,60,False,2,950,0.524402676261934,105.95775944133979,False,0.114,0.0,rolling
reactive_hpa_fixed_cpu,reactive_hpa,1357,994.0,623.6319275008714,517.5275770840522,517.5275770840522,517.5275770840522,517.5275770840522,True,False,60,False,2,950,0.7814936434848012,165.91101594065827,False,0.114,0.0,rolling
reactive_hpa_fixed_cpu,reactive_hpa,1358,812.0,509.4457999302893,604.3789412570422,604.3789412570422,604.3789412570422,604.3789412570422,True,False,60,False,2,950,0.6384032580580067,126.83362663403395,False,0.114,0.0,rolling
reactive_hpa_fixed_cpu,reactive_hpa,1359,794.0,498.15266643429766,567.2680360008726,567.2680360008726,567.2680360008726,567.2680360008726,True,False,60,False,3,950,0.4161676411314099,92.9741056979934,False,0.17099999999999999,0.0,rolling
reactive_hpa_fixed_cpu,reactive_hpa,1360,803.0,503.7992331822935,563.2848285067848,563.2848285067848,563.2848285067848,563.2848285067848,True,False,60,False,3,950,0.4208849065850405,93.42031038432471,False,0.17099999999999999,0.0,rolling
reactive_hpa_fixed_cpu,reactive_hpa,1361,648.0,406.55280585569886,565.4846766805463,565.4846766805463,565.4846766805463,565.4846766805463,True,False,60,False,3,950,0.33964311266140257,87.05246504146318,False,0.17099999999999999,0.0,rolling
reactive_hpa_fixed_cpu,reactive_hpa,1362,550.0,345.06796793307774,522.7372279313281,522.7372279313281,522.7372279313281,522.7372279313281,True,False,60,False,2,950,0.4324159999161375,94.55384583035442,False,0.114,0.0,rolling
reactive_hpa_fixed_cpu,reactive_hpa,1363,765.0,479.9581735796445,487.43044141445444,487.43044141445444,487.43044141445444,487.43044141445444,True,False,60,False,2,950,0.6014513453379003,119.1628245586351,False,0.114,0.0,rolling
reactive_hpa_fixed_cpu,reactive_hpa,1364,700.0,439.17741373300805,533.0756594067384,533.0756594067384,533.0756594067384,533.0756594067384,True,False,60,False,2,950,0.5503476362569023,110.00432228286442,False,0.114,0.0,rolling
reactive_hpa_fixed_cpu,reactive_hpa,1365,590.0,370.1638201463925,517.5838105449502,517.5838105449502,517.5838105449502,517.5838105449502,True,False,60,False,2,950,0.4638644362736748,97.96576590709158,False,0.114,0.0,rolling
reactive_hpa_fixed_cpu,reactive_hpa,1366,540.0,338.794004879749,486.4756044732612,486.4756044732612,486.4756044732612,486.4756044732612,True,False,60,False,2,950,0.42455389082675316,93.77434578410777,False,0.114,0.0,rolling
reactive_hpa_fixed_cpu,reactive_hpa,1367,589.0,369.5364238410596,466.0855923801523,466.0855923801523,466.0855923801523,466.0855923801523,True,False,60,False,2,950,0.46307822536473636,97.87456930034558,False,0.114,0.0,rolling
reactive_hpa_fixed_cpu,reactive_hpa,1368,505.0,316.83513419309867,469.8092348885616,469.8092348885616,469.8092348885616,469.8092348885616,True,False,60,False,2,950,0.3970365090139081,91.26584666631103,False,0.114,0.0,rolling
reactive_hpa_fixed_cpu,reactive_hpa,1369,567.0,355.7337051237365,443.944251160719,443.944251160719,443.944251160719,443.944251160719,True,False,60,False,2,950,0.44578158536809087,95.94552703832775,False,0.114,0.0,rolling
reactive_hpa_fixed_cpu,reactive_hpa,1370,867.0,543.9525967235971,453.0795514842898,453.0795514842898,453.0795514842898,453.0795514842898,True,False,60,False,2,950,0.6816448580496205,137.00946875750347,False,0.114,0.0,rolling
reactive_hpa_fixed_cpu,reactive_hpa,1371,774.0,485.6047403276403,533.283638922077,533.283638922077,533.283638922077,533.283638922077,True,False,60,False,2,950,0.6085272435183462,120.5613670465576,False,0.114,0.0,rolling
reactive_hpa_fixed_cpu,reactive_hpa,1372,780.0,489.36911815963754,523.6833950455734,523.6833950455734,523.6833950455734,523.6833950455734,True,False,60,False,2,950,0.6132445089719769,121.5119858541629,False,0.114,0.0,rolling
reactive_hpa_fixed_cpu,reactive_hpa,1373,693.0,434.78563959567794,533.4137585748531,533.4137585748531,533.4137585748531,533.4137585748531,True,False,60,False,2,950,0.5448441598943332,109.11316390674105,False,0.114,0.0,rolling
reactive_hpa_fixed_cpu,reactive_hpa,1374,539.0,338.16660857441616,515.1079247143093,515.1079247143093,515.1079247143093,515.1079247143093,True,False,60,False,2,950,0.4237676799178147,93.69796326476293,False,0.114,0.0,rolling
reactive_hpa_fixed_cpu,reactive_hpa,1375,728.0,456.74451028232835,473.0029101419291,473.0029101419291,473.0029101419291,473.0029101419291,True,False,60,False,2,950,0.5723615417071783,113.75078198039199,False,0.114,0.0,rolling
reactive_hpa_fixed_cpu,reactive_hpa,1376,945.0,592.8895085395608,514.6913876951689,514.6913876951689,514.6913876951689,514.6913876951689,True,False,60,False,2,950,0.742969308946818,153.8218844367025,False,0.114,0.0,rolling
reactive_hpa_fixed_cpu,reactive_hpa,1377,747.0,468.66504008365285,579.2885584012874,579.2885584012874,579.2885584012874,579.2885584012874,True,False,60,False,2,950,0.5872995489770086,116.46292524471124,False,0.114,0.0,rolling
reactive_hpa_fixed_cpu,reactive_hpa,1378,908.0,569.6758452422447,538.8958587339662,538.8958587339662,538.8958587339662,538.8958587339662,True,False,60,False,3,950,0.4759196702107307,99.40320490529362,False,0.17099999999999999,0.0,rolling
reactive_hpa_fixed_cpu,reactive_hpa,1379,957.0,600.4182642035553,585.2181902108796,585.2181902108796,585.2181902108796,585.2181902108796,True,False,60,False,3,950,0.5016025599027195,102.7170397412169,False,0.17099999999999999,0.0,rolling
reactive_hpa_fixed_cpu,reactive_hpa,1380,845.0,530.149878006274,608.8668290109072,608.8668290109072,608.8668290109072,608.8668290109072,True,False,60,False,3,950,0.4428988120353166,95.63817436927226,False,0.17099999999999999,0.0,rolling
reactive_hpa_fixed_cpu,reactive_hpa,1381,802.0,503.17183687696064,586.2543790282671,586.2543790282671,586.2543790282671,586.2543790282671,True,False,60,False,3,950,0.42036076597908156,93.37023465104959,False,0.17099999999999999,0.0,rolling
reactive_hpa_fixed_cpu,reactive_hpa,1382,763.0,478.70338096897876,575.0798872408495,575.0798872408495,575.0798872408495,575.0798872408495,True,False,60,False,3,950,0.39991928234668234,91.51302740197204,False,0.17099999999999999,0.0,rolling
reactive_hpa_fixed_cpu,reactive_hpa,1383,838.0,525.7581038689439,561.9977445306668,561.9977445306668,561.9977445306668,561.9977445306668,True,False,60,False,3,950,0.4392298277936039,95.2527439706815,False,0.17099999999999999,0.0,rolling
reactive_hpa_fixed_cpu,reactive_hpa,1384,838.0,525.7581038689439,579.1243855948883,579.1243855948883,579.1243855948883,579.1243855948883,True,False,60,False,2,950,0.6588447416904059,131.47801090105006,False,0.114,0.0,rolling
reactive_hpa_fixed_cpu,reactive_hpa,1385,673.0,422.23771348902056,580.7834051470704,580.7834051470704,580.7834051470704,580.7834051470704,True,False,60,False,2,950,0.5291199417155646,106.66458901901734,False,0.114,0.0,rolling
reactive_hpa_fixed_cpu,reactive_hpa,1386,794.0,498.15266643429766,535.559829738685,535.559829738685,535.559829738685,535.559829738685,True,False,60,False,2,950,0.6242514616971149,123.78760673072772,False,0.114,0.0,rolling
reactive_hpa_fixed_cpu,reactive_hpa,1387,861.0,540.1882188915998,559.2813673336327,559.2813673336327,559.2813673336327,559.2813673336327,True,False,60,False,2,950,0.6769275925959898,135.83405319354705,False,0.114,0.0,rolling
reactive_hpa_fixed_cpu,reactive_hpa,1388,786.0,493.13349599163473,578.1353991686615,578.1353991686615,578.1353991686615,578.1353991686615,True,False,60,False,2,950,0.6179617744256074,122.47734264491166,False,0.114,0.0,rolling
reactive_hpa_fixed_cpu,reactive_hpa,1389,1001.0,628.0237016382015,560.6564018875665,560.6564018875665,560.6564018875665,560.6564018875665,True,False,60,False,2,950,0.7869971198473703,167.7388492498081,False,0.114,0.0,rolling
reactive_hpa_fixed_cpu,reactive_hpa,1390,877.0,550.2265597769258,620.646522884992,620.646522884992,620.646522884992,620.646522884992,True,False,60,False,2,950,0.6895069671390047,139.0049547601932,False,0.114,0.0,rolling
reactive_hpa_fixed_cpu,reactive_hpa,1391,830.0,520.7389334262809,596.8208269524066,596.8208269524066,596.8208269524066,596.8208269524066,True,False,60,False,3,950,0.4350367029459323,94.82006817851394,False,0.17099999999999999,0.0,rolling
reactive_hpa_fixed_cpu,reactive_hpa,1392,538.0,337.5392122690833,585.7765270663231,585.7765270663231,585.7765270663231,585.7765270663231,True,False,60,False,3,950,0.2819876460059175,84.03610774616709,False,0.17099999999999999,0.0,rolling
reactive_hpa_fixed_cpu,reactive_hpa,1393,906.0,568.421052631579,504.4001345280667,504.4001345280667,504.4001345280667,504.4001345280667,True,False,60,False,3,950,0.4748713889988128,99.27527209947247,False,0.17099999999999999,0.0,rolling
reactive_hpa_fixed_cpu,reactive_hpa,1394,608.0,381.4569536423841,587.499607006509,587.499607006509,587.499607006509,587.499607006509,True,False,60,False,2,950,0.47801623263456655,99.66076623254419,False,0.114,0.0,rolling
reactive_hpa_fixed_cpu,reactive_hpa,1395,715.0,448.58835831300104,511.4532795786936,511.4532795786936,511.4532795786936,511.4532795786936,True,False,60,False,3,950,0.3747605332606525,89.47401460423367,False,0.17099999999999999,0.0,rolling
reactive_hpa_fixed_cpu,reactive_hpa,1396,791.0,496.27047751829906,529.5977824094489,529.5977824094489,529.5977824094489,529.5977824094489,True,False,60,False,3,950,0.41459521931353305,92.8275989952528,False,0.17099999999999999,0.0,rolling
reactive_hpa_fixed_cpu,reactive_hpa,1397,724.0,454.2349250609969,547.7038249245493,547.7038249245493,547.7038249245493,547.7038249245493,True,False,60,False,3,950,0.3794777987142831,89.83629676375902,False,0.17099999999999999,0.0,rolling
reactive_hpa_fixed_cpu,reactive_hpa,1398,818.0,513.2101777622865,531.2894583098014,531.2894583098014,531.2894583098014,531.2894583098014,True,False,60,False,2,950,0.6431205235116373,127.87950067969996,False,0.114,0.0,rolling
reactive_hpa_fixed_cpu,reactive_hpa,1399,622.0,390.2405019170443,555.7444150988345,555.7444150988345,555.7444150988345,555.7444150988345,True,False,60,False,2,950,0.4890231853597046,101.05042437940546,False,0.114,0.0,rolling
reactive_hpa_fixed_cpu,reactive_hpa,1400,686.0,430.3938654583479,505.2484048463589,505.2484048463589,505.2484048463589,505.2484048463589,True,False,60,False,2,950,0.5393406835317642,108.23982809805372,False,0.114,0.0,rolling
reactive_hpa_fixed_cpu,reactive_hpa,1401,810.0,508.19100731962357,514.5913234424788,514.5913234424788,514.5913234424788,514.5913234424788,True,False,60,False,2,950,0.6368308362401298,126.48841702136369,False,0.114,0.0,rolling
reactive_hpa_fixed_cpu,reactive_hpa,1402,862.0,540.8156151969328,546.3370748719212,546.3370748719212,546.3370748719212,546.3370748719212,True,False,60,False,2,950,0.6777138035049283,136.02882297129034,False,0.114,0.0,rolling
reactive_hpa_fixed_cpu,reactive_hpa,1403,722.0,452.98013245033115,567.1842035908571,567.1842035908571,567.1842035908571,567.1842035908571,True,False,60,False,2,950,0.5676442762535479,112.92314345435074,False,0.114,0.0,rolling
reactive_hpa_fixed_cpu,reactive_hpa,1404,622.0,390.2405019170443,534.9981694495782,534.9981694495782,534.9981694495782,534.9981694495782,True,False,60,False,2,950,0.4890231853597046,101.05042437940546,False,0.114,0.0,rolling
reactive_hpa_fixed_cpu,reactive_hpa,1405,553.0,346.95015684907634,505.85977214330023,505.85977214330023,505.85977214330023,505.85977214330023,True,False,60,False,2,950,0.4347746326429528,94.79330105402119,False,0.114,0.0,rolling
reactive_hpa_fixed_cpu,reactive_hpa,1406,730.0,457.9993028929941,479.480161937543,479.480161937543,479.480161937543,479.480161937543,True,False,60,False,2,950,0.5739339635250552,114.02971265747249,False,0.114,0.0,rolling
reactive_hpa_fixed_cpu,reactive_hpa,1407,746.0,468.03764377832,516.9053965862786,516.9053965862786,516.9053965862786,516.9053965862786,True,False,60,False,2,950,0.5865133380680702,116.31668374052376,False,0.114,0.0,rolling
reactive_hpa_fixed_cpu,reactive_hpa,1408,1057.0,663.1578947368421,523.6764832668678,523.6764832668678,523.6764832668678,523.6764832668678,True,False,60,False,2,950,0.8310249307479224,183.30341140811026,False,0.114,0.0,rolling
reactive_hpa_fixed_cpu,reactive_hpa,1409,1060.0,665.0400836528407,615.3408777871209,615.3408777871209,615.3408777871209,615.3408777871209,True,False,60,False,2,950,0.8333835634747377,184.18550410509633,False,0.114,0.0,rolling
reactive_hpa_fixed_cpu,reactive_hpa,1410,740.0,464.2732659463228,637.6472828785008,637.6472828785008,637.6472828785008,637.6472828785008,True,False,60,False,3,950,0.3878640484096264,90.50294481611182,False,0.17099999999999999,0.0,rolling
reactive_hpa_fixed_cpu,reactive_hpa,1411,713.0,447.3335657023353,562.9469460843438,562.9469460843438,562.9469460843438,562.9469460843438,True,False,60,False,3,950,0.3737122520487346,89.39473456026111,False,0.17099999999999999,0.0,rolling
reactive_hpa_fixed_cpu,reactive_hpa,1412,900.0,564.6566747995818,549.0325481528698,549.0325481528698,549.0325481528698,549.0325481528698,True,False,60,False,3,950,0.47172654536305914,98.89485018396127,False,0.17099999999999999,0.0,rolling
reactive_hpa_fixed_cpu,reactive_hpa,1413,805.0,505.05402579295924,594.1051963238042,594.1051963238042,594.1051963238042,594.1051963238042,True,False,60,False,3,950,0.42193318779695843,93.52083663761523,False,0.17099999999999999,0.0,rolling
reactive_hpa_fixed_cpu,reactive_hpa,1414,836.0,524.5033112582781,572.6211243184307,572.6211243184307,572.6211243184307,572.6211243184307,True,False,60,False,3,950,0.438181546581686,95.14379621268306,False,0.17099999999999999,0.0,rolling
reactive_hpa_fixed_cpu,reactive_hpa,1415,657.0,412.19937260369466,580.5478025997618,580.5478025997618,580.5478025997618,580.5478025997618,True,False,60,False,3,950,0.3443603781150331,87.35041793401406,False,0.17099999999999999,0.0,rolling
reactive_hpa_fixed_cpu,reactive_hpa,1416,927.0,581.5963750435692,531.9680649312941,531.9680649312941,531.9680649312941,531.9680649312941,True,False,60,False,3,950,0.4858783417239509,100.64691295696944,False,0.17099999999999999,0.0,rolling
reactive_hpa_fixed_cpu,reactive_hpa,1417,891.0,559.0101080515859,597.3235324182679,597.3235324182679,597.3235324182679,597.3235324182679,True,False,60,False,2,950,0.7005139198641428,141.8760830554351,False,0.114,0.0,rolling
reactive_hpa_fixed_cpu,reactive_hpa,1418,733.0,459.8814918089927,594.621580849961,594.621580849961,594.621580849961,594.621580849961,True,False,60,False,3,950,0.38419506416791366,90.20769883763982,False,0.17099999999999999,0.0,rolling
reactive_hpa_fixed_cpu,reactive_hpa,1419,659.0,413.4541652143604,553.4442859267092,553.4442859267092,553.4442859267092,553.4442859267092,True,False,60,False,3,950,0.34540865932695103,87.41774959009086,False,0.17099999999999999,0.0,rolling
reactive_hpa_fixed_cpu,reactive_hpa,1420,625.0,392.1226908330429,526.5054237171084,526.5054237171084,526.5054237171084,526.5054237171084,True,False,60,False,3,950,0.32758787872434664,86.32784709628761,False,0.17099999999999999,0.0,rolling
reactive_hpa_fixed_cpu,reactive_hpa,1421,817.0,512.5827814569536,508.59779982485134,508.59779982485134,508.59779982485134,508.59779982485134,True,False,60,False,3,950,0.42822287506846585,94.13455350161757,False,0.17099999999999999,0.0,rolling
reactive_hpa_fixed_cpu,reactive_hpa,1422,673.0,422.23771348902056,552.7471836743944,552.7471836743944,552.7471836743944,552.7471836743944,True,False,60,False,2,950,0.5291199417155646,106.66458901901734,False,0.114,0.0,rolling
reactive_hpa_fixed_cpu,reactive_hpa,1423,534.0,335.02962704775183,516.8005398459145,516.8005398459145,516.8005398459145,516.8005398459145,True,False,60,False,2,950,0.4198366253731226,93.32028363933699,False,0.114,0.0,rolling
reactive_hpa_fixed_cpu,reactive_hpa,1424,637.0,399.6514464970373,474.89724324718827,474.89724324718827,474.89724324718827,474.89724324718827,True,False,60,False,2,950,0.500816348993781,102.61038714702042,False,0.114,0.0,rolling
reactive_hpa_fixed_cpu,reactive_hpa,1425,667.0,418.47333565702337,490.77193721728327,490.77193721728327,490.77193721728327,490.77193721728327,True,False,60,False,2,950,0.524402676261934,105.95775944133979,False,0.114,0.0,rolling
reactive_hpa_fixed_cpu,reactive_hpa,1426,727.0,456.1171139769955,496.2109290701833,496.2109290701833,496.2109290701833,496.2109290701833,True,False,60,False,2,950,0.57157533079824,113.61189004806914,False,0.114,0.0,rolling
reactive_hpa_fixed_cpu,reactive_hpa,1427,727.0,456.1171139769955,511.8129328999148,511.8129328999148,511.8129328999148,511.8129328999148,True,False,60,False,2,950,0.57157533079824,113.61189004806914,False,0.114,0.0,rolling
reactive_hpa_fixed_cpu,reactive_hpa,1428,675.0,423.4925060996863,515.0970151820666,515.0970151820666,515.0970151820666,515.0970151820666,True,False,60,False,2,950,0.5306923635334415,106.90301910958547,False,0.114,0.0,rolling
reactive_hpa_fixed_cpu,reactive_hpa,1429,781.0,489.9965144649704,504.05493091842527,504.05493091842527,504.05493091842527,504.05493091842527,True,False,60,False,2,950,0.6140307198809153,121.67185211990386,False,0.114,0.0,rolling
reactive_hpa_fixed_cpu,reactive_hpa,1430,694.0,435.4130359010108,532.9039245846125,532.9039245846125,532.9039245846125,532.9039245846125,True,False,60,False,2,950,0.5456303708032717,109.23937686973353,False,0.114,0.0,rolling
reactive_hpa_fixed_cpu,reactive_hpa,1431,659.0,413.4541652143604,514.6756134266943,514.6756134266943,514.6756134266943,514.6756134266943,True,False,60,False,2,950,0.5181129889904266,105.03490486655667,False,0.114,0.0,rolling
reactive_hpa_fixed_cpu,reactive_hpa,1432,585.0,367.02683861972815,504.1292265187981,504.1292265187981,504.1292265187981,504.1292265187981,True,False,60,False,2,950,0.4599333817289826,97.51286903222497,False,0.114,0.0,rolling
reactive_hpa_fixed_cpu,reactive_hpa,1433,586.0,367.654234925061,481.6690042476512,481.6690042476512,481.6690042476512,481.6690042476512,True,False,60,False,2,950,0.46071959263792106,97.60283222513951,False,0.114,0.0,rolling
reactive_hpa_fixed_cpu,reactive_hpa,1434,667.0,418.47333565702337,475.99946724649544,475.99946724649544,475.99946724649544,475.99946724649544,True,False,60,False,2,950,0.524402676261934,105.95775944133979,False,0.114,0.0,rolling
reactive_hpa_fixed_cpu,reactive_hpa,1435,777.0,487.4869292436389,492.8689034445965,492.8689034445965,492.8689034445965,492.8689034445965,True,False,60,False,2,950,0.6108858762451616,121.03484128803615,False,0.114,0.0,rolling
reactive_hpa_fixed_cpu,reactive_hpa,1436,764.0,479.33077727431163,523.9268726856931,523.9268726856931,523.9268726856931,523.9268726856931,True,False,60,False,2,950,0.600665134428962,119.00944552479064,False,0.114,0.0,rolling
reactive_hpa_fixed_cpu,reactive_hpa,1437,821.0,515.0923666782851,527.3959353589189,527.3959353589189,527.3959353589189,527.3959353589189,True,False,60,False,2,950,0.6454791562384525,128.4082266122581,False,0.114,0.0,rolling
reactive_hpa_fixed_cpu,reactive_hpa,1438,547.0,343.18577901707914,548.2769004858042,548.2769004858042,548.2769004858042,548.2769004858042,True,False,60,False,2,950,0.43005736718932225,94.31698864858795,False,0.114,0.0,rolling
reactive_hpa_fixed_cpu,reactive_hpa,1439,679.0,426.00209132101776,480.5974858854511,480.5974858854511,480.5974858854511,480.5974858854511,True,False,60,False,2,950,0.5338372071691951,107.3841348308687,False,0.114,0.0,rolling
